"station","year","avg_dens","Lat","Long","bot_temp","log_avg_dens"
"A-02",1988,0,55.0038581188119,-166.938421089109,3.7,-6.55436829794885
"A-02",1989,0,55.0038581188119,-166.938421089109,3.4,-6.55436829794885
"A-02",1990,0,55.0038581188119,-166.938421089109,3.5,-6.55436829794885
"A-02",1991,0,55.0038581188119,-166.938421089109,3.4,-6.55436829794885
"A-02",1992,57.127667897241,55.0038581188119,-166.938421089109,4,4.04531347517071
"A-02",1993,0,55.0038581188119,-166.938421089109,3.9,-6.55436829794885
"A-02",1994,0,55.0038581188119,-166.938421089109,3.8,-6.55436829794885
"A-02",1995,0,55.0038581188119,-166.938421089109,3.5,-6.55436829794885
"A-02",1996,0,55.0038581188119,-166.938421089109,4.3,-6.55436829794885
"A-02",1997,0,55.0038581188119,-166.938421089109,4,-6.55436829794885
"A-02",1998,0,55.0038581188119,-166.938421089109,NA,-6.55436829794885
"A-02",1999,0,55.0038581188119,-166.938421089109,3.4,-6.55436829794885
"A-02",2000,0,55.0038581188119,-166.938421089109,3.9,-6.55436829794885
"A-02",2001,0,55.0038581188119,-166.938421089109,4.2,-6.55436829794885
"A-02",2002,0,55.0038581188119,-166.938421089109,3.7,-6.55436829794885
"A-02",2003,0,55.0038581188119,-166.938421089109,4.5,-6.55436829794885
"A-02",2004,0,55.0038581188119,-166.938421089109,4,-6.55436829794885
"A-02",2005,0,55.0038581188119,-166.938421089109,4.1,-6.55436829794885
"A-02",2006,0,55.0038581188119,-166.938421089109,3.6,-6.55436829794885
"A-02",2007,0,55.0038581188119,-166.938421089109,3.6,-6.55436829794885
"A-02",2008,0,55.0038581188119,-166.938421089109,3.5,-6.55436829794885
"A-02",2009,0,55.0038581188119,-166.938421089109,3.5,-6.55436829794885
"A-02",2010,0,55.0038581188119,-166.938421089109,4,-6.55436829794885
"A-02",2011,0,55.0038581188119,-166.938421089109,3.9,-6.55436829794885
"A-02",2012,0,55.0038581188119,-166.938421089109,3.5,-6.55436829794885
"A-02",2013,0,55.0038581188119,-166.938421089109,3.7,-6.55436829794885
"A-02",2014,0,55.0038581188119,-166.938421089109,4,-6.55436829794885
"A-02",2015,0,55.0038581188119,-166.938421089109,4.5,-6.55436829794885
"A-02",2016,0,55.0038581188119,-166.938421089109,4.7,-6.55436829794885
"A-02",2017,0,55.0038581188119,-166.938421089109,4.3,-6.55436829794885
"A-02",2018,0,55.0038581188119,-166.938421089109,4.4,-6.55436829794885
"A-02",2019,0,55.0038581188119,-166.938421089109,4.5,-6.55436829794885
"A-02",2021,0,55.0038581188119,-166.938421089109,4.1,-6.55436829794885
"A-02",2022,0,55.0038581188119,-166.938421089109,4,-6.55436829794885
"A-02",2023,0,55.0038581188119,-166.938421089109,4.3,-6.55436829794885
"A-03",1988,0,55.005243125,-166.34199725,3.9,-6.55436829794885
"A-03",1989,0,55.005243125,-166.34199725,3.7,-6.55436829794885
"A-03",1990,0,55.005243125,-166.34199725,3.4,-6.55436829794885
"A-03",1991,0,55.005243125,-166.34199725,3.7,-6.55436829794885
"A-03",1992,0,55.005243125,-166.34199725,4,-6.55436829794885
"A-03",1993,0,55.005243125,-166.34199725,3.9,-6.55436829794885
"A-03",1994,0,55.005243125,-166.34199725,3.2,-6.55436829794885
"A-03",1995,0,55.005243125,-166.34199725,3.6,-6.55436829794885
"A-03",1996,0,55.005243125,-166.34199725,4.2,-6.55436829794885
"A-03",1997,20.4332907947388,55.005243125,-166.34199725,4.1,3.01723515444218
"A-03",1998,0,55.005243125,-166.34199725,3.8,-6.55436829794885
"A-03",1999,0,55.005243125,-166.34199725,3.3,-6.55436829794885
"A-03",2000,0,55.005243125,-166.34199725,3.7,-6.55436829794885
"A-03",2001,0,55.005243125,-166.34199725,3.8,-6.55436829794885
"A-03",2002,0,55.005243125,-166.34199725,3.7,-6.55436829794885
"A-03",2003,0,55.005243125,-166.34199725,NA,-6.55436829794885
"A-03",2004,0,55.005243125,-166.34199725,4.1,-6.55436829794885
"A-03",2005,0,55.005243125,-166.34199725,4.3,-6.55436829794885
"A-03",2006,0,55.005243125,-166.34199725,3.8,-6.55436829794885
"A-03",2007,0,55.005243125,-166.34199725,3.5,-6.55436829794885
"A-03",2008,0,55.005243125,-166.34199725,3.4,-6.55436829794885
"A-03",2009,0,55.005243125,-166.34199725,3.5,-6.55436829794885
"A-03",2010,0,55.005243125,-166.34199725,4,-6.55436829794885
"A-03",2011,0,55.005243125,-166.34199725,3.8,-6.55436829794885
"A-03",2012,0,55.005243125,-166.34199725,3.1,-6.55436829794885
"A-03",2013,0,55.005243125,-166.34199725,3.7,-6.55436829794885
"A-03",2014,0,55.005243125,-166.34199725,3.9,-6.55436829794885
"A-03",2015,0,55.005243125,-166.34199725,4.6,-6.55436829794885
"A-03",2016,0,55.005243125,-166.34199725,4.8,-6.55436829794885
"A-03",2017,0,55.005243125,-166.34199725,4.3,-6.55436829794885
"A-03",2018,0,55.005243125,-166.34199725,4.4,-6.55436829794885
"A-03",2019,0,55.005243125,-166.34199725,4.7,-6.55436829794885
"A-03",2021,0,55.005243125,-166.34199725,4.1,-6.55436829794885
"A-03",2022,0,55.005243125,-166.34199725,4,-6.55436829794885
"A-03",2023,0,55.005243125,-166.34199725,4.3,-6.55436829794885
"A-04",1988,0,55.0028771518987,-165.751185886076,3.9,-6.55436829794885
"A-04",1989,0,55.0028771518987,-165.751185886076,3.5,-6.55436829794885
"A-04",1990,0,55.0028771518987,-165.751185886076,NA,-6.55436829794885
"A-04",1991,0,55.0028771518987,-165.751185886076,4,-6.55436829794885
"A-04",1992,0,55.0028771518987,-165.751185886076,4.1,-6.55436829794885
"A-04",1993,0,55.0028771518987,-165.751185886076,4.1,-6.55436829794885
"A-04",1994,0,55.0028771518987,-165.751185886076,3.9,-6.55436829794885
"A-04",1995,0,55.0028771518987,-165.751185886076,3.7,-6.55436829794885
"A-04",1996,0,55.0028771518987,-165.751185886076,4.6,-6.55436829794885
"A-04",1997,0,55.0028771518987,-165.751185886076,4.5,-6.55436829794885
"A-04",1998,0,55.0028771518987,-165.751185886076,4.1,-6.55436829794885
"A-04",1999,0,55.0028771518987,-165.751185886076,3.4,-6.55436829794885
"A-04",2000,0,55.0028771518987,-165.751185886076,3.5,-6.55436829794885
"A-04",2001,0,55.0028771518987,-165.751185886076,3.8,-6.55436829794885
"A-04",2002,0,55.0028771518987,-165.751185886076,4.1,-6.55436829794885
"A-04",2003,0,55.0028771518987,-165.751185886076,4.7,-6.55436829794885
"A-04",2004,0,55.0028771518987,-165.751185886076,4.2,-6.55436829794885
"A-04",2005,0,55.0028771518987,-165.751185886076,4.4,-6.55436829794885
"A-04",2006,0,55.0028771518987,-165.751185886076,3.7,-6.55436829794885
"A-04",2007,0,55.0028771518987,-165.751185886076,3.6,-6.55436829794885
"A-04",2008,0,55.0028771518987,-165.751185886076,3.8,-6.55436829794885
"A-04",2009,0,55.0028771518987,-165.751185886076,3.6,-6.55436829794885
"A-04",2010,0,55.0028771518987,-165.751185886076,3.9,-6.55436829794885
"A-04",2011,0,55.0028771518987,-165.751185886076,4.2,-6.55436829794885
"A-04",2012,0,55.0028771518987,-165.751185886076,3.5,-6.55436829794885
"A-04",2013,0,55.0028771518987,-165.751185886076,4,-6.55436829794885
"A-04",2014,0,55.0028771518987,-165.751185886076,4.1,-6.55436829794885
"A-04",2015,0,55.0028771518987,-165.751185886076,4.8,-6.55436829794885
"A-04",2016,0,55.0028771518987,-165.751185886076,4.5,-6.55436829794885
"A-04",2017,0,55.0028771518987,-165.751185886076,4.3,-6.55436829794885
"A-04",2018,0,55.0028771518987,-165.751185886076,4.4,-6.55436829794885
"A-04",2019,0,55.0028771518987,-165.751185886076,4.6,-6.55436829794885
"A-04",2021,0,55.0028771518987,-165.751185886076,4.2,-6.55436829794885
"A-04",2022,0,55.0028771518987,-165.751185886076,4,-6.55436829794885
"A-04",2023,0,55.0028771518987,-165.751185886076,4.4,-6.55436829794885
"A-05",1988,0,54.9978212081784,-165.151775817844,4.2,-6.55436829794885
"A-05",1989,20.1979714965822,54.9978212081784,-165.151775817844,4.9,3.00565267220842
"A-05",1990,45.9490730858836,54.9978212081784,-165.151775817844,4.4,3.82756466414987
"A-05",1991,0,54.9978212081784,-165.151775817844,4.3,-6.55436829794885
"A-05",1992,0,54.9978212081784,-165.151775817844,4.8,-6.55436829794885
"A-05",1993,0,54.9978212081784,-165.151775817844,4.8,-6.55436829794885
"A-05",1994,0,54.9978212081784,-165.151775817844,3.3,-6.55436829794885
"A-05",1995,0,54.9978212081784,-165.151775817844,4,-6.55436829794885
"A-05",1996,0,54.9978212081784,-165.151775817844,4.6,-6.55436829794885
"A-05",1997,0,54.9978212081784,-165.151775817844,4.1,-6.55436829794885
"A-05",1998,0,54.9978212081784,-165.151775817844,4.2,-6.55436829794885
"A-05",1999,0,54.9978212081784,-165.151775817844,3.6,-6.55436829794885
"A-05",2000,0,54.9978212081784,-165.151775817844,4.1,-6.55436829794885
"A-05",2001,0,54.9978212081784,-165.151775817844,4.2,-6.55436829794885
"A-05",2002,0,54.9978212081784,-165.151775817844,4.5,-6.55436829794885
"A-05",2003,0,54.9978212081784,-165.151775817844,5,-6.55436829794885
"A-05",2004,0,54.9978212081784,-165.151775817844,4.6,-6.55436829794885
"A-05",2005,0,54.9978212081784,-165.151775817844,NA,-6.55436829794885
"A-05",2006,0,54.9978212081784,-165.151775817844,4.1,-6.55436829794885
"A-05",2007,0,54.9978212081784,-165.151775817844,3.8,-6.55436829794885
"A-05",2008,0,54.9978212081784,-165.151775817844,3.6,-6.55436829794885
"A-05",2009,0,54.9978212081784,-165.151775817844,3.9,-6.55436829794885
"A-05",2010,0,54.9978212081784,-165.151775817844,3.8,-6.55436829794885
"A-05",2011,0,54.9978212081784,-165.151775817844,4.3,-6.55436829794885
"A-05",2012,0,54.9978212081784,-165.151775817844,2.8,-6.55436829794885
"A-05",2013,0,54.9978212081784,-165.151775817844,4.2,-6.55436829794885
"A-05",2014,0,54.9978212081784,-165.151775817844,4.6,-6.55436829794885
"A-05",2015,0,54.9978212081784,-165.151775817844,4.9,-6.55436829794885
"A-05",2016,0,54.9978212081784,-165.151775817844,5.1,-6.55436829794885
"A-05",2017,0,54.9978212081784,-165.151775817844,4.8,-6.55436829794885
"A-05",2018,0,54.9978212081784,-165.151775817844,5,-6.55436829794885
"A-05",2019,0,54.9978212081784,-165.151775817844,5.1,-6.55436829794885
"A-05",2021,0,54.9978212081784,-165.151775817844,4.7,-6.55436829794885
"A-05",2022,0,54.9978212081784,-165.151775817844,4.2,-6.55436829794885
"A-05",2023,0,54.9978212081784,-165.151775817844,4.8,-6.55436829794885
"A-06",1993,0,55.0235578431373,-164.590610980392,NA,-6.55436829794885
"A-06",1994,0,55.0235578431373,-164.590610980392,4.6,-6.55436829794885
"A-06",1995,0,55.0235578431373,-164.590610980392,4,-6.55436829794885
"A-06",1996,0,55.0235578431373,-164.590610980392,5.2,-6.55436829794885
"A-06",1997,0,55.0235578431373,-164.590610980392,5,-6.55436829794885
"A-06",1998,0,55.0235578431373,-164.590610980392,6,-6.55436829794885
"A-06",1999,0,55.0235578431373,-164.590610980392,3.2,-6.55436829794885
"A-06",2000,0,55.0235578431373,-164.590610980392,3.5,-6.55436829794885
"A-06",2001,0,55.0235578431373,-164.590610980392,4.6,-6.55436829794885
"A-06",2002,0,55.0235578431373,-164.590610980392,5,-6.55436829794885
"A-06",2003,0,55.0235578431373,-164.590610980392,5.6,-6.55436829794885
"A-06",2004,0,55.0235578431373,-164.590610980392,5.4,-6.55436829794885
"A-06",2005,0,55.0235578431373,-164.590610980392,NA,-6.55436829794885
"A-06",2006,0,55.0235578431373,-164.590610980392,4.6,-6.55436829794885
"A-06",2007,0,55.0235578431373,-164.590610980392,3.7,-6.55436829794885
"A-06",2008,0,55.0235578431373,-164.590610980392,3.6,-6.55436829794885
"A-06",2009,0,55.0235578431373,-164.590610980392,4.1,-6.55436829794885
"A-06",2010,0,55.0235578431373,-164.590610980392,5.1,-6.55436829794885
"A-06",2011,0,55.0235578431373,-164.590610980392,5.6,-6.55436829794885
"A-06",2012,0,55.0235578431373,-164.590610980392,2.9,-6.55436829794885
"A-06",2013,0,55.0235578431373,-164.590610980392,4.6,-6.55436829794885
"A-06",2014,0,55.0235578431373,-164.590610980392,6.7,-6.55436829794885
"A-06",2015,0,55.0235578431373,-164.590610980392,5.8,-6.55436829794885
"A-06",2016,0,55.0235578431373,-164.590610980392,6.7,-6.55436829794885
"A-06",2017,0,55.0235578431373,-164.590610980392,5.7,-6.55436829794885
"A-06",2018,0,55.0235578431373,-164.590610980392,5.9,-6.55436829794885
"A-06",2019,0,55.0235578431373,-164.590610980392,5.9,-6.55436829794885
"A-06",2021,0,55.0235578431373,-164.590610980392,5.3,-6.55436829794885
"A-06",2022,0,55.0235578431373,-164.590610980392,4.2,-6.55436829794885
"A-06",2023,0,55.0235578431373,-164.590610980392,5.2,-6.55436829794885
"B-01",1988,0,55.3412870652174,-167.547656956522,4.3,-6.55436829794885
"B-01",1989,0,55.3412870652174,-167.547656956522,3.9,-6.55436829794885
"B-01",1990,0,55.3412870652174,-167.547656956522,3.5,-6.55436829794885
"B-01",1991,0,55.3412870652174,-167.547656956522,3.4,-6.55436829794885
"B-01",1992,55.7093781523871,55.3412870652174,-167.547656956522,4,4.02017406052646
"B-01",1993,0,55.3412870652174,-167.547656956522,3.9,-6.55436829794885
"B-01",1994,0,55.3412870652174,-167.547656956522,3.3,-6.55436829794885
"B-01",1995,0,55.3412870652174,-167.547656956522,3.6,-6.55436829794885
"B-01",1996,0,55.3412870652174,-167.547656956522,4.3,-6.55436829794885
"B-01",1997,0,55.3412870652174,-167.547656956522,4,-6.55436829794885
"B-01",1998,0,55.3412870652174,-167.547656956522,3.7,-6.55436829794885
"B-01",1999,0,55.3412870652174,-167.547656956522,3.4,-6.55436829794885
"B-01",2000,0,55.3412870652174,-167.547656956522,3.6,-6.55436829794885
"B-01",2001,0,55.3412870652174,-167.547656956522,3.9,-6.55436829794885
"B-01",2002,0,55.3412870652174,-167.547656956522,3.6,-6.55436829794885
"B-01",2003,0,55.3412870652174,-167.547656956522,4.6,-6.55436829794885
"B-01",2004,0,55.3412870652174,-167.547656956522,4.2,-6.55436829794885
"B-01",2005,0,55.3412870652174,-167.547656956522,4.3,-6.55436829794885
"B-01",2006,0,55.3412870652174,-167.547656956522,3.7,-6.55436829794885
"B-01",2007,0,55.3412870652174,-167.547656956522,3.6,-6.55436829794885
"B-01",2008,0,55.3412870652174,-167.547656956522,3.3,-6.55436829794885
"B-01",2009,0,55.3412870652174,-167.547656956522,3.4,-6.55436829794885
"B-01",2010,0,55.3412870652174,-167.547656956522,3.9,-6.55436829794885
"B-01",2011,0,55.3412870652174,-167.547656956522,3.8,-6.55436829794885
"B-01",2012,0,55.3412870652174,-167.547656956522,3,-6.55436829794885
"B-01",2013,0,55.3412870652174,-167.547656956522,3.7,-6.55436829794885
"B-01",2014,0,55.3412870652174,-167.547656956522,4.1,-6.55436829794885
"B-01",2015,0,55.3412870652174,-167.547656956522,4.4,-6.55436829794885
"B-01",2016,0,55.3412870652174,-167.547656956522,4.6,-6.55436829794885
"B-01",2017,0,55.3412870652174,-167.547656956522,4.3,-6.55436829794885
"B-01",2018,0,55.3412870652174,-167.547656956522,4.4,-6.55436829794885
"B-01",2019,0,55.3412870652174,-167.547656956522,4.6,-6.55436829794885
"B-01",2021,0,55.3412870652174,-167.547656956522,4,-6.55436829794885
"B-01",2022,0,55.3412870652174,-167.547656956522,3.9,-6.55436829794885
"B-01",2023,0,55.3412870652174,-167.547656956522,4.4,-6.55436829794885
"B-02",1988,0,55.330085,-166.96808,3.5,-6.55436829794885
"B-02",1989,0,55.330085,-166.96808,3.5,-6.55436829794885
"B-02",1990,18.9857779760212,55.330085,-166.96808,3.5,2.94376516578799
"B-02",1991,0,55.330085,-166.96808,3.4,-6.55436829794885
"B-02",1992,0,55.330085,-166.96808,3.9,-6.55436829794885
"B-02",1993,0,55.330085,-166.96808,3.9,-6.55436829794885
"B-02",1994,0,55.330085,-166.96808,3.9,-6.55436829794885
"B-02",1995,0,55.330085,-166.96808,3.3,-6.55436829794885
"B-02",1996,0,55.330085,-166.96808,4.3,-6.55436829794885
"B-02",1997,0,55.330085,-166.96808,3.9,-6.55436829794885
"B-02",1998,0,55.330085,-166.96808,4,-6.55436829794885
"B-02",1999,0,55.330085,-166.96808,3.3,-6.55436829794885
"B-02",2000,0,55.330085,-166.96808,3.5,-6.55436829794885
"B-02",2001,0,55.330085,-166.96808,3.9,-6.55436829794885
"B-02",2002,0,55.330085,-166.96808,3.6,-6.55436829794885
"B-02",2003,0,55.330085,-166.96808,4.5,-6.55436829794885
"B-02",2004,0,55.330085,-166.96808,4.1,-6.55436829794885
"B-02",2005,0,55.330085,-166.96808,4.2,-6.55436829794885
"B-02",2006,0,55.330085,-166.96808,4,-6.55436829794885
"B-02",2007,0,55.330085,-166.96808,3.5,-6.55436829794885
"B-02",2008,0,55.330085,-166.96808,3.3,-6.55436829794885
"B-02",2009,0,55.330085,-166.96808,3.4,-6.55436829794885
"B-02",2010,0,55.330085,-166.96808,3.8,-6.55436829794885
"B-02",2011,0,55.330085,-166.96808,3.8,-6.55436829794885
"B-02",2012,19.3348312429155,55.330085,-166.96808,3,2.96198183761325
"B-02",2013,17.3663104742653,55.330085,-166.96808,3.7,2.85461413745197
"B-02",2014,0,55.330085,-166.96808,4,-6.55436829794885
"B-02",2015,0,55.330085,-166.96808,4.9,-6.55436829794885
"B-02",2016,39.7351869367052,55.330085,-166.96808,4.7,3.68227294961053
"B-02",2017,0,55.330085,-166.96808,4.4,-6.55436829794885
"B-02",2018,0,55.330085,-166.96808,4.4,-6.55436829794885
"B-02",2019,0,55.330085,-166.96808,4.6,-6.55436829794885
"B-02",2021,0,55.330085,-166.96808,4.1,-6.55436829794885
"B-02",2022,0,55.330085,-166.96808,3.9,-6.55436829794885
"B-02",2023,0,55.330085,-166.96808,4.3,-6.55436829794885
"B-03",1988,0,55.3416478947368,-166.354432573099,3.7,-6.55436829794885
"B-03",1989,0,55.3416478947368,-166.354432573099,3.7,-6.55436829794885
"B-03",1990,0,55.3416478947368,-166.354432573099,3.5,-6.55436829794885
"B-03",1991,77.8984551847871,55.3416478947368,-166.354432573099,3.7,4.35542440046008
"B-03",1992,19.4307791895889,55.3416478947368,-166.354432573099,3.8,2.96693164201791
"B-03",1993,0,55.3416478947368,-166.354432573099,4,-6.55436829794885
"B-03",1994,0,55.3416478947368,-166.354432573099,3.3,-6.55436829794885
"B-03",1995,0,55.3416478947368,-166.354432573099,3.2,-6.55436829794885
"B-03",1996,0,55.3416478947368,-166.354432573099,4.2,-6.55436829794885
"B-03",1997,0,55.3416478947368,-166.354432573099,3.8,-6.55436829794885
"B-03",1998,18.1997280388024,55.3416478947368,-166.354432573099,3.8,2.90148488443452
"B-03",1999,0,55.3416478947368,-166.354432573099,3.3,-6.55436829794885
"B-03",2000,0,55.3416478947368,-166.354432573099,3.6,-6.55436829794885
"B-03",2001,0,55.3416478947368,-166.354432573099,4,-6.55436829794885
"B-03",2002,0,55.3416478947368,-166.354432573099,3.6,-6.55436829794885
"B-03",2003,0,55.3416478947368,-166.354432573099,4.5,-6.55436829794885
"B-03",2004,0,55.3416478947368,-166.354432573099,4.1,-6.55436829794885
"B-03",2005,0,55.3416478947368,-166.354432573099,4.2,-6.55436829794885
"B-03",2006,0,55.3416478947368,-166.354432573099,4.1,-6.55436829794885
"B-03",2007,0,55.3416478947368,-166.354432573099,3.5,-6.55436829794885
"B-03",2008,0,55.3416478947368,-166.354432573099,3.2,-6.55436829794885
"B-03",2009,0,55.3416478947368,-166.354432573099,3.4,-6.55436829794885
"B-03",2010,0,55.3416478947368,-166.354432573099,4,-6.55436829794885
"B-03",2011,0,55.3416478947368,-166.354432573099,3.8,-6.55436829794885
"B-03",2012,0,55.3416478947368,-166.354432573099,2.9,-6.55436829794885
"B-03",2013,0,55.3416478947368,-166.354432573099,3.7,-6.55436829794885
"B-03",2014,0,55.3416478947368,-166.354432573099,4.1,-6.55436829794885
"B-03",2015,0,55.3416478947368,-166.354432573099,4.7,-6.55436829794885
"B-03",2016,0,55.3416478947368,-166.354432573099,4.7,-6.55436829794885
"B-03",2017,0,55.3416478947368,-166.354432573099,4.4,-6.55436829794885
"B-03",2018,0,55.3416478947368,-166.354432573099,4.4,-6.55436829794885
"B-03",2019,0,55.3416478947368,-166.354432573099,4.7,-6.55436829794885
"B-03",2021,0,55.3416478947368,-166.354432573099,4.1,-6.55436829794885
"B-03",2022,0,55.3416478947368,-166.354432573099,4,-6.55436829794885
"B-03",2023,0,55.3416478947368,-166.354432573099,4.3,-6.55436829794885
"B-04",1988,0,55.3354403007519,-165.780515263158,3.7,-6.55436829794885
"B-04",1989,0,55.3354403007519,-165.780515263158,3.5,-6.55436829794885
"B-04",1990,0,55.3354403007519,-165.780515263158,NA,-6.55436829794885
"B-04",1991,0,55.3354403007519,-165.780515263158,3.8,-6.55436829794885
"B-04",1992,0,55.3354403007519,-165.780515263158,4.1,-6.55436829794885
"B-04",1993,0,55.3354403007519,-165.780515263158,4.2,-6.55436829794885
"B-04",1994,0,55.3354403007519,-165.780515263158,3.9,-6.55436829794885
"B-04",1995,0,55.3354403007519,-165.780515263158,3.7,-6.55436829794885
"B-04",1996,0,55.3354403007519,-165.780515263158,4.3,-6.55436829794885
"B-04",1997,0,55.3354403007519,-165.780515263158,4,-6.55436829794885
"B-04",1998,0,55.3354403007519,-165.780515263158,4.1,-6.55436829794885
"B-04",1999,0,55.3354403007519,-165.780515263158,3.4,-6.55436829794885
"B-04",2000,0,55.3354403007519,-165.780515263158,3.5,-6.55436829794885
"B-04",2001,0,55.3354403007519,-165.780515263158,4.3,-6.55436829794885
"B-04",2002,0,55.3354403007519,-165.780515263158,4,-6.55436829794885
"B-04",2003,0,55.3354403007519,-165.780515263158,4.5,-6.55436829794885
"B-04",2004,0,55.3354403007519,-165.780515263158,4.1,-6.55436829794885
"B-04",2005,0,55.3354403007519,-165.780515263158,4.3,-6.55436829794885
"B-04",2006,0,55.3354403007519,-165.780515263158,3.9,-6.55436829794885
"B-04",2007,0,55.3354403007519,-165.780515263158,3.5,-6.55436829794885
"B-04",2008,0,55.3354403007519,-165.780515263158,3.3,-6.55436829794885
"B-04",2009,0,55.3354403007519,-165.780515263158,3.6,-6.55436829794885
"B-04",2010,0,55.3354403007519,-165.780515263158,4.2,-6.55436829794885
"B-04",2011,0,55.3354403007519,-165.780515263158,4,-6.55436829794885
"B-04",2012,0,55.3354403007519,-165.780515263158,3.4,-6.55436829794885
"B-04",2013,0,55.3354403007519,-165.780515263158,4.2,-6.55436829794885
"B-04",2014,0,55.3354403007519,-165.780515263158,4.3,-6.55436829794885
"B-04",2015,0,55.3354403007519,-165.780515263158,4.8,-6.55436829794885
"B-04",2016,0,55.3354403007519,-165.780515263158,4.9,-6.55436829794885
"B-04",2017,0,55.3354403007519,-165.780515263158,4.4,-6.55436829794885
"B-04",2018,0,55.3354403007519,-165.780515263158,4.5,-6.55436829794885
"B-04",2019,0,55.3354403007519,-165.780515263158,5.1,-6.55436829794885
"B-04",2021,0,55.3354403007519,-165.780515263158,4.2,-6.55436829794885
"B-04",2022,0,55.3354403007519,-165.780515263158,4.1,-6.55436829794885
"B-04",2023,0,55.3354403007519,-165.780515263158,4.4,-6.55436829794885
"B-05",1988,0,55.343247965368,-165.184236233766,4.2,-6.55436829794885
"B-05",1989,19.6839928546472,55.343247965368,-165.184236233766,4.1,2.97987809443828
"B-05",1990,33.6626489725787,55.343247965368,-165.184236233766,3.9,3.51643118128326
"B-05",1991,0,55.343247965368,-165.184236233766,4.2,-6.55436829794885
"B-05",1992,0,55.343247965368,-165.184236233766,4.5,-6.55436829794885
"B-05",1993,0,55.343247965368,-165.184236233766,4.5,-6.55436829794885
"B-05",1994,0,55.343247965368,-165.184236233766,3.6,-6.55436829794885
"B-05",1995,0,55.343247965368,-165.184236233766,3.5,-6.55436829794885
"B-05",1996,0,55.343247965368,-165.184236233766,4.5,-6.55436829794885
"B-05",1997,0,55.343247965368,-165.184236233766,4.4,-6.55436829794885
"B-05",1998,0,55.343247965368,-165.184236233766,4,-6.55436829794885
"B-05",1999,0,55.343247965368,-165.184236233766,2.8,-6.55436829794885
"B-05",2000,0,55.343247965368,-165.184236233766,4,-6.55436829794885
"B-05",2001,0,55.343247965368,-165.184236233766,4.2,-6.55436829794885
"B-05",2002,0,55.343247965368,-165.184236233766,4.6,-6.55436829794885
"B-05",2003,0,55.343247965368,-165.184236233766,4.9,-6.55436829794885
"B-05",2004,0,55.343247965368,-165.184236233766,4.4,-6.55436829794885
"B-05",2005,0,55.343247965368,-165.184236233766,4.6,-6.55436829794885
"B-05",2006,0,55.343247965368,-165.184236233766,3.8,-6.55436829794885
"B-05",2007,0,55.343247965368,-165.184236233766,3.3,-6.55436829794885
"B-05",2008,0,55.343247965368,-165.184236233766,3.4,-6.55436829794885
"B-05",2009,0,55.343247965368,-165.184236233766,3.5,-6.55436829794885
"B-05",2010,0,55.343247965368,-165.184236233766,3.9,-6.55436829794885
"B-05",2011,0,55.343247965368,-165.184236233766,4.1,-6.55436829794885
"B-05",2012,0,55.343247965368,-165.184236233766,2.8,-6.55436829794885
"B-05",2013,0,55.343247965368,-165.184236233766,3.7,-6.55436829794885
"B-05",2014,0,55.343247965368,-165.184236233766,4.2,-6.55436829794885
"B-05",2015,0,55.343247965368,-165.184236233766,5.1,-6.55436829794885
"B-05",2016,0,55.343247965368,-165.184236233766,5,-6.55436829794885
"B-05",2017,0,55.343247965368,-165.184236233766,4.7,-6.55436829794885
"B-05",2018,0,55.343247965368,-165.184236233766,4.8,-6.55436829794885
"B-05",2019,0,55.343247965368,-165.184236233766,4.9,-6.55436829794885
"B-05",2021,0,55.343247965368,-165.184236233766,4.3,-6.55436829794885
"B-05",2022,0,55.343247965368,-165.184236233766,3.9,-6.55436829794885
"B-05",2023,0,55.343247965368,-165.184236233766,4.4,-6.55436829794885
"B-06",1988,0,55.3370714731183,-164.577530645161,4.2,-6.55436829794885
"B-06",1989,0,55.3370714731183,-164.577530645161,4,-6.55436829794885
"B-06",1990,0,55.3370714731183,-164.577530645161,3.6,-6.55436829794885
"B-06",1991,0,55.3370714731183,-164.577530645161,4,-6.55436829794885
"B-06",1992,0,55.3370714731183,-164.577530645161,3.9,-6.55436829794885
"B-06",1993,0,55.3370714731183,-164.577530645161,NA,-6.55436829794885
"B-06",1994,0,55.3370714731183,-164.577530645161,4.5,-6.55436829794885
"B-06",1995,0,55.3370714731183,-164.577530645161,3.1,-6.55436829794885
"B-06",1996,0,55.3370714731183,-164.577530645161,4.7,-6.55436829794885
"B-06",1997,0,55.3370714731183,-164.577530645161,5,-6.55436829794885
"B-06",1998,0,55.3370714731183,-164.577530645161,5.2,-6.55436829794885
"B-06",1999,20.2824153658661,55.3370714731183,-164.577530645161,2.8,3.00982447283325
"B-06",2000,0,55.3370714731183,-164.577530645161,3.2,-6.55436829794885
"B-06",2001,0,55.3370714731183,-164.577530645161,4.3,-6.55436829794885
"B-06",2002,0,55.3370714731183,-164.577530645161,4.7,-6.55436829794885
"B-06",2003,0,55.3370714731183,-164.577530645161,4.5,-6.55436829794885
"B-06",2004,0,55.3370714731183,-164.577530645161,4.5,-6.55436829794885
"B-06",2005,0,55.3370714731183,-164.577530645161,NA,-6.55436829794885
"B-06",2006,0,55.3370714731183,-164.577530645161,4,-6.55436829794885
"B-06",2007,0,55.3370714731183,-164.577530645161,3.3,-6.55436829794885
"B-06",2008,0,55.3370714731183,-164.577530645161,2.5,-6.55436829794885
"B-06",2009,0,55.3370714731183,-164.577530645161,2.8,-6.55436829794885
"B-06",2010,18.6056039797407,55.3370714731183,-164.577530645161,3,2.92353935138671
"B-06",2011,0,55.3370714731183,-164.577530645161,4.6,-6.55436829794885
"B-06",2012,0,55.3370714731183,-164.577530645161,2.2,-6.55436829794885
"B-06",2013,0,55.3370714731183,-164.577530645161,3.8,-6.55436829794885
"B-06",2014,0,55.3370714731183,-164.577530645161,4.6,-6.55436829794885
"B-06",2015,0,55.3370714731183,-164.577530645161,5.1,-6.55436829794885
"B-06",2016,0,55.3370714731183,-164.577530645161,5.5,-6.55436829794885
"B-06",2017,0,55.3370714731183,-164.577530645161,4.8,-6.55436829794885
"B-06",2018,0,55.3370714731183,-164.577530645161,5.1,-6.55436829794885
"B-06",2019,0,55.3370714731183,-164.577530645161,5.3,-6.55436829794885
"B-06",2021,0,55.3370714731183,-164.577530645161,4.3,-6.55436829794885
"B-06",2022,0,55.3370714731183,-164.577530645161,3.9,-6.55436829794885
"B-06",2023,0,55.3370714731183,-164.577530645161,4.7,-6.55436829794885
"B-07",1988,0,55.3410384536082,-164.016207525773,4.5,-6.55436829794885
"B-07",1989,0,55.3410384536082,-164.016207525773,2.7,-6.55436829794885
"B-07",1990,0,55.3410384536082,-164.016207525773,4.1,-6.55436829794885
"B-07",1991,0,55.3410384536082,-164.016207525773,4.2,-6.55436829794885
"B-07",1992,0,55.3410384536082,-164.016207525773,4.8,-6.55436829794885
"B-07",1993,0,55.3410384536082,-164.016207525773,4.5,-6.55436829794885
"B-07",1994,0,55.3410384536082,-164.016207525773,3.4,-6.55436829794885
"B-07",1995,0,55.3410384536082,-164.016207525773,3,-6.55436829794885
"B-07",1996,0,55.3410384536082,-164.016207525773,3.6,-6.55436829794885
"B-07",1997,0,55.3410384536082,-164.016207525773,3,-6.55436829794885
"B-07",1998,0,55.3410384536082,-164.016207525773,4.9,-6.55436829794885
"B-07",1999,0,55.3410384536082,-164.016207525773,2.3,-6.55436829794885
"B-07",2000,0,55.3410384536082,-164.016207525773,3.2,-6.55436829794885
"B-07",2001,0,55.3410384536082,-164.016207525773,4.2,-6.55436829794885
"B-07",2002,0,55.3410384536082,-164.016207525773,4.2,-6.55436829794885
"B-07",2003,0,55.3410384536082,-164.016207525773,4.8,-6.55436829794885
"B-07",2004,0,55.3410384536082,-164.016207525773,4.9,-6.55436829794885
"B-07",2005,0,55.3410384536082,-164.016207525773,4.8,-6.55436829794885
"B-07",2006,0,55.3410384536082,-164.016207525773,3.7,-6.55436829794885
"B-07",2007,0,55.3410384536082,-164.016207525773,3.1,-6.55436829794885
"B-07",2008,0,55.3410384536082,-164.016207525773,2.8,-6.55436829794885
"B-07",2009,0,55.3410384536082,-164.016207525773,3,-6.55436829794885
"B-07",2010,0,55.3410384536082,-164.016207525773,3,-6.55436829794885
"B-07",2011,0,55.3410384536082,-164.016207525773,3.9,-6.55436829794885
"B-07",2012,0,55.3410384536082,-164.016207525773,2,-6.55436829794885
"B-07",2013,0,55.3410384536082,-164.016207525773,3.9,-6.55436829794885
"B-07",2014,0,55.3410384536082,-164.016207525773,4.9,-6.55436829794885
"B-07",2015,0,55.3410384536082,-164.016207525773,5,-6.55436829794885
"B-07",2016,0,55.3410384536082,-164.016207525773,6.3,-6.55436829794885
"B-07",2017,0,55.3410384536082,-164.016207525773,4.7,-6.55436829794885
"B-07",2018,0,55.3410384536082,-164.016207525773,4.6,-6.55436829794885
"B-07",2019,0,55.3410384536082,-164.016207525773,5.7,-6.55436829794885
"B-07",2021,0,55.3410384536082,-164.016207525773,4.3,-6.55436829794885
"B-07",2022,0,55.3410384536082,-164.016207525773,3.3,-6.55436829794885
"B-07",2023,0,55.3410384536082,-164.016207525773,4.2,-6.55436829794885
"B-08",1989,0,55.3415191729323,-163.418052932331,3.1,-6.55436829794885
"B-08",1990,0,55.3415191729323,-163.418052932331,3.9,-6.55436829794885
"B-08",1991,0,55.3415191729323,-163.418052932331,4.4,-6.55436829794885
"B-08",1992,0,55.3415191729323,-163.418052932331,2.1,-6.55436829794885
"B-08",1993,0,55.3415191729323,-163.418052932331,NA,-6.55436829794885
"B-08",1994,0,55.3415191729323,-163.418052932331,4.5,-6.55436829794885
"B-08",1995,0,55.3415191729323,-163.418052932331,2.8,-6.55436829794885
"B-08",1996,0,55.3415191729323,-163.418052932331,4,-6.55436829794885
"B-08",1997,0,55.3415191729323,-163.418052932331,3.4,-6.55436829794885
"B-08",1998,0,55.3415191729323,-163.418052932331,5.6,-6.55436829794885
"B-08",1999,0,55.3415191729323,-163.418052932331,2.5,-6.55436829794885
"B-08",2000,0,55.3415191729323,-163.418052932331,2.5,-6.55436829794885
"B-08",2001,0,55.3415191729323,-163.418052932331,3.6,-6.55436829794885
"B-08",2002,0,55.3415191729323,-163.418052932331,4.3,-6.55436829794885
"B-08",2003,0,55.3415191729323,-163.418052932331,NA,-6.55436829794885
"B-08",2004,0,55.3415191729323,-163.418052932331,4.7,-6.55436829794885
"B-08",2005,0,55.3415191729323,-163.418052932331,NA,-6.55436829794885
"B-08",2006,0,55.3415191729323,-163.418052932331,3.5,-6.55436829794885
"B-08",2007,0,55.3415191729323,-163.418052932331,3,-6.55436829794885
"B-08",2008,0,55.3415191729323,-163.418052932331,3.4,-6.55436829794885
"B-08",2009,0,55.3415191729323,-163.418052932331,3.2,-6.55436829794885
"B-08",2010,0,55.3415191729323,-163.418052932331,2.2,-6.55436829794885
"B-08",2011,0,55.3415191729323,-163.418052932331,4.7,-6.55436829794885
"B-08",2012,0,55.3415191729323,-163.418052932331,2.4,-6.55436829794885
"B-08",2013,0,55.3415191729323,-163.418052932331,3.2,-6.55436829794885
"B-08",2014,0,55.3415191729323,-163.418052932331,4.4,-6.55436829794885
"B-08",2015,0,55.3415191729323,-163.418052932331,5.8,-6.55436829794885
"B-08",2016,0,55.3415191729323,-163.418052932331,6.1,-6.55436829794885
"B-08",2017,0,55.3415191729323,-163.418052932331,3.3,-6.55436829794885
"B-08",2018,0,55.3415191729323,-163.418052932331,5.2,-6.55436829794885
"B-08",2019,0,55.3415191729323,-163.418052932331,5.4,-6.55436829794885
"B-08",2021,0,55.3415191729323,-163.418052932331,6.2,-6.55436829794885
"B-08",2022,0,55.3415191729323,-163.418052932331,3.7,-6.55436829794885
"B-08",2023,0,55.3415191729323,-163.418052932331,4.5,-6.55436829794885
"C-01",1988,0,55.65608778125,-167.5831566875,3.9,-6.55436829794885
"C-01",1989,0,55.65608778125,-167.5831566875,3.8,-6.55436829794885
"C-01",1990,19.9910073524112,55.65608778125,-167.5831566875,3.7,2.99535376365132
"C-01",1991,0,55.65608778125,-167.5831566875,3.4,-6.55436829794885
"C-01",1992,0,55.65608778125,-167.5831566875,3.9,-6.55436829794885
"C-01",1993,0,55.65608778125,-167.5831566875,NA,-6.55436829794885
"C-01",1994,20.2571226459247,55.65608778125,-167.5831566875,3.5,3.00857675527847
"C-01",1995,18.137917897801,55.65608778125,-167.5831566875,3.5,2.89808315846378
"C-01",1996,0,55.65608778125,-167.5831566875,4.3,-6.55436829794885
"C-01",1997,0,55.65608778125,-167.5831566875,3.9,-6.55436829794885
"C-01",1998,0,55.65608778125,-167.5831566875,4,-6.55436829794885
"C-01",1999,0,55.65608778125,-167.5831566875,3.4,-6.55436829794885
"C-01",2000,0,55.65608778125,-167.5831566875,3.4,-6.55436829794885
"C-01",2001,0,55.65608778125,-167.5831566875,4,-6.55436829794885
"C-01",2002,0,55.65608778125,-167.5831566875,3.7,-6.55436829794885
"C-01",2003,0,55.65608778125,-167.5831566875,4.6,-6.55436829794885
"C-01",2004,0,55.65608778125,-167.5831566875,4.1,-6.55436829794885
"C-01",2005,0,55.65608778125,-167.5831566875,4.3,-6.55436829794885
"C-01",2006,0,55.65608778125,-167.5831566875,3.9,-6.55436829794885
"C-01",2007,0,55.65608778125,-167.5831566875,3.8,-6.55436829794885
"C-01",2008,0,55.65608778125,-167.5831566875,3.4,-6.55436829794885
"C-01",2009,0,55.65608778125,-167.5831566875,3.4,-6.55436829794885
"C-01",2010,0,55.65608778125,-167.5831566875,3.8,-6.55436829794885
"C-01",2011,0,55.65608778125,-167.5831566875,3.8,-6.55436829794885
"C-01",2012,0,55.65608778125,-167.5831566875,2.9,-6.55436829794885
"C-01",2013,0,55.65608778125,-167.5831566875,3.8,-6.55436829794885
"C-01",2014,0,55.65608778125,-167.5831566875,4.2,-6.55436829794885
"C-01",2015,0,55.65608778125,-167.5831566875,5,-6.55436829794885
"C-01",2016,0,55.65608778125,-167.5831566875,4.6,-6.55436829794885
"C-01",2017,0,55.65608778125,-167.5831566875,4.5,-6.55436829794885
"C-01",2018,0,55.65608778125,-167.5831566875,4.5,-6.55436829794885
"C-01",2019,0,55.65608778125,-167.5831566875,4.4,-6.55436829794885
"C-01",2021,0,55.65608778125,-167.5831566875,4.2,-6.55436829794885
"C-01",2022,0,55.65608778125,-167.5831566875,4,-6.55436829794885
"C-01",2023,0,55.65608778125,-167.5831566875,4.4,-6.55436829794885
"C-02",1988,0,55.6762738380282,-166.985373767606,3.4,-6.55436829794885
"C-02",1989,0,55.6762738380282,-166.985373767606,3.5,-6.55436829794885
"C-02",1990,211.469975633558,55.6762738380282,-166.985373767606,3.6,5.3540897624658
"C-02",1991,38.8348157148921,55.6762738380282,-166.985373767606,3.4,3.65935382094361
"C-02",1992,22.3526684771493,55.6762738380282,-166.985373767606,3.8,3.10700940761819
"C-02",1993,18.0005735846635,55.6762738380282,-166.985373767606,3.9,2.8904827221125
"C-02",1994,17.8231024359582,55.6762738380282,-166.985373767606,3.9,2.8805753919226
"C-02",1995,0,55.6762738380282,-166.985373767606,3.1,-6.55436829794885
"C-02",1996,0,55.6762738380282,-166.985373767606,4.3,-6.55436829794885
"C-02",1997,0,55.6762738380282,-166.985373767606,3.7,-6.55436829794885
"C-02",1998,0,55.6762738380282,-166.985373767606,4.1,-6.55436829794885
"C-02",1999,0,55.6762738380282,-166.985373767606,3.4,-6.55436829794885
"C-02",2000,0,55.6762738380282,-166.985373767606,3.5,-6.55436829794885
"C-02",2001,0,55.6762738380282,-166.985373767606,4,-6.55436829794885
"C-02",2002,0,55.6762738380282,-166.985373767606,3.7,-6.55436829794885
"C-02",2003,0,55.6762738380282,-166.985373767606,4.5,-6.55436829794885
"C-02",2004,0,55.6762738380282,-166.985373767606,4,-6.55436829794885
"C-02",2005,37.4824466097413,55.6762738380282,-166.985373767606,4.3,3.62391072022929
"C-02",2006,0,55.6762738380282,-166.985373767606,4,-6.55436829794885
"C-02",2007,0,55.6762738380282,-166.985373767606,3.5,-6.55436829794885
"C-02",2008,0,55.6762738380282,-166.985373767606,3.4,-6.55436829794885
"C-02",2009,0,55.6762738380282,-166.985373767606,3.6,-6.55436829794885
"C-02",2010,0,55.6762738380282,-166.985373767606,3.8,-6.55436829794885
"C-02",2011,0,55.6762738380282,-166.985373767606,3.8,-6.55436829794885
"C-02",2012,0,55.6762738380282,-166.985373767606,2.8,-6.55436829794885
"C-02",2013,0,55.6762738380282,-166.985373767606,3.7,-6.55436829794885
"C-02",2014,0,55.6762738380282,-166.985373767606,4.1,-6.55436829794885
"C-02",2015,0,55.6762738380282,-166.985373767606,4.9,-6.55436829794885
"C-02",2016,0,55.6762738380282,-166.985373767606,4.7,-6.55436829794885
"C-02",2017,0,55.6762738380282,-166.985373767606,4.3,-6.55436829794885
"C-02",2018,20.3850761853899,55.6762738380282,-166.985373767606,4.5,3.01487292038955
"C-02",2019,0,55.6762738380282,-166.985373767606,4.5,-6.55436829794885
"C-02",2021,0,55.6762738380282,-166.985373767606,4.2,-6.55436829794885
"C-02",2022,0,55.6762738380282,-166.985373767606,3.9,-6.55436829794885
"C-02",2023,0,55.6762738380282,-166.985373767606,4.4,-6.55436829794885
"C-03",1988,0,55.6719755102041,-166.387918503401,5,-6.55436829794885
"C-03",1989,0,55.6719755102041,-166.387918503401,3.8,-6.55436829794885
"C-03",1990,0,55.6719755102041,-166.387918503401,3.8,-6.55436829794885
"C-03",1991,0,55.6719755102041,-166.387918503401,3.5,-6.55436829794885
"C-03",1992,36.9487453083963,55.6719755102041,-166.387918503401,3.9,3.60957022628626
"C-03",1993,0,55.6719755102041,-166.387918503401,4.1,-6.55436829794885
"C-03",1994,0,55.6719755102041,-166.387918503401,3.3,-6.55436829794885
"C-03",1995,0,55.6719755102041,-166.387918503401,2.9,-6.55436829794885
"C-03",1996,0,55.6719755102041,-166.387918503401,4.3,-6.55436829794885
"C-03",1997,19.4404229460557,55.6719755102041,-166.387918503401,3.5,2.96742779596582
"C-03",1998,17.5096625180434,55.6719755102041,-166.387918503401,3.9,2.86283418892451
"C-03",1999,0,55.6719755102041,-166.387918503401,3.2,-6.55436829794885
"C-03",2000,0,55.6719755102041,-166.387918503401,3.5,-6.55436829794885
"C-03",2001,0,55.6719755102041,-166.387918503401,4,-6.55436829794885
"C-03",2002,0,55.6719755102041,-166.387918503401,3.8,-6.55436829794885
"C-03",2003,0,55.6719755102041,-166.387918503401,4.6,-6.55436829794885
"C-03",2004,0,55.6719755102041,-166.387918503401,4.1,-6.55436829794885
"C-03",2005,0,55.6719755102041,-166.387918503401,4.2,-6.55436829794885
"C-03",2006,0,55.6719755102041,-166.387918503401,3.9,-6.55436829794885
"C-03",2007,0,55.6719755102041,-166.387918503401,3.4,-6.55436829794885
"C-03",2008,0,55.6719755102041,-166.387918503401,3.2,-6.55436829794885
"C-03",2009,0,55.6719755102041,-166.387918503401,3.2,-6.55436829794885
"C-03",2010,0,55.6719755102041,-166.387918503401,3.7,-6.55436829794885
"C-03",2011,0,55.6719755102041,-166.387918503401,3.8,-6.55436829794885
"C-03",2012,0,55.6719755102041,-166.387918503401,2.9,-6.55436829794885
"C-03",2013,15.8024500854336,55.6719755102041,-166.387918503401,3.6,2.76025509779486
"C-03",2014,0,55.6719755102041,-166.387918503401,4,-6.55436829794885
"C-03",2015,0,55.6719755102041,-166.387918503401,5,-6.55436829794885
"C-03",2016,0,55.6719755102041,-166.387918503401,4.8,-6.55436829794885
"C-03",2017,0,55.6719755102041,-166.387918503401,4.2,-6.55436829794885
"C-03",2018,0,55.6719755102041,-166.387918503401,4.4,-6.55436829794885
"C-03",2019,0,55.6719755102041,-166.387918503401,4.7,-6.55436829794885
"C-03",2021,0,55.6719755102041,-166.387918503401,4.3,-6.55436829794885
"C-03",2022,0,55.6719755102041,-166.387918503401,3.9,-6.55436829794885
"C-03",2023,0,55.6719755102041,-166.387918503401,4.3,-6.55436829794885
"C-04",1988,0,55.6695758441558,-165.801201168831,4,-6.55436829794885
"C-04",1989,0,55.6695758441558,-165.801201168831,3.5,-6.55436829794885
"C-04",1990,0,55.6695758441558,-165.801201168831,NA,-6.55436829794885
"C-04",1991,0,55.6695758441558,-165.801201168831,3.9,-6.55436829794885
"C-04",1992,0,55.6695758441558,-165.801201168831,4.2,-6.55436829794885
"C-04",1993,0,55.6695758441558,-165.801201168831,4.3,-6.55436829794885
"C-04",1994,0,55.6695758441558,-165.801201168831,3.9,-6.55436829794885
"C-04",1995,0,55.6695758441558,-165.801201168831,2.9,-6.55436829794885
"C-04",1996,0,55.6695758441558,-165.801201168831,4.4,-6.55436829794885
"C-04",1997,0,55.6695758441558,-165.801201168831,4.1,-6.55436829794885
"C-04",1998,39.3975586400009,55.6695758441558,-165.801201168831,4.1,3.67373999165706
"C-04",1999,19.0007213964396,55.6695758441558,-165.801201168831,3.2,2.94455188218696
"C-04",2000,0,55.6695758441558,-165.801201168831,3.5,-6.55436829794885
"C-04",2001,0,55.6695758441558,-165.801201168831,4.2,-6.55436829794885
"C-04",2002,0,55.6695758441558,-165.801201168831,4,-6.55436829794885
"C-04",2003,0,55.6695758441558,-165.801201168831,4.7,-6.55436829794885
"C-04",2004,0,55.6695758441558,-165.801201168831,4.3,-6.55436829794885
"C-04",2005,0,55.6695758441558,-165.801201168831,4.5,-6.55436829794885
"C-04",2006,0,55.6695758441558,-165.801201168831,3.9,-6.55436829794885
"C-04",2007,0,55.6695758441558,-165.801201168831,3.3,-6.55436829794885
"C-04",2008,0,55.6695758441558,-165.801201168831,3,-6.55436829794885
"C-04",2009,0,55.6695758441558,-165.801201168831,3.4,-6.55436829794885
"C-04",2010,0,55.6695758441558,-165.801201168831,3.6,-6.55436829794885
"C-04",2011,0,55.6695758441558,-165.801201168831,4,-6.55436829794885
"C-04",2012,0,55.6695758441558,-165.801201168831,2.9,-6.55436829794885
"C-04",2013,0,55.6695758441558,-165.801201168831,3.5,-6.55436829794885
"C-04",2014,0,55.6695758441558,-165.801201168831,4.1,-6.55436829794885
"C-04",2015,0,55.6695758441558,-165.801201168831,5.1,-6.55436829794885
"C-04",2016,0,55.6695758441558,-165.801201168831,5,-6.55436829794885
"C-04",2017,0,55.6695758441558,-165.801201168831,4.5,-6.55436829794885
"C-04",2018,0,55.6695758441558,-165.801201168831,4.5,-6.55436829794885
"C-04",2019,0,55.6695758441558,-165.801201168831,4.8,-6.55436829794885
"C-04",2021,0,55.6695758441558,-165.801201168831,4.4,-6.55436829794885
"C-04",2022,0,55.6695758441558,-165.801201168831,4,-6.55436829794885
"C-04",2023,0,55.6695758441558,-165.801201168831,4.3,-6.55436829794885
"C-05",1988,0,55.6688548381295,-165.170211690647,3.5,-6.55436829794885
"C-05",1989,0,55.6688548381295,-165.170211690647,4,-6.55436829794885
"C-05",1990,0,55.6688548381295,-165.170211690647,3.9,-6.55436829794885
"C-05",1991,0,55.6688548381295,-165.170211690647,3.4,-6.55436829794885
"C-05",1992,0,55.6688548381295,-165.170211690647,4.2,-6.55436829794885
"C-05",1993,0,55.6688548381295,-165.170211690647,4.3,-6.55436829794885
"C-05",1994,0,55.6688548381295,-165.170211690647,3.3,-6.55436829794885
"C-05",1995,0,55.6688548381295,-165.170211690647,3.8,-6.55436829794885
"C-05",1996,0,55.6688548381295,-165.170211690647,4.1,-6.55436829794885
"C-05",1997,0,55.6688548381295,-165.170211690647,4.2,-6.55436829794885
"C-05",1998,0,55.6688548381295,-165.170211690647,4.5,-6.55436829794885
"C-05",1999,0,55.6688548381295,-165.170211690647,3,-6.55436829794885
"C-05",2000,0,55.6688548381295,-165.170211690647,3,-6.55436829794885
"C-05",2001,0,55.6688548381295,-165.170211690647,4,-6.55436829794885
"C-05",2002,0,55.6688548381295,-165.170211690647,4.2,-6.55436829794885
"C-05",2003,0,55.6688548381295,-165.170211690647,4.6,-6.55436829794885
"C-05",2004,0,55.6688548381295,-165.170211690647,4.2,-6.55436829794885
"C-05",2005,0,55.6688548381295,-165.170211690647,4.4,-6.55436829794885
"C-05",2006,0,55.6688548381295,-165.170211690647,3.8,-6.55436829794885
"C-05",2007,0,55.6688548381295,-165.170211690647,3.1,-6.55436829794885
"C-05",2008,0,55.6688548381295,-165.170211690647,3.1,-6.55436829794885
"C-05",2009,0,55.6688548381295,-165.170211690647,3.5,-6.55436829794885
"C-05",2010,0,55.6688548381295,-165.170211690647,3.4,-6.55436829794885
"C-05",2011,0,55.6688548381295,-165.170211690647,4.1,-6.55436829794885
"C-05",2012,0,55.6688548381295,-165.170211690647,2.6,-6.55436829794885
"C-05",2013,0,55.6688548381295,-165.170211690647,3.2,-6.55436829794885
"C-05",2014,0,55.6688548381295,-165.170211690647,4,-6.55436829794885
"C-05",2015,0,55.6688548381295,-165.170211690647,5.1,-6.55436829794885
"C-05",2016,0,55.6688548381295,-165.170211690647,5.3,-6.55436829794885
"C-05",2017,0,55.6688548381295,-165.170211690647,4.2,-6.55436829794885
"C-05",2018,0,55.6688548381295,-165.170211690647,4.8,-6.55436829794885
"C-05",2019,0,55.6688548381295,-165.170211690647,4.8,-6.55436829794885
"C-05",2021,0,55.6688548381295,-165.170211690647,4.6,-6.55436829794885
"C-05",2022,0,55.6688548381295,-165.170211690647,3.8,-6.55436829794885
"C-05",2023,0,55.6688548381295,-165.170211690647,4.3,-6.55436829794885
"C-06",1988,0,55.6604742360061,-164.591489636914,2.9,-6.55436829794885
"C-06",1989,22.6221985230517,55.6604742360061,-164.591489636914,1.9,3.11899459956003
"C-06",1990,0,55.6604742360061,-164.591489636914,3.4,-6.55436829794885
"C-06",1991,0,55.6604742360061,-164.591489636914,2.9,-6.55436829794885
"C-06",1992,0,55.6604742360061,-164.591489636914,2.5,-6.55436829794885
"C-06",1993,0,55.6604742360061,-164.591489636914,NA,-6.55436829794885
"C-06",1994,0,55.6604742360061,-164.591489636914,3.7,-6.55436829794885
"C-06",1995,0,55.6604742360061,-164.591489636914,2.4,-6.55436829794885
"C-06",1996,0,55.6604742360061,-164.591489636914,NA,-6.55436829794885
"C-06",1997,264.90137535165,55.6604742360061,-164.591489636914,4,5.57936296335583
"C-06",1998,0,55.6604742360061,-164.591489636914,4.6,-6.55436829794885
"C-06",1999,0,55.6604742360061,-164.591489636914,2.6,-6.55436829794885
"C-06",2000,0,55.6604742360061,-164.591489636914,2.9,-6.55436829794885
"C-06",2001,0,55.6604742360061,-164.591489636914,3.7,-6.55436829794885
"C-06",2002,0,55.6604742360061,-164.591489636914,4.3,-6.55436829794885
"C-06",2003,0,55.6604742360061,-164.591489636914,3.9,-6.55436829794885
"C-06",2004,0,55.6604742360061,-164.591489636914,4.4,-6.55436829794885
"C-06",2005,0,55.6604742360061,-164.591489636914,NA,-6.55436829794885
"C-06",2006,0,55.6604742360061,-164.591489636914,3.8,-6.55436829794885
"C-06",2007,0,55.6604742360061,-164.591489636914,3.1,-6.55436829794885
"C-06",2008,0,55.6604742360061,-164.591489636914,2.3,-6.55436829794885
"C-06",2009,0,55.6604742360061,-164.591489636914,1.6,-6.55436829794885
"C-06",2010,0,55.6604742360061,-164.591489636914,2.2,-6.55436829794885
"C-06",2011,0,55.6604742360061,-164.591489636914,3.6,-6.55436829794885
"C-06",2012,0,55.6604742360061,-164.591489636914,1.6,-6.55436829794885
"C-06",2013,0,55.6604742360061,-164.591489636914,2.5,-6.55436829794885
"C-06",2014,0,55.6604742360061,-164.591489636914,4,-6.55436829794885
"C-06",2015,0,55.6604742360061,-164.591489636914,4.9,-6.55436829794885
"C-06",2016,0,55.6604742360061,-164.591489636914,5.6,-6.55436829794885
"C-06",2017,0,55.6604742360061,-164.591489636914,3.1,-6.55436829794885
"C-06",2018,0,55.6604742360061,-164.591489636914,4.8,-6.55436829794885
"C-06",2019,0,55.6604742360061,-164.591489636914,5.2,-6.55436829794885
"C-06",2021,0,55.6604742360061,-164.591489636914,4.1,-6.55436829794885
"C-06",2022,0,55.6604742360061,-164.591489636914,3,-6.55436829794885
"C-06",2023,0,55.6604742360061,-164.591489636914,4.6,-6.55436829794885
"C-07",1988,0,55.6847034825871,-164.008256069652,2.3,-6.55436829794885
"C-07",1989,0,55.6847034825871,-164.008256069652,1.9,-6.55436829794885
"C-07",1990,68.3382757682909,55.6847034825871,-164.008256069652,3.1,4.22449085174543
"C-07",1991,0,55.6847034825871,-164.008256069652,3.1,-6.55436829794885
"C-07",1992,0,55.6847034825871,-164.008256069652,2.5,-6.55436829794885
"C-07",1993,0,55.6847034825871,-164.008256069652,3.2,-6.55436829794885
"C-07",1994,0,55.6847034825871,-164.008256069652,NA,-6.55436829794885
"C-07",1995,0,55.6847034825871,-164.008256069652,1.7,-6.55436829794885
"C-07",1996,0,55.6847034825871,-164.008256069652,2.9,-6.55436829794885
"C-07",1997,59.7928398657746,55.6847034825871,-164.008256069652,2.4,4.0909097324062
"C-07",1998,18.9836104210096,55.6847034825871,-164.008256069652,3.6,2.9436510005329
"C-07",1999,0,55.6847034825871,-164.008256069652,1.9,-6.55436829794885
"C-07",2000,0,55.6847034825871,-164.008256069652,2.5,-6.55436829794885
"C-07",2001,0,55.6847034825871,-164.008256069652,3.6,-6.55436829794885
"C-07",2002,0,55.6847034825871,-164.008256069652,3.8,-6.55436829794885
"C-07",2003,0,55.6847034825871,-164.008256069652,4.1,-6.55436829794885
"C-07",2004,0,55.6847034825871,-164.008256069652,3.4,-6.55436829794885
"C-07",2005,0,55.6847034825871,-164.008256069652,4.1,-6.55436829794885
"C-07",2006,0,55.6847034825871,-164.008256069652,3.5,-6.55436829794885
"C-07",2007,0,55.6847034825871,-164.008256069652,2.7,-6.55436829794885
"C-07",2008,0,55.6847034825871,-164.008256069652,1.6,-6.55436829794885
"C-07",2009,0,55.6847034825871,-164.008256069652,0.7,-6.55436829794885
"C-07",2010,0,55.6847034825871,-164.008256069652,1.8,-6.55436829794885
"C-07",2011,0,55.6847034825871,-164.008256069652,3.2,-6.55436829794885
"C-07",2012,0,55.6847034825871,-164.008256069652,0.6,-6.55436829794885
"C-07",2013,0,55.6847034825871,-164.008256069652,2.2,-6.55436829794885
"C-07",2014,0,55.6847034825871,-164.008256069652,4,-6.55436829794885
"C-07",2015,0,55.6847034825871,-164.008256069652,4.8,-6.55436829794885
"C-07",2016,0,55.6847034825871,-164.008256069652,4.8,-6.55436829794885
"C-07",2017,0,55.6847034825871,-164.008256069652,2.4,-6.55436829794885
"C-07",2018,0,55.6847034825871,-164.008256069652,3.9,-6.55436829794885
"C-07",2019,0,55.6847034825871,-164.008256069652,5.1,-6.55436829794885
"C-07",2021,0,55.6847034825871,-164.008256069652,3.5,-6.55436829794885
"C-07",2022,0,55.6847034825871,-164.008256069652,2.8,-6.55436829794885
"C-07",2023,0,55.6847034825871,-164.008256069652,3.9,-6.55436829794885
"C-08",1988,0,55.6666029761905,-163.404555654762,2.8,-6.55436829794885
"C-08",1989,0,55.6666029761905,-163.404555654762,1.4,-6.55436829794885
"C-08",1990,0,55.6666029761905,-163.404555654762,3,-6.55436829794885
"C-08",1991,0,55.6666029761905,-163.404555654762,2.9,-6.55436829794885
"C-08",1992,0,55.6666029761905,-163.404555654762,2.3,-6.55436829794885
"C-08",1993,0,55.6666029761905,-163.404555654762,3,-6.55436829794885
"C-08",1994,0,55.6666029761905,-163.404555654762,3.3,-6.55436829794885
"C-08",1995,0,55.6666029761905,-163.404555654762,1.7,-6.55436829794885
"C-08",1996,0,55.6666029761905,-163.404555654762,3.5,-6.55436829794885
"C-08",1997,0,55.6666029761905,-163.404555654762,2.6,-6.55436829794885
"C-08",1998,0,55.6666029761905,-163.404555654762,4.6,-6.55436829794885
"C-08",1999,0,55.6666029761905,-163.404555654762,2.2,-6.55436829794885
"C-08",2000,0,55.6666029761905,-163.404555654762,2.2,-6.55436829794885
"C-08",2001,0,55.6666029761905,-163.404555654762,3.4,-6.55436829794885
"C-08",2002,0,55.6666029761905,-163.404555654762,3,-6.55436829794885
"C-08",2003,0,55.6666029761905,-163.404555654762,4,-6.55436829794885
"C-08",2004,0,55.6666029761905,-163.404555654762,3.9,-6.55436829794885
"C-08",2005,0,55.6666029761905,-163.404555654762,NA,-6.55436829794885
"C-08",2006,0,55.6666029761905,-163.404555654762,3,-6.55436829794885
"C-08",2007,0,55.6666029761905,-163.404555654762,2.4,-6.55436829794885
"C-08",2008,0,55.6666029761905,-163.404555654762,1.9,-6.55436829794885
"C-08",2009,0,55.6666029761905,-163.404555654762,0.4,-6.55436829794885
"C-08",2010,0,55.6666029761905,-163.404555654762,2,-6.55436829794885
"C-08",2011,0,55.6666029761905,-163.404555654762,3.8,-6.55436829794885
"C-08",2012,0,55.6666029761905,-163.404555654762,1.8,-6.55436829794885
"C-08",2013,0,55.6666029761905,-163.404555654762,2.8,-6.55436829794885
"C-08",2014,0,55.6666029761905,-163.404555654762,3.8,-6.55436829794885
"C-08",2015,0,55.6666029761905,-163.404555654762,4.8,-6.55436829794885
"C-08",2016,0,55.6666029761905,-163.404555654762,5,-6.55436829794885
"C-08",2017,0,55.6666029761905,-163.404555654762,2.3,-6.55436829794885
"C-08",2018,0,55.6666029761905,-163.404555654762,4.2,-6.55436829794885
"C-08",2019,0,55.6666029761905,-163.404555654762,4.9,-6.55436829794885
"C-08",2021,0,55.6666029761905,-163.404555654762,3.9,-6.55436829794885
"C-08",2022,0,55.6666029761905,-163.404555654762,3.1,-6.55436829794885
"C-08",2023,0,55.6666029761905,-163.404555654762,3.7,-6.55436829794885
"C-09",1988,0,55.66982515625,-162.84136765625,4.7,-6.55436829794885
"C-09",1989,0,55.66982515625,-162.84136765625,2.6,-6.55436829794885
"C-09",1990,0,55.66982515625,-162.84136765625,4.3,-6.55436829794885
"C-09",1991,0,55.66982515625,-162.84136765625,4.6,-6.55436829794885
"C-09",1992,0,55.66982515625,-162.84136765625,NA,-6.55436829794885
"C-09",1993,0,55.66982515625,-162.84136765625,4.6,-6.55436829794885
"C-09",1994,0,55.66982515625,-162.84136765625,3.6,-6.55436829794885
"C-09",1995,0,55.66982515625,-162.84136765625,2.2,-6.55436829794885
"C-09",1996,0,55.66982515625,-162.84136765625,4.9,-6.55436829794885
"C-09",1997,0,55.66982515625,-162.84136765625,3.3,-6.55436829794885
"C-09",1998,0,55.66982515625,-162.84136765625,5.4,-6.55436829794885
"C-09",1999,0,55.66982515625,-162.84136765625,2.2,-6.55436829794885
"C-09",2000,0,55.66982515625,-162.84136765625,2.6,-6.55436829794885
"C-09",2001,0,55.66982515625,-162.84136765625,3.6,-6.55436829794885
"C-09",2002,0,55.66982515625,-162.84136765625,4.3,-6.55436829794885
"C-09",2003,0,55.66982515625,-162.84136765625,4.6,-6.55436829794885
"C-09",2004,0,55.66982515625,-162.84136765625,4.5,-6.55436829794885
"C-09",2005,0,55.66982515625,-162.84136765625,4.6,-6.55436829794885
"C-09",2006,0,55.66982515625,-162.84136765625,3.6,-6.55436829794885
"C-09",2007,0,55.66982515625,-162.84136765625,2.8,-6.55436829794885
"C-09",2008,0,55.66982515625,-162.84136765625,3.2,-6.55436829794885
"C-09",2009,0,55.66982515625,-162.84136765625,2.4,-6.55436829794885
"C-09",2010,0,55.66982515625,-162.84136765625,2.1,-6.55436829794885
"C-09",2011,0,55.66982515625,-162.84136765625,4.4,-6.55436829794885
"C-09",2012,0,55.66982515625,-162.84136765625,1.8,-6.55436829794885
"C-09",2013,0,55.66982515625,-162.84136765625,2.9,-6.55436829794885
"C-09",2014,0,55.66982515625,-162.84136765625,4.1,-6.55436829794885
"C-09",2015,0,55.66982515625,-162.84136765625,5.6,-6.55436829794885
"C-09",2016,0,55.66982515625,-162.84136765625,5.6,-6.55436829794885
"C-09",2017,0,55.66982515625,-162.84136765625,3,-6.55436829794885
"C-09",2018,0,55.66982515625,-162.84136765625,5.5,-6.55436829794885
"C-09",2019,0,55.66982515625,-162.84136765625,4.9,-6.55436829794885
"C-09",2021,0,55.66982515625,-162.84136765625,5.7,-6.55436829794885
"C-09",2022,0,55.66982515625,-162.84136765625,3.7,-6.55436829794885
"C-09",2023,0,55.66982515625,-162.84136765625,4.6,-6.55436829794885
"C-18",1988,0,55.6759636752137,-168.181858376068,3.9,-6.55436829794885
"C-18",1989,0,55.6759636752137,-168.181858376068,3.8,-6.55436829794885
"C-18",1990,0,55.6759636752137,-168.181858376068,3.8,-6.55436829794885
"C-18",1991,0,55.6759636752137,-168.181858376068,NA,-6.55436829794885
"C-18",1992,21.0034990704147,55.6759636752137,-168.181858376068,0,3.04475683655782
"C-18",1993,0,55.6759636752137,-168.181858376068,4.3,-6.55436829794885
"C-18",1994,0,55.6759636752137,-168.181858376068,3.8,-6.55436829794885
"C-18",1995,0,55.6759636752137,-168.181858376068,3.3,-6.55436829794885
"C-18",1996,0,55.6759636752137,-168.181858376068,4.1,-6.55436829794885
"C-18",1997,0,55.6759636752137,-168.181858376068,4.1,-6.55436829794885
"C-18",1998,0,55.6759636752137,-168.181858376068,3.8,-6.55436829794885
"C-18",1999,0,55.6759636752137,-168.181858376068,3.3,-6.55436829794885
"C-18",2000,0,55.6759636752137,-168.181858376068,3.7,-6.55436829794885
"C-18",2001,0,55.6759636752137,-168.181858376068,4.1,-6.55436829794885
"C-18",2002,0,55.6759636752137,-168.181858376068,3.7,-6.55436829794885
"C-18",2003,0,55.6759636752137,-168.181858376068,4.6,-6.55436829794885
"C-18",2004,0,55.6759636752137,-168.181858376068,4.1,-6.55436829794885
"C-18",2005,0,55.6759636752137,-168.181858376068,4.3,-6.55436829794885
"C-18",2006,0,55.6759636752137,-168.181858376068,4.2,-6.55436829794885
"C-18",2007,0,55.6759636752137,-168.181858376068,3.6,-6.55436829794885
"C-18",2008,0,55.6759636752137,-168.181858376068,3.4,-6.55436829794885
"C-18",2009,0,55.6759636752137,-168.181858376068,3.4,-6.55436829794885
"C-18",2010,0,55.6759636752137,-168.181858376068,3.9,-6.55436829794885
"C-18",2011,0,55.6759636752137,-168.181858376068,3.5,-6.55436829794885
"C-18",2012,0,55.6759636752137,-168.181858376068,3.1,-6.55436829794885
"C-18",2013,0,55.6759636752137,-168.181858376068,3.9,-6.55436829794885
"C-18",2014,0,55.6759636752137,-168.181858376068,4.2,-6.55436829794885
"C-18",2015,0,55.6759636752137,-168.181858376068,4.9,-6.55436829794885
"C-18",2016,0,55.6759636752137,-168.181858376068,4.3,-6.55436829794885
"C-18",2017,0,55.6759636752137,-168.181858376068,4.4,-6.55436829794885
"C-18",2018,0,55.6759636752137,-168.181858376068,4.4,-6.55436829794885
"C-18",2019,0,55.6759636752137,-168.181858376068,4.4,-6.55436829794885
"C-18",2021,0,55.6759636752137,-168.181858376068,4.1,-6.55436829794885
"C-18",2022,0,55.6759636752137,-168.181858376068,4,-6.55436829794885
"C-18",2023,0,55.6759636752137,-168.181858376068,4.4,-6.55436829794885
"D-01",1988,0,56.0018732590234,-167.619234076433,4,-6.55436829794885
"D-01",1989,52.7653866240089,56.0018732590234,-167.619234076433,3.8,3.96588240416703
"D-01",1990,0,56.0018732590234,-167.619234076433,3.6,-6.55436829794885
"D-01",1991,19.5797555908235,56.0018732590234,-167.619234076433,3.3,2.97456887394364
"D-01",1992,18.8006190065832,56.0018732590234,-167.619234076433,3.8,2.93396552822148
"D-01",1993,0,56.0018732590234,-167.619234076433,NA,-6.55436829794885
"D-01",1994,263.559204751374,56.0018732590234,-167.619234076433,3.6,5.57428343120527
"D-01",1995,145.547889160676,56.0018732590234,-167.619234076433,3,4.98051495044657
"D-01",1996,0,56.0018732590234,-167.619234076433,4.3,-6.55436829794885
"D-01",1997,215.837490107393,56.0018732590234,-167.619234076433,4,5.37453236089307
"D-01",1998,0,56.0018732590234,-167.619234076433,4.1,-6.55436829794885
"D-01",1999,0,56.0018732590234,-167.619234076433,3.2,-6.55436829794885
"D-01",2000,0,56.0018732590234,-167.619234076433,NA,-6.55436829794885
"D-01",2001,0,56.0018732590234,-167.619234076433,4,-6.55436829794885
"D-01",2002,0,56.0018732590234,-167.619234076433,3.7,-6.55436829794885
"D-01",2003,0,56.0018732590234,-167.619234076433,4.6,-6.55436829794885
"D-01",2004,0,56.0018732590234,-167.619234076433,4,-6.55436829794885
"D-01",2005,0,56.0018732590234,-167.619234076433,4.3,-6.55436829794885
"D-01",2006,0,56.0018732590234,-167.619234076433,4.1,-6.55436829794885
"D-01",2007,0,56.0018732590234,-167.619234076433,3.8,-6.55436829794885
"D-01",2008,0,56.0018732590234,-167.619234076433,3.3,-6.55436829794885
"D-01",2009,0,56.0018732590234,-167.619234076433,3.5,-6.55436829794885
"D-01",2010,0,56.0018732590234,-167.619234076433,3.8,-6.55436829794885
"D-01",2011,0,56.0018732590234,-167.619234076433,3.4,-6.55436829794885
"D-01",2012,0,56.0018732590234,-167.619234076433,2.9,-6.55436829794885
"D-01",2013,0,56.0018732590234,-167.619234076433,3.8,-6.55436829794885
"D-01",2014,0,56.0018732590234,-167.619234076433,4.2,-6.55436829794885
"D-01",2015,0,56.0018732590234,-167.619234076433,5,-6.55436829794885
"D-01",2016,0,56.0018732590234,-167.619234076433,4.7,-6.55436829794885
"D-01",2017,0,56.0018732590234,-167.619234076433,4.4,-6.55436829794885
"D-01",2018,0,56.0018732590234,-167.619234076433,4.6,-6.55436829794885
"D-01",2019,0,56.0018732590234,-167.619234076433,4.5,-6.55436829794885
"D-01",2021,0,56.0018732590234,-167.619234076433,4.3,-6.55436829794885
"D-01",2022,0,56.0018732590234,-167.619234076433,4.1,-6.55436829794885
"D-01",2023,0,56.0018732590234,-167.619234076433,4.5,-6.55436829794885
"D-02",1988,0,56.0021511111111,-167.000474989899,3.4,-6.55436829794885
"D-02",1989,255.444246843061,56.0021511111111,-167.000474989899,3.5,5.54300974799222
"D-02",1990,0,56.0021511111111,-167.000474989899,3.7,-6.55436829794885
"D-02",1991,19.0015380745984,56.0021511111111,-167.000474989899,3.3,2.94459485947177
"D-02",1992,39.4751393495017,56.0021511111111,-167.000474989899,3.6,3.67570715990364
"D-02",1993,0,56.0021511111111,-167.000474989899,3.8,-6.55436829794885
"D-02",1994,19.5115957636854,56.0021511111111,-167.000474989899,3.9,2.97108191691488
"D-02",1995,0,56.0021511111111,-167.000474989899,2.7,-6.55436829794885
"D-02",1996,18.7323957100158,56.0021511111111,-167.000474989899,4.4,2.93033042476662
"D-02",1997,20.0159215428902,56.0021511111111,-167.000474989899,3.6,2.9965991689387
"D-02",1998,0,56.0021511111111,-167.000474989899,4.1,-6.55436829794885
"D-02",1999,0,56.0021511111111,-167.000474989899,3.4,-6.55436829794885
"D-02",2000,20.3646934551344,56.0021511111111,-167.000474989899,3.4,3.01387260515812
"D-02",2001,0,56.0021511111111,-167.000474989899,4,-6.55436829794885
"D-02",2002,0,56.0021511111111,-167.000474989899,3.7,-6.55436829794885
"D-02",2003,0,56.0021511111111,-167.000474989899,4.5,-6.55436829794885
"D-02",2004,0,56.0021511111111,-167.000474989899,4,-6.55436829794885
"D-02",2005,0,56.0021511111111,-167.000474989899,4.3,-6.55436829794885
"D-02",2006,0,56.0021511111111,-167.000474989899,4,-6.55436829794885
"D-02",2007,0,56.0021511111111,-167.000474989899,3.8,-6.55436829794885
"D-02",2008,0,56.0021511111111,-167.000474989899,3,-6.55436829794885
"D-02",2009,19.164529533509,56.0021511111111,-167.000474989899,3.1,2.95313544534161
"D-02",2010,0,56.0021511111111,-167.000474989899,3.7,-6.55436829794885
"D-02",2011,34.0878499057935,56.0021511111111,-167.000474989899,3.6,3.52898278313163
"D-02",2012,0,56.0021511111111,-167.000474989899,2.6,-6.55436829794885
"D-02",2013,33.6261607471979,56.0021511111111,-167.000474989899,3.8,3.51534670126534
"D-02",2014,37.2836320045067,56.0021511111111,-167.000474989899,4,3.61859259989658
"D-02",2015,0,56.0021511111111,-167.000474989899,5.1,-6.55436829794885
"D-02",2016,0,56.0021511111111,-167.000474989899,4.7,-6.55436829794885
"D-02",2017,0,56.0021511111111,-167.000474989899,4.2,-6.55436829794885
"D-02",2018,0,56.0021511111111,-167.000474989899,4.5,-6.55436829794885
"D-02",2019,0,56.0021511111111,-167.000474989899,4.5,-6.55436829794885
"D-02",2021,0,56.0021511111111,-167.000474989899,4.3,-6.55436829794885
"D-02",2022,0,56.0021511111111,-167.000474989899,3.7,-6.55436829794885
"D-02",2023,0,56.0021511111111,-167.000474989899,4.5,-6.55436829794885
"D-03",1988,0,56.0013499496222,-166.40056138539,4.1,-6.55436829794885
"D-03",1989,0,56.0013499496222,-166.40056138539,3.7,-6.55436829794885
"D-03",1990,0,56.0013499496222,-166.40056138539,NA,-6.55436829794885
"D-03",1991,0,56.0013499496222,-166.40056138539,3.6,-6.55436829794885
"D-03",1992,0,56.0013499496222,-166.40056138539,0,-6.55436829794885
"D-03",1993,0,56.0013499496222,-166.40056138539,4,-6.55436829794885
"D-03",1994,0,56.0013499496222,-166.40056138539,3.3,-6.55436829794885
"D-03",1995,0,56.0013499496222,-166.40056138539,3,-6.55436829794885
"D-03",1996,166.097600180915,56.0013499496222,-166.40056138539,4.3,5.11258414100276
"D-03",1997,0,56.0013499496222,-166.40056138539,3.1,-6.55436829794885
"D-03",1998,38.0885788800736,56.0013499496222,-166.40056138539,3.9,3.63995185300628
"D-03",1999,0,56.0013499496222,-166.40056138539,NA,-6.55436829794885
"D-03",2000,19.2864103007432,56.0013499496222,-166.40056138539,3.5,2.95947454393168
"D-03",2001,0,56.0013499496222,-166.40056138539,4.1,-6.55436829794885
"D-03",2003,0,56.0013499496222,-166.40056138539,4.6,-6.55436829794885
"D-03",2004,0,56.0013499496222,-166.40056138539,4,-6.55436829794885
"D-03",2005,0,56.0013499496222,-166.40056138539,4.2,-6.55436829794885
"D-03",2006,0,56.0013499496222,-166.40056138539,3.8,-6.55436829794885
"D-03",2007,0,56.0013499496222,-166.40056138539,3.6,-6.55436829794885
"D-03",2008,0,56.0013499496222,-166.40056138539,3.2,-6.55436829794885
"D-03",2009,18.8032272173756,56.0013499496222,-166.40056138539,3,2.93410423814358
"D-03",2010,0,56.0013499496222,-166.40056138539,3.8,-6.55436829794885
"D-03",2011,19.3430976564618,56.0013499496222,-166.40056138539,3.7,2.96240925476385
"D-03",2012,0,56.0013499496222,-166.40056138539,2.5,-6.55436829794885
"D-03",2013,17.8817862388077,56.0013499496222,-166.40056138539,3.5,2.88386229059138
"D-03",2014,0,56.0013499496222,-166.40056138539,4,-6.55436829794885
"D-03",2015,0,56.0013499496222,-166.40056138539,5.1,-6.55436829794885
"D-03",2016,0,56.0013499496222,-166.40056138539,4.8,-6.55436829794885
"D-03",2017,0,56.0013499496222,-166.40056138539,4.3,-6.55436829794885
"D-03",2018,0,56.0013499496222,-166.40056138539,4.5,-6.55436829794885
"D-03",2019,0,56.0013499496222,-166.40056138539,4.6,-6.55436829794885
"D-03",2021,0,56.0013499496222,-166.40056138539,4.2,-6.55436829794885
"D-03",2022,0,56.0013499496222,-166.40056138539,3.8,-6.55436829794885
"D-03",2023,0,56.0013499496222,-166.40056138539,4.3,-6.55436829794885
"D-04",1988,0,56.0040181677019,-165.786098581781,4,-6.55436829794885
"D-04",1989,0,56.0040181677019,-165.786098581781,NA,-6.55436829794885
"D-04",1990,0,56.0040181677019,-165.786098581781,NA,-6.55436829794885
"D-04",1991,0,56.0040181677019,-165.786098581781,3.7,-6.55436829794885
"D-04",1992,0,56.0040181677019,-165.786098581781,4.2,-6.55436829794885
"D-04",1993,0,56.0040181677019,-165.786098581781,3.6,-6.55436829794885
"D-04",1994,0,56.0040181677019,-165.786098581781,3.8,-6.55436829794885
"D-04",1995,0,56.0040181677019,-165.786098581781,3.6,-6.55436829794885
"D-04",1996,0,56.0040181677019,-165.786098581781,4.2,-6.55436829794885
"D-04",1997,19.8080570770155,56.0040181677019,-165.786098581781,2.6,2.98616065941151
"D-04",1998,0,56.0040181677019,-165.786098581781,4.3,-6.55436829794885
"D-04",1999,0,56.0040181677019,-165.786098581781,3.1,-6.55436829794885
"D-04",2000,0,56.0040181677019,-165.786098581781,3.3,-6.55436829794885
"D-04",2001,0,56.0040181677019,-165.786098581781,4.2,-6.55436829794885
"D-04",2002,0,56.0040181677019,-165.786098581781,3.8,-6.55436829794885
"D-04",2003,0,56.0040181677019,-165.786098581781,4.5,-6.55436829794885
"D-04",2004,0,56.0040181677019,-165.786098581781,4,-6.55436829794885
"D-04",2005,0,56.0040181677019,-165.786098581781,4.2,-6.55436829794885
"D-04",2006,0,56.0040181677019,-165.786098581781,3.9,-6.55436829794885
"D-04",2007,0,56.0040181677019,-165.786098581781,3.2,-6.55436829794885
"D-04",2008,0,56.0040181677019,-165.786098581781,2.9,-6.55436829794885
"D-04",2009,0,56.0040181677019,-165.786098581781,2.8,-6.55436829794885
"D-04",2010,0,56.0040181677019,-165.786098581781,3.3,-6.55436829794885
"D-04",2011,22.3173995804413,56.0040181677019,-165.786098581781,3.6,3.1054304238699
"D-04",2012,0,56.0040181677019,-165.786098581781,2.6,-6.55436829794885
"D-04",2013,19.6771364423322,56.0040181677019,-165.786098581781,3.3,2.97952973469944
"D-04",2014,0,56.0040181677019,-165.786098581781,4,-6.55436829794885
"D-04",2015,0,56.0040181677019,-165.786098581781,4.9,-6.55436829794885
"D-04",2016,0,56.0040181677019,-165.786098581781,5.1,-6.55436829794885
"D-04",2017,0,56.0040181677019,-165.786098581781,3.9,-6.55436829794885
"D-04",2018,0,56.0040181677019,-165.786098581781,4.3,-6.55436829794885
"D-04",2019,0,56.0040181677019,-165.786098581781,4.8,-6.55436829794885
"D-04",2021,0,56.0040181677019,-165.786098581781,4.4,-6.55436829794885
"D-04",2022,0,56.0040181677019,-165.786098581781,3.5,-6.55436829794885
"D-04",2023,0,56.0040181677019,-165.786098581781,4.3,-6.55436829794885
"D-05",1988,0,55.9971930414013,-165.183797006369,3.4,-6.55436829794885
"D-05",1989,21.9921612295442,55.9971930414013,-165.183797006369,2.9,3.09075082500237
"D-05",1990,0,55.9971930414013,-165.183797006369,3.2,-6.55436829794885
"D-05",1991,20.1249630925986,55.9971930414013,-165.183797006369,3.5,3.00203173892496
"D-05",1992,0,55.9971930414013,-165.183797006369,3,-6.55436829794885
"D-05",1993,0,55.9971930414013,-165.183797006369,3.4,-6.55436829794885
"D-05",1994,0,55.9971930414013,-165.183797006369,3.2,-6.55436829794885
"D-05",1995,0,55.9971930414013,-165.183797006369,1.4,-6.55436829794885
"D-05",1996,0,55.9971930414013,-165.183797006369,3.6,-6.55436829794885
"D-05",1997,42.6290736438709,55.9971930414013,-165.183797006369,2.3,3.75256990150242
"D-05",1998,0,55.9971930414013,-165.183797006369,3.8,-6.55436829794885
"D-05",1999,0,55.9971930414013,-165.183797006369,1.8,-6.55436829794885
"D-05",2000,0,55.9971930414013,-165.183797006369,2.3,-6.55436829794885
"D-05",2001,0,55.9971930414013,-165.183797006369,3.9,-6.55436829794885
"D-05",2002,0,55.9971930414013,-165.183797006369,3.3,-6.55436829794885
"D-05",2003,0,55.9971930414013,-165.183797006369,3.6,-6.55436829794885
"D-05",2004,0,55.9971930414013,-165.183797006369,3.1,-6.55436829794885
"D-05",2005,0,55.9971930414013,-165.183797006369,4.1,-6.55436829794885
"D-05",2006,0,55.9971930414013,-165.183797006369,3.8,-6.55436829794885
"D-05",2007,0,55.9971930414013,-165.183797006369,2.8,-6.55436829794885
"D-05",2008,0,55.9971930414013,-165.183797006369,2.6,-6.55436829794885
"D-05",2009,0,55.9971930414013,-165.183797006369,3.1,-6.55436829794885
"D-05",2010,0,55.9971930414013,-165.183797006369,2.6,-6.55436829794885
"D-05",2011,0,55.9971930414013,-165.183797006369,3.3,-6.55436829794885
"D-05",2012,0,55.9971930414013,-165.183797006369,2,-6.55436829794885
"D-05",2013,0,55.9971930414013,-165.183797006369,1.7,-6.55436829794885
"D-05",2014,0,55.9971930414013,-165.183797006369,3.9,-6.55436829794885
"D-05",2015,0,55.9971930414013,-165.183797006369,4.5,-6.55436829794885
"D-05",2016,0,55.9971930414013,-165.183797006369,4.7,-6.55436829794885
"D-05",2017,0,55.9971930414013,-165.183797006369,2.4,-6.55436829794885
"D-05",2018,0,55.9971930414013,-165.183797006369,4,-6.55436829794885
"D-05",2019,0,55.9971930414013,-165.183797006369,4.9,-6.55436829794885
"D-05",2021,0,55.9971930414013,-165.183797006369,4.3,-6.55436829794885
"D-05",2022,0,55.9971930414013,-165.183797006369,3.1,-6.55436829794885
"D-05",2023,0,55.9971930414013,-165.183797006369,4.2,-6.55436829794885
"D-06",1988,0,55.9980951904762,-164.588914166667,2.6,-6.55436829794885
"D-06",1989,0,55.9980951904762,-164.588914166667,1.2,-6.55436829794885
"D-06",1990,43.6806764921731,55.9980951904762,-164.588914166667,2.6,3.77693841577108
"D-06",1991,0,55.9980951904762,-164.588914166667,1.6,-6.55436829794885
"D-06",1992,0,55.9980951904762,-164.588914166667,0.9,-6.55436829794885
"D-06",1993,0,55.9980951904762,-164.588914166667,1.9,-6.55436829794885
"D-06",1994,0,55.9980951904762,-164.588914166667,3.6,-6.55436829794885
"D-06",1995,0,55.9980951904762,-164.588914166667,1.4,-6.55436829794885
"D-06",1996,0,55.9980951904762,-164.588914166667,2.7,-6.55436829794885
"D-06",1997,59.1504027469153,55.9980951904762,-164.588914166667,2.3,4.0801074712488
"D-06",1998,18.7160411134114,55.9980951904762,-164.588914166667,3.3,2.92945704497075
"D-06",1999,0,55.9980951904762,-164.588914166667,1.4,-6.55436829794885
"D-06",2000,0,55.9980951904762,-164.588914166667,2.1,-6.55436829794885
"D-06",2001,0,55.9980951904762,-164.588914166667,3.5,-6.55436829794885
"D-06",2002,0,55.9980951904762,-164.588914166667,2.9,-6.55436829794885
"D-06",2003,0,55.9980951904762,-164.588914166667,3.4,-6.55436829794885
"D-06",2004,0,55.9980951904762,-164.588914166667,3.5,-6.55436829794885
"D-06",2005,0,55.9980951904762,-164.588914166667,4.2,-6.55436829794885
"D-06",2006,0,55.9980951904762,-164.588914166667,3.3,-6.55436829794885
"D-06",2007,0,55.9980951904762,-164.588914166667,2,-6.55436829794885
"D-06",2008,0,55.9980951904762,-164.588914166667,0.8,-6.55436829794885
"D-06",2009,0,55.9980951904762,-164.588914166667,0.9,-6.55436829794885
"D-06",2010,0,55.9980951904762,-164.588914166667,2.1,-6.55436829794885
"D-06",2011,0,55.9980951904762,-164.588914166667,2.2,-6.55436829794885
"D-06",2012,0,55.9980951904762,-164.588914166667,0.8,-6.55436829794885
"D-06",2013,0,55.9980951904762,-164.588914166667,1.7,-6.55436829794885
"D-06",2014,0,55.9980951904762,-164.588914166667,3.9,-6.55436829794885
"D-06",2015,0,55.9980951904762,-164.588914166667,4.7,-6.55436829794885
"D-06",2016,0,55.9980951904762,-164.588914166667,4.7,-6.55436829794885
"D-06",2017,0,55.9980951904762,-164.588914166667,2.5,-6.55436829794885
"D-06",2018,0,55.9980951904762,-164.588914166667,4.2,-6.55436829794885
"D-06",2019,0,55.9980951904762,-164.588914166667,4.6,-6.55436829794885
"D-06",2021,0,55.9980951904762,-164.588914166667,3.1,-6.55436829794885
"D-06",2022,0,55.9980951904762,-164.588914166667,2.7,-6.55436829794885
"D-06",2023,0,55.9980951904762,-164.588914166667,3.8,-6.55436829794885
"D-07",1988,0,56.0012704560261,-163.989792084691,1.9,-6.55436829794885
"D-07",1989,0,56.0012704560261,-163.989792084691,1.6,-6.55436829794885
"D-07",1990,0,56.0012704560261,-163.989792084691,2.9,-6.55436829794885
"D-07",1991,0,56.0012704560261,-163.989792084691,1.6,-6.55436829794885
"D-07",1992,0,56.0012704560261,-163.989792084691,1.5,-6.55436829794885
"D-07",1993,0,56.0012704560261,-163.989792084691,1.6,-6.55436829794885
"D-07",1994,0,56.0012704560261,-163.989792084691,2.4,-6.55436829794885
"D-07",1995,0,56.0012704560261,-163.989792084691,0.9,-6.55436829794885
"D-07",1996,22.9013368693954,56.0012704560261,-163.989792084691,2.7,3.13125746012558
"D-07",1997,0,56.0012704560261,-163.989792084691,2.2,-6.55436829794885
"D-07",1998,0,56.0012704560261,-163.989792084691,3.6,-6.55436829794885
"D-07",1999,0,56.0012704560261,-163.989792084691,1.5,-6.55436829794885
"D-07",2000,0,56.0012704560261,-163.989792084691,1.9,-6.55436829794885
"D-07",2001,0,56.0012704560261,-163.989792084691,3.3,-6.55436829794885
"D-07",2002,0,56.0012704560261,-163.989792084691,2.6,-6.55436829794885
"D-07",2003,0,56.0012704560261,-163.989792084691,3.9,-6.55436829794885
"D-07",2004,0,56.0012704560261,-163.989792084691,3.1,-6.55436829794885
"D-07",2005,0,56.0012704560261,-163.989792084691,4.1,-6.55436829794885
"D-07",2006,0,56.0012704560261,-163.989792084691,2.4,-6.55436829794885
"D-07",2007,0,56.0012704560261,-163.989792084691,1.9,-6.55436829794885
"D-07",2008,0,56.0012704560261,-163.989792084691,1.1,-6.55436829794885
"D-07",2009,0,56.0012704560261,-163.989792084691,-0.2,-6.55436829794885
"D-07",2010,0,56.0012704560261,-163.989792084691,1.8,-6.55436829794885
"D-07",2011,0,56.0012704560261,-163.989792084691,2.6,-6.55436829794885
"D-07",2012,0,56.0012704560261,-163.989792084691,0.8,-6.55436829794885
"D-07",2013,0,56.0012704560261,-163.989792084691,1.9,-6.55436829794885
"D-07",2014,0,56.0012704560261,-163.989792084691,3.9,-6.55436829794885
"D-07",2015,0,56.0012704560261,-163.989792084691,4.6,-6.55436829794885
"D-07",2016,0,56.0012704560261,-163.989792084691,4.7,-6.55436829794885
"D-07",2017,0,56.0012704560261,-163.989792084691,1.9,-6.55436829794885
"D-07",2018,0,56.0012704560261,-163.989792084691,4,-6.55436829794885
"D-07",2019,0,56.0012704560261,-163.989792084691,4.7,-6.55436829794885
"D-07",2021,0,56.0012704560261,-163.989792084691,3,-6.55436829794885
"D-07",2022,0,56.0012704560261,-163.989792084691,2.6,-6.55436829794885
"D-07",2023,0,56.0012704560261,-163.989792084691,3.6,-6.55436829794885
"D-08",1988,0,56.0035276212471,-163.391698106236,2.4,-6.55436829794885
"D-08",1989,0,56.0035276212471,-163.391698106236,1.4,-6.55436829794885
"D-08",1990,0,56.0035276212471,-163.391698106236,3,-6.55436829794885
"D-08",1991,0,56.0035276212471,-163.391698106236,1.9,-6.55436829794885
"D-08",1992,0,56.0035276212471,-163.391698106236,1.8,-6.55436829794885
"D-08",1993,0,56.0035276212471,-163.391698106236,1.5,-6.55436829794885
"D-08",1994,0,56.0035276212471,-163.391698106236,2.8,-6.55436829794885
"D-08",1995,0,56.0035276212471,-163.391698106236,1,-6.55436829794885
"D-08",1996,0,56.0035276212471,-163.391698106236,3.2,-6.55436829794885
"D-08",1997,0,56.0035276212471,-163.391698106236,2.4,-6.55436829794885
"D-08",1998,0,56.0035276212471,-163.391698106236,NA,-6.55436829794885
"D-08",1999,21.1315376851872,56.0035276212471,-163.391698106236,1.5,3.05083398116479
"D-08",2000,0,56.0035276212471,-163.391698106236,2,-6.55436829794885
"D-08",2001,0,56.0035276212471,-163.391698106236,3.3,-6.55436829794885
"D-08",2002,0,56.0035276212471,-163.391698106236,2.7,-6.55436829794885
"D-08",2003,0,56.0035276212471,-163.391698106236,3.8,-6.55436829794885
"D-08",2004,0,56.0035276212471,-163.391698106236,3.2,-6.55436829794885
"D-08",2005,0,56.0035276212471,-163.391698106236,4,-6.55436829794885
"D-08",2006,0,56.0035276212471,-163.391698106236,2.6,-6.55436829794885
"D-08",2007,0,56.0035276212471,-163.391698106236,2,-6.55436829794885
"D-08",2008,0,56.0035276212471,-163.391698106236,1.1,-6.55436829794885
"D-08",2009,0,56.0035276212471,-163.391698106236,0.1,-6.55436829794885
"D-08",2010,0,56.0035276212471,-163.391698106236,1.6,-6.55436829794885
"D-08",2011,0,56.0035276212471,-163.391698106236,3.1,-6.55436829794885
"D-08",2012,0,56.0035276212471,-163.391698106236,1.2,-6.55436829794885
"D-08",2013,0,56.0035276212471,-163.391698106236,1.8,-6.55436829794885
"D-08",2014,0,56.0035276212471,-163.391698106236,3.9,-6.55436829794885
"D-08",2015,0,56.0035276212471,-163.391698106236,4.3,-6.55436829794885
"D-08",2016,0,56.0035276212471,-163.391698106236,4.7,-6.55436829794885
"D-08",2017,0,56.0035276212471,-163.391698106236,1.9,-6.55436829794885
"D-08",2018,0,56.0035276212471,-163.391698106236,4.3,-6.55436829794885
"D-08",2019,0,56.0035276212471,-163.391698106236,4.5,-6.55436829794885
"D-08",2021,0,56.0035276212471,-163.391698106236,3.5,-6.55436829794885
"D-08",2022,0,56.0035276212471,-163.391698106236,2.7,-6.55436829794885
"D-08",2023,0,56.0035276212471,-163.391698106236,3.3,-6.55436829794885
"D-09",1988,0,55.9959542473118,-162.819315860215,2.6,-6.55436829794885
"D-09",1989,0,55.9959542473118,-162.819315860215,2.1,-6.55436829794885
"D-09",1990,0,55.9959542473118,-162.819315860215,2.7,-6.55436829794885
"D-09",1991,0,55.9959542473118,-162.819315860215,2.7,-6.55436829794885
"D-09",1992,0,55.9959542473118,-162.819315860215,2.1,-6.55436829794885
"D-09",1993,0,55.9959542473118,-162.819315860215,2.6,-6.55436829794885
"D-09",1994,0,55.9959542473118,-162.819315860215,2.4,-6.55436829794885
"D-09",1995,0,55.9959542473118,-162.819315860215,1.7,-6.55436829794885
"D-09",1996,0,55.9959542473118,-162.819315860215,NA,-6.55436829794885
"D-09",1997,17.9460510897701,55.9959542473118,-162.819315860215,2.8,2.88744943494586
"D-09",1998,0,55.9959542473118,-162.819315860215,4.1,-6.55436829794885
"D-09",1999,0,55.9959542473118,-162.819315860215,1.8,-6.55436829794885
"D-09",2000,0,55.9959542473118,-162.819315860215,2.1,-6.55436829794885
"D-09",2001,0,55.9959542473118,-162.819315860215,3.3,-6.55436829794885
"D-09",2002,0,55.9959542473118,-162.819315860215,3,-6.55436829794885
"D-09",2003,0,55.9959542473118,-162.819315860215,4.1,-6.55436829794885
"D-09",2004,0,55.9959542473118,-162.819315860215,3.4,-6.55436829794885
"D-09",2005,0,55.9959542473118,-162.819315860215,4,-6.55436829794885
"D-09",2006,0,55.9959542473118,-162.819315860215,2.9,-6.55436829794885
"D-09",2007,0,55.9959542473118,-162.819315860215,1.6,-6.55436829794885
"D-09",2008,0,55.9959542473118,-162.819315860215,1.4,-6.55436829794885
"D-09",2009,0,55.9959542473118,-162.819315860215,1.6,-6.55436829794885
"D-09",2010,0,55.9959542473118,-162.819315860215,1,-6.55436829794885
"D-09",2011,0,55.9959542473118,-162.819315860215,3.8,-6.55436829794885
"D-09",2012,0,55.9959542473118,-162.819315860215,0.7,-6.55436829794885
"D-09",2013,0,55.9959542473118,-162.819315860215,2.4,-6.55436829794885
"D-09",2014,0,55.9959542473118,-162.819315860215,3.7,-6.55436829794885
"D-09",2015,0,55.9959542473118,-162.819315860215,4.2,-6.55436829794885
"D-09",2016,0,55.9959542473118,-162.819315860215,4.7,-6.55436829794885
"D-09",2017,0,55.9959542473118,-162.819315860215,2,-6.55436829794885
"D-09",2018,0,55.9959542473118,-162.819315860215,4.8,-6.55436829794885
"D-09",2019,0,55.9959542473118,-162.819315860215,4.5,-6.55436829794885
"D-09",2021,0,55.9959542473118,-162.819315860215,3.8,-6.55436829794885
"D-09",2022,0,55.9959542473118,-162.819315860215,3.1,-6.55436829794885
"D-09",2023,0,55.9959542473118,-162.819315860215,3.5,-6.55436829794885
"D-10",1988,0,55.9967063291139,-162.257624810127,3.4,-6.55436829794885
"D-10",1989,0,55.9967063291139,-162.257624810127,2.6,-6.55436829794885
"D-10",1990,0,55.9967063291139,-162.257624810127,NA,-6.55436829794885
"D-10",1991,0,55.9967063291139,-162.257624810127,3.3,-6.55436829794885
"D-10",1992,0,55.9967063291139,-162.257624810127,2.5,-6.55436829794885
"D-10",1993,0,55.9967063291139,-162.257624810127,3.2,-6.55436829794885
"D-10",1994,0,55.9967063291139,-162.257624810127,3.6,-6.55436829794885
"D-10",1995,0,55.9967063291139,-162.257624810127,1.9,-6.55436829794885
"D-10",1996,0,55.9967063291139,-162.257624810127,4.7,-6.55436829794885
"D-10",1997,0,55.9967063291139,-162.257624810127,3.1,-6.55436829794885
"D-10",1998,0,55.9967063291139,-162.257624810127,5.4,-6.55436829794885
"D-10",1999,0,55.9967063291139,-162.257624810127,1.8,-6.55436829794885
"D-10",2000,0,55.9967063291139,-162.257624810127,2.4,-6.55436829794885
"D-10",2001,0,55.9967063291139,-162.257624810127,3.4,-6.55436829794885
"D-10",2002,0,55.9967063291139,-162.257624810127,3.8,-6.55436829794885
"D-10",2003,0,55.9967063291139,-162.257624810127,4.4,-6.55436829794885
"D-10",2004,0,55.9967063291139,-162.257624810127,4.4,-6.55436829794885
"D-10",2005,0,55.9967063291139,-162.257624810127,4.5,-6.55436829794885
"D-10",2006,0,55.9967063291139,-162.257624810127,3.1,-6.55436829794885
"D-10",2007,0,55.9967063291139,-162.257624810127,2.2,-6.55436829794885
"D-10",2008,0,55.9967063291139,-162.257624810127,2.6,-6.55436829794885
"D-10",2009,0,55.9967063291139,-162.257624810127,2,-6.55436829794885
"D-10",2010,0,55.9967063291139,-162.257624810127,1.6,-6.55436829794885
"D-10",2011,0,55.9967063291139,-162.257624810127,3.9,-6.55436829794885
"D-10",2012,0,55.9967063291139,-162.257624810127,0.8,-6.55436829794885
"D-10",2013,0,55.9967063291139,-162.257624810127,2.4,-6.55436829794885
"D-10",2014,0,55.9967063291139,-162.257624810127,4,-6.55436829794885
"D-10",2015,0,55.9967063291139,-162.257624810127,4.7,-6.55436829794885
"D-10",2016,0,55.9967063291139,-162.257624810127,5.2,-6.55436829794885
"D-10",2017,0,55.9967063291139,-162.257624810127,2.9,-6.55436829794885
"D-10",2018,0,55.9967063291139,-162.257624810127,4.9,-6.55436829794885
"D-10",2019,0,55.9967063291139,-162.257624810127,4.9,-6.55436829794885
"D-10",2021,0,55.9967063291139,-162.257624810127,4.1,-6.55436829794885
"D-10",2022,0,55.9967063291139,-162.257624810127,3.3,-6.55436829794885
"D-10",2023,0,55.9967063291139,-162.257624810127,4,-6.55436829794885
"D-18",1988,0,55.9998133260154,-168.230449626784,3.9,-6.55436829794885
"D-18",1989,60.1495101451468,55.9998133260154,-168.230449626784,3.6,4.09685697059936
"D-18",1990,0,55.9998133260154,-168.230449626784,3.6,-6.55436829794885
"D-18",1991,0,55.9998133260154,-168.230449626784,3.4,-6.55436829794885
"D-18",1992,0,55.9998133260154,-168.230449626784,0,-6.55436829794885
"D-18",1993,0,55.9998133260154,-168.230449626784,4.1,-6.55436829794885
"D-18",1994,0,55.9998133260154,-168.230449626784,3.8,-6.55436829794885
"D-18",1995,0,55.9998133260154,-168.230449626784,3.5,-6.55436829794885
"D-18",1996,0,55.9998133260154,-168.230449626784,4,-6.55436829794885
"D-18",1997,0,55.9998133260154,-168.230449626784,4.2,-6.55436829794885
"D-18",1998,0,55.9998133260154,-168.230449626784,3.7,-6.55436829794885
"D-18",1999,0,55.9998133260154,-168.230449626784,3.3,-6.55436829794885
"D-18",2000,0,55.9998133260154,-168.230449626784,3.5,-6.55436829794885
"D-18",2001,0,55.9998133260154,-168.230449626784,4.1,-6.55436829794885
"D-18",2002,0,55.9998133260154,-168.230449626784,3.8,-6.55436829794885
"D-18",2003,0,55.9998133260154,-168.230449626784,4.6,-6.55436829794885
"D-18",2004,0,55.9998133260154,-168.230449626784,4.1,-6.55436829794885
"D-18",2005,0,55.9998133260154,-168.230449626784,4.3,-6.55436829794885
"D-18",2006,0,55.9998133260154,-168.230449626784,4,-6.55436829794885
"D-18",2007,0,55.9998133260154,-168.230449626784,3.6,-6.55436829794885
"D-18",2008,0,55.9998133260154,-168.230449626784,3.5,-6.55436829794885
"D-18",2009,0,55.9998133260154,-168.230449626784,3.3,-6.55436829794885
"D-18",2010,0,55.9998133260154,-168.230449626784,3.9,-6.55436829794885
"D-18",2011,0,55.9998133260154,-168.230449626784,3.8,-6.55436829794885
"D-18",2012,0,55.9998133260154,-168.230449626784,3.2,-6.55436829794885
"D-18",2013,0,55.9998133260154,-168.230449626784,3.7,-6.55436829794885
"D-18",2014,0,55.9998133260154,-168.230449626784,4.4,-6.55436829794885
"D-18",2015,0,55.9998133260154,-168.230449626784,4.6,-6.55436829794885
"D-18",2016,0,55.9998133260154,-168.230449626784,4.4,-6.55436829794885
"D-18",2017,0,55.9998133260154,-168.230449626784,4.5,-6.55436829794885
"D-18",2018,0,55.9998133260154,-168.230449626784,4.4,-6.55436829794885
"D-18",2019,0,55.9998133260154,-168.230449626784,4.4,-6.55436829794885
"D-18",2021,0,55.9998133260154,-168.230449626784,4,-6.55436829794885
"D-18",2022,0,55.9998133260154,-168.230449626784,4.1,-6.55436829794885
"D-18",2023,0,55.9998133260154,-168.230449626784,4.3,-6.55436829794885
"E-01",1988,0,56.3331446805349,-167.651267256067,3.5,-6.55436829794885
"E-01",1989,1893.96061221529,56.3331446805349,-167.651267256067,3.7,7.54642622924595
"E-01",1990,0,56.3331446805349,-167.651267256067,3.5,-6.55436829794885
"E-01",1991,0,56.3331446805349,-167.651267256067,3.3,-6.55436829794885
"E-01",1992,0,56.3331446805349,-167.651267256067,3.5,-6.55436829794885
"E-01",1993,1599.40851615501,56.3331446805349,-167.651267256067,NA,7.37739005273221
"E-01",1994,21.5059193863671,56.3331446805349,-167.651267256067,3.5,3.06839442418793
"E-01",1995,19108.8452990337,56.3331446805349,-167.651267256067,2.4,9.85790668601059
"E-01",1996,5948.2810219504,56.3331446805349,-167.651267256067,4.1,8.69085779230207
"E-01",1997,0,56.3331446805349,-167.651267256067,2.5,-6.55436829794885
"E-01",1998,0,56.3331446805349,-167.651267256067,3.9,-6.55436829794885
"E-01",1999,0,56.3331446805349,-167.651267256067,3.5,-6.55436829794885
"E-01",2000,0,56.3331446805349,-167.651267256067,3.2,-6.55436829794885
"E-01",2001,0,56.3331446805349,-167.651267256067,4,-6.55436829794885
"E-01",2002,0,56.3331446805349,-167.651267256067,3.6,-6.55436829794885
"E-01",2003,0,56.3331446805349,-167.651267256067,4.6,-6.55436829794885
"E-01",2004,0,56.3331446805349,-167.651267256067,4,-6.55436829794885
"E-01",2005,0,56.3331446805349,-167.651267256067,4.3,-6.55436829794885
"E-01",2006,19.138201014958,56.3331446805349,-167.651267256067,3.9,2.95176078797541
"E-01",2007,64.8665543210117,56.3331446805349,-167.651267256067,3.6,4.17235409983721
"E-01",2008,0,56.3331446805349,-167.651267256067,3.1,-6.55436829794885
"E-01",2009,34.1661422683462,56.3331446805349,-167.651267256067,2.6,3.53127683591694
"E-01",2010,0,56.3331446805349,-167.651267256067,3.9,-6.55436829794885
"E-01",2011,0,56.3331446805349,-167.651267256067,3.4,-6.55436829794885
"E-01",2012,0,56.3331446805349,-167.651267256067,2.8,-6.55436829794885
"E-01",2013,33.948294595365,56.3331446805349,-167.651267256067,3.7,3.52488056169984
"E-01",2014,0,56.3331446805349,-167.651267256067,4,-6.55436829794885
"E-01",2015,0,56.3331446805349,-167.651267256067,5.1,-6.55436829794885
"E-01",2016,0,56.3331446805349,-167.651267256067,4.7,-6.55436829794885
"E-01",2017,0,56.3331446805349,-167.651267256067,4.2,-6.55436829794885
"E-01",2018,0,56.3331446805349,-167.651267256067,4.6,-6.55436829794885
"E-01",2019,0,56.3331446805349,-167.651267256067,4.6,-6.55436829794885
"E-01",2021,0,56.3331446805349,-167.651267256067,4.2,-6.55436829794885
"E-01",2022,0,56.3331446805349,-167.651267256067,3.7,-6.55436829794885
"E-01",2023,0,56.3331446805349,-167.651267256067,4.6,-6.55436829794885
"E-02",1988,0,56.3317415237134,-167.033879677094,3.3,-6.55436829794885
"E-02",1989,70.4673540868627,56.3317415237134,-167.033879677094,3.1,4.2551697460351
"E-02",1990,0,56.3317415237134,-167.033879677094,3.6,-6.55436829794885
"E-02",1991,0,56.3317415237134,-167.033879677094,3.4,-6.55436829794885
"E-02",1992,0,56.3317415237134,-167.033879677094,3.2,-6.55436829794885
"E-02",1993,23.1493004251678,56.3317415237134,-167.033879677094,3.7,3.1420260676117
"E-02",1994,0,56.3317415237134,-167.033879677094,3.8,-6.55436829794885
"E-02",1995,0,56.3317415237134,-167.033879677094,2.6,-6.55436829794885
"E-02",1996,0,56.3317415237134,-167.033879677094,3.9,-6.55436829794885
"E-02",1997,19.2288717025861,56.3317415237134,-167.033879677094,2.1,2.95648693049859
"E-02",1998,40.9858001719704,56.3317415237134,-167.033879677094,NA,3.71326040970584
"E-02",1999,0,56.3317415237134,-167.033879677094,3,-6.55436829794885
"E-02",2000,0,56.3317415237134,-167.033879677094,3.1,-6.55436829794885
"E-02",2001,0,56.3317415237134,-167.033879677094,4.1,-6.55436829794885
"E-02",2002,0,56.3317415237134,-167.033879677094,3.5,-6.55436829794885
"E-02",2003,0,56.3317415237134,-167.033879677094,4.5,-6.55436829794885
"E-02",2004,0,56.3317415237134,-167.033879677094,4,-6.55436829794885
"E-02",2005,0,56.3317415237134,-167.033879677094,4.2,-6.55436829794885
"E-02",2006,0,56.3317415237134,-167.033879677094,3.9,-6.55436829794885
"E-02",2007,20.1322405787939,56.3317415237134,-167.033879677094,3.5,3.00239326286818
"E-02",2008,0,56.3317415237134,-167.033879677094,2.9,-6.55436829794885
"E-02",2009,0,56.3317415237134,-167.033879677094,1.9,-6.55436829794885
"E-02",2010,0,56.3317415237134,-167.033879677094,2.8,-6.55436829794885
"E-02",2011,0,56.3317415237134,-167.033879677094,3.3,-6.55436829794885
"E-02",2012,0,56.3317415237134,-167.033879677094,2.4,-6.55436829794885
"E-02",2013,0,56.3317415237134,-167.033879677094,3.4,-6.55436829794885
"E-02",2014,0,56.3317415237134,-167.033879677094,3.9,-6.55436829794885
"E-02",2015,18.5287339813742,56.3317415237134,-167.033879677094,5,2.91939955960401
"E-02",2016,20.4374284095366,56.3317415237134,-167.033879677094,4.9,3.01743761364106
"E-02",2017,35.3452130342915,56.3317415237134,-167.033879677094,3.7,3.5652032510797
"E-02",2018,19.3495622212381,56.3317415237134,-167.033879677094,4.4,2.96274337958765
"E-02",2019,0,56.3317415237134,-167.033879677094,4.6,-6.55436829794885
"E-02",2021,0,56.3317415237134,-167.033879677094,4.1,-6.55436829794885
"E-02",2022,0,56.3317415237134,-167.033879677094,3.3,-6.55436829794885
"E-02",2023,0,56.3317415237134,-167.033879677094,4.5,-6.55436829794885
"E-03",1988,14.2388205217895,56.3397926984127,-166.409583015873,3.9,2.65607206902767
"E-03",1989,313.655217317086,56.3397926984127,-166.409583015873,3.3,5.74829888823581
"E-03",1990,145.821837458305,56.3397926984127,-166.409583015873,3.3,4.98239534964976
"E-03",1991,0,56.3397926984127,-166.409583015873,3.3,-6.55436829794885
"E-03",1992,0,56.3397926984127,-166.409583015873,3.6,-6.55436829794885
"E-03",1993,0,56.3397926984127,-166.409583015873,3.3,-6.55436829794885
"E-03",1994,0,56.3397926984127,-166.409583015873,3.3,-6.55436829794885
"E-03",1995,39.4730233121624,56.3397926984127,-166.409583015873,2.4,3.67565355609722
"E-03",1996,0,56.3397926984127,-166.409583015873,3.3,-6.55436829794885
"E-03",1997,62.286156189353,56.3397926984127,-166.409583015873,2.1,4.13176204911992
"E-03",1998,18.9123119354583,56.3397926984127,-166.409583015873,3.6,2.93988842093262
"E-03",1999,0,56.3397926984127,-166.409583015873,2.1,-6.55436829794885
"E-03",2000,0,56.3397926984127,-166.409583015873,3.4,-6.55436829794885
"E-03",2001,0,56.3397926984127,-166.409583015873,4,-6.55436829794885
"E-03",2002,0,56.3397926984127,-166.409583015873,3.5,-6.55436829794885
"E-03",2003,0,56.3397926984127,-166.409583015873,4,-6.55436829794885
"E-03",2004,0,56.3397926984127,-166.409583015873,3.7,-6.55436829794885
"E-03",2005,0,56.3397926984127,-166.409583015873,4.2,-6.55436829794885
"E-03",2006,0,56.3397926984127,-166.409583015873,3.2,-6.55436829794885
"E-03",2007,0,56.3397926984127,-166.409583015873,2.9,-6.55436829794885
"E-03",2008,0,56.3397926984127,-166.409583015873,2.8,-6.55436829794885
"E-03",2009,0,56.3397926984127,-166.409583015873,1.8,-6.55436829794885
"E-03",2010,0,56.3397926984127,-166.409583015873,2.9,-6.55436829794885
"E-03",2011,0,56.3397926984127,-166.409583015873,3.2,-6.55436829794885
"E-03",2012,0,56.3397926984127,-166.409583015873,1.9,-6.55436829794885
"E-03",2013,0,56.3397926984127,-166.409583015873,3,-6.55436829794885
"E-03",2014,0,56.3397926984127,-166.409583015873,3.8,-6.55436829794885
"E-03",2015,0,56.3397926984127,-166.409583015873,4.8,-6.55436829794885
"E-03",2016,0,56.3397926984127,-166.409583015873,4.9,-6.55436829794885
"E-03",2017,0,56.3397926984127,-166.409583015873,2.8,-6.55436829794885
"E-03",2018,43.7649605895395,56.3397926984127,-166.409583015873,4.2,3.77886604490298
"E-03",2019,0,56.3397926984127,-166.409583015873,4.7,-6.55436829794885
"E-03",2021,0,56.3397926984127,-166.409583015873,4.1,-6.55436829794885
"E-03",2022,0,56.3397926984127,-166.409583015873,2.7,-6.55436829794885
"E-03",2023,0,56.3397926984127,-166.409583015873,4,-6.55436829794885
"E-04",1988,0,56.3368918971631,-165.801240762411,2.1,-6.55436829794885
"E-04",1990,21.0519780065265,56.3368918971631,-165.801240762411,NA,3.04706215697964
"E-04",1991,0,56.3368918971631,-165.801240762411,2.7,-6.55436829794885
"E-04",1992,0,56.3368918971631,-165.801240762411,-0.7,-6.55436829794885
"E-04",1993,0,56.3368918971631,-165.801240762411,2.8,-6.55436829794885
"E-04",1994,0,56.3368918971631,-165.801240762411,3.5,-6.55436829794885
"E-04",1995,0,56.3368918971631,-165.801240762411,1.8,-6.55436829794885
"E-04",1996,0,56.3368918971631,-165.801240762411,2.9,-6.55436829794885
"E-04",1997,0,56.3368918971631,-165.801240762411,1.8,-6.55436829794885
"E-04",1998,0,56.3368918971631,-165.801240762411,3.5,-6.55436829794885
"E-04",1999,0,56.3368918971631,-165.801240762411,1.6,-6.55436829794885
"E-04",2000,0,56.3368918971631,-165.801240762411,2.1,-6.55436829794885
"E-04",2001,20.7954180933975,56.3368918971631,-165.801240762411,3.4,3.03480114707684
"E-04",2002,0,56.3368918971631,-165.801240762411,2.8,-6.55436829794885
"E-04",2003,0,56.3368918971631,-165.801240762411,3.7,-6.55436829794885
"E-04",2004,0,56.3368918971631,-165.801240762411,3.1,-6.55436829794885
"E-04",2005,0,56.3368918971631,-165.801240762411,4,-6.55436829794885
"E-04",2006,0,56.3368918971631,-165.801240762411,2.5,-6.55436829794885
"E-04",2007,20.1217822130767,56.3368918971631,-165.801240762411,1.4,3.00187368120134
"E-04",2008,0,56.3368918971631,-165.801240762411,1.3,-6.55436829794885
"E-04",2009,0,56.3368918971631,-165.801240762411,1,-6.55436829794885
"E-04",2010,0,56.3368918971631,-165.801240762411,1.6,-6.55436829794885
"E-04",2011,0,56.3368918971631,-165.801240762411,2.5,-6.55436829794885
"E-04",2012,0,56.3368918971631,-165.801240762411,1.1,-6.55436829794885
"E-04",2013,0,56.3368918971631,-165.801240762411,1.6,-6.55436829794885
"E-04",2014,0,56.3368918971631,-165.801240762411,3.2,-6.55436829794885
"E-04",2015,0,56.3368918971631,-165.801240762411,4.3,-6.55436829794885
"E-04",2016,0,56.3368918971631,-165.801240762411,4.7,-6.55436829794885
"E-04",2017,0,56.3368918971631,-165.801240762411,2,-6.55436829794885
"E-04",2018,0,56.3368918971631,-165.801240762411,4.2,-6.55436829794885
"E-04",2019,0,56.3368918971631,-165.801240762411,4.8,-6.55436829794885
"E-04",2021,0,56.3368918971631,-165.801240762411,3.4,-6.55436829794885
"E-04",2022,0,56.3368918971631,-165.801240762411,2.5,-6.55436829794885
"E-04",2023,0,56.3368918971631,-165.801240762411,3.1,-6.55436829794885
"E-05",1988,0,56.333462854641,-165.20208469352,1.6,-6.55436829794885
"E-05",1989,0,56.333462854641,-165.20208469352,1.3,-6.55436829794885
"E-05",1990,0,56.333462854641,-165.20208469352,2.4,-6.55436829794885
"E-05",1991,21.0531436483025,56.333462854641,-165.20208469352,2.1,3.04711752140554
"E-05",1992,0,56.333462854641,-165.20208469352,0.2,-6.55436829794885
"E-05",1993,0,56.333462854641,-165.20208469352,1.3,-6.55436829794885
"E-05",1994,0,56.333462854641,-165.20208469352,1.9,-6.55436829794885
"E-05",1995,19.7179291378747,56.333462854641,-165.20208469352,0.9,2.98160054031615
"E-05",1996,22.057909816878,56.333462854641,-165.20208469352,2,3.09373580933159
"E-05",1997,21.2468884464518,56.333462854641,-165.20208469352,1.8,3.0562774723814
"E-05",1998,39.0901590340754,56.333462854641,-165.20208469352,3,3.66590717312998
"E-05",1999,0,56.333462854641,-165.20208469352,1.1,-6.55436829794885
"E-05",2000,0,56.333462854641,-165.20208469352,1.9,-6.55436829794885
"E-05",2001,0,56.333462854641,-165.20208469352,3,-6.55436829794885
"E-05",2002,0,56.333462854641,-165.20208469352,2.6,-6.55436829794885
"E-05",2003,0,56.333462854641,-165.20208469352,3.1,-6.55436829794885
"E-05",2004,0,56.333462854641,-165.20208469352,2.9,-6.55436829794885
"E-05",2005,0,56.333462854641,-165.20208469352,NA,-6.55436829794885
"E-05",2006,0,56.333462854641,-165.20208469352,2.3,-6.55436829794885
"E-05",2007,20.481648860038,56.333462854641,-165.20208469352,1,3.01959882515187
"E-05",2008,0,56.333462854641,-165.20208469352,0.2,-6.55436829794885
"E-05",2009,0,56.333462854641,-165.20208469352,-0.3,-6.55436829794885
"E-05",2010,0,56.333462854641,-165.20208469352,0.9,-6.55436829794885
"E-05",2011,0,56.333462854641,-165.20208469352,2.1,-6.55436829794885
"E-05",2012,0,56.333462854641,-165.20208469352,0.5,-6.55436829794885
"E-05",2013,0,56.333462854641,-165.20208469352,1.1,-6.55436829794885
"E-05",2014,0,56.333462854641,-165.20208469352,2.8,-6.55436829794885
"E-05",2015,0,56.333462854641,-165.20208469352,4.6,-6.55436829794885
"E-05",2016,0,56.333462854641,-165.20208469352,4.6,-6.55436829794885
"E-05",2017,0,56.333462854641,-165.20208469352,1.7,-6.55436829794885
"E-05",2018,0,56.333462854641,-165.20208469352,4,-6.55436829794885
"E-05",2019,0,56.333462854641,-165.20208469352,4.2,-6.55436829794885
"E-05",2021,0,56.333462854641,-165.20208469352,3.2,-6.55436829794885
"E-05",2022,0,56.333462854641,-165.20208469352,2.3,-6.55436829794885
"E-05",2023,0,56.333462854641,-165.20208469352,3.5,-6.55436829794885
"E-06",1988,0,56.3234184711779,-164.58491481203,1.3,-6.55436829794885
"E-06",1989,0,56.3234184711779,-164.58491481203,1,-6.55436829794885
"E-06",1990,22.0001734675656,56.3234184711779,-164.58491481203,2.7,3.09111505752338
"E-06",1991,0,56.3234184711779,-164.58491481203,NA,-6.55436829794885
"E-06",1992,0,56.3234184711779,-164.58491481203,NA,-6.55436829794885
"E-06",1993,0,56.3234184711779,-164.58491481203,1.5,-6.55436829794885
"E-06",1994,0,56.3234184711779,-164.58491481203,2.5,-6.55436829794885
"E-06",1995,0,56.3234184711779,-164.58491481203,0.7,-6.55436829794885
"E-06",1996,66.4795615143767,56.3234184711779,-164.58491481203,2.5,4.19691597288663
"E-06",1997,85.1472440922873,56.3234184711779,-164.58491481203,2,4.44439876370201
"E-06",1998,0,56.3234184711779,-164.58491481203,3.6,-6.55436829794885
"E-06",1999,19.4671823757955,56.3234184711779,-164.58491481203,1.2,2.96880323273595
"E-06",2000,0,56.3234184711779,-164.58491481203,NA,-6.55436829794885
"E-06",2001,0,56.3234184711779,-164.58491481203,NA,-6.55436829794885
"E-06",2002,0,56.3234184711779,-164.58491481203,2.7,-6.55436829794885
"E-06",2003,0,56.3234184711779,-164.58491481203,3.4,-6.55436829794885
"E-06",2004,0,56.3234184711779,-164.58491481203,3,-6.55436829794885
"E-06",2005,0,56.3234184711779,-164.58491481203,NA,-6.55436829794885
"E-06",2006,0,56.3234184711779,-164.58491481203,2.4,-6.55436829794885
"E-06",2007,0,56.3234184711779,-164.58491481203,1.4,-6.55436829794885
"E-06",2008,0,56.3234184711779,-164.58491481203,0.6,-6.55436829794885
"E-06",2009,0,56.3234184711779,-164.58491481203,-0.9,-6.55436829794885
"E-06",2010,0,56.3234184711779,-164.58491481203,0.4,-6.55436829794885
"E-06",2011,0,56.3234184711779,-164.58491481203,2.4,-6.55436829794885
"E-06",2012,0,56.3234184711779,-164.58491481203,0.1,-6.55436829794885
"E-06",2013,0,56.3234184711779,-164.58491481203,1.1,-6.55436829794885
"E-06",2014,0,56.3234184711779,-164.58491481203,3.5,-6.55436829794885
"E-06",2015,0,56.3234184711779,-164.58491481203,4.4,-6.55436829794885
"E-06",2016,0,56.3234184711779,-164.58491481203,4.7,-6.55436829794885
"E-06",2017,0,56.3234184711779,-164.58491481203,1.6,-6.55436829794885
"E-06",2018,0,56.3234184711779,-164.58491481203,3.9,-6.55436829794885
"E-06",2019,0,56.3234184711779,-164.58491481203,4.3,-6.55436829794885
"E-06",2021,0,56.3234184711779,-164.58491481203,3,-6.55436829794885
"E-06",2022,0,56.3234184711779,-164.58491481203,2.2,-6.55436829794885
"E-06",2023,0,56.3234184711779,-164.58491481203,3.5,-6.55436829794885
"E-07",1988,0,56.3429597832817,-163.995991547988,2.3,-6.55436829794885
"E-07",1989,0,56.3429597832817,-163.995991547988,1.8,-6.55436829794885
"E-07",1990,45.8382856884493,56.3429597832817,-163.995991547988,2.9,3.82515073666437
"E-07",1991,0,56.3429597832817,-163.995991547988,1.3,-6.55436829794885
"E-07",1992,0,56.3429597832817,-163.995991547988,1.2,-6.55436829794885
"E-07",1993,0,56.3429597832817,-163.995991547988,1.4,-6.55436829794885
"E-07",1994,0,56.3429597832817,-163.995991547988,1.8,-6.55436829794885
"E-07",1995,0,56.3429597832817,-163.995991547988,0.7,-6.55436829794885
"E-07",1996,65.0121800070978,56.3429597832817,-163.995991547988,NA,4.17459653859972
"E-07",1997,0,56.3429597832817,-163.995991547988,1.4,-6.55436829794885
"E-07",1998,17.284471999946,56.3429597832817,-163.995991547988,3.2,2.84989090205639
"E-07",1999,0,56.3429597832817,-163.995991547988,0.9,-6.55436829794885
"E-07",2000,0,56.3429597832817,-163.995991547988,1.9,-6.55436829794885
"E-07",2001,0,56.3429597832817,-163.995991547988,3.1,-6.55436829794885
"E-07",2002,0,56.3429597832817,-163.995991547988,2.7,-6.55436829794885
"E-07",2003,0,56.3429597832817,-163.995991547988,3.3,-6.55436829794885
"E-07",2004,0,56.3429597832817,-163.995991547988,2.9,-6.55436829794885
"E-07",2005,0,56.3429597832817,-163.995991547988,3.8,-6.55436829794885
"E-07",2006,20.4108466957655,56.3429597832817,-163.995991547988,2.1,3.01613621893484
"E-07",2007,0,56.3429597832817,-163.995991547988,1,-6.55436829794885
"E-07",2008,0,56.3429597832817,-163.995991547988,0.7,-6.55436829794885
"E-07",2009,0,56.3429597832817,-163.995991547988,0.1,-6.55436829794885
"E-07",2010,0,56.3429597832817,-163.995991547988,0.4,-6.55436829794885
"E-07",2011,0,56.3429597832817,-163.995991547988,1.8,-6.55436829794885
"E-07",2012,0,56.3429597832817,-163.995991547988,0,-6.55436829794885
"E-07",2013,0,56.3429597832817,-163.995991547988,1.3,-6.55436829794885
"E-07",2014,0,56.3429597832817,-163.995991547988,3.4,-6.55436829794885
"E-07",2015,0,56.3429597832817,-163.995991547988,4,-6.55436829794885
"E-07",2016,0,56.3429597832817,-163.995991547988,4.7,-6.55436829794885
"E-07",2017,0,56.3429597832817,-163.995991547988,1.5,-6.55436829794885
"E-07",2018,0,56.3429597832817,-163.995991547988,3.9,-6.55436829794885
"E-07",2019,0,56.3429597832817,-163.995991547988,4.5,-6.55436829794885
"E-07",2021,0,56.3429597832817,-163.995991547988,2.9,-6.55436829794885
"E-07",2022,0,56.3429597832817,-163.995991547988,2.2,-6.55436829794885
"E-07",2023,0,56.3429597832817,-163.995991547988,3,-6.55436829794885
"E-08",1988,0,56.3391193719807,-163.401352801932,1.8,-6.55436829794885
"E-08",1989,0,56.3391193719807,-163.401352801932,1.5,-6.55436829794885
"E-08",1990,0,56.3391193719807,-163.401352801932,2.6,-6.55436829794885
"E-08",1991,0,56.3391193719807,-163.401352801932,NA,-6.55436829794885
"E-08",1992,20.4082453467491,56.3391193719807,-163.401352801932,1.1,3.01600877036026
"E-08",1993,0,56.3391193719807,-163.401352801932,1.2,-6.55436829794885
"E-08",1994,0,56.3391193719807,-163.401352801932,2.3,-6.55436829794885
"E-08",1995,0,56.3391193719807,-163.401352801932,0.8,-6.55436829794885
"E-08",1996,0,56.3391193719807,-163.401352801932,3.2,-6.55436829794885
"E-08",1997,0,56.3391193719807,-163.401352801932,1.5,-6.55436829794885
"E-08",1998,0,56.3391193719807,-163.401352801932,3.3,-6.55436829794885
"E-08",1999,0,56.3391193719807,-163.401352801932,0.7,-6.55436829794885
"E-08",2000,0,56.3391193719807,-163.401352801932,1.7,-6.55436829794885
"E-08",2001,0,56.3391193719807,-163.401352801932,3.2,-6.55436829794885
"E-08",2002,0,56.3391193719807,-163.401352801932,3,-6.55436829794885
"E-08",2003,0,56.3391193719807,-163.401352801932,3.4,-6.55436829794885
"E-08",2004,0,56.3391193719807,-163.401352801932,3,-6.55436829794885
"E-08",2005,0,56.3391193719807,-163.401352801932,3.7,-6.55436829794885
"E-08",2006,0,56.3391193719807,-163.401352801932,2.4,-6.55436829794885
"E-08",2007,0,56.3391193719807,-163.401352801932,1.2,-6.55436829794885
"E-08",2008,0,56.3391193719807,-163.401352801932,0.4,-6.55436829794885
"E-08",2009,0,56.3391193719807,-163.401352801932,1.2,-6.55436829794885
"E-08",2010,0,56.3391193719807,-163.401352801932,0.6,-6.55436829794885
"E-08",2011,0,56.3391193719807,-163.401352801932,2.6,-6.55436829794885
"E-08",2012,0,56.3391193719807,-163.401352801932,0.7,-6.55436829794885
"E-08",2013,0,56.3391193719807,-163.401352801932,1.4,-6.55436829794885
"E-08",2014,0,56.3391193719807,-163.401352801932,3.6,-6.55436829794885
"E-08",2015,0,56.3391193719807,-163.401352801932,3.6,-6.55436829794885
"E-08",2016,0,56.3391193719807,-163.401352801932,4.7,-6.55436829794885
"E-08",2017,0,56.3391193719807,-163.401352801932,1.3,-6.55436829794885
"E-08",2018,0,56.3391193719807,-163.401352801932,4.2,-6.55436829794885
"E-08",2019,0,56.3391193719807,-163.401352801932,4.3,-6.55436829794885
"E-08",2021,0,56.3391193719807,-163.401352801932,3.1,-6.55436829794885
"E-08",2022,0,56.3391193719807,-163.401352801932,2.5,-6.55436829794885
"E-08",2023,0,56.3391193719807,-163.401352801932,3.1,-6.55436829794885
"E-09",1988,0,56.3306668548387,-162.787570564516,3,-6.55436829794885
"E-09",1989,0,56.3306668548387,-162.787570564516,2,-6.55436829794885
"E-09",1990,0,56.3306668548387,-162.787570564516,2.1,-6.55436829794885
"E-09",1991,0,56.3306668548387,-162.787570564516,2.3,-6.55436829794885
"E-09",1992,0,56.3306668548387,-162.787570564516,1.1,-6.55436829794885
"E-09",1993,0,56.3306668548387,-162.787570564516,1.8,-6.55436829794885
"E-09",1994,0,56.3306668548387,-162.787570564516,2.5,-6.55436829794885
"E-09",1995,0,56.3306668548387,-162.787570564516,1.1,-6.55436829794885
"E-09",1996,0,56.3306668548387,-162.787570564516,3,-6.55436829794885
"E-09",1997,0,56.3306668548387,-162.787570564516,2.2,-6.55436829794885
"E-09",1998,0,56.3306668548387,-162.787570564516,4,-6.55436829794885
"E-09",1999,0,56.3306668548387,-162.787570564516,1.3,-6.55436829794885
"E-09",2000,0,56.3306668548387,-162.787570564516,2.2,-6.55436829794885
"E-09",2001,0,56.3306668548387,-162.787570564516,3.1,-6.55436829794885
"E-09",2002,0,56.3306668548387,-162.787570564516,2.7,-6.55436829794885
"E-09",2003,0,56.3306668548387,-162.787570564516,3.8,-6.55436829794885
"E-09",2004,0,56.3306668548387,-162.787570564516,3.4,-6.55436829794885
"E-09",2005,0,56.3306668548387,-162.787570564516,4.1,-6.55436829794885
"E-09",2006,0,56.3306668548387,-162.787570564516,2.4,-6.55436829794885
"E-09",2007,0,56.3306668548387,-162.787570564516,1.1,-6.55436829794885
"E-09",2008,0,56.3306668548387,-162.787570564516,1.9,-6.55436829794885
"E-09",2009,0,56.3306668548387,-162.787570564516,1.3,-6.55436829794885
"E-09",2010,0,56.3306668548387,-162.787570564516,0.2,-6.55436829794885
"E-09",2011,0,56.3306668548387,-162.787570564516,2.7,-6.55436829794885
"E-09",2012,0,56.3306668548387,-162.787570564516,0.5,-6.55436829794885
"E-09",2013,0,56.3306668548387,-162.787570564516,1.6,-6.55436829794885
"E-09",2014,0,56.3306668548387,-162.787570564516,3.5,-6.55436829794885
"E-09",2015,0,56.3306668548387,-162.787570564516,4.2,-6.55436829794885
"E-09",2016,0,56.3306668548387,-162.787570564516,4.7,-6.55436829794885
"E-09",2017,0,56.3306668548387,-162.787570564516,1.1,-6.55436829794885
"E-09",2018,0,56.3306668548387,-162.787570564516,4.4,-6.55436829794885
"E-09",2019,0,56.3306668548387,-162.787570564516,4.3,-6.55436829794885
"E-09",2021,0,56.3306668548387,-162.787570564516,3.5,-6.55436829794885
"E-09",2022,0,56.3306668548387,-162.787570564516,2.9,-6.55436829794885
"E-09",2023,0,56.3306668548387,-162.787570564516,3.3,-6.55436829794885
"E-10",1988,0,56.3328648,-162.200713466667,2.2,-6.55436829794885
"E-10",1989,0,56.3328648,-162.200713466667,1.8,-6.55436829794885
"E-10",1990,0,56.3328648,-162.200713466667,NA,-6.55436829794885
"E-10",1991,0,56.3328648,-162.200713466667,NA,-6.55436829794885
"E-10",1992,0,56.3328648,-162.200713466667,NA,-6.55436829794885
"E-10",1993,0,56.3328648,-162.200713466667,2.8,-6.55436829794885
"E-10",1994,0,56.3328648,-162.200713466667,2.8,-6.55436829794885
"E-10",1995,0,56.3328648,-162.200713466667,1.6,-6.55436829794885
"E-10",1996,0,56.3328648,-162.200713466667,4.3,-6.55436829794885
"E-10",1997,0,56.3328648,-162.200713466667,2.4,-6.55436829794885
"E-10",1998,0,56.3328648,-162.200713466667,3.8,-6.55436829794885
"E-10",1999,0,56.3328648,-162.200713466667,0.4,-6.55436829794885
"E-10",2000,0,56.3328648,-162.200713466667,1.9,-6.55436829794885
"E-10",2001,0,56.3328648,-162.200713466667,3,-6.55436829794885
"E-10",2002,0,56.3328648,-162.200713466667,3.5,-6.55436829794885
"E-10",2003,0,56.3328648,-162.200713466667,4.3,-6.55436829794885
"E-10",2004,0,56.3328648,-162.200713466667,3.9,-6.55436829794885
"E-10",2005,0,56.3328648,-162.200713466667,4,-6.55436829794885
"E-10",2006,0,56.3328648,-162.200713466667,2.5,-6.55436829794885
"E-10",2007,0,56.3328648,-162.200713466667,1.7,-6.55436829794885
"E-10",2008,0,56.3328648,-162.200713466667,1.9,-6.55436829794885
"E-10",2009,0,56.3328648,-162.200713466667,1,-6.55436829794885
"E-10",2010,0,56.3328648,-162.200713466667,0.2,-6.55436829794885
"E-10",2011,0,56.3328648,-162.200713466667,2.7,-6.55436829794885
"E-10",2012,0,56.3328648,-162.200713466667,0.1,-6.55436829794885
"E-10",2013,0,56.3328648,-162.200713466667,2,-6.55436829794885
"E-10",2014,0,56.3328648,-162.200713466667,3.5,-6.55436829794885
"E-10",2015,0,56.3328648,-162.200713466667,4.4,-6.55436829794885
"E-10",2016,0,56.3328648,-162.200713466667,4.9,-6.55436829794885
"E-10",2017,0,56.3328648,-162.200713466667,2.3,-6.55436829794885
"E-10",2018,0,56.3328648,-162.200713466667,5,-6.55436829794885
"E-10",2019,0,56.3328648,-162.200713466667,4.4,-6.55436829794885
"E-10",2021,0,56.3328648,-162.200713466667,4,-6.55436829794885
"E-10",2022,0,56.3328648,-162.200713466667,3.4,-6.55436829794885
"E-10",2023,0,56.3328648,-162.200713466667,3.5,-6.55436829794885
"E-11",1988,0,56.3347825,-161.61797475,2.9,-6.55436829794885
"E-11",1989,0,56.3347825,-161.61797475,3,-6.55436829794885
"E-11",1990,0,56.3347825,-161.61797475,NA,-6.55436829794885
"E-11",1991,0,56.3347825,-161.61797475,3.8,-6.55436829794885
"E-11",1992,0,56.3347825,-161.61797475,NA,-6.55436829794885
"E-11",1993,0,56.3347825,-161.61797475,3.6,-6.55436829794885
"E-11",1994,0,56.3347825,-161.61797475,3.1,-6.55436829794885
"E-11",1995,0,56.3347825,-161.61797475,1.9,-6.55436829794885
"E-11",1996,0,56.3347825,-161.61797475,4.7,-6.55436829794885
"E-11",1997,0,56.3347825,-161.61797475,3.2,-6.55436829794885
"E-11",1998,0,56.3347825,-161.61797475,3.9,-6.55436829794885
"E-11",1999,0,56.3347825,-161.61797475,1,-6.55436829794885
"E-11",2001,0,56.3347825,-161.61797475,3.6,-6.55436829794885
"E-11",2002,0,56.3347825,-161.61797475,3.9,-6.55436829794885
"E-11",2003,0,56.3347825,-161.61797475,4.8,-6.55436829794885
"E-11",2004,0,56.3347825,-161.61797475,4.1,-6.55436829794885
"E-11",2005,0,56.3347825,-161.61797475,4.5,-6.55436829794885
"E-11",2006,0,56.3347825,-161.61797475,3.5,-6.55436829794885
"E-11",2007,0,56.3347825,-161.61797475,2.1,-6.55436829794885
"E-11",2008,0,56.3347825,-161.61797475,1.8,-6.55436829794885
"E-11",2009,0,56.3347825,-161.61797475,1.9,-6.55436829794885
"E-11",2010,0,56.3347825,-161.61797475,1.5,-6.55436829794885
"E-11",2011,0,56.3347825,-161.61797475,4,-6.55436829794885
"E-11",2012,0,56.3347825,-161.61797475,0.8,-6.55436829794885
"E-11",2013,0,56.3347825,-161.61797475,2.6,-6.55436829794885
"E-11",2014,0,56.3347825,-161.61797475,4.6,-6.55436829794885
"E-11",2015,0,56.3347825,-161.61797475,4.8,-6.55436829794885
"E-11",2016,0,56.3347825,-161.61797475,5.4,-6.55436829794885
"E-11",2017,0,56.3347825,-161.61797475,2.9,-6.55436829794885
"E-11",2018,0,56.3347825,-161.61797475,5.4,-6.55436829794885
"E-11",2019,0,56.3347825,-161.61797475,4.9,-6.55436829794885
"E-11",2021,0,56.3347825,-161.61797475,4.3,-6.55436829794885
"E-11",2022,0,56.3347825,-161.61797475,3.7,-6.55436829794885
"E-11",2023,0,56.3347825,-161.61797475,3.7,-6.55436829794885
"E-12",1988,0,56.3359058333333,-160.991514444444,3.5,-6.55436829794885
"E-12",1989,0,56.3359058333333,-160.991514444444,3.4,-6.55436829794885
"E-12",1990,0,56.3359058333333,-160.991514444444,NA,-6.55436829794885
"E-12",1991,0,56.3359058333333,-160.991514444444,5,-6.55436829794885
"E-12",1992,0,56.3359058333333,-160.991514444444,3.1,-6.55436829794885
"E-12",1993,0,56.3359058333333,-160.991514444444,4.9,-6.55436829794885
"E-12",1994,0,56.3359058333333,-160.991514444444,3.2,-6.55436829794885
"E-12",1995,0,56.3359058333333,-160.991514444444,2.4,-6.55436829794885
"E-12",1996,0,56.3359058333333,-160.991514444444,5.2,-6.55436829794885
"E-12",1997,0,56.3359058333333,-160.991514444444,3.7,-6.55436829794885
"E-12",1998,0,56.3359058333333,-160.991514444444,5.4,-6.55436829794885
"E-12",1999,0,56.3359058333333,-160.991514444444,0.9,-6.55436829794885
"E-12",2000,0,56.3359058333333,-160.991514444444,2.2,-6.55436829794885
"E-12",2001,0,56.3359058333333,-160.991514444444,3.9,-6.55436829794885
"E-12",2002,0,56.3359058333333,-160.991514444444,4.1,-6.55436829794885
"E-12",2003,0,56.3359058333333,-160.991514444444,5,-6.55436829794885
"E-12",2004,0,56.3359058333333,-160.991514444444,5.2,-6.55436829794885
"E-12",2005,0,56.3359058333333,-160.991514444444,5,-6.55436829794885
"E-12",2006,0,56.3359058333333,-160.991514444444,3.7,-6.55436829794885
"E-12",2007,0,56.3359058333333,-160.991514444444,3,-6.55436829794885
"E-12",2008,0,56.3359058333333,-160.991514444444,2.2,-6.55436829794885
"E-12",2009,0,56.3359058333333,-160.991514444444,2.6,-6.55436829794885
"E-12",2010,0,56.3359058333333,-160.991514444444,1.7,-6.55436829794885
"E-12",2011,0,56.3359058333333,-160.991514444444,3.9,-6.55436829794885
"E-12",2012,0,56.3359058333333,-160.991514444444,0.8,-6.55436829794885
"E-12",2013,0,56.3359058333333,-160.991514444444,2.9,-6.55436829794885
"E-12",2014,0,56.3359058333333,-160.991514444444,5,-6.55436829794885
"E-12",2015,0,56.3359058333333,-160.991514444444,5.3,-6.55436829794885
"E-12",2016,0,56.3359058333333,-160.991514444444,6.1,-6.55436829794885
"E-12",2017,0,56.3359058333333,-160.991514444444,4,-6.55436829794885
"E-12",2018,0,56.3359058333333,-160.991514444444,5.8,-6.55436829794885
"E-12",2019,0,56.3359058333333,-160.991514444444,5.9,-6.55436829794885
"E-12",2021,0,56.3359058333333,-160.991514444444,4.8,-6.55436829794885
"E-12",2022,0,56.3359058333333,-160.991514444444,4,-6.55436829794885
"E-12",2023,0,56.3359058333333,-160.991514444444,4,-6.55436829794885
"E-18",1988,24.6237656695947,56.3320095658466,-168.242907619392,3.7,3.20376988455733
"E-18",1989,271.330091085675,56.3320095658466,-168.242907619392,3.5,5.60334137571883
"E-18",1990,0,56.3320095658466,-168.242907619392,3.6,-6.55436829794885
"E-18",1991,0,56.3320095658466,-168.242907619392,3.4,-6.55436829794885
"E-18",1992,0,56.3320095658466,-168.242907619392,3.8,-6.55436829794885
"E-18",1993,2724.20317503289,56.3320095658466,-168.242907619392,3.8,7.90993177418264
"E-18",1994,0,56.3320095658466,-168.242907619392,0,-6.55436829794885
"E-18",1995,154.110475018886,56.3320095658466,-168.242907619392,NA,5.03767895479572
"E-18",1996,99.9794987114114,56.3320095658466,-168.242907619392,4,4.60497939372304
"E-18",1997,0,56.3320095658466,-168.242907619392,4,-6.55436829794885
"E-18",1998,0,56.3320095658466,-168.242907619392,3.7,-6.55436829794885
"E-18",1999,0,56.3320095658466,-168.242907619392,3.2,-6.55436829794885
"E-18",2000,0,56.3320095658466,-168.242907619392,3.3,-6.55436829794885
"E-18",2001,0,56.3320095658466,-168.242907619392,4.1,-6.55436829794885
"E-18",2002,0,56.3320095658466,-168.242907619392,3.8,-6.55436829794885
"E-18",2003,0,56.3320095658466,-168.242907619392,4.5,-6.55436829794885
"E-18",2004,0,56.3320095658466,-168.242907619392,4.1,-6.55436829794885
"E-18",2005,0,56.3320095658466,-168.242907619392,4.3,-6.55436829794885
"E-18",2006,0,56.3320095658466,-168.242907619392,4,-6.55436829794885
"E-18",2007,0,56.3320095658466,-168.242907619392,3.5,-6.55436829794885
"E-18",2008,0,56.3320095658466,-168.242907619392,3.2,-6.55436829794885
"E-18",2009,0,56.3320095658466,-168.242907619392,3.3,-6.55436829794885
"E-18",2010,0,56.3320095658466,-168.242907619392,3.8,-6.55436829794885
"E-18",2011,0,56.3320095658466,-168.242907619392,3.6,-6.55436829794885
"E-18",2012,0,56.3320095658466,-168.242907619392,3.1,-6.55436829794885
"E-18",2013,0,56.3320095658466,-168.242907619392,3.7,-6.55436829794885
"E-18",2014,20.3606511498941,56.3320095658466,-168.242907619392,4.3,3.01367410357883
"E-18",2015,481.423754737906,56.3320095658466,-168.242907619392,4.4,6.17675082688932
"E-18",2016,190.799717928962,56.3320095658466,-168.242907619392,4.6,5.25123174333074
"E-18",2017,43.7750540412856,56.3320095658466,-168.242907619392,4.4,3.7790966394144
"E-18",2018,0,56.3320095658466,-168.242907619392,4.4,-6.55436829794885
"E-18",2019,0,56.3320095658466,-168.242907619392,4.4,-6.55436829794885
"E-18",2021,0,56.3320095658466,-168.242907619392,4.2,-6.55436829794885
"E-18",2022,0,56.3320095658466,-168.242907619392,4,-6.55436829794885
"E-18",2023,0,56.3320095658466,-168.242907619392,4.2,-6.55436829794885
"E-19",1988,0,56.3405226445264,-168.877074403444,4,-6.55436829794885
"E-19",1989,209.119424793377,56.3405226445264,-168.877074403444,3.5,5.34291230818553
"E-19",1990,569.503592200542,56.3405226445264,-168.877074403444,3.7,6.34476759071955
"E-19",1991,0,56.3405226445264,-168.877074403444,3.2,-6.55436829794885
"E-19",1992,28.2422380489256,56.3405226445264,-168.877074403444,3.7,3.34086907599522
"E-19",1993,0,56.3405226445264,-168.877074403444,3.9,-6.55436829794885
"E-19",1994,0,56.3405226445264,-168.877074403444,4.1,-6.55436829794885
"E-19",1995,6605.21670986833,56.3405226445264,-168.877074403444,2.2,8.79561524195998
"E-19",1996,9765.54747655029,56.3405226445264,-168.877074403444,4,9.18661605273278
"E-19",1997,346.033324301334,56.3405226445264,-168.877074403444,3.6,5.84653919829083
"E-19",1998,0,56.3405226445264,-168.877074403444,3.8,-6.55436829794885
"E-19",1999,0,56.3405226445264,-168.877074403444,3,-6.55436829794885
"E-19",2000,0,56.3405226445264,-168.877074403444,3.4,-6.55436829794885
"E-19",2001,0,56.3405226445264,-168.877074403444,3.9,-6.55436829794885
"E-19",2002,37.0658027442323,56.3405226445264,-168.877074403444,3.8,3.61273319985849
"E-19",2003,0,56.3405226445264,-168.877074403444,4.6,-6.55436829794885
"E-19",2004,0,56.3405226445264,-168.877074403444,4.1,-6.55436829794885
"E-19",2005,0,56.3405226445264,-168.877074403444,4.3,-6.55436829794885
"E-19",2006,0,56.3405226445264,-168.877074403444,4,-6.55436829794885
"E-19",2007,0,56.3405226445264,-168.877074403444,3.6,-6.55436829794885
"E-19",2008,0,56.3405226445264,-168.877074403444,3,-6.55436829794885
"E-19",2009,0,56.3405226445264,-168.877074403444,3.3,-6.55436829794885
"E-19",2010,0,56.3405226445264,-168.877074403444,3.8,-6.55436829794885
"E-19",2011,0,56.3405226445264,-168.877074403444,3.6,-6.55436829794885
"E-19",2012,0,56.3405226445264,-168.877074403444,2.9,-6.55436829794885
"E-19",2013,0,56.3405226445264,-168.877074403444,3.7,-6.55436829794885
"E-19",2014,0,56.3405226445264,-168.877074403444,4.2,-6.55436829794885
"E-19",2015,0,56.3405226445264,-168.877074403444,4.9,-6.55436829794885
"E-19",2016,220.188228354539,56.3405226445264,-168.877074403444,4.7,5.39448923061669
"E-19",2017,287.33260466449,56.3405226445264,-168.877074403444,3.8,5.66064540152818
"E-19",2018,80.969200593743,56.3405226445264,-168.877074403444,4.4,4.39408642810246
"E-19",2019,0,56.3405226445264,-168.877074403444,4.5,-6.55436829794885
"E-19",2021,0,56.3405226445264,-168.877074403444,4.2,-6.55436829794885
"E-19",2022,0,56.3405226445264,-168.877074403444,3.8,-6.55436829794885
"E-19",2023,0,56.3405226445264,-168.877074403444,4.3,-6.55436829794885
"E-20",1988,0,56.3711871764706,-169.449082235294,3.7,-6.55436829794885
"E-20",1989,0,56.3711871764706,-169.449082235294,3.5,-6.55436829794885
"E-20",1990,0,56.3711871764706,-169.449082235294,NA,-6.55436829794885
"E-20",1991,0,56.3711871764706,-169.449082235294,3.4,-6.55436829794885
"E-20",1992,0,56.3711871764706,-169.449082235294,3.8,-6.55436829794885
"E-20",1993,0,56.3711871764706,-169.449082235294,3.9,-6.55436829794885
"E-20",1994,0,56.3711871764706,-169.449082235294,NA,-6.55436829794885
"E-20",1995,0,56.3711871764706,-169.449082235294,2.7,-6.55436829794885
"E-20",1996,0,56.3711871764706,-169.449082235294,3.8,-6.55436829794885
"E-20",1997,0,56.3711871764706,-169.449082235294,3.9,-6.55436829794885
"E-20",1998,0,56.3711871764706,-169.449082235294,3.9,-6.55436829794885
"E-20",1999,0,56.3711871764706,-169.449082235294,2.7,-6.55436829794885
"E-20",2000,0,56.3711871764706,-169.449082235294,3.4,-6.55436829794885
"E-20",2001,0,56.3711871764706,-169.449082235294,4.1,-6.55436829794885
"E-20",2002,0,56.3711871764706,-169.449082235294,3.6,-6.55436829794885
"E-20",2003,0,56.3711871764706,-169.449082235294,4.5,-6.55436829794885
"E-20",2004,0,56.3711871764706,-169.449082235294,4.3,-6.55436829794885
"E-20",2005,0,56.3711871764706,-169.449082235294,4.1,-6.55436829794885
"E-20",2006,0,56.3711871764706,-169.449082235294,3.7,-6.55436829794885
"E-20",2007,0,56.3711871764706,-169.449082235294,3.6,-6.55436829794885
"E-20",2008,0,56.3711871764706,-169.449082235294,3.4,-6.55436829794885
"E-20",2009,0,56.3711871764706,-169.449082235294,3.3,-6.55436829794885
"E-20",2010,0,56.3711871764706,-169.449082235294,3.8,-6.55436829794885
"E-20",2011,25.0189872585041,56.3711871764706,-169.449082235294,3.6,3.21969193738002
"E-20",2012,0,56.3711871764706,-169.449082235294,3,-6.55436829794885
"E-20",2013,53.8438205180985,56.3711871764706,-169.449082235294,3.6,3.98611408772775
"E-20",2014,0,56.3711871764706,-169.449082235294,4.1,-6.55436829794885
"E-20",2015,0,56.3711871764706,-169.449082235294,4.7,-6.55436829794885
"E-20",2016,0,56.3711871764706,-169.449082235294,4.7,-6.55436829794885
"E-20",2017,0,56.3711871764706,-169.449082235294,4,-6.55436829794885
"E-20",2018,0,56.3711871764706,-169.449082235294,4.4,-6.55436829794885
"E-20",2019,0,56.3711871764706,-169.449082235294,4.5,-6.55436829794885
"E-20",2021,0,56.3711871764706,-169.449082235294,4.1,-6.55436829794885
"E-20",2022,0,56.3711871764706,-169.449082235294,3.8,-6.55436829794885
"E-20",2023,0,56.3711871764706,-169.449082235294,4.2,-6.55436829794885
"E-21",1988,0,56.3482109753954,-170.082738189807,3.5,-6.55436829794885
"E-21",1989,59.8929497747678,56.3482109753954,-170.082738189807,3.8,4.09258257177525
"E-21",1990,1322.23039475848,56.3482109753954,-170.082738189807,3.6,7.18707635953243
"E-21",1991,2674.40488377547,56.3482109753954,-170.082738189807,5.5,7.89148269363494
"E-21",1992,589.240367428645,56.3482109753954,-170.082738189807,3,6.37883661097792
"E-21",1993,0,56.3482109753954,-170.082738189807,3.8,-6.55436829794885
"E-21",1994,168.056830844503,56.3482109753954,-170.082738189807,3.3,5.1243106736226
"E-21",1995,4243.51757879363,56.3482109753954,-170.082738189807,3,8.35314815746632
"E-21",1996,2543.77178554699,56.3482109753954,-170.082738189807,4,7.84140377324915
"E-21",1997,0,56.3482109753954,-170.082738189807,4,-6.55436829794885
"E-21",1998,0,56.3482109753954,-170.082738189807,NA,-6.55436829794885
"E-21",1999,0,56.3482109753954,-170.082738189807,2.7,-6.55436829794885
"E-21",2000,0,56.3482109753954,-170.082738189807,3.5,-6.55436829794885
"E-21",2001,18.8779935169715,56.3482109753954,-170.082738189807,3.5,2.93807230213867
"E-21",2002,0,56.3482109753954,-170.082738189807,3.7,-6.55436829794885
"E-21",2003,0,56.3482109753954,-170.082738189807,4.5,-6.55436829794885
"E-21",2004,0,56.3482109753954,-170.082738189807,4.2,-6.55436829794885
"E-21",2005,0,56.3482109753954,-170.082738189807,4.3,-6.55436829794885
"E-21",2006,40.3343050462334,56.3482109753954,-170.082738189807,3.7,3.697237650081
"E-21",2007,0,56.3482109753954,-170.082738189807,3.5,-6.55436829794885
"E-21",2008,0,56.3482109753954,-170.082738189807,3.3,-6.55436829794885
"E-21",2009,54.3713951718016,56.3482109753954,-170.082738189807,3,3.99586437925003
"E-21",2010,81.3430341434025,56.3482109753954,-170.082738189807,3.3,4.39869270627319
"E-21",2011,17.8245358449279,56.3482109753954,-170.082738189807,3.4,2.88065580647676
"E-21",2012,0,56.3482109753954,-170.082738189807,2.6,-6.55436829794885
"E-21",2013,0,56.3482109753954,-170.082738189807,3.3,-6.55436829794885
"E-21",2014,18.8824646277347,56.3482109753954,-170.082738189807,3.8,2.93830909871548
"E-21",2015,38.7700226516058,56.3482109753954,-170.082738189807,4.6,3.65768406163056
"E-21",2016,0,56.3482109753954,-170.082738189807,4.9,-6.55436829794885
"E-21",2017,59.9721996095789,56.3482109753954,-170.082738189807,3.9,4.09390485709315
"E-21",2018,0,56.3482109753954,-170.082738189807,4.5,-6.55436829794885
"E-21",2019,19.8074968046852,56.3482109753954,-170.082738189807,4.5,2.98613237597215
"E-21",2021,0,56.3482109753954,-170.082738189807,4.2,-6.55436829794885
"E-21",2022,0,56.3482109753954,-170.082738189807,3.1,-6.55436829794885
"E-21",2023,0,56.3482109753954,-170.082738189807,4.2,-6.55436829794885
"E-22",1988,0,56.3433573843058,-170.69296501006,3.9,-6.55436829794885
"E-22",1989,23.9433951224573,56.3433573843058,-170.69296501006,3.5,3.17575197496498
"E-22",1990,20.9039432491287,56.3433573843058,-170.69296501006,4,3.04000592653812
"E-22",1991,64.9354130750403,56.3433573843058,-170.69296501006,3.6,4.17341505832944
"E-22",1992,0,56.3433573843058,-170.69296501006,4.2,-6.55436829794885
"E-22",1993,602.32729784325,56.3433573843058,-170.69296501006,NA,6.40080334565569
"E-22",1994,89.8523090184754,56.3433573843058,-170.69296501006,NA,4.49818315828228
"E-22",1995,0,56.3433573843058,-170.69296501006,3.4,-6.55436829794885
"E-22",1996,0,56.3433573843058,-170.69296501006,4.1,-6.55436829794885
"E-22",1997,0,56.3433573843058,-170.69296501006,4.3,-6.55436829794885
"E-22",1998,0,56.3433573843058,-170.69296501006,NA,-6.55436829794885
"E-22",1999,0,56.3433573843058,-170.69296501006,2.9,-6.55436829794885
"E-22",2000,0,56.3433573843058,-170.69296501006,3.5,-6.55436829794885
"E-22",2001,0,56.3433573843058,-170.69296501006,4,-6.55436829794885
"E-22",2002,0,56.3433573843058,-170.69296501006,3.8,-6.55436829794885
"E-22",2003,0,56.3433573843058,-170.69296501006,4.6,-6.55436829794885
"E-22",2004,0,56.3433573843058,-170.69296501006,4.2,-6.55436829794885
"E-22",2005,0,56.3433573843058,-170.69296501006,4.3,-6.55436829794885
"E-22",2006,19.3771062979409,56.3433573843058,-170.69296501006,4,2.96416576148084
"E-22",2007,0,56.3433573843058,-170.69296501006,3.5,-6.55436829794885
"E-22",2008,0,56.3433573843058,-170.69296501006,3.5,-6.55436829794885
"E-22",2009,0,56.3433573843058,-170.69296501006,3.2,-6.55436829794885
"E-22",2010,0,56.3433573843058,-170.69296501006,3.8,-6.55436829794885
"E-22",2011,0,56.3433573843058,-170.69296501006,3.5,-6.55436829794885
"E-22",2012,0,56.3433573843058,-170.69296501006,3.2,-6.55436829794885
"E-22",2013,0,56.3433573843058,-170.69296501006,3.9,-6.55436829794885
"E-22",2014,0,56.3433573843058,-170.69296501006,4.2,-6.55436829794885
"E-22",2015,0,56.3433573843058,-170.69296501006,4.6,-6.55436829794885
"E-22",2016,39.8022580286775,56.3433573843058,-170.69296501006,4.6,3.68395941833142
"E-22",2017,0,56.3433573843058,-170.69296501006,4.5,-6.55436829794885
"E-22",2018,0,56.3433573843058,-170.69296501006,4.3,-6.55436829794885
"E-22",2019,0,56.3433573843058,-170.69296501006,4.5,-6.55436829794885
"E-22",2021,0,56.3433573843058,-170.69296501006,4.2,-6.55436829794885
"E-22",2022,0,56.3433573843058,-170.69296501006,4,-6.55436829794885
"E-22",2023,0,56.3433573843058,-170.69296501006,4.2,-6.55436829794885
"F-01",1988,17.9786802735697,56.6721776219206,-167.671732021116,2.6,2.88926582188664
"F-01",1989,151.072753507166,56.6721776219206,-167.671732021116,2.9,5.01777095718377
"F-01",1990,0,56.6721776219206,-167.671732021116,3.2,-6.55436829794885
"F-01",1991,0,56.6721776219206,-167.671732021116,2.9,-6.55436829794885
"F-01",1992,0,56.6721776219206,-167.671732021116,0.3,-6.55436829794885
"F-01",1993,0,56.6721776219206,-167.671732021116,3,-6.55436829794885
"F-01",1994,0,56.6721776219206,-167.671732021116,3.2,-6.55436829794885
"F-01",1995,109.335940992355,56.6721776219206,-167.671732021116,1.2,4.6944381928875
"F-01",1996,172.580050991348,56.6721776219206,-167.671732021116,3.2,5.15086944307099
"F-01",1997,20.4364694429024,56.6721776219206,-167.671732021116,2.4,3.01739069373
"F-01",1998,0,56.6721776219206,-167.671732021116,3.4,-6.55436829794885
"F-01",1999,0,56.6721776219206,-167.671732021116,2.5,-6.55436829794885
"F-01",2000,0,56.6721776219206,-167.671732021116,2.4,-6.55436829794885
"F-01",2001,0,56.6721776219206,-167.671732021116,3.1,-6.55436829794885
"F-01",2002,0,56.6721776219206,-167.671732021116,3,-6.55436829794885
"F-01",2003,0,56.6721776219206,-167.671732021116,3.9,-6.55436829794885
"F-01",2004,0,56.6721776219206,-167.671732021116,3.6,-6.55436829794885
"F-01",2005,0,56.6721776219206,-167.671732021116,NA,-6.55436829794885
"F-01",2006,0,56.6721776219206,-167.671732021116,2.9,-6.55436829794885
"F-01",2007,40.5061588970249,56.6721776219206,-167.671732021116,2,3.70148918570033
"F-01",2008,0,56.6721776219206,-167.671732021116,2.3,-6.55436829794885
"F-01",2009,0,56.6721776219206,-167.671732021116,1.4,-6.55436829794885
"F-01",2010,0,56.6721776219206,-167.671732021116,1.3,-6.55436829794885
"F-01",2011,0,56.6721776219206,-167.671732021116,3,-6.55436829794885
"F-01",2012,0,56.6721776219206,-167.671732021116,1.4,-6.55436829794885
"F-01",2013,0,56.6721776219206,-167.671732021116,1.5,-6.55436829794885
"F-01",2014,0,56.6721776219206,-167.671732021116,3.2,-6.55436829794885
"F-01",2015,0,56.6721776219206,-167.671732021116,4.2,-6.55436829794885
"F-01",2016,0,56.6721776219206,-167.671732021116,4.8,-6.55436829794885
"F-01",2017,0,56.6721776219206,-167.671732021116,1.5,-6.55436829794885
"F-01",2018,21.0635732409679,56.6721776219206,-167.671732021116,4.4,3.04761275885466
"F-01",2019,0,56.6721776219206,-167.671732021116,4.5,-6.55436829794885
"F-01",2021,0,56.6721776219206,-167.671732021116,3.5,-6.55436829794885
"F-01",2022,0,56.6721776219206,-167.671732021116,2.4,-6.55436829794885
"F-01",2023,0,56.6721776219206,-167.671732021116,3.8,-6.55436829794885
"F-02",1988,73.7965395984162,56.6739297937294,-167.061951369637,2.9,4.30133113611007
"F-02",1989,0,56.6739297937294,-167.061951369637,3.5,-6.55436829794885
"F-02",1990,40.1751685461402,56.6739297937294,-167.061951369637,2.9,3.6932845481297
"F-02",1991,60.8389292139695,56.6739297937294,-167.061951369637,2.3,4.10825327105639
"F-02",1992,0,56.6739297937294,-167.061951369637,-0.6,-6.55436829794885
"F-02",1993,0,56.6739297937294,-167.061951369637,2.9,-6.55436829794885
"F-02",1994,196.332853071606,56.6739297937294,-167.061951369637,3.3,5.2798187011875
"F-02",1995,43.9752277644294,56.6739297937294,-167.061951369637,0.9,3.78365884867855
"F-02",1996,0,56.6739297937294,-167.061951369637,3,-6.55436829794885
"F-02",1997,0,56.6739297937294,-167.061951369637,1.9,-6.55436829794885
"F-02",1998,0,56.6739297937294,-167.061951369637,NA,-6.55436829794885
"F-02",1999,18.4590377232952,56.6739297937294,-167.061951369637,2.3,2.91563123446886
"F-02",2000,0,56.6739297937294,-167.061951369637,2.3,-6.55436829794885
"F-02",2001,0,56.6739297937294,-167.061951369637,3.4,-6.55436829794885
"F-02",2002,0,56.6739297937294,-167.061951369637,3,-6.55436829794885
"F-02",2003,0,56.6739297937294,-167.061951369637,3.8,-6.55436829794885
"F-02",2004,0,56.6739297937294,-167.061951369637,3.3,-6.55436829794885
"F-02",2005,0,56.6739297937294,-167.061951369637,4,-6.55436829794885
"F-02",2006,0,56.6739297937294,-167.061951369637,2.7,-6.55436829794885
"F-02",2007,61.8487666341357,56.6739297937294,-167.061951369637,2.1,4.12471517912782
"F-02",2008,19.5254075013474,56.6739297937294,-167.061951369637,2.2,2.97178948817215
"F-02",2009,0,56.6739297937294,-167.061951369637,0.9,-6.55436829794885
"F-02",2010,0,56.6739297937294,-167.061951369637,1.1,-6.55436829794885
"F-02",2011,0,56.6739297937294,-167.061951369637,2.8,-6.55436829794885
"F-02",2012,0,56.6739297937294,-167.061951369637,1,-6.55436829794885
"F-02",2013,0,56.6739297937294,-167.061951369637,1.2,-6.55436829794885
"F-02",2014,0,56.6739297937294,-167.061951369637,3.1,-6.55436829794885
"F-02",2015,19.6090079135267,56.6739297937294,-167.061951369637,4.1,2.97606165911825
"F-02",2016,0,56.6739297937294,-167.061951369637,4.8,-6.55436829794885
"F-02",2017,0,56.6739297937294,-167.061951369637,1.7,-6.55436829794885
"F-02",2018,0,56.6739297937294,-167.061951369637,4.3,-6.55436829794885
"F-02",2019,0,56.6739297937294,-167.061951369637,4.5,-6.55436829794885
"F-02",2021,0,56.6739297937294,-167.061951369637,3.1,-6.55436829794885
"F-02",2022,0,56.6739297937294,-167.061951369637,2.5,-6.55436829794885
"F-02",2023,0,56.6739297937294,-167.061951369637,3.4,-6.55436829794885
"F-03",1988,20.6324874402222,56.6682420448179,-166.436990084034,3.9,3.0269359030182
"F-03",1989,66.1415801758277,56.6682420448179,-166.436990084034,2.8,4.1918191262059
"F-03",1990,0,56.6682420448179,-166.436990084034,1.9,-6.55436829794885
"F-03",1991,0,56.6682420448179,-166.436990084034,2,-6.55436829794885
"F-03",1992,0,56.6682420448179,-166.436990084034,-0.5,-6.55436829794885
"F-03",1993,0,56.6682420448179,-166.436990084034,2.1,-6.55436829794885
"F-03",1994,0,56.6682420448179,-166.436990084034,2.3,-6.55436829794885
"F-03",1995,21.0935932153034,56.6682420448179,-166.436990084034,0.9,3.04903685606924
"F-03",1996,50.2208290061288,56.6682420448179,-166.436990084034,2,3.9164582131012
"F-03",1997,270.785324912072,56.6682420448179,-166.436990084034,1.7,5.60133160628885
"F-03",1998,38.4661622157083,56.6682420448179,-166.436990084034,3.3,3.64981596714174
"F-03",1999,0,56.6682420448179,-166.436990084034,1.7,-6.55436829794885
"F-03",2000,0,56.6682420448179,-166.436990084034,2.1,-6.55436829794885
"F-03",2001,20.8392594526949,56.6682420448179,-166.436990084034,3,3.0369070059228
"F-03",2002,0,56.6682420448179,-166.436990084034,3,-6.55436829794885
"F-03",2003,0,56.6682420448179,-166.436990084034,3.6,-6.55436829794885
"F-03",2004,0,56.6682420448179,-166.436990084034,3,-6.55436829794885
"F-03",2005,0,56.6682420448179,-166.436990084034,3.5,-6.55436829794885
"F-03",2006,0,56.6682420448179,-166.436990084034,2.4,-6.55436829794885
"F-03",2007,20.3840843137816,56.6682420448179,-166.436990084034,0.9,3.01482426585176
"F-03",2008,0,56.6682420448179,-166.436990084034,0.7,-6.55436829794885
"F-03",2009,0,56.6682420448179,-166.436990084034,-1,-6.55436829794885
"F-03",2010,0,56.6682420448179,-166.436990084034,-0.4,-6.55436829794885
"F-03",2011,0,56.6682420448179,-166.436990084034,2.1,-6.55436829794885
"F-03",2012,0,56.6682420448179,-166.436990084034,0.2,-6.55436829794885
"F-03",2013,0,56.6682420448179,-166.436990084034,0.9,-6.55436829794885
"F-03",2014,0,56.6682420448179,-166.436990084034,3.5,-6.55436829794885
"F-03",2015,0,56.6682420448179,-166.436990084034,4,-6.55436829794885
"F-03",2016,0,56.6682420448179,-166.436990084034,4.6,-6.55436829794885
"F-03",2017,0,56.6682420448179,-166.436990084034,1.6,-6.55436829794885
"F-03",2018,0,56.6682420448179,-166.436990084034,4.3,-6.55436829794885
"F-03",2019,0,56.6682420448179,-166.436990084034,4.2,-6.55436829794885
"F-03",2021,0,56.6682420448179,-166.436990084034,3.3,-6.55436829794885
"F-03",2022,0,56.6682420448179,-166.436990084034,2.4,-6.55436829794885
"F-03",2023,0,56.6682420448179,-166.436990084034,3.2,-6.55436829794885
"F-04",1988,0,56.6616129181495,-165.842445729537,1.8,-6.55436829794885
"F-04",1989,38.6858271479161,56.6616129181495,-165.842445729537,1.5,3.65551011501133
"F-04",1990,80.2560135629581,56.6616129181495,-165.842445729537,NA,4.38523943615824
"F-04",1991,0,56.6616129181495,-165.842445729537,NA,-6.55436829794885
"F-04",1992,21.2479674183273,56.6616129181495,-165.842445729537,-0.3,3.05632825027213
"F-04",1993,0,56.6616129181495,-165.842445729537,1.8,-6.55436829794885
"F-04",1994,20.9872950375044,56.6616129181495,-165.842445729537,2.2,3.04398509907604
"F-04",1995,0,56.6616129181495,-165.842445729537,-0.2,-6.55436829794885
"F-04",1996,429.541532894604,56.6616129181495,-165.842445729537,1.4,6.06272175220108
"F-04",1997,62.4672670758463,56.6616129181495,-165.842445729537,1.5,4.13466548655403
"F-04",1998,19.1832713481574,56.6616129181495,-165.842445729537,3.3,2.95411283773534
"F-04",1999,58.7475843170113,56.6616129181495,-165.842445729537,1,4.0732742711637
"F-04",2000,40.9746029396112,56.6616129181495,-165.842445729537,2.1,3.71298718402703
"F-04",2001,0,56.6616129181495,-165.842445729537,3,-6.55436829794885
"F-04",2002,0,56.6616129181495,-165.842445729537,3,-6.55436829794885
"F-04",2003,0,56.6616129181495,-165.842445729537,3.4,-6.55436829794885
"F-04",2004,0,56.6616129181495,-165.842445729537,NA,-6.55436829794885
"F-04",2005,0,56.6616129181495,-165.842445729537,3.7,-6.55436829794885
"F-04",2006,20.4288610448541,56.6616129181495,-165.842445729537,2.3,3.01701835522793
"F-04",2007,0,56.6616129181495,-165.842445729537,0.8,-6.55436829794885
"F-04",2008,0,56.6616129181495,-165.842445729537,-0.3,-6.55436829794885
"F-04",2009,0,56.6616129181495,-165.842445729537,-1.2,-6.55436829794885
"F-04",2010,57.2086646332647,56.6616129181495,-165.842445729537,-0.7,4.04673025547932
"F-04",2011,0,56.6616129181495,-165.842445729537,2.4,-6.55436829794885
"F-04",2012,0,56.6616129181495,-165.842445729537,-0.5,-6.55436829794885
"F-04",2013,0,56.6616129181495,-165.842445729537,0.3,-6.55436829794885
"F-04",2014,20.0893937774613,56.6616129181495,-165.842445729537,3.2,3.00026287782508
"F-04",2015,0,56.6616129181495,-165.842445729537,4,-6.55436829794885
"F-04",2016,0,56.6616129181495,-165.842445729537,4.5,-6.55436829794885
"F-04",2017,0,56.6616129181495,-165.842445729537,1.4,-6.55436829794885
"F-04",2018,0,56.6616129181495,-165.842445729537,4.1,-6.55436829794885
"F-04",2019,0,56.6616129181495,-165.842445729537,4,-6.55436829794885
"F-04",2021,0,56.6616129181495,-165.842445729537,3.4,-6.55436829794885
"F-04",2022,0,56.6616129181495,-165.842445729537,2.4,-6.55436829794885
"F-04",2023,0,56.6616129181495,-165.842445729537,3,-6.55436829794885
"F-05",1988,0,56.6637927848101,-165.21972821519,1,-6.55436829794885
"F-05",1989,43.7227406447154,56.6637927848101,-165.21972821519,1.8,3.77790091327255
"F-05",1990,0,56.6637927848101,-165.21972821519,2.1,-6.55436829794885
"F-05",1991,20.4211982580811,56.6637927848101,-165.21972821519,1.7,3.01664321488112
"F-05",1992,0,56.6637927848101,-165.21972821519,-0.9,-6.55436829794885
"F-05",1993,0,56.6637927848101,-165.21972821519,1.8,-6.55436829794885
"F-05",1994,0,56.6637927848101,-165.21972821519,1.5,-6.55436829794885
"F-05",1995,0,56.6637927848101,-165.21972821519,-0.2,-6.55436829794885
"F-05",1996,0,56.6637927848101,-165.21972821519,2.2,-6.55436829794885
"F-05",1997,62.791472327476,56.6637927848101,-165.21972821519,1.5,4.13984194939319
"F-05",1998,154.550805343813,56.6637927848101,-165.21972821519,3,5.04053209245252
"F-05",1999,112.488875126023,56.6637927848101,-165.21972821519,1.3,4.72286698688703
"F-05",2000,0,56.6637927848101,-165.21972821519,1.9,-6.55436829794885
"F-05",2001,0,56.6637927848101,-165.21972821519,2.9,-6.55436829794885
"F-05",2002,0,56.6637927848101,-165.21972821519,3.2,-6.55436829794885
"F-05",2003,0,56.6637927848101,-165.21972821519,3.1,-6.55436829794885
"F-05",2004,0,56.6637927848101,-165.21972821519,3,-6.55436829794885
"F-05",2005,0,56.6637927848101,-165.21972821519,3.5,-6.55436829794885
"F-05",2006,0,56.6637927848101,-165.21972821519,2.1,-6.55436829794885
"F-05",2007,0,56.6637927848101,-165.21972821519,1,-6.55436829794885
"F-05",2008,0,56.6637927848101,-165.21972821519,0.1,-6.55436829794885
"F-05",2009,0,56.6637927848101,-165.21972821519,-1.1,-6.55436829794885
"F-05",2010,41.8656161271339,56.6637927848101,-165.21972821519,-1,3.73449888274309
"F-05",2011,0,56.6637927848101,-165.21972821519,2.7,-6.55436829794885
"F-05",2012,0,56.6637927848101,-165.21972821519,-0.2,-6.55436829794885
"F-05",2013,0,56.6637927848101,-165.21972821519,0.2,-6.55436829794885
"F-05",2014,0,56.6637927848101,-165.21972821519,3.1,-6.55436829794885
"F-05",2015,0,56.6637927848101,-165.21972821519,4,-6.55436829794885
"F-05",2016,0,56.6637927848101,-165.21972821519,4.5,-6.55436829794885
"F-05",2017,0,56.6637927848101,-165.21972821519,1.3,-6.55436829794885
"F-05",2018,0,56.6637927848101,-165.21972821519,4,-6.55436829794885
"F-05",2019,0,56.6637927848101,-165.21972821519,3.9,-6.55436829794885
"F-05",2021,0,56.6637927848101,-165.21972821519,3.1,-6.55436829794885
"F-05",2022,0,56.6637927848101,-165.21972821519,2,-6.55436829794885
"F-05",2023,0,56.6637927848101,-165.21972821519,3.2,-6.55436829794885
"F-06",1988,0,56.665195681445,-164.60208270936,1.5,-6.55436829794885
"F-06",1989,0,56.665195681445,-164.60208270936,1.7,-6.55436829794885
"F-06",1990,0,56.665195681445,-164.60208270936,2.2,-6.55436829794885
"F-06",1991,0,56.665195681445,-164.60208270936,2,-6.55436829794885
"F-06",1992,0,56.665195681445,-164.60208270936,-0.7,-6.55436829794885
"F-06",1993,0,56.665195681445,-164.60208270936,1.5,-6.55436829794885
"F-06",1994,0,56.665195681445,-164.60208270936,2.2,-6.55436829794885
"F-06",1995,0,56.665195681445,-164.60208270936,0.3,-6.55436829794885
"F-06",1996,60.3963423717509,56.665195681445,-164.60208270936,2.6,4.10095212170397
"F-06",1997,19.9929026245284,56.665195681445,-164.60208270936,1.1,2.99544855863975
"F-06",1998,140.510643866683,56.665195681445,-164.60208270936,3.1,4.94529337653542
"F-06",1999,285.094773613448,56.665195681445,-164.60208270936,0.6,5.65282665838843
"F-06",2000,21.8501965561936,56.665195681445,-164.60208270936,NA,3.08427508072518
"F-06",2001,0,56.665195681445,-164.60208270936,2.8,-6.55436829794885
"F-06",2002,0,56.665195681445,-164.60208270936,3.8,-6.55436829794885
"F-06",2003,0,56.665195681445,-164.60208270936,2.9,-6.55436829794885
"F-06",2004,0,56.665195681445,-164.60208270936,2.9,-6.55436829794885
"F-06",2005,0,56.665195681445,-164.60208270936,NA,-6.55436829794885
"F-06",2006,0,56.665195681445,-164.60208270936,2.1,-6.55436829794885
"F-06",2007,0,56.665195681445,-164.60208270936,0.7,-6.55436829794885
"F-06",2008,0,56.665195681445,-164.60208270936,0.3,-6.55436829794885
"F-06",2009,0,56.665195681445,-164.60208270936,-0.9,-6.55436829794885
"F-06",2010,0,56.665195681445,-164.60208270936,-0.7,-6.55436829794885
"F-06",2011,0,56.665195681445,-164.60208270936,2.5,-6.55436829794885
"F-06",2012,0,56.665195681445,-164.60208270936,-0.4,-6.55436829794885
"F-06",2013,0,56.665195681445,-164.60208270936,0.6,-6.55436829794885
"F-06",2014,0,56.665195681445,-164.60208270936,2.9,-6.55436829794885
"F-06",2015,0,56.665195681445,-164.60208270936,3.9,-6.55436829794885
"F-06",2016,0,56.665195681445,-164.60208270936,4.7,-6.55436829794885
"F-06",2017,0,56.665195681445,-164.60208270936,1.4,-6.55436829794885
"F-06",2018,0,56.665195681445,-164.60208270936,3.8,-6.55436829794885
"F-06",2019,0,56.665195681445,-164.60208270936,3.9,-6.55436829794885
"F-06",2021,0,56.665195681445,-164.60208270936,2.6,-6.55436829794885
"F-06",2022,0,56.665195681445,-164.60208270936,2.2,-6.55436829794885
"F-06",2023,0,56.665195681445,-164.60208270936,2.9,-6.55436829794885
"F-07",1988,0,56.6649193924051,-163.994031974684,2,-6.55436829794885
"F-07",1989,0,56.6649193924051,-163.994031974684,2,-6.55436829794885
"F-07",1990,0,56.6649193924051,-163.994031974684,2.2,-6.55436829794885
"F-07",1991,0,56.6649193924051,-163.994031974684,2.2,-6.55436829794885
"F-07",1992,0,56.6649193924051,-163.994031974684,-0.4,-6.55436829794885
"F-07",1993,0,56.6649193924051,-163.994031974684,1.6,-6.55436829794885
"F-07",1994,0,56.6649193924051,-163.994031974684,1.3,-6.55436829794885
"F-07",1995,0,56.6649193924051,-163.994031974684,0.5,-6.55436829794885
"F-07",1996,21.4308552014887,56.6649193924051,-163.994031974684,1.3,3.06489815397261
"F-07",1997,42.7537580012007,56.6649193924051,-163.994031974684,1.5,3.75549040168033
"F-07",1998,0,56.6649193924051,-163.994031974684,3.1,-6.55436829794885
"F-07",1999,39.1593946386135,56.6649193924051,-163.994031974684,0.6,3.66767671940162
"F-07",2000,0,56.6649193924051,-163.994031974684,1.6,-6.55436829794885
"F-07",2001,0,56.6649193924051,-163.994031974684,2.9,-6.55436829794885
"F-07",2002,0,56.6649193924051,-163.994031974684,2.2,-6.55436829794885
"F-07",2003,0,56.6649193924051,-163.994031974684,2.9,-6.55436829794885
"F-07",2004,0,56.6649193924051,-163.994031974684,2.9,-6.55436829794885
"F-07",2005,0,56.6649193924051,-163.994031974684,3.6,-6.55436829794885
"F-07",2006,0,56.6649193924051,-163.994031974684,2.1,-6.55436829794885
"F-07",2007,0,56.6649193924051,-163.994031974684,0.6,-6.55436829794885
"F-07",2008,0,56.6649193924051,-163.994031974684,0.2,-6.55436829794885
"F-07",2009,0,56.6649193924051,-163.994031974684,-0.8,-6.55436829794885
"F-07",2010,0,56.6649193924051,-163.994031974684,-0.9,-6.55436829794885
"F-07",2011,0,56.6649193924051,-163.994031974684,1.5,-6.55436829794885
"F-07",2012,0,56.6649193924051,-163.994031974684,-0.3,-6.55436829794885
"F-07",2013,0,56.6649193924051,-163.994031974684,0.7,-6.55436829794885
"F-07",2014,0,56.6649193924051,-163.994031974684,3.3,-6.55436829794885
"F-07",2015,0,56.6649193924051,-163.994031974684,3.5,-6.55436829794885
"F-07",2016,0,56.6649193924051,-163.994031974684,4.8,-6.55436829794885
"F-07",2017,0,56.6649193924051,-163.994031974684,0.4,-6.55436829794885
"F-07",2018,0,56.6649193924051,-163.994031974684,4.1,-6.55436829794885
"F-07",2019,0,56.6649193924051,-163.994031974684,4.1,-6.55436829794885
"F-07",2021,0,56.6649193924051,-163.994031974684,3.1,-6.55436829794885
"F-07",2022,0,56.6649193924051,-163.994031974684,2.3,-6.55436829794885
"F-07",2023,0,56.6649193924051,-163.994031974684,3,-6.55436829794885
"F-08",1988,0,56.6707414611872,-163.383743378995,1.4,-6.55436829794885
"F-08",1989,0,56.6707414611872,-163.383743378995,1.3,-6.55436829794885
"F-08",1990,0,56.6707414611872,-163.383743378995,2,-6.55436829794885
"F-08",1991,0,56.6707414611872,-163.383743378995,NA,-6.55436829794885
"F-08",1992,0,56.6707414611872,-163.383743378995,0.6,-6.55436829794885
"F-08",1993,0,56.6707414611872,-163.383743378995,1.9,-6.55436829794885
"F-08",1994,0,56.6707414611872,-163.383743378995,1.9,-6.55436829794885
"F-08",1995,0,56.6707414611872,-163.383743378995,0.8,-6.55436829794885
"F-08",1996,0,56.6707414611872,-163.383743378995,2.2,-6.55436829794885
"F-08",1997,0,56.6707414611872,-163.383743378995,1.5,-6.55436829794885
"F-08",1998,0,56.6707414611872,-163.383743378995,3.4,-6.55436829794885
"F-08",1999,0,56.6707414611872,-163.383743378995,0.5,-6.55436829794885
"F-08",2000,0,56.6707414611872,-163.383743378995,1.7,-6.55436829794885
"F-08",2001,0,56.6707414611872,-163.383743378995,2.9,-6.55436829794885
"F-08",2002,0,56.6707414611872,-163.383743378995,2.2,-6.55436829794885
"F-08",2003,0,56.6707414611872,-163.383743378995,3.2,-6.55436829794885
"F-08",2004,0,56.6707414611872,-163.383743378995,2.9,-6.55436829794885
"F-08",2005,0,56.6707414611872,-163.383743378995,3.6,-6.55436829794885
"F-08",2006,0,56.6707414611872,-163.383743378995,2.1,-6.55436829794885
"F-08",2007,0,56.6707414611872,-163.383743378995,0.4,-6.55436829794885
"F-08",2008,0,56.6707414611872,-163.383743378995,0.5,-6.55436829794885
"F-08",2009,0,56.6707414611872,-163.383743378995,-0.5,-6.55436829794885
"F-08",2010,0,56.6707414611872,-163.383743378995,-1,-6.55436829794885
"F-08",2011,0,56.6707414611872,-163.383743378995,1.8,-6.55436829794885
"F-08",2012,0,56.6707414611872,-163.383743378995,-0.1,-6.55436829794885
"F-08",2013,0,56.6707414611872,-163.383743378995,0.5,-6.55436829794885
"F-08",2014,0,56.6707414611872,-163.383743378995,3.3,-6.55436829794885
"F-08",2015,0,56.6707414611872,-163.383743378995,4.1,-6.55436829794885
"F-08",2016,0,56.6707414611872,-163.383743378995,4.7,-6.55436829794885
"F-08",2017,0,56.6707414611872,-163.383743378995,0.8,-6.55436829794885
"F-08",2018,0,56.6707414611872,-163.383743378995,4.1,-6.55436829794885
"F-08",2019,0,56.6707414611872,-163.383743378995,4.1,-6.55436829794885
"F-08",2021,0,56.6707414611872,-163.383743378995,3,-6.55436829794885
"F-08",2022,0,56.6707414611872,-163.383743378995,2.6,-6.55436829794885
"F-08",2023,0,56.6707414611872,-163.383743378995,3.3,-6.55436829794885
"F-09",1988,0,56.6650621472393,-162.784943312883,1.2,-6.55436829794885
"F-09",1989,0,56.6650621472393,-162.784943312883,2.1,-6.55436829794885
"F-09",1990,0,56.6650621472393,-162.784943312883,2.3,-6.55436829794885
"F-09",1991,0,56.6650621472393,-162.784943312883,3.2,-6.55436829794885
"F-09",1992,0,56.6650621472393,-162.784943312883,NA,-6.55436829794885
"F-09",1993,0,56.6650621472393,-162.784943312883,2.3,-6.55436829794885
"F-09",1994,0,56.6650621472393,-162.784943312883,1.7,-6.55436829794885
"F-09",1995,0,56.6650621472393,-162.784943312883,1.1,-6.55436829794885
"F-09",1996,0,56.6650621472393,-162.784943312883,3.2,-6.55436829794885
"F-09",1997,0,56.6650621472393,-162.784943312883,2,-6.55436829794885
"F-09",1998,0,56.6650621472393,-162.784943312883,3.5,-6.55436829794885
"F-09",1999,0,56.6650621472393,-162.784943312883,0.1,-6.55436829794885
"F-09",2000,0,56.6650621472393,-162.784943312883,1.4,-6.55436829794885
"F-09",2001,0,56.6650621472393,-162.784943312883,2.9,-6.55436829794885
"F-09",2002,0,56.6650621472393,-162.784943312883,3.3,-6.55436829794885
"F-09",2003,0,56.6650621472393,-162.784943312883,4.5,-6.55436829794885
"F-09",2004,0,56.6650621472393,-162.784943312883,3.6,-6.55436829794885
"F-09",2005,0,56.6650621472393,-162.784943312883,3.9,-6.55436829794885
"F-09",2006,0,56.6650621472393,-162.784943312883,2,-6.55436829794885
"F-09",2007,0,56.6650621472393,-162.784943312883,1.1,-6.55436829794885
"F-09",2008,0,56.6650621472393,-162.784943312883,1.3,-6.55436829794885
"F-09",2009,0,56.6650621472393,-162.784943312883,0.3,-6.55436829794885
"F-09",2010,0,56.6650621472393,-162.784943312883,-0.7,-6.55436829794885
"F-09",2011,0,56.6650621472393,-162.784943312883,1.9,-6.55436829794885
"F-09",2012,0,56.6650621472393,-162.784943312883,0,-6.55436829794885
"F-09",2013,0,56.6650621472393,-162.784943312883,1.3,-6.55436829794885
"F-09",2014,0,56.6650621472393,-162.784943312883,3.4,-6.55436829794885
"F-09",2015,0,56.6650621472393,-162.784943312883,4.3,-6.55436829794885
"F-09",2016,0,56.6650621472393,-162.784943312883,4.9,-6.55436829794885
"F-09",2017,0,56.6650621472393,-162.784943312883,1.6,-6.55436829794885
"F-09",2018,0,56.6650621472393,-162.784943312883,4.7,-6.55436829794885
"F-09",2019,0,56.6650621472393,-162.784943312883,4.2,-6.55436829794885
"F-09",2021,0,56.6650621472393,-162.784943312883,3.5,-6.55436829794885
"F-09",2022,0,56.6650621472393,-162.784943312883,3,-6.55436829794885
"F-09",2023,0,56.6650621472393,-162.784943312883,3,-6.55436829794885
"F-10",1988,0,56.6649595774648,-162.184674366197,1.2,-6.55436829794885
"F-10",1989,0,56.6649595774648,-162.184674366197,1.3,-6.55436829794885
"F-10",1990,0,56.6649595774648,-162.184674366197,NA,-6.55436829794885
"F-10",1991,0,56.6649595774648,-162.184674366197,3,-6.55436829794885
"F-10",1992,0,56.6649595774648,-162.184674366197,1.3,-6.55436829794885
"F-10",1993,0,56.6649595774648,-162.184674366197,3,-6.55436829794885
"F-10",1994,0,56.6649595774648,-162.184674366197,2.4,-6.55436829794885
"F-10",1995,0,56.6649595774648,-162.184674366197,1.4,-6.55436829794885
"F-10",1996,0,56.6649595774648,-162.184674366197,3.7,-6.55436829794885
"F-10",1997,0,56.6649595774648,-162.184674366197,1.3,-6.55436829794885
"F-10",1998,0,56.6649595774648,-162.184674366197,3.3,-6.55436829794885
"F-10",1999,0,56.6649595774648,-162.184674366197,-0.3,-6.55436829794885
"F-10",2000,0,56.6649595774648,-162.184674366197,1.1,-6.55436829794885
"F-10",2001,0,56.6649595774648,-162.184674366197,3.1,-6.55436829794885
"F-10",2002,0,56.6649595774648,-162.184674366197,2.5,-6.55436829794885
"F-10",2003,0,56.6649595774648,-162.184674366197,4.4,-6.55436829794885
"F-10",2004,0,56.6649595774648,-162.184674366197,3.5,-6.55436829794885
"F-10",2005,0,56.6649595774648,-162.184674366197,4.1,-6.55436829794885
"F-10",2006,0,56.6649595774648,-162.184674366197,2.5,-6.55436829794885
"F-10",2007,0,56.6649595774648,-162.184674366197,1.5,-6.55436829794885
"F-10",2008,0,56.6649595774648,-162.184674366197,0.9,-6.55436829794885
"F-10",2009,0,56.6649595774648,-162.184674366197,0.9,-6.55436829794885
"F-10",2010,0,56.6649595774648,-162.184674366197,0.6,-6.55436829794885
"F-10",2011,0,56.6649595774648,-162.184674366197,3,-6.55436829794885
"F-10",2012,0,56.6649595774648,-162.184674366197,-0.2,-6.55436829794885
"F-10",2013,0,56.6649595774648,-162.184674366197,1.3,-6.55436829794885
"F-10",2014,0,56.6649595774648,-162.184674366197,3.7,-6.55436829794885
"F-10",2015,0,56.6649595774648,-162.184674366197,4.4,-6.55436829794885
"F-10",2016,0,56.6649595774648,-162.184674366197,5,-6.55436829794885
"F-10",2017,0,56.6649595774648,-162.184674366197,1.4,-6.55436829794885
"F-10",2018,0,56.6649595774648,-162.184674366197,4.8,-6.55436829794885
"F-10",2019,0,56.6649595774648,-162.184674366197,4.6,-6.55436829794885
"F-10",2021,0,56.6649595774648,-162.184674366197,3.6,-6.55436829794885
"F-10",2022,0,56.6649595774648,-162.184674366197,3.1,-6.55436829794885
"F-10",2023,0,56.6649595774648,-162.184674366197,3.3,-6.55436829794885
"F-11",1988,0,56.6698864220184,-161.583443853211,1,-6.55436829794885
"F-11",1989,0,56.6698864220184,-161.583443853211,1.5,-6.55436829794885
"F-11",1990,0,56.6698864220184,-161.583443853211,2.7,-6.55436829794885
"F-11",1991,0,56.6698864220184,-161.583443853211,2.9,-6.55436829794885
"F-11",1992,0,56.6698864220184,-161.583443853211,NA,-6.55436829794885
"F-11",1993,0,56.6698864220184,-161.583443853211,3.1,-6.55436829794885
"F-11",1994,0,56.6698864220184,-161.583443853211,1.9,-6.55436829794885
"F-11",1995,0,56.6698864220184,-161.583443853211,1.5,-6.55436829794885
"F-11",1996,0,56.6698864220184,-161.583443853211,3.4,-6.55436829794885
"F-11",1997,0,56.6698864220184,-161.583443853211,2,-6.55436829794885
"F-11",1998,0,56.6698864220184,-161.583443853211,3.2,-6.55436829794885
"F-11",1999,0,56.6698864220184,-161.583443853211,-0.5,-6.55436829794885
"F-11",2000,0,56.6698864220184,-161.583443853211,1.5,-6.55436829794885
"F-11",2001,0,56.6698864220184,-161.583443853211,3,-6.55436829794885
"F-11",2002,0,56.6698864220184,-161.583443853211,2.4,-6.55436829794885
"F-11",2003,0,56.6698864220184,-161.583443853211,3.9,-6.55436829794885
"F-11",2004,0,56.6698864220184,-161.583443853211,3.4,-6.55436829794885
"F-11",2005,0,56.6698864220184,-161.583443853211,3.7,-6.55436829794885
"F-11",2006,0,56.6698864220184,-161.583443853211,2.7,-6.55436829794885
"F-11",2007,0,56.6698864220184,-161.583443853211,1.3,-6.55436829794885
"F-11",2008,0,56.6698864220184,-161.583443853211,0.7,-6.55436829794885
"F-11",2009,0,56.6698864220184,-161.583443853211,0.7,-6.55436829794885
"F-11",2010,0,56.6698864220184,-161.583443853211,0.4,-6.55436829794885
"F-11",2011,0,56.6698864220184,-161.583443853211,2.6,-6.55436829794885
"F-11",2012,0,56.6698864220184,-161.583443853211,0.1,-6.55436829794885
"F-11",2013,0,56.6698864220184,-161.583443853211,1.6,-6.55436829794885
"F-11",2014,0,56.6698864220184,-161.583443853211,3.5,-6.55436829794885
"F-11",2015,0,56.6698864220184,-161.583443853211,4.3,-6.55436829794885
"F-11",2016,0,56.6698864220184,-161.583443853211,5,-6.55436829794885
"F-11",2017,0,56.6698864220184,-161.583443853211,1.8,-6.55436829794885
"F-11",2018,0,56.6698864220184,-161.583443853211,4.3,-6.55436829794885
"F-11",2019,0,56.6698864220184,-161.583443853211,4.6,-6.55436829794885
"F-11",2021,0,56.6698864220184,-161.583443853211,3.7,-6.55436829794885
"F-11",2022,0,56.6698864220184,-161.583443853211,3.3,-6.55436829794885
"F-11",2023,0,56.6698864220184,-161.583443853211,3.1,-6.55436829794885
"F-12",1988,0,56.6709468571429,-160.985716285714,2.2,-6.55436829794885
"F-12",1989,0,56.6709468571429,-160.985716285714,1.8,-6.55436829794885
"F-12",1990,0,56.6709468571429,-160.985716285714,NA,-6.55436829794885
"F-12",1991,0,56.6709468571429,-160.985716285714,3.5,-6.55436829794885
"F-12",1992,0,56.6709468571429,-160.985716285714,2.6,-6.55436829794885
"F-12",1993,0,56.6709468571429,-160.985716285714,3.8,-6.55436829794885
"F-12",1994,0,56.6709468571429,-160.985716285714,2.6,-6.55436829794885
"F-12",1995,0,56.6709468571429,-160.985716285714,1.9,-6.55436829794885
"F-12",1996,0,56.6709468571429,-160.985716285714,4.4,-6.55436829794885
"F-12",1997,0,56.6709468571429,-160.985716285714,3,-6.55436829794885
"F-12",1998,0,56.6709468571429,-160.985716285714,4.1,-6.55436829794885
"F-12",1999,0,56.6709468571429,-160.985716285714,-0.2,-6.55436829794885
"F-12",2000,0,56.6709468571429,-160.985716285714,1.1,-6.55436829794885
"F-12",2001,0,56.6709468571429,-160.985716285714,3.6,-6.55436829794885
"F-12",2002,0,56.6709468571429,-160.985716285714,3,-6.55436829794885
"F-12",2003,0,56.6709468571429,-160.985716285714,4.4,-6.55436829794885
"F-12",2004,0,56.6709468571429,-160.985716285714,3.9,-6.55436829794885
"F-12",2005,0,56.6709468571429,-160.985716285714,4.1,-6.55436829794885
"F-12",2006,0,56.6709468571429,-160.985716285714,2.8,-6.55436829794885
"F-12",2007,0,56.6709468571429,-160.985716285714,1.5,-6.55436829794885
"F-12",2008,0,56.6709468571429,-160.985716285714,1.2,-6.55436829794885
"F-12",2009,0,56.6709468571429,-160.985716285714,1.3,-6.55436829794885
"F-12",2010,0,56.6709468571429,-160.985716285714,1.5,-6.55436829794885
"F-12",2011,0,56.6709468571429,-160.985716285714,3.3,-6.55436829794885
"F-12",2012,0,56.6709468571429,-160.985716285714,-0.6,-6.55436829794885
"F-12",2013,0,56.6709468571429,-160.985716285714,2.4,-6.55436829794885
"F-12",2014,0,56.6709468571429,-160.985716285714,4.2,-6.55436829794885
"F-12",2015,0,56.6709468571429,-160.985716285714,4.5,-6.55436829794885
"F-12",2016,0,56.6709468571429,-160.985716285714,5.4,-6.55436829794885
"F-12",2017,0,56.6709468571429,-160.985716285714,2.9,-6.55436829794885
"F-12",2018,0,56.6709468571429,-160.985716285714,5.1,-6.55436829794885
"F-12",2019,0,56.6709468571429,-160.985716285714,5,-6.55436829794885
"F-12",2021,0,56.6709468571429,-160.985716285714,3.9,-6.55436829794885
"F-12",2022,0,56.6709468571429,-160.985716285714,3.7,-6.55436829794885
"F-12",2023,0,56.6709468571429,-160.985716285714,3.6,-6.55436829794885
"F-13",1988,0,56.6651625,-160.375308611111,2.5,-6.55436829794885
"F-13",1989,0,56.6651625,-160.375308611111,2.8,-6.55436829794885
"F-13",1990,0,56.6651625,-160.375308611111,NA,-6.55436829794885
"F-13",1991,0,56.6651625,-160.375308611111,3.4,-6.55436829794885
"F-13",1992,0,56.6651625,-160.375308611111,2.4,-6.55436829794885
"F-13",1993,0,56.6651625,-160.375308611111,4,-6.55436829794885
"F-13",1994,0,56.6651625,-160.375308611111,2.9,-6.55436829794885
"F-13",1995,0,56.6651625,-160.375308611111,2.2,-6.55436829794885
"F-13",1996,0,56.6651625,-160.375308611111,5.3,-6.55436829794885
"F-13",1997,0,56.6651625,-160.375308611111,3.6,-6.55436829794885
"F-13",1998,0,56.6651625,-160.375308611111,4.2,-6.55436829794885
"F-13",1999,0,56.6651625,-160.375308611111,-0.2,-6.55436829794885
"F-13",2000,0,56.6651625,-160.375308611111,1.1,-6.55436829794885
"F-13",2001,0,56.6651625,-160.375308611111,3.8,-6.55436829794885
"F-13",2002,0,56.6651625,-160.375308611111,3.5,-6.55436829794885
"F-13",2003,0,56.6651625,-160.375308611111,4.5,-6.55436829794885
"F-13",2004,0,56.6651625,-160.375308611111,3.9,-6.55436829794885
"F-13",2005,0,56.6651625,-160.375308611111,4.3,-6.55436829794885
"F-13",2006,0,56.6651625,-160.375308611111,3.1,-6.55436829794885
"F-13",2007,0,56.6651625,-160.375308611111,1.9,-6.55436829794885
"F-13",2008,0,56.6651625,-160.375308611111,1.3,-6.55436829794885
"F-13",2009,0,56.6651625,-160.375308611111,2,-6.55436829794885
"F-13",2010,0,56.6651625,-160.375308611111,1.8,-6.55436829794885
"F-13",2011,0,56.6651625,-160.375308611111,3.9,-6.55436829794885
"F-13",2012,0,56.6651625,-160.375308611111,0.1,-6.55436829794885
"F-13",2013,0,56.6651625,-160.375308611111,2.7,-6.55436829794885
"F-13",2014,0,56.6651625,-160.375308611111,5,-6.55436829794885
"F-13",2015,0,56.6651625,-160.375308611111,4.7,-6.55436829794885
"F-13",2016,0,56.6651625,-160.375308611111,5.7,-6.55436829794885
"F-13",2017,0,56.6651625,-160.375308611111,3.4,-6.55436829794885
"F-13",2018,0,56.6651625,-160.375308611111,5.3,-6.55436829794885
"F-13",2019,0,56.6651625,-160.375308611111,5.5,-6.55436829794885
"F-13",2021,0,56.6651625,-160.375308611111,4.1,-6.55436829794885
"F-13",2022,0,56.6651625,-160.375308611111,3.8,-6.55436829794885
"F-13",2023,0,56.6651625,-160.375308611111,3.7,-6.55436829794885
"F-14",1988,0,56.6759908571429,-159.750313428571,4.2,-6.55436829794885
"F-14",1989,0,56.6759908571429,-159.750313428571,NA,-6.55436829794885
"F-14",1990,0,56.6759908571429,-159.750313428571,NA,-6.55436829794885
"F-14",1991,0,56.6759908571429,-159.750313428571,4.1,-6.55436829794885
"F-14",1992,0,56.6759908571429,-159.750313428571,3.8,-6.55436829794885
"F-14",1993,0,56.6759908571429,-159.750313428571,5,-6.55436829794885
"F-14",1994,0,56.6759908571429,-159.750313428571,3.9,-6.55436829794885
"F-14",1995,0,56.6759908571429,-159.750313428571,4.1,-6.55436829794885
"F-14",1996,0,56.6759908571429,-159.750313428571,6.2,-6.55436829794885
"F-14",1997,0,56.6759908571429,-159.750313428571,5.2,-6.55436829794885
"F-14",1998,0,56.6759908571429,-159.750313428571,6,-6.55436829794885
"F-14",1999,0,56.6759908571429,-159.750313428571,0.9,-6.55436829794885
"F-14",2000,0,56.6759908571429,-159.750313428571,2.2,-6.55436829794885
"F-14",2001,0,56.6759908571429,-159.750313428571,4.7,-6.55436829794885
"F-14",2002,0,56.6759908571429,-159.750313428571,5.5,-6.55436829794885
"F-14",2003,0,56.6759908571429,-159.750313428571,5.6,-6.55436829794885
"F-14",2004,0,56.6759908571429,-159.750313428571,5.2,-6.55436829794885
"F-14",2005,0,56.6759908571429,-159.750313428571,6,-6.55436829794885
"F-14",2006,0,56.6759908571429,-159.750313428571,4.1,-6.55436829794885
"F-14",2007,0,56.6759908571429,-159.750313428571,4.7,-6.55436829794885
"F-14",2008,0,56.6759908571429,-159.750313428571,2.8,-6.55436829794885
"F-14",2009,0,56.6759908571429,-159.750313428571,2.9,-6.55436829794885
"F-14",2010,0,56.6759908571429,-159.750313428571,3.6,-6.55436829794885
"F-14",2011,0,56.6759908571429,-159.750313428571,4.7,-6.55436829794885
"F-14",2012,0,56.6759908571429,-159.750313428571,0.9,-6.55436829794885
"F-14",2013,0,56.6759908571429,-159.750313428571,5.5,-6.55436829794885
"F-14",2014,0,56.6759908571429,-159.750313428571,5.9,-6.55436829794885
"F-14",2015,0,56.6759908571429,-159.750313428571,5.5,-6.55436829794885
"F-14",2016,0,56.6759908571429,-159.750313428571,6.6,-6.55436829794885
"F-14",2017,0,56.6759908571429,-159.750313428571,4.8,-6.55436829794885
"F-14",2018,0,56.6759908571429,-159.750313428571,6.3,-6.55436829794885
"F-14",2019,0,56.6759908571429,-159.750313428571,7.7,-6.55436829794885
"F-14",2021,0,56.6759908571429,-159.750313428571,5.3,-6.55436829794885
"F-14",2022,0,56.6759908571429,-159.750313428571,5.1,-6.55436829794885
"F-14",2023,0,56.6759908571429,-159.750313428571,4.6,-6.55436829794885
"F-18",1988,2303.67184579525,56.6610611555425,-168.291097465451,2.6,7.74226020172389
"F-18",1989,1020.68881122684,56.6610611555425,-168.291097465451,2.7,6.92823437850652
"F-18",1990,23.3186995800484,56.6610611555425,-168.291097465451,3.4,3.14931665572645
"F-18",1991,0,56.6610611555425,-168.291097465451,NA,-6.55436829794885
"F-18",1992,0,56.6610611555425,-168.291097465451,0.5,-6.55436829794885
"F-18",1993,0,56.6610611555425,-168.291097465451,3.4,-6.55436829794885
"F-18",1994,43.3178846704404,56.6610611555425,-168.291097465451,3.9,3.76859846061327
"F-18",1995,16029.0868161224,56.6610611555425,-168.291097465451,NA,9.68216036563315
"F-18",1996,568.775786523694,56.6610611555425,-168.291097465451,3.6,6.34348881159239
"F-18",1997,0,56.6610611555425,-168.291097465451,3,-6.55436829794885
"F-18",1998,56.4973739487912,56.6610611555425,-168.291097465451,3.8,4.03421936059582
"F-18",1999,0,56.6610611555425,-168.291097465451,2.4,-6.55436829794885
"F-18",2000,0,56.6610611555425,-168.291097465451,2.8,-6.55436829794885
"F-18",2001,0,56.6610611555425,-168.291097465451,3.5,-6.55436829794885
"F-18",2002,0,56.6610611555425,-168.291097465451,3.3,-6.55436829794885
"F-18",2003,0,56.6610611555425,-168.291097465451,4.4,-6.55436829794885
"F-18",2004,0,56.6610611555425,-168.291097465451,3.9,-6.55436829794885
"F-18",2005,0,56.6610611555425,-168.291097465451,3.8,-6.55436829794885
"F-18",2006,0,56.6610611555425,-168.291097465451,3.4,-6.55436829794885
"F-18",2007,100.948093106507,56.6610611555425,-168.291097465451,3.1,4.61462056008727
"F-18",2008,344.685734754601,56.6610611555425,-168.291097465451,2,5.84263721909129
"F-18",2009,210.024871291943,56.6610611555425,-168.291097465451,1.8,5.34723273799297
"F-18",2010,0,56.6610611555425,-168.291097465451,2.3,-6.55436829794885
"F-18",2011,0,56.6610611555425,-168.291097465451,3.3,-6.55436829794885
"F-18",2012,0,56.6610611555425,-168.291097465451,1.7,-6.55436829794885
"F-18",2013,428.998345152773,56.6610611555425,-168.291097465451,1.5,6.06145638054751
"F-18",2014,858.011514489842,56.6610611555425,-168.291097465451,3.6,6.75461917906179
"F-18",2015,6203.64523485332,56.6610611555425,-168.291097465451,4.7,8.73289256889232
"F-18",2016,0,56.6610611555425,-168.291097465451,4.9,-6.55436829794885
"F-18",2017,2487.0607215381,56.6610611555425,-168.291097465451,2.2,7.81885743159742
"F-18",2018,120.36808093015,56.6610611555425,-168.291097465451,4.5,4.79056621850266
"F-18",2019,0,56.6610611555425,-168.291097465451,4.5,-6.55436829794885
"F-18",2021,0,56.6610611555425,-168.291097465451,3.5,-6.55436829794885
"F-18",2022,0,56.6610611555425,-168.291097465451,2.5,-6.55436829794885
"F-18",2023,0,56.6610611555425,-168.291097465451,4.2,-6.55436829794885
"F-19",1988,51.2193082654221,56.6657189737388,-168.906151074637,2.7,3.93614437484091
"F-19",1989,1372.03134793709,56.6657189737388,-168.906151074637,3.1,7.22404869416611
"F-19",1990,4073.09694291253,56.6657189737388,-168.906151074637,3,8.3121592583007
"F-19",1991,84.5362044756252,56.6657189737388,-168.906151074637,2.8,4.43719674125185
"F-19",1992,0,56.6657189737388,-168.906151074637,1.4,-6.55436829794885
"F-19",1993,279.519883576844,56.6657189737388,-168.906151074637,3.8,5.63307852388946
"F-19",1994,205.228153879676,56.6657189737388,-168.906151074637,2.5,5.3241292440483
"F-19",1995,16844.9323701828,56.6657189737388,-168.906151074637,1.2,9.73180522553105
"F-19",1996,8352.9913807484,56.6657189737388,-168.906151074637,3.5,9.03037517334412
"F-19",1997,3833.46053059848,56.6657189737388,-168.906151074637,3.1,8.25152357846308
"F-19",1998,254.458269865938,56.6657189737388,-168.906151074637,3.6,5.53914244917689
"F-19",1999,0,56.6657189737388,-168.906151074637,NA,-6.55436829794885
"F-19",2000,0,56.6657189737388,-168.906151074637,2.4,-6.55436829794885
"F-19",2001,0,56.6657189737388,-168.906151074637,3.1,-6.55436829794885
"F-19",2002,0,56.6657189737388,-168.906151074637,3.2,-6.55436829794885
"F-19",2003,23.1170420215635,56.6657189737388,-168.906151074637,4.3,3.14063168795283
"F-19",2004,0,56.6657189737388,-168.906151074637,3.6,-6.55436829794885
"F-19",2005,35189.997827739,56.6657189737388,-168.906151074637,4.1,10.4685172090488
"F-19",2006,0,56.6657189737388,-168.906151074637,2.9,-6.55436829794885
"F-19",2007,0,56.6657189737388,-168.906151074637,3,-6.55436829794885
"F-19",2008,0,56.6657189737388,-168.906151074637,2.5,-6.55436829794885
"F-19",2009,0,56.6657189737388,-168.906151074637,2,-6.55436829794885
"F-19",2010,18.2668322742393,56.6657189737388,-168.906151074637,1.8,2.90516491735557
"F-19",2011,0,56.6657189737388,-168.906151074637,3.4,-6.55436829794885
"F-19",2012,0,56.6657189737388,-168.906151074637,1.1,-6.55436829794885
"F-19",2013,0,56.6657189737388,-168.906151074637,2.1,-6.55436829794885
"F-19",2014,0,56.6657189737388,-168.906151074637,3.2,-6.55436829794885
"F-19",2015,2375.86401719258,56.6657189737388,-168.906151074637,3.7,7.77311704633451
"F-19",2016,2155.71244767661,56.6657189737388,-168.906151074637,4.8,7.67587721058666
"F-19",2017,958.230818041743,56.6657189737388,-168.906151074637,2.2,6.86509017231102
"F-19",2018,21.7516889859332,56.6657189737388,-168.906151074637,4.5,3.0797568676611
"F-19",2019,0,56.6657189737388,-168.906151074637,4.4,-6.55436829794885
"F-19",2021,0,56.6657189737388,-168.906151074637,3.7,-6.55436829794885
"F-19",2022,0,56.6657189737388,-168.906151074637,2.4,-6.55436829794885
"F-19",2023,0,56.6657189737388,-168.906151074637,4.1,-6.55436829794885
"F-20",1988,0,56.6721304794521,-169.509077773973,4.2,-6.55436829794885
"F-20",1989,0,56.6721304794521,-169.509077773973,4.1,-6.55436829794885
"F-20",1990,0,56.6721304794521,-169.509077773973,4.5,-6.55436829794885
"F-20",1992,0,56.6721304794521,-169.509077773973,2.8,-6.55436829794885
"F-20",1993,17.619932349694,56.6721304794521,-169.509077773973,NA,2.86911158870062
"F-20",1994,0,56.6721304794521,-169.509077773973,NA,-6.55436829794885
"F-20",1995,0,56.6721304794521,-169.509077773973,1,-6.55436829794885
"F-20",1996,0,56.6721304794521,-169.509077773973,5.6,-6.55436829794885
"F-20",1997,0,56.6721304794521,-169.509077773973,5.1,-6.55436829794885
"F-20",1998,0,56.6721304794521,-169.509077773973,4.7,-6.55436829794885
"F-20",1999,0,56.6721304794521,-169.509077773973,3.2,-6.55436829794885
"F-20",2000,0,56.6721304794521,-169.509077773973,3.9,-6.55436829794885
"F-20",2001,22.7872036518811,56.6721304794521,-169.509077773973,3.7,3.12626161915075
"F-20",2002,0,56.6721304794521,-169.509077773973,3.7,-6.55436829794885
"F-20",2003,0,56.6721304794521,-169.509077773973,5.5,-6.55436829794885
"F-20",2004,0,56.6721304794521,-169.509077773973,5.3,-6.55436829794885
"F-20",2005,0,56.6721304794521,-169.509077773973,5.7,-6.55436829794885
"F-20",2006,0,56.6721304794521,-169.509077773973,4,-6.55436829794885
"F-20",2007,0,56.6721304794521,-169.509077773973,2.8,-6.55436829794885
"F-20",2008,0,56.6721304794521,-169.509077773973,3,-6.55436829794885
"F-20",2009,0,56.6721304794521,-169.509077773973,3.3,-6.55436829794885
"F-20",2010,0,56.6721304794521,-169.509077773973,0.4,-6.55436829794885
"F-20",2011,0,56.6721304794521,-169.509077773973,4.5,-6.55436829794885
"F-20",2012,0,56.6721304794521,-169.509077773973,1.7,-6.55436829794885
"F-20",2013,0,56.6721304794521,-169.509077773973,1.6,-6.55436829794885
"F-20",2014,0,56.6721304794521,-169.509077773973,5,-6.55436829794885
"F-20",2015,0,56.6721304794521,-169.509077773973,5.5,-6.55436829794885
"F-20",2016,0,56.6721304794521,-169.509077773973,6.1,-6.55436829794885
"F-20",2017,0,56.6721304794521,-169.509077773973,4.6,-6.55436829794885
"F-20",2018,0,56.6721304794521,-169.509077773973,5.5,-6.55436829794885
"F-20",2019,0,56.6721304794521,-169.509077773973,6.1,-6.55436829794885
"F-20",2021,0,56.6721304794521,-169.509077773973,5,-6.55436829794885
"F-20",2022,0,56.6721304794521,-169.509077773973,4.1,-6.55436829794885
"F-20",2023,0,56.6721304794521,-169.509077773973,4,-6.55436829794885
"F-21",1988,0,56.6695067238913,-170.116043948498,3.5,-6.55436829794885
"F-21",1989,600.139839067412,56.6695067238913,-170.116043948498,3.7,6.39716506575402
"F-21",1990,34.561981478821,56.6695067238913,-170.116043948498,3.5,3.54279547382911
"F-21",1991,0,56.6695067238913,-170.116043948498,3.3,-6.55436829794885
"F-21",1992,0,56.6695067238913,-170.116043948498,2.4,-6.55436829794885
"F-21",1993,21.8824860408799,56.6695067238913,-170.116043948498,3.7,3.08575166007778
"F-21",1994,0,56.6695067238913,-170.116043948498,3.2,-6.55436829794885
"F-21",1995,176.883097890947,56.6695067238913,-170.116043948498,2.6,5.17549710029412
"F-21",1996,0,56.6695067238913,-170.116043948498,6.1,-6.55436829794885
"F-21",1997,0,56.6695067238913,-170.116043948498,3.7,-6.55436829794885
"F-21",1998,0,56.6695067238913,-170.116043948498,3.9,-6.55436829794885
"F-21",1999,0,56.6695067238913,-170.116043948498,2.7,-6.55436829794885
"F-21",2000,54.9560014431625,56.6695067238913,-170.116043948498,NA,4.00655880047788
"F-21",2001,0,56.6695067238913,-170.116043948498,3.6,-6.55436829794885
"F-21",2002,0,56.6695067238913,-170.116043948498,4.2,-6.55436829794885
"F-21",2003,0,56.6695067238913,-170.116043948498,4.5,-6.55436829794885
"F-21",2004,0,56.6695067238913,-170.116043948498,4.5,-6.55436829794885
"F-21",2005,0,56.6695067238913,-170.116043948498,4.6,-6.55436829794885
"F-21",2006,0,56.6695067238913,-170.116043948498,3.7,-6.55436829794885
"F-21",2007,0,56.6695067238913,-170.116043948498,2.9,-6.55436829794885
"F-21",2008,0,56.6695067238913,-170.116043948498,2.8,-6.55436829794885
"F-21",2009,0,56.6695067238913,-170.116043948498,2.6,-6.55436829794885
"F-21",2010,0,56.6695067238913,-170.116043948498,2.3,-6.55436829794885
"F-21",2011,19.0306771081595,56.6695067238913,-170.116043948498,3.8,2.94612707932389
"F-21",2012,0,56.6695067238913,-170.116043948498,1.5,-6.55436829794885
"F-21",2013,0,56.6695067238913,-170.116043948498,2.2,-6.55436829794885
"F-21",2014,0,56.6695067238913,-170.116043948498,4,-6.55436829794885
"F-21",2015,0,56.6695067238913,-170.116043948498,5.2,-6.55436829794885
"F-21",2016,0,56.6695067238913,-170.116043948498,5.6,-6.55436829794885
"F-21",2017,0,56.6695067238913,-170.116043948498,4,-6.55436829794885
"F-21",2018,0,56.6695067238913,-170.116043948498,4.9,-6.55436829794885
"F-21",2019,0,56.6695067238913,-170.116043948498,4.8,-6.55436829794885
"F-21",2021,0,56.6695067238913,-170.116043948498,4.4,-6.55436829794885
"F-21",2022,0,56.6695067238913,-170.116043948498,3.5,-6.55436829794885
"F-21",2023,19.0663109666768,56.6695067238913,-170.116043948498,4.1,2.94799763168312
"F-22",1988,0,56.6719316374269,-170.735202465887,3.4,-6.55436829794885
"F-22",1989,113.913045538369,56.6719316374269,-170.735202465887,3.5,4.7354478985605
"F-22",1990,0,56.6719316374269,-170.735202465887,4,-6.55436829794885
"F-22",1991,0,56.6719316374269,-170.735202465887,3.6,-6.55436829794885
"F-22",1992,0,56.6719316374269,-170.735202465887,5.3,-6.55436829794885
"F-22",1993,7632.29470842406,56.6719316374269,-170.735202465887,3.7,8.94014401377816
"F-22",1994,0,56.6719316374269,-170.735202465887,NA,-6.55436829794885
"F-22",1995,0,56.6719316374269,-170.735202465887,2.9,-6.55436829794885
"F-22",1996,0,56.6719316374269,-170.735202465887,4.1,-6.55436829794885
"F-22",1997,0,56.6719316374269,-170.735202465887,4.1,-6.55436829794885
"F-22",1998,0,56.6719316374269,-170.735202465887,3.8,-6.55436829794885
"F-22",1999,0,56.6719316374269,-170.735202465887,2.6,-6.55436829794885
"F-22",2000,0,56.6719316374269,-170.735202465887,3.7,-6.55436829794885
"F-22",2001,0,56.6719316374269,-170.735202465887,3.7,-6.55436829794885
"F-22",2002,0,56.6719316374269,-170.735202465887,3.5,-6.55436829794885
"F-22",2003,0,56.6719316374269,-170.735202465887,NA,-6.55436829794885
"F-22",2004,0,56.6719316374269,-170.735202465887,4.1,-6.55436829794885
"F-22",2005,0,56.6719316374269,-170.735202465887,4.3,-6.55436829794885
"F-22",2006,0,56.6719316374269,-170.735202465887,3.6,-6.55436829794885
"F-22",2007,20.1984528979971,56.6719316374269,-170.735202465887,3.2,3.00567650439099
"F-22",2008,0,56.6719316374269,-170.735202465887,3,-6.55436829794885
"F-22",2009,0,56.6719316374269,-170.735202465887,2.8,-6.55436829794885
"F-22",2010,0,56.6719316374269,-170.735202465887,3.7,-6.55436829794885
"F-22",2011,0,56.6719316374269,-170.735202465887,3.4,-6.55436829794885
"F-22",2012,0,56.6719316374269,-170.735202465887,2.6,-6.55436829794885
"F-22",2013,0,56.6719316374269,-170.735202465887,3.1,-6.55436829794885
"F-22",2014,0,56.6719316374269,-170.735202465887,4.1,-6.55436829794885
"F-22",2015,0,56.6719316374269,-170.735202465887,4.6,-6.55436829794885
"F-22",2016,0,56.6719316374269,-170.735202465887,4.8,-6.55436829794885
"F-22",2017,0,56.6719316374269,-170.735202465887,4.4,-6.55436829794885
"F-22",2018,20.5603013782285,56.6719316374269,-170.735202465887,4.2,3.02343135050421
"F-22",2019,0,56.6719316374269,-170.735202465887,4.4,-6.55436829794885
"F-22",2021,36.6492550474526,56.6719316374269,-170.735202465887,3.9,3.60143195284061
"F-22",2022,0,56.6719316374269,-170.735202465887,3.3,-6.55436829794885
"F-22",2023,0,56.6719316374269,-170.735202465887,4.1,-6.55436829794885
"F-23",1988,0,56.6675414901664,-171.352390007564,4,-6.55436829794885
"F-23",1989,12720.7635889763,56.6675414901664,-171.352390007564,3.8,9.45099097760593
"F-23",1990,1619.9722630199,56.6675414901664,-171.352390007564,4.7,7.3901651854414
"F-23",1991,10252.6805041797,56.6675414901664,-171.352390007564,3.5,9.23529460185998
"F-23",1992,2492.84496768429,56.6675414901664,-171.352390007564,NA,7.82118046572724
"F-23",1993,6023.76565280818,56.6675414901664,-171.352390007564,NA,8.70346810284411
"F-23",1994,3675.61328282063,56.6675414901664,-171.352390007564,NA,8.20947566478933
"F-23",1995,26817.5794634155,56.6675414901664,-171.352390007564,3.2,10.1968129546802
"F-23",1996,6666.14981284816,56.6675414901664,-171.352390007564,4.1,8.80479794638863
"F-23",1997,31115.5831598203,56.6675414901664,-171.352390007564,4.1,10.3454640846688
"F-23",1998,0,56.6675414901664,-171.352390007564,3.6,-6.55436829794885
"F-23",1999,0,56.6675414901664,-171.352390007564,2.7,-6.55436829794885
"F-23",2000,20.5838979113205,56.6675414901664,-171.352390007564,NA,3.02457828752002
"F-23",2001,20.3791654422815,56.6675414901664,-171.352390007564,4,3.01458294417403
"F-23",2002,0,56.6675414901664,-171.352390007564,3.7,-6.55436829794885
"F-23",2003,0,56.6675414901664,-171.352390007564,4.6,-6.55436829794885
"F-23",2004,0,56.6675414901664,-171.352390007564,4.2,-6.55436829794885
"F-23",2006,0,56.6675414901664,-171.352390007564,4,-6.55436829794885
"F-23",2007,0,56.6675414901664,-171.352390007564,3.3,-6.55436829794885
"F-23",2008,140.911414649804,56.6675414901664,-171.352390007564,3,4.94814153279378
"F-23",2009,214.377765601865,56.6675414901664,-171.352390007564,3.3,5.36774636051137
"F-23",2010,0,56.6675414901664,-171.352390007564,3.7,-6.55436829794885
"F-23",2011,0,56.6675414901664,-171.352390007564,3.6,-6.55436829794885
"F-23",2012,0,56.6675414901664,-171.352390007564,2.9,-6.55436829794885
"F-23",2013,0,56.6675414901664,-171.352390007564,3.7,-6.55436829794885
"F-23",2014,0,56.6675414901664,-171.352390007564,4.2,-6.55436829794885
"F-23",2015,82.9736149091721,56.6675414901664,-171.352390007564,4.4,4.41853982511089
"F-23",2016,6955.57708753278,56.6675414901664,-171.352390007564,4.8,8.84729928010968
"F-23",2017,7010.079729639,56.6675414901664,-171.352390007564,4.4,8.85510455678346
"F-23",2018,8998.99695319902,56.6675414901664,-171.352390007564,4.1,9.10486855868957
"F-23",2019,150.456666700365,56.6675414901664,-171.352390007564,4.4,5.01368457751863
"F-23",2021,0,56.6675414901664,-171.352390007564,4.2,-6.55436829794885
"F-23",2022,0,56.6675414901664,-171.352390007564,3.4,-6.55436829794885
"F-23",2023,0,56.6675414901664,-171.352390007564,4.1,-6.55436829794885
"F-24",1988,0,56.6842522429907,-171.946999260833,3.8,-6.55436829794885
"F-24",1989,213.208788789416,56.6842522429907,-171.946999260833,4,5.36227859298059
"F-24",1990,123.488397510879,56.6842522429907,-171.946999260833,3.8,4.81615873480049
"F-24",1991,2598.8952482795,56.6842522429907,-171.946999260833,3.5,7.86284227708378
"F-24",1992,19.7375696747508,56.6842522429907,-171.946999260833,3.9,2.98259604774117
"F-24",1993,22.1690424057009,56.6842522429907,-171.946999260833,4,3.09876105578201
"F-24",1994,0,56.6842522429907,-171.946999260833,2.9,-6.55436829794885
"F-24",1995,642.557158166066,56.6842522429907,-171.946999260833,3.5,6.4654579908979
"F-24",1996,0,56.6842522429907,-171.946999260833,4,-6.55436829794885
"F-24",1997,0,56.6842522429907,-171.946999260833,4.4,-6.55436829794885
"F-24",1998,0,56.6842522429907,-171.946999260833,3.6,-6.55436829794885
"F-24",1999,0,56.6842522429907,-171.946999260833,2.7,-6.55436829794885
"F-24",2000,0,56.6842522429907,-171.946999260833,3.9,-6.55436829794885
"F-24",2001,0,56.6842522429907,-171.946999260833,4.2,-6.55436829794885
"F-24",2002,0,56.6842522429907,-171.946999260833,3.6,-6.55436829794885
"F-24",2003,0,56.6842522429907,-171.946999260833,4.6,-6.55436829794885
"F-24",2004,0,56.6842522429907,-171.946999260833,NA,-6.55436829794885
"F-24",2005,0,56.6842522429907,-171.946999260833,NA,-6.55436829794885
"F-24",2006,0,56.6842522429907,-171.946999260833,4,-6.55436829794885
"F-24",2007,0,56.6842522429907,-171.946999260833,3.4,-6.55436829794885
"F-24",2008,0,56.6842522429907,-171.946999260833,3.2,-6.55436829794885
"F-24",2009,0,56.6842522429907,-171.946999260833,3.3,-6.55436829794885
"F-24",2010,0,56.6842522429907,-171.946999260833,3.7,-6.55436829794885
"F-24",2011,0,56.6842522429907,-171.946999260833,3.7,-6.55436829794885
"F-24",2012,0,56.6842522429907,-171.946999260833,2.8,-6.55436829794885
"F-24",2013,0,56.6842522429907,-171.946999260833,3.7,-6.55436829794885
"F-24",2014,0,56.6842522429907,-171.946999260833,4.3,-6.55436829794885
"F-24",2015,0,56.6842522429907,-171.946999260833,4.6,-6.55436829794885
"F-24",2016,0,56.6842522429907,-171.946999260833,4.7,-6.55436829794885
"F-24",2017,21.0669550203413,56.6842522429907,-171.946999260833,4.1,3.04777328619425
"F-24",2018,0,56.6842522429907,-171.946999260833,4.3,-6.55436829794885
"F-24",2019,38.7696804469206,56.6842522429907,-171.946999260833,4.4,3.6576752353879
"F-24",2021,0,56.6842522429907,-171.946999260833,4.1,-6.55436829794885
"F-24",2022,0,56.6842522429907,-171.946999260833,3.6,-6.55436829794885
"F-24",2023,0,56.6842522429907,-171.946999260833,4.1,-6.55436829794885
"F-25",1988,0,56.6701458461538,-172.569595307692,4,-6.55436829794885
"F-25",1989,39.947759769647,56.6701458461538,-172.569595307692,3.7,3.68760823775317
"F-25",1990,0,56.6701458461538,-172.569595307692,3.8,-6.55436829794885
"F-25",1991,0,56.6701458461538,-172.569595307692,3.4,-6.55436829794885
"F-25",1992,0,56.6701458461538,-172.569595307692,3.8,-6.55436829794885
"F-25",1993,0,56.6701458461538,-172.569595307692,4,-6.55436829794885
"F-25",1994,108.275692637322,56.6701458461538,-172.569595307692,NA,4.6846938345372
"F-25",1995,0,56.6701458461538,-172.569595307692,3.5,-6.55436829794885
"F-25",1996,0,56.6701458461538,-172.569595307692,4,-6.55436829794885
"F-25",1997,0,56.6701458461538,-172.569595307692,4.1,-6.55436829794885
"F-25",1998,0,56.6701458461538,-172.569595307692,3.6,-6.55436829794885
"F-25",1999,0,56.6701458461538,-172.569595307692,2.8,-6.55436829794885
"F-25",2000,0,56.6701458461538,-172.569595307692,3.8,-6.55436829794885
"F-25",2001,0,56.6701458461538,-172.569595307692,3.8,-6.55436829794885
"F-25",2002,0,56.6701458461538,-172.569595307692,3.9,-6.55436829794885
"F-25",2003,0,56.6701458461538,-172.569595307692,4.5,-6.55436829794885
"F-25",2004,0,56.6701458461538,-172.569595307692,4.2,-6.55436829794885
"F-25",2005,0,56.6701458461538,-172.569595307692,4,-6.55436829794885
"F-25",2006,18.8360815427403,56.6701458461538,-172.569595307692,3.8,2.93584985193094
"F-25",2007,0,56.6701458461538,-172.569595307692,3.5,-6.55436829794885
"F-25",2008,0,56.6701458461538,-172.569595307692,3.2,-6.55436829794885
"F-25",2009,0,56.6701458461538,-172.569595307692,3.3,-6.55436829794885
"F-25",2010,0,56.6701458461538,-172.569595307692,3.7,-6.55436829794885
"F-25",2011,0,56.6701458461538,-172.569595307692,3.7,-6.55436829794885
"F-25",2012,0,56.6701458461538,-172.569595307692,3.1,-6.55436829794885
"F-25",2013,0,56.6701458461538,-172.569595307692,3.6,-6.55436829794885
"F-25",2014,0,56.6701458461538,-172.569595307692,4.2,-6.55436829794885
"F-25",2015,0,56.6701458461538,-172.569595307692,4.6,-6.55436829794885
"F-25",2016,0,56.6701458461538,-172.569595307692,4.7,-6.55436829794885
"F-25",2017,0,56.6701458461538,-172.569595307692,4.1,-6.55436829794885
"F-25",2018,0,56.6701458461538,-172.569595307692,4.3,-6.55436829794885
"F-25",2019,0,56.6701458461538,-172.569595307692,4.4,-6.55436829794885
"F-25",2021,0,56.6701458461538,-172.569595307692,4,-6.55436829794885
"F-25",2022,0,56.6701458461538,-172.569595307692,3.9,-6.55436829794885
"F-25",2023,0,56.6701458461538,-172.569595307692,4.1,-6.55436829794885
"G-01",1988,217.228764791285,57.0031412529183,-167.701882435798,1.8,5.38095756861027
"G-01",1989,167.597960587099,57.0031412529183,-167.701882435798,3.7,5.12157651542281
"G-01",1990,111.556834349217,57.0031412529183,-167.701882435798,2.1,4.71454694979471
"G-01",1991,98.2087399623524,57.0031412529183,-167.701882435798,2.5,4.58710971147503
"G-01",1992,0,57.0031412529183,-167.701882435798,0.9,-6.55436829794885
"G-01",1993,167.005621270956,57.0031412529183,-167.701882435798,2.7,5.11803599807189
"G-01",1994,133.916411906274,57.0031412529183,-167.701882435798,1.8,4.89722644612915
"G-01",1995,370.926707406166,57.0031412529183,-167.701882435798,0.3,5.91600832763776
"G-01",1996,342.334185800938,57.0031412529183,-167.701882435798,NA,5.83579157075048
"G-01",1997,0,57.0031412529183,-167.701882435798,2.2,-6.55436829794885
"G-01",1998,20.139637710017,57.0031412529183,-167.701882435798,3.6,3.00276059653032
"G-01",1999,40.5689967518412,57.0031412529183,-167.701882435798,2.2,3.70303924526649
"G-01",2000,19.370704741764,57.0031412529183,-167.701882435798,2.5,2.96383536419559
"G-01",2001,22.2647857227574,57.0031412529183,-167.701882435798,3.2,3.10307026493371
"G-01",2002,0,57.0031412529183,-167.701882435798,3.2,-6.55436829794885
"G-01",2003,0,57.0031412529183,-167.701882435798,NA,-6.55436829794885
"G-01",2004,0,57.0031412529183,-167.701882435798,3.5,-6.55436829794885
"G-01",2005,0,57.0031412529183,-167.701882435798,3.7,-6.55436829794885
"G-01",2006,20.0608574457141,57.0031412529183,-167.701882435798,2.8,2.99884150128024
"G-01",2007,128.284501446131,57.0031412529183,-167.701882435798,1.3,4.85426156434273
"G-01",2008,0,57.0031412529183,-167.701882435798,0.4,-6.55436829794885
"G-01",2009,59.5211012079173,57.0031412529183,-167.701882435798,-0.5,4.08635481385159
"G-01",2010,57.0756157901766,57.0031412529183,-167.701882435798,-0.7,4.04440192847865
"G-01",2011,228.44797246365,57.0031412529183,-167.701882435798,3.4,5.43131472561446
"G-01",2012,0,57.0031412529183,-167.701882435798,0.2,-6.55436829794885
"G-01",2013,0,57.0031412529183,-167.701882435798,0.9,-6.55436829794885
"G-01",2014,0,57.0031412529183,-167.701882435798,3.2,-6.55436829794885
"G-01",2015,0,57.0031412529183,-167.701882435798,3.5,-6.55436829794885
"G-01",2016,0,57.0031412529183,-167.701882435798,4.5,-6.55436829794885
"G-01",2017,0,57.0031412529183,-167.701882435798,1.8,-6.55436829794885
"G-01",2018,0,57.0031412529183,-167.701882435798,4.7,-6.55436829794885
"G-01",2019,0,57.0031412529183,-167.701882435798,4.3,-6.55436829794885
"G-01",2021,20.7795558673575,57.0031412529183,-167.701882435798,3.7,3.03403813323188
"G-01",2022,0,57.0031412529183,-167.701882435798,2.5,-6.55436829794885
"G-01",2023,19.7768213004573,57.0031412529183,-167.701882435798,3.4,2.98458260550013
"G-02",1988,807.456663719203,56.9972678114843,-167.093258201517,1.6,6.69389114985038
"G-02",1989,94.7513197504023,56.9972678114843,-167.093258201517,3.5,4.55127080008636
"G-02",1990,42.2527743862441,56.9972678114843,-167.093258201517,2.5,3.74370371616353
"G-02",1991,20.7955876147521,56.9972678114843,-167.093258201517,2.9,3.03480929834634
"G-02",1992,0,56.9972678114843,-167.093258201517,1.1,-6.55436829794885
"G-02",1993,0,56.9972678114843,-167.093258201517,3,-6.55436829794885
"G-02",1994,21.5551962153508,56.9972678114843,-167.093258201517,2.4,3.07068296646965
"G-02",1995,43.7328576619312,56.9972678114843,-167.093258201517,0.6,3.7781322692528
"G-02",1996,120.765794920157,56.9972678114843,-167.093258201517,3.1,4.7938648811425
"G-02",1997,0,56.9972678114843,-167.093258201517,1.9,-6.55436829794885
"G-02",1998,0,56.9972678114843,-167.093258201517,3.7,-6.55436829794885
"G-02",1999,0,56.9972678114843,-167.093258201517,2.1,-6.55436829794885
"G-02",2000,22.6410163458066,56.9972678114843,-167.093258201517,2.6,3.11982603144274
"G-02",2001,0,56.9972678114843,-167.093258201517,4.1,-6.55436829794885
"G-02",2002,0,56.9972678114843,-167.093258201517,3.4,-6.55436829794885
"G-02",2003,0,56.9972678114843,-167.093258201517,3.8,-6.55436829794885
"G-02",2004,0,56.9972678114843,-167.093258201517,3.5,-6.55436829794885
"G-02",2005,0,56.9972678114843,-167.093258201517,3.6,-6.55436829794885
"G-02",2006,0,56.9972678114843,-167.093258201517,2.6,-6.55436829794885
"G-02",2007,0,56.9972678114843,-167.093258201517,1.2,-6.55436829794885
"G-02",2008,0,56.9972678114843,-167.093258201517,0.7,-6.55436829794885
"G-02",2009,162.196252388712,56.9972678114843,-167.093258201517,-0.8,5.08881581525788
"G-02",2010,1448.11236133473,56.9972678114843,-167.093258201517,-0.4,7.27801715080916
"G-02",2011,67.9070546023708,56.9972678114843,-167.093258201517,3.4,4.21816089399211
"G-02",2012,0,56.9972678114843,-167.093258201517,-0.5,-6.55436829794885
"G-02",2013,0,56.9972678114843,-167.093258201517,1.1,-6.55436829794885
"G-02",2014,0,56.9972678114843,-167.093258201517,3.4,-6.55436829794885
"G-02",2015,0,56.9972678114843,-167.093258201517,3.5,-6.55436829794885
"G-02",2016,0,56.9972678114843,-167.093258201517,4.4,-6.55436829794885
"G-02",2017,0,56.9972678114843,-167.093258201517,1.5,-6.55436829794885
"G-02",2018,0,56.9972678114843,-167.093258201517,4.9,-6.55436829794885
"G-02",2019,0,56.9972678114843,-167.093258201517,4.3,-6.55436829794885
"G-02",2021,0,56.9972678114843,-167.093258201517,3.8,-6.55436829794885
"G-02",2022,0,56.9972678114843,-167.093258201517,2.9,-6.55436829794885
"G-02",2023,0,56.9972678114843,-167.093258201517,3.3,-6.55436829794885
"G-03",1988,246.914172693141,57.0065801099405,-166.462507333944,1.1,5.50904656395988
"G-03",1989,193.362984084251,57.0065801099405,-166.462507333944,3.2,5.26457653281673
"G-03",1990,43.4154629129856,57.0065801099405,-166.462507333944,2.1,3.77084846208774
"G-03",1991,19.8624657898992,57.0065801099405,-166.462507333944,2.7,2.98890349401965
"G-03",1992,29.8397804044287,57.0065801099405,-166.462507333944,NA,3.39589013264723
"G-03",1993,40.1606893508577,57.0065801099405,-166.462507333944,3.3,3.69292409434045
"G-03",1994,0,57.0065801099405,-166.462507333944,1.4,-6.55436829794885
"G-03",1995,83.0508153991278,57.0065801099405,-166.462507333944,NA,4.41946979874433
"G-03",1996,129.185412668269,57.0065801099405,-166.462507333944,1.5,4.86125970187251
"G-03",1997,87.0715764387512,57.0065801099405,-166.462507333944,1.4,4.46674685096744
"G-03",1998,18.8680636307413,57.0065801099405,-166.462507333944,3.6,2.93754620017718
"G-03",1999,39.2885775994219,57.0065801099405,-166.462507333944,1.5,3.6709700712765
"G-03",2000,19.8217402222117,57.0065801099405,-166.462507333944,2.1,2.98685115815153
"G-03",2001,0,57.0065801099405,-166.462507333944,3.1,-6.55436829794885
"G-03",2002,0,57.0065801099405,-166.462507333944,2.2,-6.55436829794885
"G-03",2003,0,57.0065801099405,-166.462507333944,3.6,-6.55436829794885
"G-03",2004,0,57.0065801099405,-166.462507333944,3.2,-6.55436829794885
"G-03",2005,0,57.0065801099405,-166.462507333944,3.4,-6.55436829794885
"G-03",2006,0,57.0065801099405,-166.462507333944,1.9,-6.55436829794885
"G-03",2007,0,57.0065801099405,-166.462507333944,0.8,-6.55436829794885
"G-03",2008,0,57.0065801099405,-166.462507333944,0.7,-6.55436829794885
"G-03",2009,22.3160419358188,57.0065801099405,-166.462507333944,-1,3.10536959244126
"G-03",2010,40.6938573278425,57.0065801099405,-166.462507333944,-0.3,3.70611214493807
"G-03",2011,447.458010370084,57.0065801099405,-166.462507333944,1.6,6.10358588389008
"G-03",2012,39.0111483135171,57.0065801099405,-166.462507333944,-0.6,3.6638839581705
"G-03",2013,0,57.0065801099405,-166.462507333944,0.6,-6.55436829794885
"G-03",2014,21.1052860203256,57.0065801099405,-166.462507333944,3.3,3.04959099478122
"G-03",2015,0,57.0065801099405,-166.462507333944,3.7,-6.55436829794885
"G-03",2016,0,57.0065801099405,-166.462507333944,4.2,-6.55436829794885
"G-03",2017,0,57.0065801099405,-166.462507333944,0.5,-6.55436829794885
"G-03",2018,0,57.0065801099405,-166.462507333944,4.8,-6.55436829794885
"G-03",2019,0,57.0065801099405,-166.462507333944,4.1,-6.55436829794885
"G-03",2021,0,57.0065801099405,-166.462507333944,3.4,-6.55436829794885
"G-03",2022,0,57.0065801099405,-166.462507333944,2.1,-6.55436829794885
"G-03",2023,0,57.0065801099405,-166.462507333944,3,-6.55436829794885
"G-04",1988,141.12255023341,56.9988120130152,-165.851681006508,0.9,4.94963875311099
"G-04",1989,64.3393092252638,56.9988120130152,-165.851681006508,2,4.16419291601572
"G-04",1990,23.7005010241296,56.9988120130152,-165.851681006508,NA,3.16555626451306
"G-04",1991,17.2372683932016,56.9988120130152,-165.851681006508,1.9,2.84715640825487
"G-04",1992,0,56.9988120130152,-165.851681006508,NA,-6.55436829794885
"G-04",1993,90.0901950303024,56.9988120130152,-165.851681006508,2.5,4.500827140447
"G-04",1994,42.8232002771934,56.9988120130152,-165.851681006508,1.1,3.75711326797192
"G-04",1995,62.0987505706417,56.9988120130152,-165.851681006508,-0.2,4.12874879815761
"G-04",1996,100.003686317469,56.9988120130152,-165.851681006508,1.2,4.60522128667764
"G-04",1997,0,56.9988120130152,-165.851681006508,0.9,-6.55436829794885
"G-04",1998,272.767141645454,56.9988120130152,-165.851681006508,3,5.60862369032519
"G-04",1999,37.1848942654846,56.9988120130152,-165.851681006508,0,3.61594090189425
"G-04",2000,42.4781036180919,56.9988120130152,-165.851681006508,1.9,3.74902225399386
"G-04",2001,0,56.9988120130152,-165.851681006508,2.8,-6.55436829794885
"G-04",2002,0,56.9988120130152,-165.851681006508,3.4,-6.55436829794885
"G-04",2003,0,56.9988120130152,-165.851681006508,3.3,-6.55436829794885
"G-04",2004,0,56.9988120130152,-165.851681006508,3.1,-6.55436829794885
"G-04",2005,0,56.9988120130152,-165.851681006508,3.4,-6.55436829794885
"G-04",2006,0,56.9988120130152,-165.851681006508,1.8,-6.55436829794885
"G-04",2007,0,56.9988120130152,-165.851681006508,0.9,-6.55436829794885
"G-04",2008,19.7783518800925,56.9988120130152,-165.851681006508,0.2,2.98465998953499
"G-04",2009,21.0366284053551,56.9988120130152,-165.851681006508,-1,3.04633281169318
"G-04",2010,19.9661706543826,56.9988120130152,-165.851681006508,-0.2,2.99411068631353
"G-04",2011,333.606971949673,56.9988120130152,-165.851681006508,1.6,5.80996783752919
"G-04",2012,100.048259706206,56.9988120130152,-165.851681006508,-1,4.60566689848859
"G-04",2013,21.0700373300863,56.9988120130152,-165.851681006508,0.4,3.047919575774
"G-04",2014,0,56.9988120130152,-165.851681006508,3.2,-6.55436829794885
"G-04",2015,0,56.9988120130152,-165.851681006508,3.8,-6.55436829794885
"G-04",2016,0,56.9988120130152,-165.851681006508,4.2,-6.55436829794885
"G-04",2017,0,56.9988120130152,-165.851681006508,0.4,-6.55436829794885
"G-04",2018,0,56.9988120130152,-165.851681006508,4.1,-6.55436829794885
"G-04",2019,0,56.9988120130152,-165.851681006508,4,-6.55436829794885
"G-04",2021,0,56.9988120130152,-165.851681006508,3.5,-6.55436829794885
"G-04",2022,0,56.9988120130152,-165.851681006508,1.9,-6.55436829794885
"G-04",2023,0,56.9988120130152,-165.851681006508,3,-6.55436829794885
"G-05",1988,0,56.9990202008457,-165.212070163848,1.3,-6.55436829794885
"G-05",1989,231.839316428893,56.9990202008457,-165.212070163848,1.5,5.44605067176493
"G-05",1990,71.6239837110077,56.9990202008457,-165.212070163848,2,4.27144986567225
"G-05",1991,0,56.9990202008457,-165.212070163848,2.1,-6.55436829794885
"G-05",1992,0,56.9990202008457,-165.212070163848,-0.4,-6.55436829794885
"G-05",1993,19.8053250681126,56.9990202008457,-165.212070163848,1.9,2.98602273569118
"G-05",1994,0,56.9990202008457,-165.212070163848,1.3,-6.55436829794885
"G-05",1995,0,56.9990202008457,-165.212070163848,-0.5,-6.55436829794885
"G-05",1996,0,56.9990202008457,-165.212070163848,1,-6.55436829794885
"G-05",1997,36.1711170706032,56.9990202008457,-165.212070163848,0.8,3.58830029377734
"G-05",1998,61.5896444136096,56.9990202008457,-165.212070163848,2.2,4.12051686482636
"G-05",1999,0,56.9990202008457,-165.212070163848,0.7,-6.55436829794885
"G-05",2000,0,56.9990202008457,-165.212070163848,1.7,-6.55436829794885
"G-05",2001,0,56.9990202008457,-165.212070163848,2.8,-6.55436829794885
"G-05",2002,0,56.9990202008457,-165.212070163848,3.9,-6.55436829794885
"G-05",2003,0,56.9990202008457,-165.212070163848,2.7,-6.55436829794885
"G-05",2004,0,56.9990202008457,-165.212070163848,3.1,-6.55436829794885
"G-05",2005,0,56.9990202008457,-165.212070163848,3.2,-6.55436829794885
"G-05",2006,0,56.9990202008457,-165.212070163848,1.5,-6.55436829794885
"G-05",2007,0,56.9990202008457,-165.212070163848,0.9,-6.55436829794885
"G-05",2008,0,56.9990202008457,-165.212070163848,0,-6.55436829794885
"G-05",2009,20.4078421865924,56.9990202008457,-165.212070163848,-0.8,3.01598901677513
"G-05",2010,0,56.9990202008457,-165.212070163848,-1,-6.55436829794885
"G-05",2011,101.661488866998,56.9990202008457,-165.212070163848,1.2,4.62166256347777
"G-05",2012,22.9297795771193,56.9990202008457,-165.212070163848,-0.8,3.13249857953843
"G-05",2013,19.9472428920348,56.9990202008457,-165.212070163848,0.1,2.99316231273619
"G-05",2014,0,56.9990202008457,-165.212070163848,3.1,-6.55436829794885
"G-05",2015,0,56.9990202008457,-165.212070163848,3.6,-6.55436829794885
"G-05",2016,0,56.9990202008457,-165.212070163848,4.6,-6.55436829794885
"G-05",2017,0,56.9990202008457,-165.212070163848,0.4,-6.55436829794885
"G-05",2018,0,56.9990202008457,-165.212070163848,3.8,-6.55436829794885
"G-05",2019,0,56.9990202008457,-165.212070163848,3.9,-6.55436829794885
"G-05",2021,0,56.9990202008457,-165.212070163848,2.6,-6.55436829794885
"G-05",2022,0,56.9990202008457,-165.212070163848,1.5,-6.55436829794885
"G-05",2023,0,56.9990202008457,-165.212070163848,2.6,-6.55436829794885
"G-06",1988,28.1299027504362,56.9932880366775,-164.607992988134,0.5,3.33688378216074
"G-06",1989,43.2566681086847,56.9932880366775,-164.607992988134,1.3,3.76718431392895
"G-06",1990,0,56.9932880366775,-164.607992988134,4,-6.55436829794885
"G-06",1991,0,56.9932880366775,-164.607992988134,2.5,-6.55436829794885
"G-06",1992,0,56.9932880366775,-164.607992988134,NA,-6.55436829794885
"G-06",1993,0,56.9932880366775,-164.607992988134,1.9,-6.55436829794885
"G-06",1994,0,56.9932880366775,-164.607992988134,1.7,-6.55436829794885
"G-06",1995,0,56.9932880366775,-164.607992988134,-0.3,-6.55436829794885
"G-06",1996,92.628881951794,56.9932880366775,-164.607992988134,1.2,4.52861636493215
"G-06",1997,0,56.9932880366775,-164.607992988134,1,-6.55436829794885
"G-06",1998,21.5904132984605,56.9932880366775,-164.607992988134,2.9,3.07231533495518
"G-06",1999,20.9524355299832,56.9932880366775,-164.607992988134,-0.2,3.04232284954659
"G-06",2000,0,56.9932880366775,-164.607992988134,1.5,-6.55436829794885
"G-06",2001,0,56.9932880366775,-164.607992988134,2.5,-6.55436829794885
"G-06",2002,0,56.9932880366775,-164.607992988134,4,-6.55436829794885
"G-06",2003,0,56.9932880366775,-164.607992988134,2.3,-6.55436829794885
"G-06",2004,0,56.9932880366775,-164.607992988134,2.8,-6.55436829794885
"G-06",2005,0,56.9932880366775,-164.607992988134,NA,-6.55436829794885
"G-06",2006,0,56.9932880366775,-164.607992988134,2,-6.55436829794885
"G-06",2007,0,56.9932880366775,-164.607992988134,0.4,-6.55436829794885
"G-06",2008,0,56.9932880366775,-164.607992988134,0,-6.55436829794885
"G-06",2009,0,56.9932880366775,-164.607992988134,-0.4,-6.55436829794885
"G-06",2010,20.6693360842608,56.9932880366775,-164.607992988134,-1,3.02872013965123
"G-06",2011,24.1175975783924,56.9932880366775,-164.607992988134,2,3.18300080140271
"G-06",2012,0,56.9932880366775,-164.607992988134,-0.9,-6.55436829794885
"G-06",2013,0,56.9932880366775,-164.607992988134,0.1,-6.55436829794885
"G-06",2014,0,56.9932880366775,-164.607992988134,2.8,-6.55436829794885
"G-06",2015,0,56.9932880366775,-164.607992988134,3.3,-6.55436829794885
"G-06",2016,0,56.9932880366775,-164.607992988134,4.8,-6.55436829794885
"G-06",2017,0,56.9932880366775,-164.607992988134,0,-6.55436829794885
"G-06",2018,111.963767496262,56.9932880366775,-164.607992988134,4,4.71818803172443
"G-06",2019,0,56.9932880366775,-164.607992988134,4,-6.55436829794885
"G-06",2021,0,56.9932880366775,-164.607992988134,2.4,-6.55436829794885
"G-06",2022,0,56.9932880366775,-164.607992988134,2.3,-6.55436829794885
"G-06",2023,0,56.9932880366775,-164.607992988134,2.8,-6.55436829794885
"G-07",1988,0,57.0147981395349,-163.993271976744,1.1,-6.55436829794885
"G-07",1989,0,57.0147981395349,-163.993271976744,1.5,-6.55436829794885
"G-07",1990,0,57.0147981395349,-163.993271976744,2.2,-6.55436829794885
"G-07",1991,0,57.0147981395349,-163.993271976744,2.6,-6.55436829794885
"G-07",1992,20.9188144442312,57.0147981395349,-163.993271976744,-0.4,3.04071703140159
"G-07",1993,0,57.0147981395349,-163.993271976744,1.9,-6.55436829794885
"G-07",1994,0,57.0147981395349,-163.993271976744,1.1,-6.55436829794885
"G-07",1995,0,57.0147981395349,-163.993271976744,0.1,-6.55436829794885
"G-07",1996,0,57.0147981395349,-163.993271976744,1.5,-6.55436829794885
"G-07",1997,42.7451759917877,57.0147981395349,-163.993271976744,0.8,3.75528965710483
"G-07",1998,39.7447857072495,57.0147981395349,-163.993271976744,3,3.68251448030966
"G-07",1999,59.0383609669093,57.0147981395349,-163.993271976744,-0.8,4.07821153612842
"G-07",2000,41.2077093945209,57.0147981395349,-163.993271976744,1.4,3.71865991325799
"G-07",2001,0,57.0147981395349,-163.993271976744,2.4,-6.55436829794885
"G-07",2002,0,57.0147981395349,-163.993271976744,2.8,-6.55436829794885
"G-07",2003,0,57.0147981395349,-163.993271976744,2.5,-6.55436829794885
"G-07",2004,0,57.0147981395349,-163.993271976744,2.5,-6.55436829794885
"G-07",2005,0,57.0147981395349,-163.993271976744,NA,-6.55436829794885
"G-07",2006,0,57.0147981395349,-163.993271976744,1.9,-6.55436829794885
"G-07",2007,0,57.0147981395349,-163.993271976744,0.1,-6.55436829794885
"G-07",2008,0,57.0147981395349,-163.993271976744,0.4,-6.55436829794885
"G-07",2009,0,57.0147981395349,-163.993271976744,-0.2,-6.55436829794885
"G-07",2010,0,57.0147981395349,-163.993271976744,-1,-6.55436829794885
"G-07",2011,42.2902818836999,57.0147981395349,-163.993271976744,1.2,3.74459098563791
"G-07",2012,0,57.0147981395349,-163.993271976744,-0.8,-6.55436829794885
"G-07",2013,0,57.0147981395349,-163.993271976744,0,-6.55436829794885
"G-07",2014,0,57.0147981395349,-163.993271976744,3.3,-6.55436829794885
"G-07",2015,0,57.0147981395349,-163.993271976744,3.6,-6.55436829794885
"G-07",2016,0,57.0147981395349,-163.993271976744,4.7,-6.55436829794885
"G-07",2017,0,57.0147981395349,-163.993271976744,-0.5,-6.55436829794885
"G-07",2018,0,57.0147981395349,-163.993271976744,3.9,-6.55436829794885
"G-07",2019,0,57.0147981395349,-163.993271976744,4,-6.55436829794885
"G-07",2021,0,57.0147981395349,-163.993271976744,3,-6.55436829794885
"G-07",2022,0,57.0147981395349,-163.993271976744,2.4,-6.55436829794885
"G-07",2023,0,57.0147981395349,-163.993271976744,2.8,-6.55436829794885
"G-08",1988,0,57.0039678212291,-163.395090782123,0.5,-6.55436829794885
"G-08",1989,0,57.0039678212291,-163.395090782123,1,-6.55436829794885
"G-08",1990,0,57.0039678212291,-163.395090782123,2.5,-6.55436829794885
"G-08",1991,0,57.0039678212291,-163.395090782123,2.8,-6.55436829794885
"G-08",1992,0,57.0039678212291,-163.395090782123,0.7,-6.55436829794885
"G-08",1993,0,57.0039678212291,-163.395090782123,2.5,-6.55436829794885
"G-08",1994,0,57.0039678212291,-163.395090782123,1.7,-6.55436829794885
"G-08",1995,0,57.0039678212291,-163.395090782123,0.6,-6.55436829794885
"G-08",1996,0,57.0039678212291,-163.395090782123,3.5,-6.55436829794885
"G-08",1997,0,57.0039678212291,-163.395090782123,1,-6.55436829794885
"G-08",1998,0,57.0039678212291,-163.395090782123,3.3,-6.55436829794885
"G-08",1999,81.6440450198094,57.0039678212291,-163.395090782123,-0.3,4.40238632371693
"G-08",2000,22.266053847012,57.0039678212291,-163.395090782123,0.9,3.10312721616909
"G-08",2001,0,57.0039678212291,-163.395090782123,2.5,-6.55436829794885
"G-08",2002,0,57.0039678212291,-163.395090782123,1.6,-6.55436829794885
"G-08",2003,0,57.0039678212291,-163.395090782123,3.7,-6.55436829794885
"G-08",2004,0,57.0039678212291,-163.395090782123,3.2,-6.55436829794885
"G-08",2005,0,57.0039678212291,-163.395090782123,3.4,-6.55436829794885
"G-08",2006,0,57.0039678212291,-163.395090782123,1.5,-6.55436829794885
"G-08",2007,0,57.0039678212291,-163.395090782123,0.8,-6.55436829794885
"G-08",2008,0,57.0039678212291,-163.395090782123,1.1,-6.55436829794885
"G-08",2009,0,57.0039678212291,-163.395090782123,0.4,-6.55436829794885
"G-08",2010,0,57.0039678212291,-163.395090782123,-0.6,-6.55436829794885
"G-08",2011,0,57.0039678212291,-163.395090782123,2,-6.55436829794885
"G-08",2012,0,57.0039678212291,-163.395090782123,-0.5,-6.55436829794885
"G-08",2013,0,57.0039678212291,-163.395090782123,0,-6.55436829794885
"G-08",2014,0,57.0039678212291,-163.395090782123,3.8,-6.55436829794885
"G-08",2015,0,57.0039678212291,-163.395090782123,4,-6.55436829794885
"G-08",2016,0,57.0039678212291,-163.395090782123,4.9,-6.55436829794885
"G-08",2017,0,57.0039678212291,-163.395090782123,0.6,-6.55436829794885
"G-08",2018,0,57.0039678212291,-163.395090782123,4.5,-6.55436829794885
"G-08",2019,0,57.0039678212291,-163.395090782123,4.1,-6.55436829794885
"G-08",2021,20.7019583892437,57.0039678212291,-163.395090782123,3.1,3.03029708167245
"G-08",2022,0,57.0039678212291,-163.395090782123,2.1,-6.55436829794885
"G-08",2023,0,57.0039678212291,-163.395090782123,2.7,-6.55436829794885
"G-09",1988,0,56.9924834653465,-162.784454257426,1.1,-6.55436829794885
"G-09",1989,0,56.9924834653465,-162.784454257426,1.7,-6.55436829794885
"G-09",1990,0,56.9924834653465,-162.784454257426,3,-6.55436829794885
"G-09",1991,0,56.9924834653465,-162.784454257426,2.3,-6.55436829794885
"G-09",1992,0,56.9924834653465,-162.784454257426,NA,-6.55436829794885
"G-09",1993,0,56.9924834653465,-162.784454257426,3.4,-6.55436829794885
"G-09",1994,0,56.9924834653465,-162.784454257426,1.6,-6.55436829794885
"G-09",1995,0,56.9924834653465,-162.784454257426,1.4,-6.55436829794885
"G-09",1996,0,56.9924834653465,-162.784454257426,4.4,-6.55436829794885
"G-09",1997,0,56.9924834653465,-162.784454257426,1.3,-6.55436829794885
"G-09",1998,0,56.9924834653465,-162.784454257426,3.3,-6.55436829794885
"G-09",1999,0,56.9924834653465,-162.784454257426,0,-6.55436829794885
"G-09",2000,0,56.9924834653465,-162.784454257426,0.8,-6.55436829794885
"G-09",2001,0,56.9924834653465,-162.784454257426,2.5,-6.55436829794885
"G-09",2002,0,56.9924834653465,-162.784454257426,2.7,-6.55436829794885
"G-09",2003,0,56.9924834653465,-162.784454257426,4.1,-6.55436829794885
"G-09",2004,0,56.9924834653465,-162.784454257426,3.7,-6.55436829794885
"G-09",2005,0,56.9924834653465,-162.784454257426,4.1,-6.55436829794885
"G-09",2006,0,56.9924834653465,-162.784454257426,2.1,-6.55436829794885
"G-09",2007,0,56.9924834653465,-162.784454257426,1.4,-6.55436829794885
"G-09",2008,0,56.9924834653465,-162.784454257426,0.7,-6.55436829794885
"G-09",2009,0,56.9924834653465,-162.784454257426,1,-6.55436829794885
"G-09",2010,0,56.9924834653465,-162.784454257426,0.8,-6.55436829794885
"G-09",2011,0,56.9924834653465,-162.784454257426,2.1,-6.55436829794885
"G-09",2012,0,56.9924834653465,-162.784454257426,0.1,-6.55436829794885
"G-09",2013,0,56.9924834653465,-162.784454257426,0.9,-6.55436829794885
"G-09",2014,0,56.9924834653465,-162.784454257426,4,-6.55436829794885
"G-09",2015,0,56.9924834653465,-162.784454257426,4.6,-6.55436829794885
"G-09",2016,0,56.9924834653465,-162.784454257426,5.3,-6.55436829794885
"G-09",2017,0,56.9924834653465,-162.784454257426,0.9,-6.55436829794885
"G-09",2018,0,56.9924834653465,-162.784454257426,4.6,-6.55436829794885
"G-09",2019,0,56.9924834653465,-162.784454257426,4.8,-6.55436829794885
"G-09",2021,0,56.9924834653465,-162.784454257426,3.8,-6.55436829794885
"G-09",2022,0,56.9924834653465,-162.784454257426,3.1,-6.55436829794885
"G-09",2023,0,56.9924834653465,-162.784454257426,2,-6.55436829794885
"G-10",1988,0,56.9988637142857,-162.170010285714,2.1,-6.55436829794885
"G-10",1989,0,56.9988637142857,-162.170010285714,1.8,-6.55436829794885
"G-10",1990,0,56.9988637142857,-162.170010285714,NA,-6.55436829794885
"G-10",1991,0,56.9988637142857,-162.170010285714,3,-6.55436829794885
"G-10",1992,0,56.9988637142857,-162.170010285714,2.1,-6.55436829794885
"G-10",1993,0,56.9988637142857,-162.170010285714,3.8,-6.55436829794885
"G-10",1994,0,56.9988637142857,-162.170010285714,2.4,-6.55436829794885
"G-10",1995,0,56.9988637142857,-162.170010285714,1.4,-6.55436829794885
"G-10",1996,0,56.9988637142857,-162.170010285714,4.5,-6.55436829794885
"G-10",1997,0,56.9988637142857,-162.170010285714,1.7,-6.55436829794885
"G-10",1998,0,56.9988637142857,-162.170010285714,3.4,-6.55436829794885
"G-10",1999,0,56.9988637142857,-162.170010285714,-0.3,-6.55436829794885
"G-10",2000,0,56.9988637142857,-162.170010285714,0.7,-6.55436829794885
"G-10",2001,0,56.9988637142857,-162.170010285714,3.3,-6.55436829794885
"G-10",2002,0,56.9988637142857,-162.170010285714,2.4,-6.55436829794885
"G-10",2003,0,56.9988637142857,-162.170010285714,4.4,-6.55436829794885
"G-10",2004,0,56.9988637142857,-162.170010285714,4.1,-6.55436829794885
"G-10",2005,0,56.9988637142857,-162.170010285714,4.1,-6.55436829794885
"G-10",2006,0,56.9988637142857,-162.170010285714,2.4,-6.55436829794885
"G-10",2007,0,56.9988637142857,-162.170010285714,1.6,-6.55436829794885
"G-10",2008,0,56.9988637142857,-162.170010285714,0.9,-6.55436829794885
"G-10",2009,0,56.9988637142857,-162.170010285714,1,-6.55436829794885
"G-10",2010,0,56.9988637142857,-162.170010285714,2.2,-6.55436829794885
"G-10",2011,0,56.9988637142857,-162.170010285714,2.3,-6.55436829794885
"G-10",2012,0,56.9988637142857,-162.170010285714,0.7,-6.55436829794885
"G-10",2013,0,56.9988637142857,-162.170010285714,1.9,-6.55436829794885
"G-10",2014,0,56.9988637142857,-162.170010285714,4.3,-6.55436829794885
"G-10",2015,0,56.9988637142857,-162.170010285714,4.9,-6.55436829794885
"G-10",2016,0,56.9988637142857,-162.170010285714,5.6,-6.55436829794885
"G-10",2017,0,56.9988637142857,-162.170010285714,3,-6.55436829794885
"G-10",2018,0,56.9988637142857,-162.170010285714,4.7,-6.55436829794885
"G-10",2019,0,56.9988637142857,-162.170010285714,4.9,-6.55436829794885
"G-10",2021,0,56.9988637142857,-162.170010285714,4.6,-6.55436829794885
"G-10",2022,0,56.9988637142857,-162.170010285714,3.7,-6.55436829794885
"G-10",2023,0,56.9988637142857,-162.170010285714,3,-6.55436829794885
"G-11",1988,0,57.0017725806452,-161.564160322581,1.9,-6.55436829794885
"G-11",1989,0,57.0017725806452,-161.564160322581,2,-6.55436829794885
"G-11",1990,0,57.0017725806452,-161.564160322581,2.6,-6.55436829794885
"G-11",1991,0,57.0017725806452,-161.564160322581,3,-6.55436829794885
"G-11",1992,0,57.0017725806452,-161.564160322581,NA,-6.55436829794885
"G-11",1993,0,57.0017725806452,-161.564160322581,3.2,-6.55436829794885
"G-11",1994,0,57.0017725806452,-161.564160322581,1.7,-6.55436829794885
"G-11",1995,0,57.0017725806452,-161.564160322581,2,-6.55436829794885
"G-11",1996,0,57.0017725806452,-161.564160322581,3.9,-6.55436829794885
"G-11",1997,0,57.0017725806452,-161.564160322581,NA,-6.55436829794885
"G-11",1998,0,57.0017725806452,-161.564160322581,3,-6.55436829794885
"G-11",1999,0,57.0017725806452,-161.564160322581,-0.3,-6.55436829794885
"G-11",2000,0,57.0017725806452,-161.564160322581,0.9,-6.55436829794885
"G-11",2001,0,57.0017725806452,-161.564160322581,3.5,-6.55436829794885
"G-11",2002,0,57.0017725806452,-161.564160322581,2.3,-6.55436829794885
"G-11",2003,0,57.0017725806452,-161.564160322581,4,-6.55436829794885
"G-11",2004,0,57.0017725806452,-161.564160322581,3.4,-6.55436829794885
"G-11",2005,0,57.0017725806452,-161.564160322581,3.7,-6.55436829794885
"G-11",2006,0,57.0017725806452,-161.564160322581,2.4,-6.55436829794885
"G-11",2007,0,57.0017725806452,-161.564160322581,1.2,-6.55436829794885
"G-11",2008,0,57.0017725806452,-161.564160322581,0.8,-6.55436829794885
"G-11",2009,0,57.0017725806452,-161.564160322581,0.9,-6.55436829794885
"G-11",2010,0,57.0017725806452,-161.564160322581,1.5,-6.55436829794885
"G-11",2011,0,57.0017725806452,-161.564160322581,2.8,-6.55436829794885
"G-11",2012,0,57.0017725806452,-161.564160322581,0.3,-6.55436829794885
"G-11",2013,0,57.0017725806452,-161.564160322581,2,-6.55436829794885
"G-11",2014,0,57.0017725806452,-161.564160322581,3.6,-6.55436829794885
"G-11",2015,0,57.0017725806452,-161.564160322581,4.6,-6.55436829794885
"G-11",2016,0,57.0017725806452,-161.564160322581,5.2,-6.55436829794885
"G-11",2017,0,57.0017725806452,-161.564160322581,2,-6.55436829794885
"G-11",2018,0,57.0017725806452,-161.564160322581,4.5,-6.55436829794885
"G-11",2019,0,57.0017725806452,-161.564160322581,4.8,-6.55436829794885
"G-11",2021,0,57.0017725806452,-161.564160322581,3.9,-6.55436829794885
"G-11",2022,0,57.0017725806452,-161.564160322581,3.3,-6.55436829794885
"G-11",2023,0,57.0017725806452,-161.564160322581,3.3,-6.55436829794885
"G-12",1988,0,57.001007027027,-160.951084054054,2.5,-6.55436829794885
"G-12",1989,0,57.001007027027,-160.951084054054,1.8,-6.55436829794885
"G-12",1990,0,57.001007027027,-160.951084054054,NA,-6.55436829794885
"G-12",1991,0,57.001007027027,-160.951084054054,3,-6.55436829794885
"G-12",1992,0,57.001007027027,-160.951084054054,2.6,-6.55436829794885
"G-12",1993,0,57.001007027027,-160.951084054054,3.7,-6.55436829794885
"G-12",1994,0,57.001007027027,-160.951084054054,2.6,-6.55436829794885
"G-12",1995,0,57.001007027027,-160.951084054054,2.3,-6.55436829794885
"G-12",1996,0,57.001007027027,-160.951084054054,4.2,-6.55436829794885
"G-12",1997,0,57.001007027027,-160.951084054054,2.6,-6.55436829794885
"G-12",1998,0,57.001007027027,-160.951084054054,3.4,-6.55436829794885
"G-12",1999,0,57.001007027027,-160.951084054054,-0.7,-6.55436829794885
"G-12",2000,0,57.001007027027,-160.951084054054,0.9,-6.55436829794885
"G-12",2001,0,57.001007027027,-160.951084054054,3.5,-6.55436829794885
"G-12",2002,0,57.001007027027,-160.951084054054,2.9,-6.55436829794885
"G-12",2003,0,57.001007027027,-160.951084054054,4.2,-6.55436829794885
"G-12",2004,0,57.001007027027,-160.951084054054,4,-6.55436829794885
"G-12",2005,0,57.001007027027,-160.951084054054,4.2,-6.55436829794885
"G-12",2006,0,57.001007027027,-160.951084054054,2,-6.55436829794885
"G-12",2007,0,57.001007027027,-160.951084054054,1.3,-6.55436829794885
"G-12",2008,0,57.001007027027,-160.951084054054,1.1,-6.55436829794885
"G-12",2009,0,57.001007027027,-160.951084054054,1.5,-6.55436829794885
"G-12",2010,0,57.001007027027,-160.951084054054,2.1,-6.55436829794885
"G-12",2011,0,57.001007027027,-160.951084054054,3.2,-6.55436829794885
"G-12",2012,0,57.001007027027,-160.951084054054,0.1,-6.55436829794885
"G-12",2013,0,57.001007027027,-160.951084054054,2.6,-6.55436829794885
"G-12",2014,0,57.001007027027,-160.951084054054,4.3,-6.55436829794885
"G-12",2015,0,57.001007027027,-160.951084054054,4.4,-6.55436829794885
"G-12",2016,0,57.001007027027,-160.951084054054,5.4,-6.55436829794885
"G-12",2017,0,57.001007027027,-160.951084054054,3.2,-6.55436829794885
"G-12",2018,0,57.001007027027,-160.951084054054,4.8,-6.55436829794885
"G-12",2019,0,57.001007027027,-160.951084054054,4.8,-6.55436829794885
"G-12",2021,0,57.001007027027,-160.951084054054,4,-6.55436829794885
"G-12",2022,0,57.001007027027,-160.951084054054,3.8,-6.55436829794885
"G-12",2023,0,57.001007027027,-160.951084054054,3.1,-6.55436829794885
"G-13",1988,0,56.99518,-160.335945,2.6,-6.55436829794885
"G-13",1989,0,56.99518,-160.335945,NA,-6.55436829794885
"G-13",1990,0,56.99518,-160.335945,3.4,-6.55436829794885
"G-13",1991,0,56.99518,-160.335945,3.4,-6.55436829794885
"G-13",1992,0,56.99518,-160.335945,NA,-6.55436829794885
"G-13",1993,0,56.99518,-160.335945,3.8,-6.55436829794885
"G-13",1994,0,56.99518,-160.335945,2.3,-6.55436829794885
"G-13",1995,0,56.99518,-160.335945,2.4,-6.55436829794885
"G-13",1996,0,56.99518,-160.335945,NA,-6.55436829794885
"G-13",1997,0,56.99518,-160.335945,2.8,-6.55436829794885
"G-13",1998,0,56.99518,-160.335945,3.8,-6.55436829794885
"G-13",1999,0,56.99518,-160.335945,-0.6,-6.55436829794885
"G-13",2000,0,56.99518,-160.335945,1.1,-6.55436829794885
"G-13",2001,0,56.99518,-160.335945,3.7,-6.55436829794885
"G-13",2002,0,56.99518,-160.335945,3.5,-6.55436829794885
"G-13",2003,0,56.99518,-160.335945,4.3,-6.55436829794885
"G-13",2004,0,56.99518,-160.335945,3.7,-6.55436829794885
"G-13",2005,0,56.99518,-160.335945,4.6,-6.55436829794885
"G-13",2006,0,56.99518,-160.335945,2.4,-6.55436829794885
"G-13",2007,0,56.99518,-160.335945,1.5,-6.55436829794885
"G-13",2008,0,56.99518,-160.335945,0.9,-6.55436829794885
"G-13",2009,0,56.99518,-160.335945,1,-6.55436829794885
"G-13",2010,0,56.99518,-160.335945,2.3,-6.55436829794885
"G-13",2011,0,56.99518,-160.335945,3.4,-6.55436829794885
"G-13",2012,0,56.99518,-160.335945,0.3,-6.55436829794885
"G-13",2013,0,56.99518,-160.335945,3,-6.55436829794885
"G-13",2014,0,56.99518,-160.335945,5,-6.55436829794885
"G-13",2015,0,56.99518,-160.335945,4.5,-6.55436829794885
"G-13",2016,0,56.99518,-160.335945,5.5,-6.55436829794885
"G-13",2017,0,56.99518,-160.335945,3.6,-6.55436829794885
"G-13",2018,0,56.99518,-160.335945,4.8,-6.55436829794885
"G-13",2019,0,56.99518,-160.335945,5.2,-6.55436829794885
"G-13",2021,0,56.99518,-160.335945,4.3,-6.55436829794885
"G-13",2022,0,56.99518,-160.335945,3.8,-6.55436829794885
"G-13",2023,0,56.99518,-160.335945,3.3,-6.55436829794885
"G-14",1988,0,56.9969705714286,-159.701606285714,3.5,-6.55436829794885
"G-14",1989,0,56.9969705714286,-159.701606285714,2.7,-6.55436829794885
"G-14",1990,0,56.9969705714286,-159.701606285714,NA,-6.55436829794885
"G-14",1991,0,56.9969705714286,-159.701606285714,3.6,-6.55436829794885
"G-14",1992,0,56.9969705714286,-159.701606285714,2.3,-6.55436829794885
"G-14",1993,0,56.9969705714286,-159.701606285714,4.1,-6.55436829794885
"G-14",1994,0,56.9969705714286,-159.701606285714,3,-6.55436829794885
"G-14",1995,0,56.9969705714286,-159.701606285714,2.3,-6.55436829794885
"G-14",1996,0,56.9969705714286,-159.701606285714,4.7,-6.55436829794885
"G-14",1997,0,56.9969705714286,-159.701606285714,3.8,-6.55436829794885
"G-14",1998,0,56.9969705714286,-159.701606285714,4.9,-6.55436829794885
"G-14",1999,0,56.9969705714286,-159.701606285714,-0.4,-6.55436829794885
"G-14",2000,0,56.9969705714286,-159.701606285714,1.3,-6.55436829794885
"G-14",2001,0,56.9969705714286,-159.701606285714,4,-6.55436829794885
"G-14",2002,0,56.9969705714286,-159.701606285714,4,-6.55436829794885
"G-14",2003,0,56.9969705714286,-159.701606285714,4.4,-6.55436829794885
"G-14",2004,0,56.9969705714286,-159.701606285714,3.9,-6.55436829794885
"G-14",2005,0,56.9969705714286,-159.701606285714,5.1,-6.55436829794885
"G-14",2006,0,56.9969705714286,-159.701606285714,2.9,-6.55436829794885
"G-14",2007,0,56.9969705714286,-159.701606285714,2.1,-6.55436829794885
"G-14",2008,0,56.9969705714286,-159.701606285714,1.3,-6.55436829794885
"G-14",2009,0,56.9969705714286,-159.701606285714,1.5,-6.55436829794885
"G-14",2010,0,56.9969705714286,-159.701606285714,2.6,-6.55436829794885
"G-14",2011,0,56.9969705714286,-159.701606285714,3.9,-6.55436829794885
"G-14",2012,0,56.9969705714286,-159.701606285714,0,-6.55436829794885
"G-14",2013,0,56.9969705714286,-159.701606285714,3.5,-6.55436829794885
"G-14",2014,0,56.9969705714286,-159.701606285714,5.5,-6.55436829794885
"G-14",2015,0,56.9969705714286,-159.701606285714,4.8,-6.55436829794885
"G-14",2016,0,56.9969705714286,-159.701606285714,5.8,-6.55436829794885
"G-14",2017,0,56.9969705714286,-159.701606285714,3.7,-6.55436829794885
"G-14",2018,0,56.9969705714286,-159.701606285714,5.1,-6.55436829794885
"G-14",2019,0,56.9969705714286,-159.701606285714,5.7,-6.55436829794885
"G-14",2021,0,56.9969705714286,-159.701606285714,4.9,-6.55436829794885
"G-14",2022,0,56.9969705714286,-159.701606285714,4.2,-6.55436829794885
"G-14",2023,0,56.9969705714286,-159.701606285714,3.7,-6.55436829794885
"G-15",1988,0,57.0054238888889,-159.122054166667,4.4,-6.55436829794885
"G-15",1989,0,57.0054238888889,-159.122054166667,4,-6.55436829794885
"G-15",1990,0,57.0054238888889,-159.122054166667,NA,-6.55436829794885
"G-15",1991,0,57.0054238888889,-159.122054166667,4.8,-6.55436829794885
"G-15",1992,0,57.0054238888889,-159.122054166667,NA,-6.55436829794885
"G-15",1993,0,57.0054238888889,-159.122054166667,5.9,-6.55436829794885
"G-15",1994,0,57.0054238888889,-159.122054166667,3.6,-6.55436829794885
"G-15",1995,0,57.0054238888889,-159.122054166667,3.2,-6.55436829794885
"G-15",1996,0,57.0054238888889,-159.122054166667,6,-6.55436829794885
"G-15",1997,0,57.0054238888889,-159.122054166667,5.3,-6.55436829794885
"G-15",1998,0,57.0054238888889,-159.122054166667,5.4,-6.55436829794885
"G-15",1999,0,57.0054238888889,-159.122054166667,-0.2,-6.55436829794885
"G-15",2000,0,57.0054238888889,-159.122054166667,2.8,-6.55436829794885
"G-15",2001,0,57.0054238888889,-159.122054166667,4.6,-6.55436829794885
"G-15",2002,0,57.0054238888889,-159.122054166667,5.3,-6.55436829794885
"G-15",2003,0,57.0054238888889,-159.122054166667,5.3,-6.55436829794885
"G-15",2004,0,57.0054238888889,-159.122054166667,6.2,-6.55436829794885
"G-15",2005,0,57.0054238888889,-159.122054166667,5.8,-6.55436829794885
"G-15",2006,0,57.0054238888889,-159.122054166667,4.3,-6.55436829794885
"G-15",2007,0,57.0054238888889,-159.122054166667,4.5,-6.55436829794885
"G-15",2008,0,57.0054238888889,-159.122054166667,2.1,-6.55436829794885
"G-15",2009,0,57.0054238888889,-159.122054166667,3.6,-6.55436829794885
"G-15",2010,0,57.0054238888889,-159.122054166667,3.1,-6.55436829794885
"G-15",2011,0,57.0054238888889,-159.122054166667,4,-6.55436829794885
"G-15",2012,0,57.0054238888889,-159.122054166667,1.3,-6.55436829794885
"G-15",2013,0,57.0054238888889,-159.122054166667,4.7,-6.55436829794885
"G-15",2014,0,57.0054238888889,-159.122054166667,6.7,-6.55436829794885
"G-15",2015,0,57.0054238888889,-159.122054166667,6.5,-6.55436829794885
"G-15",2016,0,57.0054238888889,-159.122054166667,7.5,-6.55436829794885
"G-15",2017,0,57.0054238888889,-159.122054166667,5.2,-6.55436829794885
"G-15",2018,0,57.0054238888889,-159.122054166667,6,-6.55436829794885
"G-15",2019,0,57.0054238888889,-159.122054166667,7.3,-6.55436829794885
"G-15",2021,0,57.0054238888889,-159.122054166667,5.5,-6.55436829794885
"G-15",2022,0,57.0054238888889,-159.122054166667,5.1,-6.55436829794885
"G-15",2023,0,57.0054238888889,-159.122054166667,4.4,-6.55436829794885
"G-18",1988,262.102535030843,56.9975366444792,-168.338651139389,1.6,5.56874121480474
"G-18",1989,159.332994482248,56.9975366444792,-168.338651139389,3.5,5.07100525361794
"G-18",1990,561.04509385508,56.9975366444792,-168.338651139389,2.5,6.32980382140261
"G-18",1991,65.1817645672958,56.9975366444792,-168.338651139389,NA,4.17720158981575
"G-18",1992,0,56.9975366444792,-168.338651139389,0,-6.55436829794885
"G-18",1993,476.5854116066,56.9975366444792,-168.338651139389,2.8,6.166649942564
"G-18",1994,96.5819368650754,56.9975366444792,-168.338651139389,2.8,4.57040647738737
"G-18",1995,1390.62436135865,56.9975366444792,-168.338651139389,0.4,7.23750913002192
"G-18",1996,0,56.9975366444792,-168.338651139389,3.6,-6.55436829794885
"G-18",1997,0,56.9975366444792,-168.338651139389,2.8,-6.55436829794885
"G-18",1998,0,56.9975366444792,-168.338651139389,3.8,-6.55436829794885
"G-18",1999,0,56.9975366444792,-168.338651139389,2.5,-6.55436829794885
"G-18",2000,120.318744779088,56.9975366444792,-168.338651139389,2.5,4.79015626197199
"G-18",2001,72.3442922230717,56.9975366444792,-168.338651139389,3.1,4.28145624061436
"G-18",2002,0,56.9975366444792,-168.338651139389,3.3,-6.55436829794885
"G-18",2003,0,56.9975366444792,-168.338651139389,3.8,-6.55436829794885
"G-18",2004,0,56.9975366444792,-168.338651139389,3.6,-6.55436829794885
"G-18",2005,0,56.9975366444792,-168.338651139389,3.7,-6.55436829794885
"G-18",2006,0,56.9975366444792,-168.338651139389,3.1,-6.55436829794885
"G-18",2007,181.267559942639,56.9975366444792,-168.338651139389,1.9,5.19998202659323
"G-18",2008,128.234568729869,56.9975366444792,-168.338651139389,0.7,4.85387225868578
"G-18",2009,104.11878919783,56.9975366444792,-168.338651139389,-0.1,4.64554612660797
"G-18",2010,37.1185554082454,56.9975366444792,-168.338651139389,-0.5,3.6141553500056
"G-18",2011,0,56.9975366444792,-168.338651139389,3.4,-6.55436829794885
"G-18",2012,0,56.9975366444792,-168.338651139389,0.3,-6.55436829794885
"G-18",2013,0,56.9975366444792,-168.338651139389,1,-6.55436829794885
"G-18",2014,21.9095683801731,56.9975366444792,-168.338651139389,3.1,3.08698844067981
"G-18",2015,0,56.9975366444792,-168.338651139389,3.7,-6.55436829794885
"G-18",2016,0,56.9975366444792,-168.338651139389,4.4,-6.55436829794885
"G-18",2017,0,56.9975366444792,-168.338651139389,2.3,-6.55436829794885
"G-18",2018,0,56.9975366444792,-168.338651139389,4.5,-6.55436829794885
"G-18",2019,0,56.9975366444792,-168.338651139389,4.3,-6.55436829794885
"G-18",2021,44.1583052572811,56.9975366444792,-168.338651139389,3.8,3.78781326832986
"G-18",2022,0,56.9975366444792,-168.338651139389,2.6,-6.55436829794885
"G-18",2023,0,56.9975366444792,-168.338651139389,3.5,-6.55436829794885
"G-19",1988,123.927399056462,56.9988856304139,-168.954751280077,1.8,4.81970739223868
"G-19",1989,540.221255372327,56.9988856304139,-168.954751280077,3.6,6.29198142354719
"G-19",1990,125.389574274849,56.9988856304139,-168.954751280077,NA,4.83143684058946
"G-19",1991,0,56.9988856304139,-168.954751280077,2.5,-6.55436829794885
"G-19",1992,0,56.9988856304139,-168.954751280077,0.7,-6.55436829794885
"G-19",1993,54.0574870885477,56.9988856304139,-168.954751280077,2.8,3.99007439581742
"G-19",1994,32.4287715780424,56.9988856304139,-168.954751280077,2.4,3.47908994743935
"G-19",1995,147.947586513446,56.9988856304139,-168.954751280077,0.6,4.99686769004722
"G-19",1996,51.6310975202571,56.9988856304139,-168.954751280077,3.4,3.94415173369194
"G-19",1997,269.624607134023,56.9988856304139,-168.954751280077,2.5,5.59703592859102
"G-19",1998,39.2251921477673,56.9988856304139,-168.954751280077,3.8,3.66935549674608
"G-19",1999,19.667098650767,56.9988856304139,-168.954751280077,2.5,2.97901951686096
"G-19",2000,0,56.9988856304139,-168.954751280077,2.7,-6.55436829794885
"G-19",2001,21.632324522657,56.9988856304139,-168.954751280077,3.3,3.07425452151623
"G-19",2002,0,56.9988856304139,-168.954751280077,3.6,-6.55436829794885
"G-19",2003,0,56.9988856304139,-168.954751280077,3.7,-6.55436829794885
"G-19",2004,0,56.9988856304139,-168.954751280077,3.7,-6.55436829794885
"G-19",2005,71.3458933948303,56.9988856304139,-168.954751280077,4.1,4.26755974373289
"G-19",2006,0,56.9988856304139,-168.954751280077,3,-6.55436829794885
"G-19",2007,0,56.9988856304139,-168.954751280077,1.3,-6.55436829794885
"G-19",2008,41.6137175313813,56.9988856304139,-168.954751280077,0.5,3.72846407732838
"G-19",2009,74.9147370028594,56.9988856304139,-168.954751280077,0.1,4.3163696334027
"G-19",2010,18.1289486474081,56.9988856304139,-168.954751280077,-0.4,2.89758857223687
"G-19",2011,0,56.9988856304139,-168.954751280077,3.1,-6.55436829794885
"G-19",2012,0,56.9988856304139,-168.954751280077,0,-6.55436829794885
"G-19",2013,0,56.9988856304139,-168.954751280077,1.6,-6.55436829794885
"G-19",2014,0,56.9988856304139,-168.954751280077,3.2,-6.55436829794885
"G-19",2015,0,56.9988856304139,-168.954751280077,4.2,-6.55436829794885
"G-19",2016,21.2938504248514,56.9988856304139,-168.954751280077,4.7,3.05848518457437
"G-19",2017,251.04504129898,56.9988856304139,-168.954751280077,2.8,5.5256380422423
"G-19",2018,0,56.9988856304139,-168.954751280077,4.5,-6.55436829794885
"G-19",2019,0,56.9988856304139,-168.954751280077,4.3,-6.55436829794885
"G-19",2021,0,56.9988856304139,-168.954751280077,4.2,-6.55436829794885
"G-19",2022,0,56.9988856304139,-168.954751280077,3.1,-6.55436829794885
"G-19",2023,0,56.9988856304139,-168.954751280077,3.7,-6.55436829794885
"G-20",1988,1891.80336067857,57.0080367654987,-169.552607486523,1.8,7.54528656488076
"G-20",1989,214.722694516817,57.0080367654987,-169.552607486523,4.5,5.36935403392198
"G-20",1990,501.638459599912,57.0080367654987,-169.552607486523,2.5,6.21788249868161
"G-20",1991,0,57.0080367654987,-169.552607486523,3,-6.55436829794885
"G-20",1992,71.1037106733909,57.0080367654987,-169.552607486523,0.7,4.26415955017141
"G-20",1993,0,57.0080367654987,-169.552607486523,NA,-6.55436829794885
"G-20",1994,0,57.0080367654987,-169.552607486523,NA,-6.55436829794885
"G-20",1995,22.3499467633014,57.0080367654987,-169.552607486523,0.9,3.10688764559322
"G-20",1996,0,57.0080367654987,-169.552607486523,5.4,-6.55436829794885
"G-20",1997,0,57.0080367654987,-169.552607486523,2.8,-6.55436829794885
"G-20",1998,0,57.0080367654987,-169.552607486523,3,-6.55436829794885
"G-20",1999,0,57.0080367654987,-169.552607486523,2.2,-6.55436829794885
"G-20",2000,0,57.0080367654987,-169.552607486523,3,-6.55436829794885
"G-20",2001,22.9948780540809,57.0080367654987,-169.552607486523,3.8,3.13533341761627
"G-20",2002,0,57.0080367654987,-169.552607486523,3.9,-6.55436829794885
"G-20",2003,20.968076619367,57.0080367654987,-169.552607486523,5.4,3.04306902495532
"G-20",2004,0,57.0080367654987,-169.552607486523,3.8,-6.55436829794885
"G-20",2005,43.7495520799796,57.0080367654987,-169.552607486523,5.4,3.77851392025839
"G-20",2006,0,57.0080367654987,-169.552607486523,2.3,-6.55436829794885
"G-20",2007,0,57.0080367654987,-169.552607486523,0.5,-6.55436829794885
"G-20",2008,0,57.0080367654987,-169.552607486523,1,-6.55436829794885
"G-20",2009,0,57.0080367654987,-169.552607486523,1.6,-6.55436829794885
"G-20",2010,0,57.0080367654987,-169.552607486523,-0.7,-6.55436829794885
"G-20",2011,0,57.0080367654987,-169.552607486523,1.7,-6.55436829794885
"G-20",2012,62.2384767048721,57.0080367654987,-169.552607486523,-0.1,4.13099628261507
"G-20",2013,105.858230507675,57.0080367654987,-169.552607486523,0.5,4.66211420163826
"G-20",2014,0,57.0080367654987,-169.552607486523,4,-6.55436829794885
"G-20",2015,0,57.0080367654987,-169.552607486523,4.8,-6.55436829794885
"G-20",2016,0,57.0080367654987,-169.552607486523,5,-6.55436829794885
"G-20",2017,0,57.0080367654987,-169.552607486523,3.9,-6.55436829794885
"G-20",2018,0,57.0080367654987,-169.552607486523,4.9,-6.55436829794885
"G-20",2019,0,57.0080367654987,-169.552607486523,5.3,-6.55436829794885
"G-20",2021,0,57.0080367654987,-169.552607486523,5.4,-6.55436829794885
"G-20",2022,0,57.0080367654987,-169.552607486523,2.2,-6.55436829794885
"G-20",2023,0,57.0080367654987,-169.552607486523,3.1,-6.55436829794885
"G-21",1988,0,57.0034385771543,-170.165541262525,3.9,-6.55436829794885
"G-21",1989,0,57.0034385771543,-170.165541262525,5.4,-6.55436829794885
"G-21",1990,0,57.0034385771543,-170.165541262525,3.6,-6.55436829794885
"G-21",1991,0,57.0034385771543,-170.165541262525,5.3,-6.55436829794885
"G-21",1992,0,57.0034385771543,-170.165541262525,3.9,-6.55436829794885
"G-21",1993,87.0580646001738,57.0034385771543,-170.165541262525,4.8,4.46659166064429
"G-21",1994,0,57.0034385771543,-170.165541262525,1.8,-6.55436829794885
"G-21",1995,0,57.0034385771543,-170.165541262525,2.6,-6.55436829794885
"G-21",1996,0,57.0034385771543,-170.165541262525,5.8,-6.55436829794885
"G-21",1997,0,57.0034385771543,-170.165541262525,3.7,-6.55436829794885
"G-21",1998,19.9663520406458,57.0034385771543,-170.165541262525,4.1,2.99411977030404
"G-21",1999,0,57.0034385771543,-170.165541262525,2,-6.55436829794885
"G-21",2000,0,57.0034385771543,-170.165541262525,3.5,-6.55436829794885
"G-21",2001,0,57.0034385771543,-170.165541262525,4.1,-6.55436829794885
"G-21",2002,0,57.0034385771543,-170.165541262525,4.8,-6.55436829794885
"G-21",2003,0,57.0034385771543,-170.165541262525,5.1,-6.55436829794885
"G-21",2004,0,57.0034385771543,-170.165541262525,4.7,-6.55436829794885
"G-21",2005,0,57.0034385771543,-170.165541262525,6,-6.55436829794885
"G-21",2006,0,57.0034385771543,-170.165541262525,2.8,-6.55436829794885
"G-21",2007,0,57.0034385771543,-170.165541262525,1.7,-6.55436829794885
"G-21",2008,114.342103724902,57.0034385771543,-170.165541262525,2.4,4.73920731726611
"G-21",2009,0,57.0034385771543,-170.165541262525,2.3,-6.55436829794885
"G-21",2010,0,57.0034385771543,-170.165541262525,1.6,-6.55436829794885
"G-21",2011,0,57.0034385771543,-170.165541262525,3.4,-6.55436829794885
"G-21",2012,0,57.0034385771543,-170.165541262525,1.2,-6.55436829794885
"G-21",2013,0,57.0034385771543,-170.165541262525,2.8,-6.55436829794885
"G-21",2014,0,57.0034385771543,-170.165541262525,4.5,-6.55436829794885
"G-21",2015,0,57.0034385771543,-170.165541262525,5.2,-6.55436829794885
"G-21",2016,0,57.0034385771543,-170.165541262525,6.1,-6.55436829794885
"G-21",2017,0,57.0034385771543,-170.165541262525,4.9,-6.55436829794885
"G-21",2018,0,57.0034385771543,-170.165541262525,5.2,-6.55436829794885
"G-21",2019,0,57.0034385771543,-170.165541262525,5.8,-6.55436829794885
"G-21",2021,0,57.0034385771543,-170.165541262525,5.8,-6.55436829794885
"G-21",2022,0,57.0034385771543,-170.165541262525,3.1,-6.55436829794885
"G-21",2023,0,57.0034385771543,-170.165541262525,3.7,-6.55436829794885
"G-22",1988,24.7239674810079,56.9950900682853,-170.783476138088,3.2,3.20783070602092
"G-22",1989,2845.08683091954,56.9950900682853,-170.783476138088,3.5,7.95334936709918
"G-22",1990,162.771703423442,56.9950900682853,-170.783476138088,4.3,5.09235737425253
"G-22",1991,0,56.9950900682853,-170.783476138088,3.6,-6.55436829794885
"G-22",1992,0,56.9950900682853,-170.783476138088,2.6,-6.55436829794885
"G-22",1993,45.3999533668728,56.9950900682853,-170.783476138088,3.5,3.81554244046658
"G-22",1994,0,56.9950900682853,-170.783476138088,NA,-6.55436829794885
"G-22",1995,0,56.9950900682853,-170.783476138088,2.8,-6.55436829794885
"G-22",1996,0,56.9950900682853,-170.783476138088,4.6,-6.55436829794885
"G-22",1997,19.6818698076603,56.9950900682853,-170.783476138088,3.9,2.97977023990274
"G-22",1998,0,56.9950900682853,-170.783476138088,4,-6.55436829794885
"G-22",1999,22.3378150272998,56.9950900682853,-170.783476138088,2.8,3.10634472454469
"G-22",2000,20.7235057506906,56.9950900682853,-170.783476138088,3.1,3.03133730573177
"G-22",2001,0,56.9950900682853,-170.783476138088,3.4,-6.55436829794885
"G-22",2002,0,56.9950900682853,-170.783476138088,3.9,-6.55436829794885
"G-22",2003,19.1672338213182,56.9950900682853,-170.783476138088,4.6,2.95327653391587
"G-22",2004,0,56.9950900682853,-170.783476138088,4.5,-6.55436829794885
"G-22",2005,0,56.9950900682853,-170.783476138088,4.7,-6.55436829794885
"G-22",2006,0,56.9950900682853,-170.783476138088,3.1,-6.55436829794885
"G-22",2007,19.9357162580791,56.9950900682853,-170.783476138088,2.3,2.99258433098437
"G-22",2008,0,56.9950900682853,-170.783476138088,2.1,-6.55436829794885
"G-22",2009,20.8948581331961,56.9950900682853,-170.783476138088,2.8,3.03957124913849
"G-22",2010,0,56.9950900682853,-170.783476138088,2.9,-6.55436829794885
"G-22",2011,56.3542857292155,56.9950900682853,-170.783476138088,3.1,4.03168355942149
"G-22",2012,0,56.9950900682853,-170.783476138088,1.9,-6.55436829794885
"G-22",2013,0,56.9950900682853,-170.783476138088,2,-6.55436829794885
"G-22",2014,655.091905994077,56.9950900682853,-170.783476138088,3.9,6.48477771384525
"G-22",2015,19.7417985968998,56.9950900682853,-170.783476138088,4.9,2.98281026682965
"G-22",2016,0,56.9950900682853,-170.783476138088,5.4,-6.55436829794885
"G-22",2017,0,56.9950900682853,-170.783476138088,3.9,-6.55436829794885
"G-22",2018,0,56.9950900682853,-170.783476138088,4.5,-6.55436829794885
"G-22",2019,0,56.9950900682853,-170.783476138088,4.9,-6.55436829794885
"G-22",2021,0,56.9950900682853,-170.783476138088,4.3,-6.55436829794885
"G-22",2022,0,56.9950900682853,-170.783476138088,3.1,-6.55436829794885
"G-22",2023,0,56.9950900682853,-170.783476138088,3.9,-6.55436829794885
"G-23",1988,0,57.0011735230677,-171.393107171959,3.9,-6.55436829794885
"G-23",1989,507.079392419214,57.0011735230677,-171.393107171959,3.7,6.22867039187689
"G-23",1990,357.221546152825,57.0011735230677,-171.393107171959,3.2,5.87836015274354
"G-23",1991,452.130748024608,57.0011735230677,-171.393107171959,3.1,6.11397455280979
"G-23",1992,234.955245346957,57.0011735230677,-171.393107171959,3.3,5.45940111088339
"G-23",1993,5811.91774731559,57.0011735230677,-171.393107171959,NA,8.66766611736663
"G-23",1994,204.396251275538,57.0011735230677,-171.393107171959,NA,5.32006748428047
"G-23",1995,16.6345475801961,57.0011735230677,-171.393107171959,3.2,2.81156730645771
"G-23",1996,0,57.0011735230677,-171.393107171959,4.1,-6.55436829794885
"G-23",1997,20.6424186684771,57.0011735230677,-171.393107171959,NA,3.02741709336965
"G-23",1998,0,57.0011735230677,-171.393107171959,3.5,-6.55436829794885
"G-23",1999,0,57.0011735230677,-171.393107171959,2.7,-6.55436829794885
"G-23",2000,74.760226651538,57.0011735230677,-171.393107171959,3.5,4.31430506010703
"G-23",2001,20.472439999317,57.0011735230677,-171.393107171959,3.3,3.01914914011019
"G-23",2002,0,57.0011735230677,-171.393107171959,3.4,-6.55436829794885
"G-23",2003,0,57.0011735230677,-171.393107171959,4.6,-6.55436829794885
"G-23",2004,0,57.0011735230677,-171.393107171959,4.2,-6.55436829794885
"G-23",2005,0,57.0011735230677,-171.393107171959,4,-6.55436829794885
"G-23",2006,0,57.0011735230677,-171.393107171959,3.4,-6.55436829794885
"G-23",2007,82.067931875789,57.0011735230677,-171.393107171959,2.5,4.40756469170026
"G-23",2008,425.10254586223,57.0011735230677,-171.393107171959,2.7,6.05233377369866
"G-23",2009,0,57.0011735230677,-171.393107171959,3.1,-6.55436829794885
"G-23",2010,0,57.0011735230677,-171.393107171959,3.6,-6.55436829794885
"G-23",2011,0,57.0011735230677,-171.393107171959,3.2,-6.55436829794885
"G-23",2012,2155.09708596529,57.0011735230677,-171.393107171959,2.4,7.67559171371922
"G-23",2013,0,57.0011735230677,-171.393107171959,3,-6.55436829794885
"G-23",2014,0,57.0011735230677,-171.393107171959,3.8,-6.55436829794885
"G-23",2015,854.067370576784,57.0011735230677,-171.393107171959,4.3,6.75001174611655
"G-23",2016,6898.59409980884,57.0011735230677,-171.393107171959,4.9,8.83907312257561
"G-23",2017,1651.05373857339,57.0011735230677,-171.393107171959,4.4,7.40916985490373
"G-23",2018,7451.94470655126,57.0011735230677,-171.393107171959,4.1,8.91623050282167
"G-23",2019,6282.52934939182,57.0011735230677,-171.393107171959,4.6,8.74552816765866
"G-23",2021,61.4071659727134,57.0011735230677,-171.393107171959,4,4.11754972528276
"G-23",2022,0,57.0011735230677,-171.393107171959,3.4,-6.55436829794885
"G-23",2023,0,57.0011735230677,-171.393107171959,4,-6.55436829794885
"G-24",1988,0,57.0007721347403,-172.036075470779,3.7,-6.55436829794885
"G-24",1989,0,57.0007721347403,-172.036075470779,3.6,-6.55436829794885
"G-24",1990,29.3072857369214,57.0007721347403,-172.036075470779,3.7,3.37788472847128
"G-24",1991,0,57.0007721347403,-172.036075470779,3.3,-6.55436829794885
"G-24",1992,18.8461120409923,57.0007721347403,-172.036075470779,4.1,2.93638218508649
"G-24",1993,408.107400954916,57.0007721347403,-172.036075470779,3.9,6.01153386638028
"G-24",1994,300.220411012179,57.0007721347403,-172.036075470779,2,5.70452165104545
"G-24",1995,0,57.0007721347403,-172.036075470779,3.4,-6.55436829794885
"G-24",1996,61.6677889062464,57.0007721347403,-172.036075470779,4,4.12178482401677
"G-24",1997,75.3102583098452,57.0007721347403,-172.036075470779,4.3,4.32163526476324
"G-24",1998,0,57.0007721347403,-172.036075470779,3.6,-6.55436829794885
"G-24",1999,0,57.0007721347403,-172.036075470779,2.9,-6.55436829794885
"G-24",2000,0,57.0007721347403,-172.036075470779,3.7,-6.55436829794885
"G-24",2001,0,57.0007721347403,-172.036075470779,3.8,-6.55436829794885
"G-24",2002,0,57.0007721347403,-172.036075470779,3.5,-6.55436829794885
"G-24",2003,0,57.0007721347403,-172.036075470779,4.6,-6.55436829794885
"G-24",2004,0,57.0007721347403,-172.036075470779,4.2,-6.55436829794885
"G-24",2006,0,57.0007721347403,-172.036075470779,3.7,-6.55436829794885
"G-24",2007,0,57.0007721347403,-172.036075470779,2.6,-6.55436829794885
"G-24",2008,0,57.0007721347403,-172.036075470779,3,-6.55436829794885
"G-24",2009,0,57.0007721347403,-172.036075470779,3.2,-6.55436829794885
"G-24",2010,0,57.0007721347403,-172.036075470779,3.7,-6.55436829794885
"G-24",2011,159.373910654509,57.0007721347403,-172.036075470779,3.4,5.07126201496342
"G-24",2012,38.1974223773936,57.0007721347403,-172.036075470779,2.7,3.64280531252411
"G-24",2013,21.0423581932168,57.0007721347403,-172.036075470779,3.6,3.04660512814439
"G-24",2014,0,57.0007721347403,-172.036075470779,4.1,-6.55436829794885
"G-24",2015,0,57.0007721347403,-172.036075470779,4.3,-6.55436829794885
"G-24",2016,2888.10805681998,57.0007721347403,-172.036075470779,4.8,7.96835740812454
"G-24",2017,1912.97591057804,57.0007721347403,-172.036075470779,4.4,7.55641612120492
"G-24",2018,8890.69621572649,57.0007721347403,-172.036075470779,4.1,9.09276080007561
"G-24",2019,21.8385706278284,57.0007721347403,-172.036075470779,4.4,3.08374289949758
"G-24",2021,20.3456519772117,57.0007721347403,-172.036075470779,4.1,3.01293720914439
"G-24",2022,0,57.0007721347403,-172.036075470779,3.5,-6.55436829794885
"G-24",2023,0,57.0007721347403,-172.036075470779,3.9,-6.55436829794885
"G-25",1988,0,56.9981199554235,-172.655331352155,4,-6.55436829794885
"G-25",1989,0,56.9981199554235,-172.655331352155,3.6,-6.55436829794885
"G-25",1990,0,56.9981199554235,-172.655331352155,3.3,-6.55436829794885
"G-25",1991,1154.0649947525,56.9981199554235,-172.655331352155,3.1,7.0510470005544
"G-25",1992,0,56.9981199554235,-172.655331352155,3.9,-6.55436829794885
"G-25",1993,0,56.9981199554235,-172.655331352155,4,-6.55436829794885
"G-25",1994,41.9238200150606,56.9981199554235,-172.655331352155,NA,3.73588812515479
"G-25",1995,0,56.9981199554235,-172.655331352155,3.2,-6.55436829794885
"G-25",1996,0,56.9981199554235,-172.655331352155,4,-6.55436829794885
"G-25",1997,0,56.9981199554235,-172.655331352155,4.2,-6.55436829794885
"G-25",1998,0,56.9981199554235,-172.655331352155,3.3,-6.55436829794885
"G-25",1999,0,56.9981199554235,-172.655331352155,2.6,-6.55436829794885
"G-25",2000,0,56.9981199554235,-172.655331352155,3.6,-6.55436829794885
"G-25",2001,0,56.9981199554235,-172.655331352155,4.1,-6.55436829794885
"G-25",2002,0,56.9981199554235,-172.655331352155,3.6,-6.55436829794885
"G-25",2003,0,56.9981199554235,-172.655331352155,4.5,-6.55436829794885
"G-25",2004,0,56.9981199554235,-172.655331352155,4.2,-6.55436829794885
"G-25",2005,0,56.9981199554235,-172.655331352155,NA,-6.55436829794885
"G-25",2006,0,56.9981199554235,-172.655331352155,3.9,-6.55436829794885
"G-25",2007,0,56.9981199554235,-172.655331352155,2.8,-6.55436829794885
"G-25",2008,0,56.9981199554235,-172.655331352155,3,-6.55436829794885
"G-25",2009,0,56.9981199554235,-172.655331352155,3.3,-6.55436829794885
"G-25",2010,0,56.9981199554235,-172.655331352155,3.4,-6.55436829794885
"G-25",2011,0,56.9981199554235,-172.655331352155,3.5,-6.55436829794885
"G-25",2012,0,56.9981199554235,-172.655331352155,2.8,-6.55436829794885
"G-25",2013,0,56.9981199554235,-172.655331352155,3.6,-6.55436829794885
"G-25",2014,0,56.9981199554235,-172.655331352155,4,-6.55436829794885
"G-25",2015,0,56.9981199554235,-172.655331352155,4.5,-6.55436829794885
"G-25",2016,21.5023966078107,56.9981199554235,-172.655331352155,4.8,3.06823061655027
"G-25",2017,0,56.9981199554235,-172.655331352155,4.4,-6.55436829794885
"G-25",2018,0,56.9981199554235,-172.655331352155,4.2,-6.55436829794885
"G-25",2019,0,56.9981199554235,-172.655331352155,4.3,-6.55436829794885
"G-25",2021,0,56.9981199554235,-172.655331352155,4,-6.55436829794885
"G-25",2022,0,56.9981199554235,-172.655331352155,3.5,-6.55436829794885
"G-25",2023,0,56.9981199554235,-172.655331352155,3.6,-6.55436829794885
"G-26",1988,0,57.0082073684211,-173.233515657895,3.5,-6.55436829794885
"G-26",1989,0,57.0082073684211,-173.233515657895,3.5,-6.55436829794885
"G-26",1990,0,57.0082073684211,-173.233515657895,3.6,-6.55436829794885
"G-26",1991,0,57.0082073684211,-173.233515657895,3.4,-6.55436829794885
"G-26",1992,0,57.0082073684211,-173.233515657895,3.4,-6.55436829794885
"G-26",1993,0,57.0082073684211,-173.233515657895,3.9,-6.55436829794885
"G-26",1994,0,57.0082073684211,-173.233515657895,3.1,-6.55436829794885
"G-26",1995,18.8108007134619,57.0082073684211,-173.233515657895,3.5,2.93450690296083
"G-26",1996,0,57.0082073684211,-173.233515657895,3.8,-6.55436829794885
"G-26",1997,0,57.0082073684211,-173.233515657895,4.1,-6.55436829794885
"G-26",1998,0,57.0082073684211,-173.233515657895,3.6,-6.55436829794885
"G-26",1999,0,57.0082073684211,-173.233515657895,2.8,-6.55436829794885
"G-26",2000,0,57.0082073684211,-173.233515657895,3.3,-6.55436829794885
"G-26",2001,0,57.0082073684211,-173.233515657895,3.7,-6.55436829794885
"G-26",2002,0,57.0082073684211,-173.233515657895,3.7,-6.55436829794885
"G-26",2003,0,57.0082073684211,-173.233515657895,4.2,-6.55436829794885
"G-26",2004,0,57.0082073684211,-173.233515657895,4.1,-6.55436829794885
"G-26",2005,0,57.0082073684211,-173.233515657895,4.2,-6.55436829794885
"G-26",2006,0,57.0082073684211,-173.233515657895,3.7,-6.55436829794885
"G-26",2007,0,57.0082073684211,-173.233515657895,3.5,-6.55436829794885
"G-26",2008,0,57.0082073684211,-173.233515657895,3.3,-6.55436829794885
"G-26",2009,0,57.0082073684211,-173.233515657895,3.3,-6.55436829794885
"G-26",2010,0,57.0082073684211,-173.233515657895,3.7,-6.55436829794885
"G-26",2011,0,57.0082073684211,-173.233515657895,3.6,-6.55436829794885
"G-26",2012,0,57.0082073684211,-173.233515657895,3.2,-6.55436829794885
"G-26",2013,0,57.0082073684211,-173.233515657895,3.3,-6.55436829794885
"G-26",2014,0,57.0082073684211,-173.233515657895,3.8,-6.55436829794885
"G-26",2015,0,57.0082073684211,-173.233515657895,3.9,-6.55436829794885
"G-26",2016,0,57.0082073684211,-173.233515657895,4.4,-6.55436829794885
"G-26",2017,0,57.0082073684211,-173.233515657895,4.4,-6.55436829794885
"G-26",2018,0,57.0082073684211,-173.233515657895,4.3,-6.55436829794885
"G-26",2019,0,57.0082073684211,-173.233515657895,4.3,-6.55436829794885
"G-26",2021,0,57.0082073684211,-173.233515657895,4,-6.55436829794885
"G-26",2022,0,57.0082073684211,-173.233515657895,3.8,-6.55436829794885
"G-26",2023,0,57.0082073684211,-173.233515657895,4,-6.55436829794885
"H-01",1988,2101.11866544737,57.3294473711175,-167.736135991034,1,7.65022585738832
"H-01",1989,207.156238054631,57.3294473711175,-167.736135991034,3.8,5.33348015522381
"H-01",1990,112.048765004024,57.3294473711175,-167.736135991034,2.3,4.71894688597578
"H-01",1991,105.562139148003,57.3294473711175,-167.736135991034,NA,4.65931326466585
"H-01",1992,1382.0698340568,57.3294473711175,-167.736135991034,0.7,7.23133856445919
"H-01",1993,205.012795825197,57.3294473711175,-167.736135991034,2.9,5.32307934115842
"H-01",1994,43.5618840421616,57.3294473711175,-167.736135991034,1.4,3.77421523467218
"H-01",1995,314.802357624609,57.3294473711175,-167.736135991034,0.3,5.75194952888108
"H-01",1996,0,57.3294473711175,-167.736135991034,2.5,-6.55436829794885
"H-01",1997,124.242277550595,57.3294473711175,-167.736135991034,1.7,4.82224497099683
"H-01",1998,100.952469778738,57.3294473711175,-167.736135991034,3.4,4.61466391420612
"H-01",1999,20.7503863164716,57.3294473711175,-167.736135991034,1.8,3.03263348135473
"H-01",2000,0,57.3294473711175,-167.736135991034,2.3,-6.55436829794885
"H-01",2001,0,57.3294473711175,-167.736135991034,2.9,-6.55436829794885
"H-01",2002,0,57.3294473711175,-167.736135991034,2.8,-6.55436829794885
"H-01",2003,0,57.3294473711175,-167.736135991034,3.1,-6.55436829794885
"H-01",2004,0,57.3294473711175,-167.736135991034,2.8,-6.55436829794885
"H-01",2005,168.777233755982,57.3294473711175,-167.736135991034,3.1,5.12858813837454
"H-01",2006,367.174360110779,57.3294473711175,-167.736135991034,1.2,5.90584070883975
"H-01",2007,20.8012776969492,57.3294473711175,-167.736135991034,0.7,3.03508286187896
"H-01",2008,61.0826399615251,57.3294473711175,-167.736135991034,0.2,4.11225101126715
"H-01",2009,100.317812965516,57.3294473711175,-167.736135991034,-0.9,4.60835746967434
"H-01",2010,6889.69415667729,57.3294473711175,-167.736135991034,0.2,8.83778218023907
"H-01",2011,5369.52037549425,57.3294473711175,-167.736135991034,2.6,8.58849413314221
"H-01",2012,2175.16513227392,57.3294473711175,-167.736135991034,-0.4,7.68486051813385
"H-01",2013,476.806587688767,57.3294473711175,-167.736135991034,0.1,6.16711391840112
"H-01",2014,0,57.3294473711175,-167.736135991034,3.2,-6.55436829794885
"H-01",2015,0,57.3294473711175,-167.736135991034,2.9,-6.55436829794885
"H-01",2016,0,57.3294473711175,-167.736135991034,4.3,-6.55436829794885
"H-01",2017,0,57.3294473711175,-167.736135991034,1.5,-6.55436829794885
"H-01",2018,0,57.3294473711175,-167.736135991034,4.9,-6.55436829794885
"H-01",2019,0,57.3294473711175,-167.736135991034,3.8,-6.55436829794885
"H-01",2021,0,57.3294473711175,-167.736135991034,4,-6.55436829794885
"H-01",2022,0,57.3294473711175,-167.736135991034,1.5,-6.55436829794885
"H-01",2023,19.4682958555387,57.3294473711175,-167.736135991034,3.1,2.96886042470376
"H-02",1988,23207.189267436,57.3330942572396,-167.121455622414,0.4,10.0522174532231
"H-02",1989,258.893275212644,57.3330942572396,-167.121455622414,3.5,5.55642141182674
"H-02",1990,60.5814396760325,57.3330942572396,-167.121455622414,2.5,4.10401207351603
"H-02",1991,138.781612730249,57.3330942572396,-167.121455622414,3.2,4.93291182599511
"H-02",1992,201.956143669889,57.3330942572396,-167.121455622414,0.7,5.30805761371112
"H-02",1993,73.4215245841672,57.3330942572396,-167.121455622414,2.8,4.29623653615936
"H-02",1994,535.948032453495,57.3330942572396,-167.121455622414,1.2,6.28403985874304
"H-02",1995,0,57.3330942572396,-167.121455622414,0.1,-6.55436829794885
"H-02",1996,233.051135111999,57.3330942572396,-167.121455622414,2.8,5.45126400320923
"H-02",1997,55.2037743126489,57.3330942572396,-167.121455622414,1.5,4.01105711904318
"H-02",1998,44.9018998953431,57.3330942572396,-167.121455622414,2.9,3.80451181823101
"H-02",1999,263.432274824968,57.3330942572396,-167.121455622414,NA,5.57380171851017
"H-02",2000,112.08087459971,57.3330942572396,-167.121455622414,1.9,4.71923340932884
"H-02",2001,0,57.3330942572396,-167.121455622414,2.7,-6.55436829794885
"H-02",2002,0,57.3330942572396,-167.121455622414,2.2,-6.55436829794885
"H-02",2003,0,57.3330942572396,-167.121455622414,3.2,-6.55436829794885
"H-02",2004,0,57.3330942572396,-167.121455622414,2.8,-6.55436829794885
"H-02",2005,0,57.3330942572396,-167.121455622414,3,-6.55436829794885
"H-02",2006,0,57.3330942572396,-167.121455622414,1.3,-6.55436829794885
"H-02",2007,0,57.3330942572396,-167.121455622414,0.4,-6.55436829794885
"H-02",2008,0,57.3330942572396,-167.121455622414,0.7,-6.55436829794885
"H-02",2009,233.791047777141,57.3330942572396,-167.121455622414,-1.1,5.45443384860163
"H-02",2010,852.026422589202,57.3330942572396,-167.121455622414,0,6.74761920994692
"H-02",2011,185.949225551786,57.3330942572396,-167.121455622414,2.1,5.2254813128836
"H-02",2012,176.265040724144,57.3330942572396,-167.121455622414,-0.8,5.17199685353472
"H-02",2013,2111.35510674791,57.3330942572396,-167.121455622414,0.2,7.65508592540673
"H-02",2014,0,57.3330942572396,-167.121455622414,3.3,-6.55436829794885
"H-02",2015,0,57.3330942572396,-167.121455622414,3.1,-6.55436829794885
"H-02",2016,0,57.3330942572396,-167.121455622414,4,-6.55436829794885
"H-02",2017,0,57.3330942572396,-167.121455622414,0.7,-6.55436829794885
"H-02",2018,23.6443563076533,57.3330942572396,-167.121455622414,4.9,3.16318467152127
"H-02",2019,0,57.3330942572396,-167.121455622414,3.9,-6.55436829794885
"H-02",2021,22.4439957833248,57.3330942572396,-167.121455622414,3.5,3.11108656955863
"H-02",2022,0,57.3330942572396,-167.121455622414,1.5,-6.55436829794885
"H-02",2023,102.768891288188,57.3330942572396,-167.121455622414,2.6,4.63249654838561
"H-03",1988,2702.27402907946,57.3458385205862,-166.486763597348,1.1,7.90184945742542
"H-03",1989,112.795044968665,57.3458385205862,-166.486763597348,3.7,4.72558503405905
"H-03",1990,170.990143012435,57.3458385205862,-166.486763597348,2.6,5.14161423888006
"H-03",1991,110.485343844048,57.3458385205862,-166.486763597348,2.8,4.70489576470225
"H-03",1992,2277.73479961006,57.3458385205862,-166.486763597348,1.2,7.73093734427894
"H-03",1993,20.3749218589315,57.3458385205862,-166.486763597348,3.4,3.01437470558305
"H-03",1994,3286.01227917336,57.3458385205862,-166.486763597348,0,8.09743046872102
"H-03",1995,69.9840552292119,57.3458385205862,-166.486763597348,0.8,4.24828777926279
"H-03",1996,346.621653102231,57.3458385205862,-166.486763597348,1.6,5.84823795609302
"H-03",1997,0,57.3458385205862,-166.486763597348,1.4,-6.55436829794885
"H-03",1998,101.054944159564,57.3458385205862,-166.486763597348,3.3,4.61567846058364
"H-03",1999,59.8922159876309,57.3458385205862,-166.486763597348,0.4,4.09257032034682
"H-03",2000,84.1707398806777,57.3458385205862,-166.486763597348,1.9,4.432864269947
"H-03",2001,0,57.3458385205862,-166.486763597348,2.7,-6.55436829794885
"H-03",2002,0,57.3458385205862,-166.486763597348,3.6,-6.55436829794885
"H-03",2003,0,57.3458385205862,-166.486763597348,3.5,-6.55436829794885
"H-03",2004,0,57.3458385205862,-166.486763597348,2.7,-6.55436829794885
"H-03",2005,0,57.3458385205862,-166.486763597348,3.2,-6.55436829794885
"H-03",2006,0,57.3458385205862,-166.486763597348,0.6,-6.55436829794885
"H-03",2007,0,57.3458385205862,-166.486763597348,0.7,-6.55436829794885
"H-03",2008,0,57.3458385205862,-166.486763597348,0.7,-6.55436829794885
"H-03",2009,64.1281831645219,57.3458385205862,-166.486763597348,-1.1,4.1609061456911
"H-03",2010,22.479303943469,57.3458385205862,-166.486763597348,0,3.11265840108151
"H-03",2011,276.676691634921,57.3458385205862,-166.486763597348,0.7,5.622854792653
"H-03",2012,284.334203065119,57.3458385205862,-166.486763597348,-0.8,5.65015532542821
"H-03",2013,30.1384839321106,57.3458385205862,-166.486763597348,0.5,3.40585013460584
"H-03",2014,0,57.3458385205862,-166.486763597348,3.3,-6.55436829794885
"H-03",2015,0,57.3458385205862,-166.486763597348,3.4,-6.55436829794885
"H-03",2016,0,57.3458385205862,-166.486763597348,4.2,-6.55436829794885
"H-03",2017,0,57.3458385205862,-166.486763597348,0.2,-6.55436829794885
"H-03",2018,0,57.3458385205862,-166.486763597348,4,-6.55436829794885
"H-03",2019,0,57.3458385205862,-166.486763597348,3.7,-6.55436829794885
"H-03",2021,23.0351233124311,57.3458385205862,-166.486763597348,3.3,3.13708196324681
"H-03",2022,0,57.3458385205862,-166.486763597348,1.5,-6.55436829794885
"H-03",2023,0,57.3458385205862,-166.486763597348,2.6,-6.55436829794885
"H-04",1988,1479.92193300664,57.3351845225603,-165.86462838405,0.9,7.29974557953121
"H-04",1989,323.075730627477,57.3351845225603,-165.86462838405,1.7,5.77789116314869
"H-04",1990,263.605836939736,57.3351845225603,-165.86462838405,NA,5.57446034709645
"H-04",1991,38.100864473755,57.3351845225603,-165.86462838405,NA,3.64027434216122
"H-04",1992,0,57.3351845225603,-165.86462838405,0.2,-6.55436829794885
"H-04",1993,2345.15463252937,57.3351845225603,-165.86462838405,2,7.76010722724242
"H-04",1994,943.581054243866,57.3351845225603,-165.86462838405,0,6.84968377818553
"H-04",1995,0,57.3351845225603,-165.86462838405,0.6,-6.55436829794885
"H-04",1996,77.6004242788742,57.3351845225603,-165.86462838405,2,4.35159124341235
"H-04",1997,71.2615564614885,57.3351845225603,-165.86462838405,1,4.26637698281617
"H-04",1998,292.713481499756,57.3351845225603,-165.86462838405,2,5.67919911615189
"H-04",1999,61.2711459398175,57.3351845225603,-165.86462838405,NA,4.11533226843788
"H-04",2000,177.662729125322,57.3351845225603,-165.86462838405,1.9,5.17989498722152
"H-04",2001,0,57.3351845225603,-165.86462838405,2.5,-6.55436829794885
"H-04",2002,0,57.3351845225603,-165.86462838405,3.9,-6.55436829794885
"H-04",2003,0,57.3351845225603,-165.86462838405,3.6,-6.55436829794885
"H-04",2004,0,57.3351845225603,-165.86462838405,2.9,-6.55436829794885
"H-04",2005,0,57.3351845225603,-165.86462838405,3.1,-6.55436829794885
"H-04",2006,0,57.3351845225603,-165.86462838405,0.7,-6.55436829794885
"H-04",2007,0,57.3351845225603,-165.86462838405,0.5,-6.55436829794885
"H-04",2008,0,57.3351845225603,-165.86462838405,0.6,-6.55436829794885
"H-04",2009,91.6285727277911,57.3351845225603,-165.86462838405,-1,4.51775869197879
"H-04",2010,0,57.3351845225603,-165.86462838405,0.2,-6.55436829794885
"H-04",2011,113.918885386611,57.3351845225603,-165.86462838405,0.4,4.73549916244811
"H-04",2012,1341.11700165612,57.3351845225603,-165.86462838405,-0.3,7.20125919074575
"H-04",2013,32.2145639550028,57.3351845225603,-165.86462838405,0.8,3.47246284600547
"H-04",2014,0,57.3351845225603,-165.86462838405,2.3,-6.55436829794885
"H-04",2015,0,57.3351845225603,-165.86462838405,3.2,-6.55436829794885
"H-04",2016,0,57.3351845225603,-165.86462838405,4.3,-6.55436829794885
"H-04",2017,0,57.3351845225603,-165.86462838405,0.2,-6.55436829794885
"H-04",2018,82.362525509352,57.3351845225603,-165.86462838405,3.7,4.41114783379527
"H-04",2019,0,57.3351845225603,-165.86462838405,3.7,-6.55436829794885
"H-04",2021,0,57.3351845225603,-165.86462838405,3,-6.55436829794885
"H-04",2022,0,57.3351845225603,-165.86462838405,1,-6.55436829794885
"H-04",2023,0,57.3351845225603,-165.86462838405,2.6,-6.55436829794885
"H-05",1988,0,57.3267130482257,-165.240233089172,0.9,-6.55436829794885
"H-05",1989,144.536666442131,57.3267130482257,-165.240233089172,1.3,4.97354307367528
"H-05",1990,69.2313129589917,57.3267130482257,-165.240233089172,1.9,4.2374738264962
"H-05",1991,41.2102600585415,57.3267130482257,-165.240233089172,2.4,3.71872180694232
"H-05",1992,0,57.3267130482257,-165.240233089172,0.1,-6.55436829794885
"H-05",1993,0,57.3267130482257,-165.240233089172,1.7,-6.55436829794885
"H-05",1994,0,57.3267130482257,-165.240233089172,0,-6.55436829794885
"H-05",1995,87.6654376051815,57.3267130482257,-165.240233089172,-0.4,4.47354396579502
"H-05",1996,137.70982423308,57.3267130482257,-165.240233089172,1.4,4.92515908805671
"H-05",1997,0,57.3267130482257,-165.240233089172,0.9,-6.55436829794885
"H-05",1998,1675.4268651636,57.3267130482257,-165.240233089172,2.6,7.42382410652741
"H-05",1999,40.1936731830258,57.3267130482257,-165.240233089172,-1.2,3.69374502463154
"H-05",2000,0,57.3267130482257,-165.240233089172,1.3,-6.55436829794885
"H-05",2001,0,57.3267130482257,-165.240233089172,2.4,-6.55436829794885
"H-05",2002,0,57.3267130482257,-165.240233089172,4.1,-6.55436829794885
"H-05",2003,0,57.3267130482257,-165.240233089172,1.7,-6.55436829794885
"H-05",2004,0,57.3267130482257,-165.240233089172,2.5,-6.55436829794885
"H-05",2005,0,57.3267130482257,-165.240233089172,3.4,-6.55436829794885
"H-05",2006,0,57.3267130482257,-165.240233089172,0.8,-6.55436829794885
"H-05",2007,0,57.3267130482257,-165.240233089172,0.5,-6.55436829794885
"H-05",2008,0,57.3267130482257,-165.240233089172,0.7,-6.55436829794885
"H-05",2009,0,57.3267130482257,-165.240233089172,-0.9,-6.55436829794885
"H-05",2010,0,57.3267130482257,-165.240233089172,-0.5,-6.55436829794885
"H-05",2011,167.282456761892,57.3267130482257,-165.240233089172,0.2,5.11969225334451
"H-05",2012,105.708647732828,57.3267130482257,-165.240233089172,-0.5,4.66070017324586
"H-05",2013,0,57.3267130482257,-165.240233089172,-0.2,-6.55436829794885
"H-05",2014,0,57.3267130482257,-165.240233089172,2.4,-6.55436829794885
"H-05",2015,0,57.3267130482257,-165.240233089172,3.2,-6.55436829794885
"H-05",2016,0,57.3267130482257,-165.240233089172,4.8,-6.55436829794885
"H-05",2017,0,57.3267130482257,-165.240233089172,0.2,-6.55436829794885
"H-05",2018,243.625035156296,57.3267130482257,-165.240233089172,3.6,5.49563614667936
"H-05",2019,0,57.3267130482257,-165.240233089172,3.7,-6.55436829794885
"H-05",2021,0,57.3267130482257,-165.240233089172,2.5,-6.55436829794885
"H-05",2022,0,57.3267130482257,-165.240233089172,1.2,-6.55436829794885
"H-05",2023,0,57.3267130482257,-165.240233089172,2.2,-6.55436829794885
"H-06",1988,149.388955905362,57.3306509594096,-164.614671623616,0.5,5.00656287830559
"H-06",1989,21.501332324987,57.3306509594096,-164.614671623616,1,3.0681811225935
"H-06",1990,21.3812759602888,57.3306509594096,-164.614671623616,2.1,3.06258217649909
"H-06",1991,452.930141032867,57.3306509594096,-164.614671623616,1.9,6.11574104324269
"H-06",1992,22.328531919411,57.3306509594096,-164.614671623616,0.2,3.10592908651572
"H-06",1993,0,57.3306509594096,-164.614671623616,NA,-6.55436829794885
"H-06",1994,0,57.3306509594096,-164.614671623616,1,-6.55436829794885
"H-06",1995,0,57.3306509594096,-164.614671623616,0.1,-6.55436829794885
"H-06",1996,526.256970037329,57.3306509594096,-164.614671623616,2.5,6.26579233531001
"H-06",1997,0,57.3306509594096,-164.614671623616,1,-6.55436829794885
"H-06",1998,548.27200700763,57.3306509594096,-164.614671623616,2.8,6.30677412398565
"H-06",1999,338.405046366176,57.3306509594096,-164.614671623616,-1.3,5.82424774766816
"H-06",2000,21.0996741715382,57.3306509594096,-164.614671623616,0.7,3.04932507958249
"H-06",2001,0,57.3306509594096,-164.614671623616,1.7,-6.55436829794885
"H-06",2002,66.823390228834,57.3306509594096,-164.614671623616,3.2,4.20207448029102
"H-06",2003,0,57.3306509594096,-164.614671623616,1.9,-6.55436829794885
"H-06",2004,0,57.3306509594096,-164.614671623616,2.1,-6.55436829794885
"H-06",2005,33.2908198352984,57.3306509594096,-164.614671623616,NA,3.50532444845511
"H-06",2006,0,57.3306509594096,-164.614671623616,1.1,-6.55436829794885
"H-06",2007,0,57.3306509594096,-164.614671623616,0,-6.55436829794885
"H-06",2008,0,57.3306509594096,-164.614671623616,0.6,-6.55436829794885
"H-06",2009,0,57.3306509594096,-164.614671623616,-0.7,-6.55436829794885
"H-06",2010,41.2257516785141,57.3306509594096,-164.614671623616,-0.5,3.71909763989898
"H-06",2011,97.3982346528545,57.3306509594096,-164.614671623616,0.8,4.57882270484057
"H-06",2012,0,57.3306509594096,-164.614671623616,0.2,-6.55436829794885
"H-06",2013,0,57.3306509594096,-164.614671623616,-0.2,-6.55436829794885
"H-06",2014,0,57.3306509594096,-164.614671623616,2.6,-6.55436829794885
"H-06",2015,0,57.3306509594096,-164.614671623616,3.5,-6.55436829794885
"H-06",2016,0,57.3306509594096,-164.614671623616,4.8,-6.55436829794885
"H-06",2017,0,57.3306509594096,-164.614671623616,-0.2,-6.55436829794885
"H-06",2018,23.3820535614499,57.3306509594096,-164.614671623616,3.7,3.15202968080515
"H-06",2019,0,57.3306509594096,-164.614671623616,3.6,-6.55436829794885
"H-06",2021,21.033777953992,57.3306509594096,-164.614671623616,2.8,3.04619731224457
"H-06",2022,0,57.3306509594096,-164.614671623616,1,-6.55436829794885
"H-06",2023,0,57.3306509594096,-164.614671623616,2.2,-6.55436829794885
"H-07",1988,19.5034993105786,57.3325212408759,-163.998675510949,1,2.97066690512112
"H-07",1989,0,57.3325212408759,-163.998675510949,1.5,-6.55436829794885
"H-07",1990,0,57.3325212408759,-163.998675510949,2.8,-6.55436829794885
"H-07",1991,0,57.3325212408759,-163.998675510949,2,-6.55436829794885
"H-07",1992,0,57.3325212408759,-163.998675510949,0.8,-6.55436829794885
"H-07",1993,0,57.3325212408759,-163.998675510949,3.2,-6.55436829794885
"H-07",1994,0,57.3325212408759,-163.998675510949,0.7,-6.55436829794885
"H-07",1995,0,57.3325212408759,-163.998675510949,0.6,-6.55436829794885
"H-07",1996,22.0772915547649,57.3325212408759,-163.998675510949,3.2,3.09461404203612
"H-07",1997,0,57.3325212408759,-163.998675510949,1.5,-6.55436829794885
"H-07",1998,0,57.3325212408759,-163.998675510949,3.2,-6.55436829794885
"H-07",1999,295.213589600278,57.3325212408759,-163.998675510949,-0.9,5.68770395011304
"H-07",2000,0,57.3325212408759,-163.998675510949,1.5,-6.55436829794885
"H-07",2001,0,57.3325212408759,-163.998675510949,2,-6.55436829794885
"H-07",2002,0,57.3325212408759,-163.998675510949,2.5,-6.55436829794885
"H-07",2003,0,57.3325212408759,-163.998675510949,2.7,-6.55436829794885
"H-07",2004,0,57.3325212408759,-163.998675510949,3,-6.55436829794885
"H-07",2005,0,57.3325212408759,-163.998675510949,3.4,-6.55436829794885
"H-07",2006,0,57.3325212408759,-163.998675510949,NA,-6.55436829794885
"H-07",2007,0,57.3325212408759,-163.998675510949,0.4,-6.55436829794885
"H-07",2008,0,57.3325212408759,-163.998675510949,0.8,-6.55436829794885
"H-07",2009,0,57.3325212408759,-163.998675510949,0.1,-6.55436829794885
"H-07",2010,44.7048303238571,57.3325212408759,-163.998675510949,0.7,3.80011340695333
"H-07",2011,0,57.3325212408759,-163.998675510949,1.8,-6.55436829794885
"H-07",2012,0,57.3325212408759,-163.998675510949,0,-6.55436829794885
"H-07",2013,0,57.3325212408759,-163.998675510949,1,-6.55436829794885
"H-07",2014,0,57.3325212408759,-163.998675510949,3.4,-6.55436829794885
"H-07",2015,0,57.3325212408759,-163.998675510949,3.8,-6.55436829794885
"H-07",2016,0,57.3325212408759,-163.998675510949,4.9,-6.55436829794885
"H-07",2017,0,57.3325212408759,-163.998675510949,0,-6.55436829794885
"H-07",2018,0,57.3325212408759,-163.998675510949,3.7,-6.55436829794885
"H-07",2019,0,57.3325212408759,-163.998675510949,4,-6.55436829794885
"H-07",2021,20.8932550808651,57.3325212408759,-163.998675510949,3,3.03949453148021
"H-07",2022,0,57.3325212408759,-163.998675510949,1.5,-6.55436829794885
"H-07",2023,0,57.3325212408759,-163.998675510949,1.6,-6.55436829794885
"H-08",1988,0,57.340042739726,-163.388411917808,1.8,-6.55436829794885
"H-08",1989,0,57.340042739726,-163.388411917808,1.8,-6.55436829794885
"H-08",1990,0,57.340042739726,-163.388411917808,2.8,-6.55436829794885
"H-08",1991,0,57.340042739726,-163.388411917808,2.7,-6.55436829794885
"H-08",1992,0,57.340042739726,-163.388411917808,2.4,-6.55436829794885
"H-08",1993,0,57.340042739726,-163.388411917808,3.9,-6.55436829794885
"H-08",1994,0,57.340042739726,-163.388411917808,1.7,-6.55436829794885
"H-08",1995,0,57.340042739726,-163.388411917808,0.9,-6.55436829794885
"H-08",1996,30.2026317828797,57.340042739726,-163.388411917808,4,3.40797620890504
"H-08",1997,0,57.340042739726,-163.388411917808,2.3,-6.55436829794885
"H-08",1998,0,57.340042739726,-163.388411917808,3.7,-6.55436829794885
"H-08",1999,424.653715009207,57.340042739726,-163.388411917808,0.3,6.05127740162756
"H-08",2000,22.1083214704572,57.340042739726,-163.388411917808,0.9,3.09601847750359
"H-08",2001,0,57.340042739726,-163.388411917808,2.8,-6.55436829794885
"H-08",2002,0,57.340042739726,-163.388411917808,3.1,-6.55436829794885
"H-08",2003,0,57.340042739726,-163.388411917808,3.8,-6.55436829794885
"H-08",2004,0,57.340042739726,-163.388411917808,3.9,-6.55436829794885
"H-08",2005,0,57.340042739726,-163.388411917808,4.4,-6.55436829794885
"H-08",2006,0,57.340042739726,-163.388411917808,1.1,-6.55436829794885
"H-08",2007,0,57.340042739726,-163.388411917808,1.1,-6.55436829794885
"H-08",2008,0,57.340042739726,-163.388411917808,1.1,-6.55436829794885
"H-08",2009,0,57.340042739726,-163.388411917808,1.2,-6.55436829794885
"H-08",2010,0,57.340042739726,-163.388411917808,1.3,-6.55436829794885
"H-08",2011,0,57.340042739726,-163.388411917808,2.1,-6.55436829794885
"H-08",2012,0,57.340042739726,-163.388411917808,1.1,-6.55436829794885
"H-08",2013,0,57.340042739726,-163.388411917808,0.7,-6.55436829794885
"H-08",2014,0,57.340042739726,-163.388411917808,4.6,-6.55436829794885
"H-08",2015,0,57.340042739726,-163.388411917808,4.8,-6.55436829794885
"H-08",2016,0,57.340042739726,-163.388411917808,5.7,-6.55436829794885
"H-08",2017,0,57.340042739726,-163.388411917808,1.6,-6.55436829794885
"H-08",2018,0,57.340042739726,-163.388411917808,4.6,-6.55436829794885
"H-08",2019,0,57.340042739726,-163.388411917808,5.3,-6.55436829794885
"H-08",2021,0,57.340042739726,-163.388411917808,4.2,-6.55436829794885
"H-08",2022,0,57.340042739726,-163.388411917808,2,-6.55436829794885
"H-08",2023,0,57.340042739726,-163.388411917808,1.7,-6.55436829794885
"H-09",1988,0,57.3310429268293,-162.770804634146,2.2,-6.55436829794885
"H-09",1989,0,57.3310429268293,-162.770804634146,2.5,-6.55436829794885
"H-09",1990,0,57.3310429268293,-162.770804634146,3.1,-6.55436829794885
"H-09",1991,0,57.3310429268293,-162.770804634146,4,-6.55436829794885
"H-09",1992,0,57.3310429268293,-162.770804634146,NA,-6.55436829794885
"H-09",1993,0,57.3310429268293,-162.770804634146,3.8,-6.55436829794885
"H-09",1994,0,57.3310429268293,-162.770804634146,1.7,-6.55436829794885
"H-09",1995,0,57.3310429268293,-162.770804634146,1.4,-6.55436829794885
"H-09",1996,0,57.3310429268293,-162.770804634146,4.5,-6.55436829794885
"H-09",1997,0,57.3310429268293,-162.770804634146,2.1,-6.55436829794885
"H-09",1998,0,57.3310429268293,-162.770804634146,3.7,-6.55436829794885
"H-09",1999,0,57.3310429268293,-162.770804634146,0.1,-6.55436829794885
"H-09",2000,0,57.3310429268293,-162.770804634146,1.1,-6.55436829794885
"H-09",2001,0,57.3310429268293,-162.770804634146,3.3,-6.55436829794885
"H-09",2002,0,57.3310429268293,-162.770804634146,3.5,-6.55436829794885
"H-09",2003,0,57.3310429268293,-162.770804634146,4.1,-6.55436829794885
"H-09",2004,0,57.3310429268293,-162.770804634146,4.5,-6.55436829794885
"H-09",2005,0,57.3310429268293,-162.770804634146,4.9,-6.55436829794885
"H-09",2006,0,57.3310429268293,-162.770804634146,1.4,-6.55436829794885
"H-09",2007,0,57.3310429268293,-162.770804634146,1.6,-6.55436829794885
"H-09",2008,0,57.3310429268293,-162.770804634146,1.1,-6.55436829794885
"H-09",2009,0,57.3310429268293,-162.770804634146,1.5,-6.55436829794885
"H-09",2010,0,57.3310429268293,-162.770804634146,2.1,-6.55436829794885
"H-09",2011,0,57.3310429268293,-162.770804634146,2.3,-6.55436829794885
"H-09",2012,0,57.3310429268293,-162.770804634146,1.1,-6.55436829794885
"H-09",2013,0,57.3310429268293,-162.770804634146,1.9,-6.55436829794885
"H-09",2014,0,57.3310429268293,-162.770804634146,4.9,-6.55436829794885
"H-09",2015,0,57.3310429268293,-162.770804634146,5,-6.55436829794885
"H-09",2016,0,57.3310429268293,-162.770804634146,5.9,-6.55436829794885
"H-09",2017,0,57.3310429268293,-162.770804634146,2.6,-6.55436829794885
"H-09",2018,0,57.3310429268293,-162.770804634146,4.6,-6.55436829794885
"H-09",2019,0,57.3310429268293,-162.770804634146,6.2,-6.55436829794885
"H-09",2021,0,57.3310429268293,-162.770804634146,4.2,-6.55436829794885
"H-09",2022,0,57.3310429268293,-162.770804634146,3.4,-6.55436829794885
"H-09",2023,0,57.3310429268293,-162.770804634146,2.3,-6.55436829794885
"H-10",1988,0,57.3338268571429,-162.150878,2.4,-6.55436829794885
"H-10",1989,0,57.3338268571429,-162.150878,1.8,-6.55436829794885
"H-10",1990,0,57.3338268571429,-162.150878,NA,-6.55436829794885
"H-10",1991,0,57.3338268571429,-162.150878,3.8,-6.55436829794885
"H-10",1992,0,57.3338268571429,-162.150878,3.9,-6.55436829794885
"H-10",1993,0,57.3338268571429,-162.150878,3.6,-6.55436829794885
"H-10",1994,0,57.3338268571429,-162.150878,2.1,-6.55436829794885
"H-10",1995,0,57.3338268571429,-162.150878,1.4,-6.55436829794885
"H-10",1996,0,57.3338268571429,-162.150878,4.6,-6.55436829794885
"H-10",1997,0,57.3338268571429,-162.150878,2.8,-6.55436829794885
"H-10",1998,0,57.3338268571429,-162.150878,3.9,-6.55436829794885
"H-10",1999,0,57.3338268571429,-162.150878,0,-6.55436829794885
"H-10",2000,0,57.3338268571429,-162.150878,NA,-6.55436829794885
"H-10",2001,0,57.3338268571429,-162.150878,3.4,-6.55436829794885
"H-10",2002,0,57.3338268571429,-162.150878,4.3,-6.55436829794885
"H-10",2003,0,57.3338268571429,-162.150878,4.5,-6.55436829794885
"H-10",2004,0,57.3338268571429,-162.150878,4.2,-6.55436829794885
"H-10",2005,0,57.3338268571429,-162.150878,4.8,-6.55436829794885
"H-10",2006,0,57.3338268571429,-162.150878,1.5,-6.55436829794885
"H-10",2007,0,57.3338268571429,-162.150878,1.8,-6.55436829794885
"H-10",2008,0,57.3338268571429,-162.150878,1.1,-6.55436829794885
"H-10",2009,0,57.3338268571429,-162.150878,1.3,-6.55436829794885
"H-10",2010,0,57.3338268571429,-162.150878,2.2,-6.55436829794885
"H-10",2011,0,57.3338268571429,-162.150878,2.3,-6.55436829794885
"H-10",2012,0,57.3338268571429,-162.150878,1.1,-6.55436829794885
"H-10",2013,0,57.3338268571429,-162.150878,2.1,-6.55436829794885
"H-10",2014,0,57.3338268571429,-162.150878,4.8,-6.55436829794885
"H-10",2015,0,57.3338268571429,-162.150878,5.3,-6.55436829794885
"H-10",2016,0,57.3338268571429,-162.150878,6,-6.55436829794885
"H-10",2017,0,57.3338268571429,-162.150878,3.5,-6.55436829794885
"H-10",2018,0,57.3338268571429,-162.150878,4.6,-6.55436829794885
"H-10",2019,0,57.3338268571429,-162.150878,5.7,-6.55436829794885
"H-10",2021,0,57.3338268571429,-162.150878,4.9,-6.55436829794885
"H-10",2022,0,57.3338268571429,-162.150878,4,-6.55436829794885
"H-10",2023,0,57.3338268571429,-162.150878,2.7,-6.55436829794885
"H-11",1988,0,57.3333918604651,-161.539587906977,2.3,-6.55436829794885
"H-11",1989,0,57.3333918604651,-161.539587906977,2.1,-6.55436829794885
"H-11",1990,0,57.3333918604651,-161.539587906977,2.9,-6.55436829794885
"H-11",1991,0,57.3333918604651,-161.539587906977,3.6,-6.55436829794885
"H-11",1992,0,57.3333918604651,-161.539587906977,NA,-6.55436829794885
"H-11",1993,0,57.3333918604651,-161.539587906977,3.9,-6.55436829794885
"H-11",1994,0,57.3333918604651,-161.539587906977,1.8,-6.55436829794885
"H-11",1995,0,57.3333918604651,-161.539587906977,2.3,-6.55436829794885
"H-11",1996,0,57.3333918604651,-161.539587906977,4.6,-6.55436829794885
"H-11",1997,0,57.3333918604651,-161.539587906977,2.2,-6.55436829794885
"H-11",1998,0,57.3333918604651,-161.539587906977,3.6,-6.55436829794885
"H-11",1999,0,57.3333918604651,-161.539587906977,-0.3,-6.55436829794885
"H-11",2000,0,57.3333918604651,-161.539587906977,0.9,-6.55436829794885
"H-11",2001,0,57.3333918604651,-161.539587906977,3.6,-6.55436829794885
"H-11",2002,0,57.3333918604651,-161.539587906977,3,-6.55436829794885
"H-11",2003,0,57.3333918604651,-161.539587906977,4,-6.55436829794885
"H-11",2004,0,57.3333918604651,-161.539587906977,3.7,-6.55436829794885
"H-11",2005,0,57.3333918604651,-161.539587906977,4.6,-6.55436829794885
"H-11",2006,0,57.3333918604651,-161.539587906977,1.5,-6.55436829794885
"H-11",2007,0,57.3333918604651,-161.539587906977,1.3,-6.55436829794885
"H-11",2008,0,57.3333918604651,-161.539587906977,1,-6.55436829794885
"H-11",2009,0,57.3333918604651,-161.539587906977,1.8,-6.55436829794885
"H-11",2010,0,57.3333918604651,-161.539587906977,2.3,-6.55436829794885
"H-11",2011,0,57.3333918604651,-161.539587906977,2.3,-6.55436829794885
"H-11",2012,0,57.3333918604651,-161.539587906977,0.9,-6.55436829794885
"H-11",2013,0,57.3333918604651,-161.539587906977,2.4,-6.55436829794885
"H-11",2014,0,57.3333918604651,-161.539587906977,4.5,-6.55436829794885
"H-11",2015,0,57.3333918604651,-161.539587906977,4.9,-6.55436829794885
"H-11",2016,0,57.3333918604651,-161.539587906977,5.8,-6.55436829794885
"H-11",2017,0,57.3333918604651,-161.539587906977,3.2,-6.55436829794885
"H-11",2018,0,57.3333918604651,-161.539587906977,4.7,-6.55436829794885
"H-11",2019,0,57.3333918604651,-161.539587906977,5.8,-6.55436829794885
"H-11",2021,0,57.3333918604651,-161.539587906977,3.9,-6.55436829794885
"H-11",2022,0,57.3333918604651,-161.539587906977,3.9,-6.55436829794885
"H-11",2023,0,57.3333918604651,-161.539587906977,3.1,-6.55436829794885
"H-12",1988,0,57.3362594285714,-160.932940285714,2.7,-6.55436829794885
"H-12",1989,0,57.3362594285714,-160.932940285714,NA,-6.55436829794885
"H-12",1990,0,57.3362594285714,-160.932940285714,NA,-6.55436829794885
"H-12",1991,0,57.3362594285714,-160.932940285714,3.3,-6.55436829794885
"H-12",1992,0,57.3362594285714,-160.932940285714,2.6,-6.55436829794885
"H-12",1993,0,57.3362594285714,-160.932940285714,3.6,-6.55436829794885
"H-12",1994,0,57.3362594285714,-160.932940285714,2.9,-6.55436829794885
"H-12",1995,0,57.3362594285714,-160.932940285714,2.4,-6.55436829794885
"H-12",1996,0,57.3362594285714,-160.932940285714,4.2,-6.55436829794885
"H-12",1997,0,57.3362594285714,-160.932940285714,2.6,-6.55436829794885
"H-12",1998,0,57.3362594285714,-160.932940285714,3.6,-6.55436829794885
"H-12",1999,0,57.3362594285714,-160.932940285714,-0.6,-6.55436829794885
"H-12",2000,0,57.3362594285714,-160.932940285714,0.8,-6.55436829794885
"H-12",2001,0,57.3362594285714,-160.932940285714,3.4,-6.55436829794885
"H-12",2002,0,57.3362594285714,-160.932940285714,3.4,-6.55436829794885
"H-12",2003,0,57.3362594285714,-160.932940285714,3.9,-6.55436829794885
"H-12",2004,0,57.3362594285714,-160.932940285714,4,-6.55436829794885
"H-12",2005,0,57.3362594285714,-160.932940285714,4.3,-6.55436829794885
"H-12",2006,0,57.3362594285714,-160.932940285714,1.7,-6.55436829794885
"H-12",2007,0,57.3362594285714,-160.932940285714,0.7,-6.55436829794885
"H-12",2008,0,57.3362594285714,-160.932940285714,0.8,-6.55436829794885
"H-12",2009,0,57.3362594285714,-160.932940285714,1.3,-6.55436829794885
"H-12",2010,0,57.3362594285714,-160.932940285714,2.3,-6.55436829794885
"H-12",2011,0,57.3362594285714,-160.932940285714,2.7,-6.55436829794885
"H-12",2012,0,57.3362594285714,-160.932940285714,-0.2,-6.55436829794885
"H-12",2013,0,57.3362594285714,-160.932940285714,2.6,-6.55436829794885
"H-12",2014,0,57.3362594285714,-160.932940285714,4.2,-6.55436829794885
"H-12",2015,0,57.3362594285714,-160.932940285714,4.2,-6.55436829794885
"H-12",2016,0,57.3362594285714,-160.932940285714,5.7,-6.55436829794885
"H-12",2017,0,57.3362594285714,-160.932940285714,3.3,-6.55436829794885
"H-12",2018,0,57.3362594285714,-160.932940285714,4.7,-6.55436829794885
"H-12",2019,0,57.3362594285714,-160.932940285714,4.6,-6.55436829794885
"H-12",2021,0,57.3362594285714,-160.932940285714,4.1,-6.55436829794885
"H-12",2022,0,57.3362594285714,-160.932940285714,3.7,-6.55436829794885
"H-12",2023,0,57.3362594285714,-160.932940285714,3,-6.55436829794885
"H-13",1988,0,57.3307377142857,-160.30096,3.1,-6.55436829794885
"H-13",1989,0,57.3307377142857,-160.30096,2,-6.55436829794885
"H-13",1990,0,57.3307377142857,-160.30096,2.9,-6.55436829794885
"H-13",1991,0,57.3307377142857,-160.30096,3.5,-6.55436829794885
"H-13",1992,0,57.3307377142857,-160.30096,NA,-6.55436829794885
"H-13",1993,0,57.3307377142857,-160.30096,3.1,-6.55436829794885
"H-13",1994,0,57.3307377142857,-160.30096,2.5,-6.55436829794885
"H-13",1995,0,57.3307377142857,-160.30096,2.4,-6.55436829794885
"H-13",1996,0,57.3307377142857,-160.30096,4.5,-6.55436829794885
"H-13",1997,0,57.3307377142857,-160.30096,3.3,-6.55436829794885
"H-13",1998,0,57.3307377142857,-160.30096,4.1,-6.55436829794885
"H-13",1999,0,57.3307377142857,-160.30096,-0.7,-6.55436829794885
"H-13",2000,0,57.3307377142857,-160.30096,1.1,-6.55436829794885
"H-13",2001,0,57.3307377142857,-160.30096,3.8,-6.55436829794885
"H-13",2002,0,57.3307377142857,-160.30096,4,-6.55436829794885
"H-13",2003,0,57.3307377142857,-160.30096,4.2,-6.55436829794885
"H-13",2004,0,57.3307377142857,-160.30096,3.7,-6.55436829794885
"H-13",2005,0,57.3307377142857,-160.30096,4.5,-6.55436829794885
"H-13",2006,0,57.3307377142857,-160.30096,2.4,-6.55436829794885
"H-13",2007,0,57.3307377142857,-160.30096,1,-6.55436829794885
"H-13",2008,0,57.3307377142857,-160.30096,0.8,-6.55436829794885
"H-13",2009,0,57.3307377142857,-160.30096,1.3,-6.55436829794885
"H-13",2010,0,57.3307377142857,-160.30096,2.3,-6.55436829794885
"H-13",2011,0,57.3307377142857,-160.30096,2.6,-6.55436829794885
"H-13",2012,0,57.3307377142857,-160.30096,-0.1,-6.55436829794885
"H-13",2013,0,57.3307377142857,-160.30096,3.1,-6.55436829794885
"H-13",2014,0,57.3307377142857,-160.30096,4.7,-6.55436829794885
"H-13",2015,0,57.3307377142857,-160.30096,4.5,-6.55436829794885
"H-13",2016,0,57.3307377142857,-160.30096,5.8,-6.55436829794885
"H-13",2017,0,57.3307377142857,-160.30096,3.6,-6.55436829794885
"H-13",2018,0,57.3307377142857,-160.30096,4.6,-6.55436829794885
"H-13",2019,0,57.3307377142857,-160.30096,5,-6.55436829794885
"H-13",2021,0,57.3307377142857,-160.30096,4.5,-6.55436829794885
"H-13",2022,0,57.3307377142857,-160.30096,3.7,-6.55436829794885
"H-13",2023,0,57.3307377142857,-160.30096,3.4,-6.55436829794885
"H-14",1988,0,57.3314377142857,-159.670517428571,3.6,-6.55436829794885
"H-14",1989,0,57.3314377142857,-159.670517428571,2.3,-6.55436829794885
"H-14",1990,0,57.3314377142857,-159.670517428571,NA,-6.55436829794885
"H-14",1991,0,57.3314377142857,-159.670517428571,3.5,-6.55436829794885
"H-14",1992,0,57.3314377142857,-159.670517428571,2.6,-6.55436829794885
"H-14",1993,0,57.3314377142857,-159.670517428571,4,-6.55436829794885
"H-14",1994,0,57.3314377142857,-159.670517428571,3.1,-6.55436829794885
"H-14",1995,0,57.3314377142857,-159.670517428571,2.3,-6.55436829794885
"H-14",1996,0,57.3314377142857,-159.670517428571,4.6,-6.55436829794885
"H-14",1997,0,57.3314377142857,-159.670517428571,3.8,-6.55436829794885
"H-14",1998,0,57.3314377142857,-159.670517428571,4.5,-6.55436829794885
"H-14",1999,0,57.3314377142857,-159.670517428571,NA,-6.55436829794885
"H-14",2000,0,57.3314377142857,-159.670517428571,1.3,-6.55436829794885
"H-14",2001,0,57.3314377142857,-159.670517428571,3.8,-6.55436829794885
"H-14",2002,0,57.3314377142857,-159.670517428571,4.3,-6.55436829794885
"H-14",2003,0,57.3314377142857,-159.670517428571,4.2,-6.55436829794885
"H-14",2004,0,57.3314377142857,-159.670517428571,4.4,-6.55436829794885
"H-14",2005,0,57.3314377142857,-159.670517428571,4.8,-6.55436829794885
"H-14",2006,0,57.3314377142857,-159.670517428571,2.5,-6.55436829794885
"H-14",2007,0,57.3314377142857,-159.670517428571,1.8,-6.55436829794885
"H-14",2008,0,57.3314377142857,-159.670517428571,1.1,-6.55436829794885
"H-14",2009,0,57.3314377142857,-159.670517428571,1.7,-6.55436829794885
"H-14",2010,0,57.3314377142857,-159.670517428571,2.3,-6.55436829794885
"H-14",2011,0,57.3314377142857,-159.670517428571,3,-6.55436829794885
"H-14",2012,0,57.3314377142857,-159.670517428571,0,-6.55436829794885
"H-14",2013,0,57.3314377142857,-159.670517428571,3.4,-6.55436829794885
"H-14",2014,0,57.3314377142857,-159.670517428571,5.1,-6.55436829794885
"H-14",2015,0,57.3314377142857,-159.670517428571,4.8,-6.55436829794885
"H-14",2016,0,57.3314377142857,-159.670517428571,6.1,-6.55436829794885
"H-14",2017,0,57.3314377142857,-159.670517428571,3.4,-6.55436829794885
"H-14",2018,0,57.3314377142857,-159.670517428571,5.1,-6.55436829794885
"H-14",2019,0,57.3314377142857,-159.670517428571,5.5,-6.55436829794885
"H-14",2021,0,57.3314377142857,-159.670517428571,4.7,-6.55436829794885
"H-14",2022,0,57.3314377142857,-159.670517428571,3.2,-6.55436829794885
"H-14",2023,0,57.3314377142857,-159.670517428571,3.6,-6.55436829794885
"H-15",1988,0,57.3362857142857,-159.067565428571,3.4,-6.55436829794885
"H-15",1989,0,57.3362857142857,-159.067565428571,2.5,-6.55436829794885
"H-15",1990,0,57.3362857142857,-159.067565428571,3.3,-6.55436829794885
"H-15",1991,0,57.3362857142857,-159.067565428571,NA,-6.55436829794885
"H-15",1992,0,57.3362857142857,-159.067565428571,2.6,-6.55436829794885
"H-15",1993,0,57.3362857142857,-159.067565428571,4.8,-6.55436829794885
"H-15",1994,0,57.3362857142857,-159.067565428571,2.8,-6.55436829794885
"H-15",1995,0,57.3362857142857,-159.067565428571,2.6,-6.55436829794885
"H-15",1996,0,57.3362857142857,-159.067565428571,5.2,-6.55436829794885
"H-15",1997,0,57.3362857142857,-159.067565428571,3.6,-6.55436829794885
"H-15",1998,0,57.3362857142857,-159.067565428571,4.9,-6.55436829794885
"H-15",1999,0,57.3362857142857,-159.067565428571,-1.1,-6.55436829794885
"H-15",2000,0,57.3362857142857,-159.067565428571,1.9,-6.55436829794885
"H-15",2001,0,57.3362857142857,-159.067565428571,3.8,-6.55436829794885
"H-15",2002,0,57.3362857142857,-159.067565428571,4.2,-6.55436829794885
"H-15",2003,0,57.3362857142857,-159.067565428571,4.5,-6.55436829794885
"H-15",2004,0,57.3362857142857,-159.067565428571,4.8,-6.55436829794885
"H-15",2005,0,57.3362857142857,-159.067565428571,4.8,-6.55436829794885
"H-15",2006,0,57.3362857142857,-159.067565428571,2.8,-6.55436829794885
"H-15",2007,0,57.3362857142857,-159.067565428571,1.9,-6.55436829794885
"H-15",2008,0,57.3362857142857,-159.067565428571,1.3,-6.55436829794885
"H-15",2009,0,57.3362857142857,-159.067565428571,2,-6.55436829794885
"H-15",2010,0,57.3362857142857,-159.067565428571,2.1,-6.55436829794885
"H-15",2011,0,57.3362857142857,-159.067565428571,2.7,-6.55436829794885
"H-15",2012,0,57.3362857142857,-159.067565428571,0.3,-6.55436829794885
"H-15",2013,0,57.3362857142857,-159.067565428571,3.4,-6.55436829794885
"H-15",2014,0,57.3362857142857,-159.067565428571,5.5,-6.55436829794885
"H-15",2015,0,57.3362857142857,-159.067565428571,5,-6.55436829794885
"H-15",2016,0,57.3362857142857,-159.067565428571,6.4,-6.55436829794885
"H-15",2017,0,57.3362857142857,-159.067565428571,3.8,-6.55436829794885
"H-15",2018,0,57.3362857142857,-159.067565428571,5.5,-6.55436829794885
"H-15",2019,0,57.3362857142857,-159.067565428571,6,-6.55436829794885
"H-15",2021,0,57.3362857142857,-159.067565428571,4.5,-6.55436829794885
"H-15",2022,0,57.3362857142857,-159.067565428571,3.8,-6.55436829794885
"H-15",2023,0,57.3362857142857,-159.067565428571,4,-6.55436829794885
"H-16",1988,0,57.3380954285714,-158.406348285714,4.6,-6.55436829794885
"H-16",1989,0,57.3380954285714,-158.406348285714,3.6,-6.55436829794885
"H-16",1990,0,57.3380954285714,-158.406348285714,NA,-6.55436829794885
"H-16",1991,0,57.3380954285714,-158.406348285714,4.6,-6.55436829794885
"H-16",1992,0,57.3380954285714,-158.406348285714,NA,-6.55436829794885
"H-16",1993,0,57.3380954285714,-158.406348285714,5.5,-6.55436829794885
"H-16",1994,0,57.3380954285714,-158.406348285714,4.2,-6.55436829794885
"H-16",1995,0,57.3380954285714,-158.406348285714,3.3,-6.55436829794885
"H-16",1996,0,57.3380954285714,-158.406348285714,6.1,-6.55436829794885
"H-16",1997,0,57.3380954285714,-158.406348285714,4.7,-6.55436829794885
"H-16",1998,0,57.3380954285714,-158.406348285714,5.6,-6.55436829794885
"H-16",1999,0,57.3380954285714,-158.406348285714,-0.3,-6.55436829794885
"H-16",2000,0,57.3380954285714,-158.406348285714,2.9,-6.55436829794885
"H-16",2001,0,57.3380954285714,-158.406348285714,4.5,-6.55436829794885
"H-16",2002,0,57.3380954285714,-158.406348285714,5.4,-6.55436829794885
"H-16",2003,0,57.3380954285714,-158.406348285714,5.3,-6.55436829794885
"H-16",2004,0,57.3380954285714,-158.406348285714,5.2,-6.55436829794885
"H-16",2005,0,57.3380954285714,-158.406348285714,6,-6.55436829794885
"H-16",2006,0,57.3380954285714,-158.406348285714,4.3,-6.55436829794885
"H-16",2007,0,57.3380954285714,-158.406348285714,4.8,-6.55436829794885
"H-16",2008,0,57.3380954285714,-158.406348285714,2.2,-6.55436829794885
"H-16",2009,0,57.3380954285714,-158.406348285714,4.4,-6.55436829794885
"H-16",2010,0,57.3380954285714,-158.406348285714,2.9,-6.55436829794885
"H-16",2011,0,57.3380954285714,-158.406348285714,3.7,-6.55436829794885
"H-16",2012,0,57.3380954285714,-158.406348285714,0.8,-6.55436829794885
"H-16",2013,0,57.3380954285714,-158.406348285714,5.2,-6.55436829794885
"H-16",2014,0,57.3380954285714,-158.406348285714,6.9,-6.55436829794885
"H-16",2015,0,57.3380954285714,-158.406348285714,5.8,-6.55436829794885
"H-16",2016,0,57.3380954285714,-158.406348285714,7.3,-6.55436829794885
"H-16",2017,0,57.3380954285714,-158.406348285714,5.4,-6.55436829794885
"H-16",2018,0,57.3380954285714,-158.406348285714,6.2,-6.55436829794885
"H-16",2019,0,57.3380954285714,-158.406348285714,7.4,-6.55436829794885
"H-16",2021,0,57.3380954285714,-158.406348285714,5.4,-6.55436829794885
"H-16",2022,0,57.3380954285714,-158.406348285714,5,-6.55436829794885
"H-16",2023,0,57.3380954285714,-158.406348285714,4.1,-6.55436829794885
"H-18",1988,78.5186658152393,57.3323142259641,-168.372453476372,2.4,4.36335451175722
"H-18",1989,619.880652201754,57.3323142259641,-168.372453476372,3.9,6.42952926008402
"H-18",1990,29.7353899743193,57.3323142259641,-168.372453476372,2.6,3.39238580201682
"H-18",1991,213.104815233302,57.3323142259641,-168.372453476372,2.8,5.36179081655188
"H-18",1992,0,57.3323142259641,-168.372453476372,0,-6.55436829794885
"H-18",1993,261.055769982332,57.3323142259641,-168.372453476372,3,5.56473951689645
"H-18",1994,129.253724097436,57.3323142259641,-168.372453476372,1.4,4.8617883422239
"H-18",1995,499.22626168521,57.3323142259641,-168.372453476372,0.3,6.21306227538769
"H-18",1996,65.2817882857785,57.3323142259641,-168.372453476372,3.6,4.17873491544758
"H-18",1997,77.2158278698421,57.3323142259641,-168.372453476372,2.4,4.3466229003542
"H-18",1998,19.9679336293088,57.3323142259641,-168.372453476372,3.6,2.99419897421919
"H-18",1999,0,57.3323142259641,-168.372453476372,2.7,-6.55436829794885
"H-18",2000,0,57.3323142259641,-168.372453476372,2.6,-6.55436829794885
"H-18",2001,0,57.3323142259641,-168.372453476372,NA,-6.55436829794885
"H-18",2002,19.7907057103394,57.3323142259641,-168.372453476372,3.6,2.98528436334452
"H-18",2003,0,57.3323142259641,-168.372453476372,3.6,-6.55436829794885
"H-18",2004,0,57.3323142259641,-168.372453476372,3.5,-6.55436829794885
"H-18",2005,20.6895587022894,57.3323142259641,-168.372453476372,3.4,3.0296979814148
"H-18",2006,62.5364794560623,57.3323142259641,-168.372453476372,2.2,4.13577282633363
"H-18",2007,20.6817483212098,57.3323142259641,-168.372453476372,0.7,3.02932043261833
"H-18",2008,40.4611253939941,57.3323142259641,-168.372453476372,0.4,3.70037683707173
"H-18",2009,0,57.3323142259641,-168.372453476372,-0.7,-6.55436829794885
"H-18",2010,74.2106048007977,57.3323142259641,-168.372453476372,-0.7,4.30692624866337
"H-18",2011,42.7093245552259,57.3323142259641,-168.372453476372,3.3,3.75445060840103
"H-18",2012,0,57.3323142259641,-168.372453476372,-0.1,-6.55436829794885
"H-18",2013,41.76448586292,57.3323142259641,-168.372453476372,0.4,3.73208045044333
"H-18",2014,0,57.3323142259641,-168.372453476372,3.1,-6.55436829794885
"H-18",2015,0,57.3323142259641,-168.372453476372,3.3,-6.55436829794885
"H-18",2016,21.3573275973674,57.3323142259641,-168.372453476372,4.6,3.06146156104562
"H-18",2017,0,57.3323142259641,-168.372453476372,2.3,-6.55436829794885
"H-18",2018,0,57.3323142259641,-168.372453476372,4.7,-6.55436829794885
"H-18",2019,0,57.3323142259641,-168.372453476372,4.1,-6.55436829794885
"H-18",2021,22.7964350893435,57.3323142259641,-168.372453476372,4.1,3.12666662678772
"H-18",2022,0,57.3323142259641,-168.372453476372,1.7,-6.55436829794885
"H-18",2023,41.3706025282562,57.3323142259641,-168.372453476372,3.1,3.72260496187725
"H-19",1988,448.377934108409,57.3324890472028,-168.995524755245,1.8,6.10563965532673
"H-19",1989,58.458148535339,57.3324890472028,-168.995524755245,4.1,4.06833544555083
"H-19",1990,132.180522011515,57.3324890472028,-168.995524755245,2.2,4.88417935147705
"H-19",1991,0,57.3324890472028,-168.995524755245,2.7,-6.55436829794885
"H-19",1992,0,57.3324890472028,-168.995524755245,0.2,-6.55436829794885
"H-19",1993,0,57.3324890472028,-168.995524755245,3,-6.55436829794885
"H-19",1994,50.4096365386947,57.3324890472028,-168.995524755245,2.2,3.92021060379368
"H-19",1995,41.2657820216156,57.3324890472028,-168.995524755245,0.3,3.72006813862951
"H-19",1996,0,57.3324890472028,-168.995524755245,4,-6.55436829794885
"H-19",1997,0,57.3324890472028,-168.995524755245,2.2,-6.55436829794885
"H-19",1998,0,57.3324890472028,-168.995524755245,3.1,-6.55436829794885
"H-19",1999,19.961497207886,57.3324890472028,-168.995524755245,2.4,2.9938766073669
"H-19",2000,0,57.3324890472028,-168.995524755245,NA,-6.55436829794885
"H-19",2001,0,57.3324890472028,-168.995524755245,2.8,-6.55436829794885
"H-19",2002,0,57.3324890472028,-168.995524755245,3.8,-6.55436829794885
"H-19",2003,0,57.3324890472028,-168.995524755245,3.8,-6.55436829794885
"H-19",2004,0,57.3324890472028,-168.995524755245,3.9,-6.55436829794885
"H-19",2005,44.14338925204,57.3324890472028,-168.995524755245,3.8,3.7874754373418
"H-19",2006,0,57.3324890472028,-168.995524755245,1.2,-6.55436829794885
"H-19",2007,22.1297056127719,57.3324890472028,-168.995524755245,0.4,3.09698519183977
"H-19",2008,0,57.3324890472028,-168.995524755245,0.5,-6.55436829794885
"H-19",2009,19.1450061723688,57.3324890472028,-168.995524755245,-0.2,2.95211627811359
"H-19",2010,79.8206818367577,57.3324890472028,-168.995524755245,-0.9,4.37980048011464
"H-19",2011,0,57.3324890472028,-168.995524755245,2.9,-6.55436829794885
"H-19",2012,51.5435956428372,57.3324890472028,-168.995524755245,0,3.94245559134136
"H-19",2013,60.693498573802,57.3324890472028,-168.995524755245,0.7,4.10586004474543
"H-19",2014,0,57.3324890472028,-168.995524755245,3.5,-6.55436829794885
"H-19",2015,0,57.3324890472028,-168.995524755245,4,-6.55436829794885
"H-19",2016,0,57.3324890472028,-168.995524755245,4.8,-6.55436829794885
"H-19",2017,0,57.3324890472028,-168.995524755245,2.5,-6.55436829794885
"H-19",2018,0,57.3324890472028,-168.995524755245,4.6,-6.55436829794885
"H-19",2019,0,57.3324890472028,-168.995524755245,4.3,-6.55436829794885
"H-19",2021,0,57.3324890472028,-168.995524755245,4.2,-6.55436829794885
"H-19",2022,0,57.3324890472028,-168.995524755245,1.7,-6.55436829794885
"H-19",2023,0,57.3324890472028,-168.995524755245,3,-6.55436829794885
"H-20",1988,568.682773711311,57.3351133963924,-169.602700739111,1.8,6.34332526703266
"H-20",1989,0,57.3351133963924,-169.602700739111,3.3,-6.55436829794885
"H-20",1990,0,57.3351133963924,-169.602700739111,2.6,-6.55436829794885
"H-20",1991,263.076855139886,57.3351133963924,-169.602700739111,NA,5.57245162675879
"H-20",1992,0,57.3351133963924,-169.602700739111,0.7,-6.55436829794885
"H-20",1993,57.0695322864143,57.3351133963924,-169.602700739111,NA,4.04429533871817
"H-20",1994,273.879012251703,57.3351133963924,-169.602700739111,NA,5.61269164667804
"H-20",1995,164.208522385513,57.3351133963924,-169.602700739111,0.5,5.10114576928589
"H-20",1996,0,57.3351133963924,-169.602700739111,4.1,-6.55436829794885
"H-20",1997,0,57.3351133963924,-169.602700739111,2,-6.55436829794885
"H-20",1998,0,57.3351133963924,-169.602700739111,2.4,-6.55436829794885
"H-20",1999,45.8204864410056,57.3351133963924,-169.602700739111,1.5,3.82476236806063
"H-20",2000,22.336776204668,57.3351133963924,-169.602700739111,NA,3.10629822131373
"H-20",2001,0,57.3351133963924,-169.602700739111,3,-6.55436829794885
"H-20",2002,0,57.3351133963924,-169.602700739111,3.6,-6.55436829794885
"H-20",2003,0,57.3351133963924,-169.602700739111,4.3,-6.55436829794885
"H-20",2004,0,57.3351133963924,-169.602700739111,3.6,-6.55436829794885
"H-20",2005,90.7211771636335,57.3351133963924,-169.602700739111,4.2,4.50780651070694
"H-20",2006,84.5367583222734,57.3351133963924,-169.602700739111,0.7,4.43720329271118
"H-20",2007,44.6422106134615,57.3351133963924,-169.602700739111,0.1,3.79871173266905
"H-20",2008,21.7011598569886,57.3351133963924,-169.602700739111,0.9,3.07743131977383
"H-20",2009,43.065669377591,57.3351133963924,-169.602700739111,0,3.762759208041
"H-20",2010,0,57.3351133963924,-169.602700739111,-0.4,-6.55436829794885
"H-20",2011,0,57.3351133963924,-169.602700739111,1.4,-6.55436829794885
"H-20",2012,0,57.3351133963924,-169.602700739111,0,-6.55436829794885
"H-20",2013,417.136977168411,57.3351133963924,-169.602700739111,0,6.03341806373668
"H-20",2014,3098.33142793766,57.3351133963924,-169.602700739111,2.9,8.03861945607689
"H-20",2015,0,57.3351133963924,-169.602700739111,3.8,-6.55436829794885
"H-20",2016,0,57.3351133963924,-169.602700739111,4.7,-6.55436829794885
"H-20",2017,0,57.3351133963924,-169.602700739111,3,-6.55436829794885
"H-20",2018,0,57.3351133963924,-169.602700739111,4.2,-6.55436829794885
"H-20",2019,0,57.3351133963924,-169.602700739111,4.4,-6.55436829794885
"H-20",2021,0,57.3351133963924,-169.602700739111,4.4,-6.55436829794885
"H-20",2022,0,57.3351133963924,-169.602700739111,1.5,-6.55436829794885
"H-20",2023,40826.5595869925,57.3351133963924,-169.602700739111,1.7,10.6170881537488
"H-21",1988,0,57.3238003954802,-170.212311242938,4.4,-6.55436829794885
"H-21",1989,0,57.3238003954802,-170.212311242938,5.6,-6.55436829794885
"H-21",1990,0,57.3238003954802,-170.212311242938,4.9,-6.55436829794885
"H-21",1991,0,57.3238003954802,-170.212311242938,5.4,-6.55436829794885
"H-21",1992,0,57.3238003954802,-170.212311242938,4.3,-6.55436829794885
"H-21",1993,0,57.3238003954802,-170.212311242938,4.5,-6.55436829794885
"H-21",1994,19135.4645613785,57.3238003954802,-170.212311242938,2.5,9.85929875007233
"H-21",1995,0,57.3238003954802,-170.212311242938,3.2,-6.55436829794885
"H-21",1996,0,57.3238003954802,-170.212311242938,6.2,-6.55436829794885
"H-21",1997,0,57.3238003954802,-170.212311242938,4.1,-6.55436829794885
"H-21",1998,0,57.3238003954802,-170.212311242938,4.3,-6.55436829794885
"H-21",1999,0,57.3238003954802,-170.212311242938,2.7,-6.55436829794885
"H-21",2000,0,57.3238003954802,-170.212311242938,4.2,-6.55436829794885
"H-21",2001,0,57.3238003954802,-170.212311242938,4.3,-6.55436829794885
"H-21",2002,0,57.3238003954802,-170.212311242938,5.6,-6.55436829794885
"H-21",2003,0,57.3238003954802,-170.212311242938,6.8,-6.55436829794885
"H-21",2004,0,57.3238003954802,-170.212311242938,5.1,-6.55436829794885
"H-21",2005,0,57.3238003954802,-170.212311242938,6.5,-6.55436829794885
"H-21",2006,0,57.3238003954802,-170.212311242938,3.2,-6.55436829794885
"H-21",2007,0,57.3238003954802,-170.212311242938,2.9,-6.55436829794885
"H-21",2008,0,57.3238003954802,-170.212311242938,2.1,-6.55436829794885
"H-21",2009,0,57.3238003954802,-170.212311242938,3,-6.55436829794885
"H-21",2010,0,57.3238003954802,-170.212311242938,2.2,-6.55436829794885
"H-21",2011,0,57.3238003954802,-170.212311242938,3.8,-6.55436829794885
"H-21",2012,0,57.3238003954802,-170.212311242938,2.1,-6.55436829794885
"H-21",2013,0,57.3238003954802,-170.212311242938,3.7,-6.55436829794885
"H-21",2014,0,57.3238003954802,-170.212311242938,4.7,-6.55436829794885
"H-21",2015,0,57.3238003954802,-170.212311242938,6.5,-6.55436829794885
"H-21",2016,0,57.3238003954802,-170.212311242938,7.2,-6.55436829794885
"H-21",2017,0,57.3238003954802,-170.212311242938,5.9,-6.55436829794885
"H-21",2018,0,57.3238003954802,-170.212311242938,5.8,-6.55436829794885
"H-21",2019,0,57.3238003954802,-170.212311242938,7.2,-6.55436829794885
"H-21",2021,0,57.3238003954802,-170.212311242938,6.1,-6.55436829794885
"H-21",2022,0,57.3238003954802,-170.212311242938,4.2,-6.55436829794885
"H-21",2023,22.8719502511041,57.3238003954802,-170.212311242938,4,3.12997353248938
"H-22",1988,25.8657492829727,57.3473203931624,-170.855256692308,3.4,3.25297471945145
"H-22",1989,0,57.3473203931624,-170.855256692308,4.4,-6.55436829794885
"H-22",1990,731.309550787135,57.3473203931624,-170.855256692308,3.4,6.59483877923279
"H-22",1991,0,57.3473203931624,-170.855256692308,3.7,-6.55436829794885
"H-22",1992,475.299339916379,57.3473203931624,-170.855256692308,1.4,6.16394779060043
"H-22",1993,143.624469105171,57.3473203931624,-170.855256692308,3.6,4.96721195364114
"H-22",1994,41.0962985772625,57.3473203931624,-170.855256692308,NA,3.71595270535153
"H-22",1995,166.551089293324,57.3473203931624,-170.855256692308,2.5,5.11531065414083
"H-22",1996,0,57.3473203931624,-170.855256692308,4.9,-6.55436829794885
"H-22",1997,0,57.3473203931624,-170.855256692308,3.8,-6.55436829794885
"H-22",1998,18.7155804936782,57.3473203931624,-170.855256692308,3.9,2.92943243558048
"H-22",1999,0,57.3473203931624,-170.855256692308,2.6,-6.55436829794885
"H-22",2000,0,57.3473203931624,-170.855256692308,3.1,-6.55436829794885
"H-22",2001,0,57.3473203931624,-170.855256692308,3.8,-6.55436829794885
"H-22",2002,20.1291368138266,57.3473203931624,-170.855256692308,4.1,3.00223909300839
"H-22",2003,58.2236161254129,57.3473203931624,-170.855256692308,5.3,4.0643155028885
"H-22",2004,19.8315259265835,57.3473203931624,-170.855256692308,4.9,2.98734468631679
"H-22",2005,0,57.3473203931624,-170.855256692308,4.8,-6.55436829794885
"H-22",2006,0,57.3473203931624,-170.855256692308,2.9,-6.55436829794885
"H-22",2007,21.74804030456,57.3473203931624,-170.855256692308,1.9,3.07958912213295
"H-22",2008,0,57.3473203931624,-170.855256692308,1.5,-6.55436829794885
"H-22",2009,0,57.3473203931624,-170.855256692308,2.7,-6.55436829794885
"H-22",2010,0,57.3473203931624,-170.855256692308,2.7,-6.55436829794885
"H-22",2011,20.6533072316388,57.3473203931624,-170.855256692308,2.9,3.02794440278728
"H-22",2012,0,57.3473203931624,-170.855256692308,1.2,-6.55436829794885
"H-22",2013,167.74317584183,57.3473203931624,-170.855256692308,2,5.12244258292754
"H-22",2014,40.9802280807816,57.3473203931624,-170.855256692308,3.8,3.71312445343882
"H-22",2015,0,57.3473203931624,-170.855256692308,5.1,-6.55436829794885
"H-22",2016,371.793255245572,57.3473203931624,-170.855256692308,5.5,5.91834176407043
"H-22",2017,0,57.3473203931624,-170.855256692308,4.8,-6.55436829794885
"H-22",2018,0,57.3473203931624,-170.855256692308,4.6,-6.55436829794885
"H-22",2019,0,57.3473203931624,-170.855256692308,5.5,-6.55436829794885
"H-22",2021,0,57.3473203931624,-170.855256692308,4.6,-6.55436829794885
"H-22",2022,0,57.3473203931624,-170.855256692308,2.9,-6.55436829794885
"H-22",2023,0,57.3473203931624,-170.855256692308,3,-6.55436829794885
"H-23",1988,0,57.332864720696,-171.459977655678,3.5,-6.55436829794885
"H-23",1989,25115.0114049891,57.332864720696,-171.459977655678,3,10.1312210669892
"H-23",1990,39405.4737778689,57.332864720696,-171.459977655678,2.4,10.5816600501428
"H-23",1991,5014.59054302529,57.332864720696,-171.459977655678,3.1,8.52010733455499
"H-23",1992,12458.172030554,57.332864720696,-171.459977655678,3.3,9.43013218885379
"H-23",1993,9042.76770348519,57.332864720696,-171.459977655678,3.5,9.10972072587905
"H-23",1994,1742.75247350508,57.332864720696,-171.459977655678,NA,7.46322184070722
"H-23",1995,24.6009875719487,57.332864720696,-171.459977655678,2.4,3.20284446471943
"H-23",1996,95.1471621208663,57.332864720696,-171.459977655678,3.8,4.55543973291622
"H-23",1997,0,57.332864720696,-171.459977655678,NA,-6.55436829794885
"H-23",1998,55.9390357428405,57.332864720696,-171.459977655678,3.4,4.0242879041307
"H-23",1999,58.6968093705565,57.332864720696,-171.459977655678,2.5,4.07240962846983
"H-23",2000,18.8719968641639,57.332864720696,-171.459977655678,3.3,2.93775462255999
"H-23",2001,0,57.332864720696,-171.459977655678,3.1,-6.55436829794885
"H-23",2002,0,57.332864720696,-171.459977655678,3.4,-6.55436829794885
"H-23",2003,0,57.332864720696,-171.459977655678,4.5,-6.55436829794885
"H-23",2004,62.9307921204755,57.332864720696,-171.459977655678,4.2,4.14205821068856
"H-23",2005,210.750651816519,57.332864720696,-171.459977655678,4.1,5.350682445937
"H-23",2006,0,57.332864720696,-171.459977655678,3.1,-6.55436829794885
"H-23",2007,0,57.332864720696,-171.459977655678,2.2,-6.55436829794885
"H-23",2008,20.47203136517,57.332864720696,-171.459977655678,2.4,3.01912918109184
"H-23",2009,0,57.332864720696,-171.459977655678,2.7,-6.55436829794885
"H-23",2010,0,57.332864720696,-171.459977655678,3.5,-6.55436829794885
"H-23",2011,22.3163696280177,57.332864720696,-171.459977655678,2.9,3.10538427555071
"H-23",2012,0,57.332864720696,-171.459977655678,1.9,-6.55436829794885
"H-23",2013,0,57.332864720696,-171.459977655678,2.1,-6.55436829794885
"H-23",2014,0,57.332864720696,-171.459977655678,3.6,-6.55436829794885
"H-23",2015,41.3153104110208,57.332864720696,-171.459977655678,4.5,3.72126760659448
"H-23",2016,0,57.332864720696,-171.459977655678,4.8,-6.55436829794885
"H-23",2017,20.9753194366765,57.332864720696,-171.459977655678,3.9,3.04341436302242
"H-23",2018,0,57.332864720696,-171.459977655678,4.1,-6.55436829794885
"H-23",2019,73.0410674995352,57.332864720696,-171.459977655678,4.4,4.29104134552957
"H-23",2021,0,57.332864720696,-171.459977655678,3.9,-6.55436829794885
"H-23",2022,0,57.332864720696,-171.459977655678,2.9,-6.55436829794885
"H-23",2023,0,57.332864720696,-171.459977655678,3.6,-6.55436829794885
"H-24",1988,0,57.3361418777174,-172.099224581522,3.1,-6.55436829794885
"H-24",1989,761.486212943526,57.3361418777174,-172.099224581522,3.4,6.635273936912
"H-24",1990,8275.55418407905,57.3361418777174,-172.099224581522,3,9.0210613409473
"H-24",1991,32756.196862613,57.3361418777174,-172.099224581522,2.8,10.3968474838122
"H-24",1992,2050.2217575666,57.3361418777174,-172.099224581522,NA,7.625703935206
"H-24",1993,2410.72577971416,57.3361418777174,-172.099224581522,3.8,7.78768372519986
"H-24",1994,3099.71230514752,57.3361418777174,-172.099224581522,1.5,8.0390650407348
"H-24",1995,39648.8316558037,57.3361418777174,-172.099224581522,2.7,10.587816796105
"H-24",1996,104.515384917053,57.3361418777174,-172.099224581522,3.9,4.64934790822213
"H-24",1997,724.183107423054,57.3361418777174,-172.099224581522,4,6.58504623740321
"H-24",1998,0,57.3361418777174,-172.099224581522,3.5,-6.55436829794885
"H-24",1999,0,57.3361418777174,-172.099224581522,1.9,-6.55436829794885
"H-24",2000,0,57.3361418777174,-172.099224581522,3.2,-6.55436829794885
"H-24",2001,0,57.3361418777174,-172.099224581522,3.2,-6.55436829794885
"H-24",2002,19.361096652212,57.3361418777174,-172.099224581522,3.5,2.96333926625962
"H-24",2003,98.3577776554559,57.3361418777174,-172.099224581522,4.6,4.58862609955892
"H-24",2004,18.270407653179,57.3361418777174,-172.099224581522,4.2,2.90536061359918
"H-24",2005,20.7719902176577,57.3361418777174,-172.099224581522,4.1,3.03367400087029
"H-24",2006,0,57.3361418777174,-172.099224581522,NA,-6.55436829794885
"H-24",2007,0,57.3361418777174,-172.099224581522,2.3,-6.55436829794885
"H-24",2008,0,57.3361418777174,-172.099224581522,2.6,-6.55436829794885
"H-24",2009,0,57.3361418777174,-172.099224581522,2.7,-6.55436829794885
"H-24",2010,0,57.3361418777174,-172.099224581522,3.4,-6.55436829794885
"H-24",2011,0,57.3361418777174,-172.099224581522,3.1,-6.55436829794885
"H-24",2012,13540.9786004066,57.3361418777174,-172.099224581522,1.7,9.51347592377966
"H-24",2013,20.3364586875665,57.3361418777174,-172.099224581522,3.6,3.01248528341279
"H-24",2014,0,57.3361418777174,-172.099224581522,3.7,-6.55436829794885
"H-24",2015,0,57.3361418777174,-172.099224581522,3.9,-6.55436829794885
"H-24",2016,43.1439561713294,57.3361418777174,-172.099224581522,4.7,3.7645753446683
"H-24",2017,10009.9405165259,57.3361418777174,-172.099224581522,4.1,9.2113340721334
"H-24",2018,714.587415454658,57.3361418777174,-172.099224581522,3.9,6.57170732741069
"H-24",2019,0,57.3361418777174,-172.099224581522,4.2,-6.55436829794885
"H-24",2021,0,57.3361418777174,-172.099224581522,3.4,-6.55436829794885
"H-24",2022,0,57.3361418777174,-172.099224581522,2.5,-6.55436829794885
"H-24",2023,0,57.3361418777174,-172.099224581522,3.4,-6.55436829794885
"H-25",1988,0,57.345016633565,-172.782889056604,3.4,-6.55436829794885
"H-25",1989,341.101236328129,57.345016633565,-172.782889056604,3.5,5.83218348830999
"H-25",1990,0,57.345016633565,-172.782889056604,2.7,-6.55436829794885
"H-25",1991,27189.8260651572,57.345016633565,-172.782889056604,3,10.2105981929591
"H-25",1992,0,57.345016633565,-172.782889056604,NA,-6.55436829794885
"H-25",1993,1980.96348655696,57.345016633565,-172.782889056604,3.8,7.59133933348716
"H-25",1994,0,57.345016633565,-172.782889056604,NA,-6.55436829794885
"H-25",1995,823.103662314465,57.345016633565,-172.782889056604,2.8,6.71308387927735
"H-25",1996,40.6078609960572,57.345016633565,-172.782889056604,3.8,3.7039967320408
"H-25",1997,58.143282197618,57.345016633565,-172.782889056604,4.1,4.06293483577772
"H-25",1998,0,57.345016633565,-172.782889056604,3,-6.55436829794885
"H-25",1999,0,57.345016633565,-172.782889056604,2.3,-6.55436829794885
"H-25",2000,0,57.345016633565,-172.782889056604,3.2,-6.55436829794885
"H-25",2001,0,57.345016633565,-172.782889056604,NA,-6.55436829794885
"H-25",2002,0,57.345016633565,-172.782889056604,3.5,-6.55436829794885
"H-25",2003,18.7895416487623,57.345016633565,-172.782889056604,4.5,2.93337619745987
"H-25",2004,0,57.345016633565,-172.782889056604,4,-6.55436829794885
"H-25",2005,0,57.345016633565,-172.782889056604,4.1,-6.55436829794885
"H-25",2006,0,57.345016633565,-172.782889056604,2.9,-6.55436829794885
"H-25",2007,0,57.345016633565,-172.782889056604,2.8,-6.55436829794885
"H-25",2008,0,57.345016633565,-172.782889056604,2.8,-6.55436829794885
"H-25",2009,0,57.345016633565,-172.782889056604,2.9,-6.55436829794885
"H-25",2010,0,57.345016633565,-172.782889056604,3.1,-6.55436829794885
"H-25",2011,0,57.345016633565,-172.782889056604,3.3,-6.55436829794885
"H-25",2012,17.2589660454808,57.345016633565,-172.782889056604,2.1,2.8484142767983
"H-25",2013,0,57.345016633565,-172.782889056604,3.1,-6.55436829794885
"H-25",2014,0,57.345016633565,-172.782889056604,3.7,-6.55436829794885
"H-25",2015,44.3886779456401,57.345016633565,-172.782889056604,4.5,3.79301651277646
"H-25",2016,41.2503368792023,57.345016633565,-172.782889056604,4.7,3.71969379699103
"H-25",2017,0,57.345016633565,-172.782889056604,4.4,-6.55436829794885
"H-25",2018,0,57.345016633565,-172.782889056604,3.8,-6.55436829794885
"H-25",2019,0,57.345016633565,-172.782889056604,4.2,-6.55436829794885
"H-25",2021,0,57.345016633565,-172.782889056604,3.6,-6.55436829794885
"H-25",2022,0,57.345016633565,-172.782889056604,3.7,-6.55436829794885
"H-25",2023,0,57.345016633565,-172.782889056604,3.2,-6.55436829794885
"H-26",1988,0,57.3462801984127,-173.325576309524,3.5,-6.55436829794885
"H-26",1989,0,57.3462801984127,-173.325576309524,3.5,-6.55436829794885
"H-26",1990,0,57.3462801984127,-173.325576309524,3.2,-6.55436829794885
"H-26",1991,0,57.3462801984127,-173.325576309524,3.3,-6.55436829794885
"H-26",1992,0,57.3462801984127,-173.325576309524,3.5,-6.55436829794885
"H-26",1993,0,57.3462801984127,-173.325576309524,3.9,-6.55436829794885
"H-26",1994,0,57.3462801984127,-173.325576309524,2.5,-6.55436829794885
"H-26",1995,0,57.3462801984127,-173.325576309524,3,-6.55436829794885
"H-26",1996,0,57.3462801984127,-173.325576309524,3.8,-6.55436829794885
"H-26",1997,22.2557875793567,57.3462801984127,-173.325576309524,4.1,3.10266606672486
"H-26",1998,0,57.3462801984127,-173.325576309524,3.1,-6.55436829794885
"H-26",1999,0,57.3462801984127,-173.325576309524,2.5,-6.55436829794885
"H-26",2000,0,57.3462801984127,-173.325576309524,3.3,-6.55436829794885
"H-26",2001,0,57.3462801984127,-173.325576309524,3.6,-6.55436829794885
"H-26",2002,0,57.3462801984127,-173.325576309524,3.7,-6.55436829794885
"H-26",2003,0,57.3462801984127,-173.325576309524,4.5,-6.55436829794885
"H-26",2004,0,57.3462801984127,-173.325576309524,4,-6.55436829794885
"H-26",2005,0,57.3462801984127,-173.325576309524,4.1,-6.55436829794885
"H-26",2006,0,57.3462801984127,-173.325576309524,3.1,-6.55436829794885
"H-26",2007,0,57.3462801984127,-173.325576309524,3.3,-6.55436829794885
"H-26",2008,0,57.3462801984127,-173.325576309524,2.4,-6.55436829794885
"H-26",2009,0,57.3462801984127,-173.325576309524,3.2,-6.55436829794885
"H-26",2010,0,57.3462801984127,-173.325576309524,3.4,-6.55436829794885
"H-26",2011,0,57.3462801984127,-173.325576309524,3.4,-6.55436829794885
"H-26",2012,0,57.3462801984127,-173.325576309524,3,-6.55436829794885
"H-26",2013,0,57.3462801984127,-173.325576309524,3.2,-6.55436829794885
"H-26",2014,0,57.3462801984127,-173.325576309524,3.4,-6.55436829794885
"H-26",2015,0,57.3462801984127,-173.325576309524,4.6,-6.55436829794885
"H-26",2016,0,57.3462801984127,-173.325576309524,4.7,-6.55436829794885
"H-26",2017,0,57.3462801984127,-173.325576309524,4.4,-6.55436829794885
"H-26",2018,0,57.3462801984127,-173.325576309524,4,-6.55436829794885
"H-26",2019,0,57.3462801984127,-173.325576309524,4.3,-6.55436829794885
"H-26",2021,0,57.3462801984127,-173.325576309524,3.9,-6.55436829794885
"H-26",2022,0,57.3462801984127,-173.325576309524,3.8,-6.55436829794885
"H-26",2023,0,57.3462801984127,-173.325576309524,3.3,-6.55436829794885
"I-01",1988,740.09307757637,57.6674174528302,-167.770765429245,1.5,6.60677788271821
"I-01",1989,145.496819352233,57.6674174528302,-167.770765429245,3.8,4.98016401254749
"I-01",1990,305.649054625778,57.6674174528302,-167.770765429245,2,5.72244222201524
"I-01",1991,10800.9247235266,57.6674174528302,-167.770765429245,3.4,9.28738716382531
"I-01",1992,1024.2545193909,57.6674174528302,-167.770765429245,0.9,6.93172171897099
"I-01",1993,1553.42956733125,57.6674174528302,-167.770765429245,3.2,7.34822130635516
"I-01",1994,781.342473599529,57.6674174528302,-167.770765429245,NA,6.66101538260494
"I-01",1995,122.742694120958,57.6674174528302,-167.770765429245,0.6,4.81010184701742
"I-01",1996,137.959641536096,57.6674174528302,-167.770765429245,2.8,4.92697151069863
"I-01",1997,0,57.6674174528302,-167.770765429245,1,-6.55436829794885
"I-01",1998,0,57.6674174528302,-167.770765429245,2.9,-6.55436829794885
"I-01",1999,21.8403325220902,57.6674174528302,-167.770765429245,1.4,3.08382356907816
"I-01",2000,21.0654581350809,57.6674174528302,-167.770765429245,2.3,3.04770223476472
"I-01",2001,0,57.6674174528302,-167.770765429245,2.7,-6.55436829794885
"I-01",2002,0,57.6674174528302,-167.770765429245,2.3,-6.55436829794885
"I-01",2003,0,57.6674174528302,-167.770765429245,3.1,-6.55436829794885
"I-01",2004,0,57.6674174528302,-167.770765429245,2.1,-6.55436829794885
"I-01",2005,74505.0819422768,57.6674174528302,-167.770765429245,3,11.2186226351427
"I-01",2006,60.7466609322372,57.6674174528302,-167.770765429245,0.2,4.106735556033
"I-01",2007,21.5141884366268,57.6674174528302,-167.770765429245,0.6,3.06877882596827
"I-01",2008,44.2005992726339,57.6674174528302,-167.770765429245,0.7,3.78877056076657
"I-01",2009,1225.98303859787,57.6674174528302,-167.770765429245,-0.5,7.11149944307158
"I-01",2010,8170.11913531717,57.6674174528302,-167.770765429245,-1.1,9.00823894407311
"I-01",2011,4143.80285932302,57.6674174528302,-167.770765429245,2.5,8.32936955386769
"I-01",2012,1457.89419852951,57.6674174528302,-167.770765429245,0.5,7.28474932043912
"I-01",2013,342.899155610166,57.6674174528302,-167.770765429245,0.6,5.83744054944184
"I-01",2014,178.11363010052,57.6674174528302,-167.770765429245,3.4,5.18242971217313
"I-01",2015,0,57.6674174528302,-167.770765429245,3.3,-6.55436829794885
"I-01",2016,23.6689579335972,57.6674174528302,-167.770765429245,4.7,3.16422455417946
"I-01",2017,0,57.6674174528302,-167.770765429245,0.4,-6.55436829794885
"I-01",2018,0,57.6674174528302,-167.770765429245,5,-6.55436829794885
"I-01",2019,0,57.6674174528302,-167.770765429245,3.9,-6.55436829794885
"I-01",2021,0,57.6674174528302,-167.770765429245,3.7,-6.55436829794885
"I-01",2022,40.293872736962,57.6674174528302,-167.770765429245,0.9,3.69623475293599
"I-01",2023,275.585382190989,57.6674174528302,-167.770765429245,2.6,5.61890266452851
"I-02",1988,1753.4095200716,57.6722727012564,-167.128943371336,0.4,7.46931828069634
"I-02",1989,298.52670223798,57.6722727012564,-167.128943371336,3,5.6988641532515
"I-02",1990,0,57.6722727012564,-167.128943371336,1.9,-6.55436829794885
"I-02",1991,741.095604170553,57.6722727012564,-167.128943371336,1.7,6.60813155876523
"I-02",1992,6614.90574152751,57.6722727012564,-167.128943371336,0.6,8.79708104249889
"I-02",1993,376.200853429694,57.6722727012564,-167.128943371336,2.5,5.93012697030886
"I-02",1994,6858.98751949489,57.6722727012564,-167.128943371336,0.5,8.83331532551041
"I-02",1995,398.571110813599,57.6722727012564,-167.128943371336,0.1,5.98788950097831
"I-02",1996,0,57.6722727012564,-167.128943371336,1,-6.55436829794885
"I-02",1997,44.2296580227135,57.6722727012564,-167.128943371336,1,3.78942775246205
"I-02",1998,0,57.6722727012564,-167.128943371336,3.3,-6.55436829794885
"I-02",1999,0,57.6722727012564,-167.128943371336,0.2,-6.55436829794885
"I-02",2000,472.275651056447,57.6722727012564,-167.128943371336,1.3,6.15756583652964
"I-02",2001,23.7702513947501,57.6722727012564,-167.128943371336,2.3,3.16849475750881
"I-02",2002,83.4696354585908,57.6722727012564,-167.128943371336,1.9,4.42449997705614
"I-02",2003,0,57.6722727012564,-167.128943371336,3,-6.55436829794885
"I-02",2004,0,57.6722727012564,-167.128943371336,2.1,-6.55436829794885
"I-02",2005,21.5693431322247,57.6722727012564,-167.128943371336,2.6,3.071339019077
"I-02",2006,1214.73044129144,57.6722727012564,-167.128943371336,-0.4,7.10227864431966
"I-02",2007,20.4363600195036,57.6722727012564,-167.128943371336,0.5,3.01738533976861
"I-02",2008,21.384599104165,57.6722727012564,-167.128943371336,0.6,3.06273757715934
"I-02",2009,1870.35513763148,57.6722727012564,-167.128943371336,-0.6,7.53388436627871
"I-02",2010,1306.09386595406,57.6722727012564,-167.128943371336,-0.3,7.17479727029576
"I-02",2011,3685.9879003611,57.6722727012564,-167.128943371336,1.1,8.21229424192692
"I-02",2012,783.991352045535,57.6722727012564,-167.128943371336,0.5,6.66439980592988
"I-02",2013,154.937537131586,57.6722727012564,-167.128943371336,0.8,5.04303123944769
"I-02",2014,44.1987218556174,57.6722727012564,-167.128943371336,3.2,3.78872808631056
"I-02",2015,0,57.6722727012564,-167.128943371336,3,-6.55436829794885
"I-02",2016,0,57.6722727012564,-167.128943371336,4.4,-6.55436829794885
"I-02",2017,0,57.6722727012564,-167.128943371336,0.4,-6.55436829794885
"I-02",2018,72.6150778088791,57.6722727012564,-167.128943371336,4.4,4.28519219202126
"I-02",2019,19.5166851720997,57.6722727012564,-167.128943371336,3.6,2.9713427040667
"I-02",2021,21.6438381760576,57.6722727012564,-167.128943371336,3.4,3.07478658791743
"I-02",2022,42.5515887877271,57.6722727012564,-167.128943371336,0.7,3.75075065556301
"I-02",2023,38.4886452215251,57.6722727012564,-167.128943371336,2.4,3.65040026265848
"I-03",1988,887.054009072734,57.6692221733188,-166.506019641881,1.7,6.7879074752326
"I-03",1989,351.49062461204,57.6692221733188,-166.506019641881,3.5,5.86218708935642
"I-03",1990,606.355897184824,57.6692221733188,-166.506019641881,2,6.40746945102492
"I-03",1991,881.593317416104,57.6692221733188,-166.506019641881,2.1,6.78173247342868
"I-03",1992,30605.0069858952,57.6692221733188,-166.506019641881,0.9,10.3289189480696
"I-03",1993,4898.87841182828,57.6692221733188,-166.506019641881,2.7,8.49676185300755
"I-03",1994,11868.6867691337,57.6692221733188,-166.506019641881,-0.4,9.38165896700755
"I-03",1995,42.3974421837929,57.6692221733188,-166.506019641881,0.4,3.74712161815022
"I-03",1996,288.883296869955,57.6692221733188,-166.506019641881,1.7,5.66602771840314
"I-03",1997,21.7672715008664,57.6692221733188,-166.506019641881,1.2,3.08047294616175
"I-03",1998,95.3711863072959,57.6692221733188,-166.506019641881,2.2,4.55779143229827
"I-03",1999,0,57.6692221733188,-166.506019641881,-0.4,-6.55436829794885
"I-03",2000,202.424402839873,57.6692221733188,-166.506019641881,1.7,5.31037353165387
"I-03",2001,0,57.6692221733188,-166.506019641881,2.5,-6.55436829794885
"I-03",2002,0,57.6692221733188,-166.506019641881,3.6,-6.55436829794885
"I-03",2003,21.4477935433585,57.6692221733188,-166.506019641881,3.3,3.06568816104464
"I-03",2004,0,57.6692221733188,-166.506019641881,3,-6.55436829794885
"I-03",2005,0,57.6692221733188,-166.506019641881,3,-6.55436829794885
"I-03",2006,0,57.6692221733188,-166.506019641881,0,-6.55436829794885
"I-03",2007,0,57.6692221733188,-166.506019641881,0.3,-6.55436829794885
"I-03",2008,0,57.6692221733188,-166.506019641881,0.6,-6.55436829794885
"I-03",2009,77.519289864935,57.6692221733188,-166.506019641881,-1.1,4.3505451748026
"I-03",2010,0,57.6692221733188,-166.506019641881,-0.6,-6.55436829794885
"I-03",2011,758.339696669694,57.6692221733188,-166.506019641881,0.9,6.63113331152366
"I-03",2012,390.789065224126,57.6692221733188,-166.506019641881,0.4,5.96817158288726
"I-03",2013,80.8152687209701,57.6692221733188,-166.506019641881,1,4.3921835358115
"I-03",2014,0,57.6692221733188,-166.506019641881,3,-6.55436829794885
"I-03",2015,0,57.6692221733188,-166.506019641881,2.9,-6.55436829794885
"I-03",2016,0,57.6692221733188,-166.506019641881,4.6,-6.55436829794885
"I-03",2017,0,57.6692221733188,-166.506019641881,0.6,-6.55436829794885
"I-03",2018,143.481894734723,57.6692221733188,-166.506019641881,3.8,4.96621878186952
"I-03",2019,0,57.6692221733188,-166.506019641881,3.8,-6.55436829794885
"I-03",2021,0,57.6692221733188,-166.506019641881,3.2,-6.55436829794885
"I-03",2022,20.9669564262359,57.6692221733188,-166.506019641881,0.7,3.04301560341328
"I-03",2023,0,57.6692221733188,-166.506019641881,1.2,-6.55436829794885
"I-04",1988,2142.504492716,57.6661390425532,-165.882722443262,1.6,7.66973141200747
"I-04",1989,0,57.6661390425532,-165.882722443262,1.7,-6.55436829794885
"I-04",1990,0,57.6661390425532,-165.882722443262,NA,-6.55436829794885
"I-04",1991,113.449562066635,57.6661390425532,-165.882722443262,2.5,4.73137090178912
"I-04",1992,4590.07463074425,57.6661390425532,-165.882722443262,0.2,8.43165187255268
"I-04",1993,17.5842683728373,57.6661390425532,-165.882722443262,1.7,2.86708563136605
"I-04",1994,6169.56699253134,57.6661390425532,-165.882722443262,0,8.72738416573547
"I-04",1995,77.1785128994651,57.6661390425532,-165.882722443262,NA,4.34613953700467
"I-04",1996,0,57.6661390425532,-165.882722443262,2.3,-6.55436829794885
"I-04",1997,22.707472480877,57.6661390425532,-165.882722443262,1,3.12275675797179
"I-04",1998,879.852690179488,57.6661390425532,-165.882722443262,2.3,6.77975611425379
"I-04",1999,794.831166439582,57.6661390425532,-165.882722443262,-0.7,6.67813151426785
"I-04",2000,2186.60001264159,57.6661390425532,-165.882722443262,1.3,7.69010376196698
"I-04",2001,0,57.6661390425532,-165.882722443262,2,-6.55436829794885
"I-04",2002,0,57.6661390425532,-165.882722443262,3.4,-6.55436829794885
"I-04",2003,0,57.6661390425532,-165.882722443262,2.7,-6.55436829794885
"I-04",2004,0,57.6661390425532,-165.882722443262,2.4,-6.55436829794885
"I-04",2005,0,57.6661390425532,-165.882722443262,3.1,-6.55436829794885
"I-04",2006,21.4828633297135,57.6661390425532,-165.882722443262,0.2,3.06732184058938
"I-04",2007,41.67189972846,57.6661390425532,-165.882722443262,0.1,3.72986120252515
"I-04",2008,0,57.6661390425532,-165.882722443262,0.6,-6.55436829794885
"I-04",2009,41.1586375451682,57.6661390425532,-165.882722443262,-0.4,3.71746840336562
"I-04",2010,20.4216720093039,57.6661390425532,-165.882722443262,0.6,3.01666641198699
"I-04",2011,367.656982624774,57.6661390425532,-165.882722443262,0.8,5.90715426389646
"I-04",2012,332.972560788,57.6661390425532,-165.882722443262,0.3,5.80806436281464
"I-04",2013,0,57.6661390425532,-165.882722443262,1,-6.55436829794885
"I-04",2014,0,57.6661390425532,-165.882722443262,2.2,-6.55436829794885
"I-04",2015,0,57.6661390425532,-165.882722443262,3,-6.55436829794885
"I-04",2016,0,57.6661390425532,-165.882722443262,4.7,-6.55436829794885
"I-04",2017,0,57.6661390425532,-165.882722443262,0.5,-6.55436829794885
"I-04",2018,0,57.6661390425532,-165.882722443262,3.5,-6.55436829794885
"I-04",2019,0,57.6661390425532,-165.882722443262,3.8,-6.55436829794885
"I-04",2021,83.5957591198829,57.6661390425532,-165.882722443262,2.2,4.42600982337383
"I-04",2022,0,57.6661390425532,-165.882722443262,0.6,-6.55436829794885
"I-04",2023,0,57.6661390425532,-165.882722443262,1.2,-6.55436829794885
"I-05",1988,3123.71677658305,57.6564286817326,-165.248834362837,0.7,8.04677930217421
"I-05",1989,136.125698982374,57.6564286817326,-165.248834362837,1.3,4.91358917609517
"I-05",1990,1361.69459531848,57.6564286817326,-165.248834362837,2.1,7.21648627472208
"I-05",1991,218.950563472598,57.6564286817326,-165.248834362837,1.9,5.3888524699573
"I-05",1992,0,57.6564286817326,-165.248834362837,0.9,-6.55436829794885
"I-05",1993,0,57.6564286817326,-165.248834362837,2.8,-6.55436829794885
"I-05",1994,63.1956462149448,57.6564286817326,-165.248834362837,-0.1,4.14625794085346
"I-05",1995,19.8384214990381,57.6564286817326,-165.248834362837,0.1,2.98769230853454
"I-05",1996,0,57.6564286817326,-165.248834362837,2.8,-6.55436829794885
"I-05",1997,0,57.6564286817326,-165.248834362837,0.9,-6.55436829794885
"I-05",1998,38.5693311397832,57.6564286817326,-165.248834362837,2.8,3.65249434739373
"I-05",1999,224.875930741482,57.6564286817326,-165.248834362837,-1.5,5.41555516302648
"I-05",2000,381.032805299839,57.6564286817326,-165.248834362837,1.1,5.94288921146371
"I-05",2001,0,57.6564286817326,-165.248834362837,1.4,-6.55436829794885
"I-05",2002,0,57.6564286817326,-165.248834362837,3.1,-6.55436829794885
"I-05",2003,0,57.6564286817326,-165.248834362837,2.1,-6.55436829794885
"I-05",2004,0,57.6564286817326,-165.248834362837,2.3,-6.55436829794885
"I-05",2005,0,57.6564286817326,-165.248834362837,3.6,-6.55436829794885
"I-05",2006,19.9330311695905,57.6564286817326,-165.248834362837,0.1,2.99244964419896
"I-05",2007,0,57.6564286817326,-165.248834362837,0,-6.55436829794885
"I-05",2008,41.2708299243196,57.6564286817326,-165.248834362837,0.9,3.72019045352539
"I-05",2009,0,57.6564286817326,-165.248834362837,0,-6.55436829794885
"I-05",2010,68.8533112783215,57.6564286817326,-165.248834362837,0.5,4.23199899783335
"I-05",2011,208.509601550784,57.6564286817326,-165.248834362837,0.8,5.33999191961456
"I-05",2012,84.7776171105072,57.6564286817326,-165.248834362837,0.4,4.44004835414265
"I-05",2013,0,57.6564286817326,-165.248834362837,-0.1,-6.55436829794885
"I-05",2014,0,57.6564286817326,-165.248834362837,2.3,-6.55436829794885
"I-05",2015,0,57.6564286817326,-165.248834362837,3,-6.55436829794885
"I-05",2016,0,57.6564286817326,-165.248834362837,4.9,-6.55436829794885
"I-05",2017,0,57.6564286817326,-165.248834362837,1.2,-6.55436829794885
"I-05",2018,0,57.6564286817326,-165.248834362837,3.8,-6.55436829794885
"I-05",2019,0,57.6564286817326,-165.248834362837,4,-6.55436829794885
"I-05",2021,1282.86476303829,57.6564286817326,-165.248834362837,2.9,7.15685206215399
"I-05",2022,18.7438442210735,57.6564286817326,-165.248834362837,0.9,2.930941352733
"I-05",2023,0,57.6564286817326,-165.248834362837,0.6,-6.55436829794885
"I-06",1988,0,57.6642147058824,-164.618867782805,1.7,-6.55436829794885
"I-06",1989,46.3437238082427,57.6642147058824,-164.618867782805,1.7,3.83611659808062
"I-06",1990,69.1036460079808,57.6642147058824,-164.618867782805,2.8,4.23562809841548
"I-06",1991,0,57.6642147058824,-164.618867782805,2.4,-6.55436829794885
"I-06",1992,0,57.6642147058824,-164.618867782805,1.9,-6.55436829794885
"I-06",1993,0,57.6642147058824,-164.618867782805,NA,-6.55436829794885
"I-06",1994,23.5583521996963,57.6642147058824,-164.618867782805,1.1,3.15954085456795
"I-06",1995,49.4814309932202,57.6642147058824,-164.618867782805,0.4,3.90162624341992
"I-06",1996,0,57.6642147058824,-164.618867782805,4,-6.55436829794885
"I-06",1997,0,57.6642147058824,-164.618867782805,2.4,-6.55436829794885
"I-06",1998,0,57.6642147058824,-164.618867782805,3.6,-6.55436829794885
"I-06",1999,96.1109623638422,57.6642147058824,-164.618867782805,-0.3,4.56551819680597
"I-06",2000,235.181012343568,57.6642147058824,-164.618867782805,1.9,5.46036153732461
"I-06",2001,0,57.6642147058824,-164.618867782805,2,-6.55436829794885
"I-06",2002,0,57.6642147058824,-164.618867782805,3.2,-6.55436829794885
"I-06",2003,0,57.6642147058824,-164.618867782805,2.8,-6.55436829794885
"I-06",2004,0,57.6642147058824,-164.618867782805,3,-6.55436829794885
"I-06",2005,0,57.6642147058824,-164.618867782805,NA,-6.55436829794885
"I-06",2006,0,57.6642147058824,-164.618867782805,0.5,-6.55436829794885
"I-06",2007,0,57.6642147058824,-164.618867782805,0.4,-6.55436829794885
"I-06",2008,22.9277797065806,57.6642147058824,-164.618867782805,1.1,3.13241136397849
"I-06",2009,0,57.6642147058824,-164.618867782805,0.9,-6.55436829794885
"I-06",2010,0,57.6642147058824,-164.618867782805,1.4,-6.55436829794885
"I-06",2011,0,57.6642147058824,-164.618867782805,2.2,-6.55436829794885
"I-06",2012,0,57.6642147058824,-164.618867782805,1.7,-6.55436829794885
"I-06",2013,0,57.6642147058824,-164.618867782805,1.2,-6.55436829794885
"I-06",2014,0,57.6642147058824,-164.618867782805,3.3,-6.55436829794885
"I-06",2015,0,57.6642147058824,-164.618867782805,4.1,-6.55436829794885
"I-06",2016,0,57.6642147058824,-164.618867782805,5.5,-6.55436829794885
"I-06",2017,0,57.6642147058824,-164.618867782805,1.8,-6.55436829794885
"I-06",2018,0,57.6642147058824,-164.618867782805,4.1,-6.55436829794885
"I-06",2019,0,57.6642147058824,-164.618867782805,5.2,-6.55436829794885
"I-06",2021,64.6698472232486,57.6642147058824,-164.618867782805,3.7,4.16931707051972
"I-06",2022,0,57.6642147058824,-164.618867782805,1.3,-6.55436829794885
"I-06",2023,0,57.6642147058824,-164.618867782805,0.6,-6.55436829794885
"I-07",1988,0,57.6689257407407,-163.997355925926,2.2,-6.55436829794885
"I-07",1989,0,57.6689257407407,-163.997355925926,2.3,-6.55436829794885
"I-07",1990,22.4607614287264,57.6689257407407,-163.997355925926,2.4,3.1118332424747
"I-07",1991,0,57.6689257407407,-163.997355925926,3.4,-6.55436829794885
"I-07",1992,0,57.6689257407407,-163.997355925926,3.3,-6.55436829794885
"I-07",1993,0,57.6689257407407,-163.997355925926,4,-6.55436829794885
"I-07",1994,0,57.6689257407407,-163.997355925926,1.2,-6.55436829794885
"I-07",1995,0,57.6689257407407,-163.997355925926,0.8,-6.55436829794885
"I-07",1996,0,57.6689257407407,-163.997355925926,3.8,-6.55436829794885
"I-07",1997,0,57.6689257407407,-163.997355925926,2,-6.55436829794885
"I-07",1998,0,57.6689257407407,-163.997355925926,4.2,-6.55436829794885
"I-07",1999,0,57.6689257407407,-163.997355925926,-0.2,-6.55436829794885
"I-07",2000,0,57.6689257407407,-163.997355925926,2.6,-6.55436829794885
"I-07",2001,0,57.6689257407407,-163.997355925926,2.6,-6.55436829794885
"I-07",2002,0,57.6689257407407,-163.997355925926,3.2,-6.55436829794885
"I-07",2003,0,57.6689257407407,-163.997355925926,3.4,-6.55436829794885
"I-07",2004,0,57.6689257407407,-163.997355925926,3.9,-6.55436829794885
"I-07",2005,0,57.6689257407407,-163.997355925926,4.4,-6.55436829794885
"I-07",2006,0,57.6689257407407,-163.997355925926,0.8,-6.55436829794885
"I-07",2007,0,57.6689257407407,-163.997355925926,1,-6.55436829794885
"I-07",2008,0,57.6689257407407,-163.997355925926,1.5,-6.55436829794885
"I-07",2009,0,57.6689257407407,-163.997355925926,1.3,-6.55436829794885
"I-07",2010,0,57.6689257407407,-163.997355925926,1.8,-6.55436829794885
"I-07",2011,0,57.6689257407407,-163.997355925926,1.7,-6.55436829794885
"I-07",2012,0,57.6689257407407,-163.997355925926,1.3,-6.55436829794885
"I-07",2013,0,57.6689257407407,-163.997355925926,1.4,-6.55436829794885
"I-07",2014,0,57.6689257407407,-163.997355925926,3.3,-6.55436829794885
"I-07",2015,0,57.6689257407407,-163.997355925926,4.5,-6.55436829794885
"I-07",2016,0,57.6689257407407,-163.997355925926,6,-6.55436829794885
"I-07",2017,0,57.6689257407407,-163.997355925926,2.2,-6.55436829794885
"I-07",2018,0,57.6689257407407,-163.997355925926,4.3,-6.55436829794885
"I-07",2019,0,57.6689257407407,-163.997355925926,6,-6.55436829794885
"I-07",2021,0,57.6689257407407,-163.997355925926,4,-6.55436829794885
"I-07",2022,0,57.6689257407407,-163.997355925926,2,-6.55436829794885
"I-07",2023,0,57.6689257407407,-163.997355925926,1,-6.55436829794885
"I-08",1988,0,57.666816,-163.371977714286,2.4,-6.55436829794885
"I-08",1989,0,57.666816,-163.371977714286,2.4,-6.55436829794885
"I-08",1990,0,57.666816,-163.371977714286,3,-6.55436829794885
"I-08",1991,0,57.666816,-163.371977714286,3.5,-6.55436829794885
"I-08",1992,0,57.666816,-163.371977714286,3.5,-6.55436829794885
"I-08",1993,0,57.666816,-163.371977714286,3.3,-6.55436829794885
"I-08",1994,0,57.666816,-163.371977714286,2.1,-6.55436829794885
"I-08",1995,0,57.666816,-163.371977714286,2.3,-6.55436829794885
"I-08",1996,0,57.666816,-163.371977714286,NA,-6.55436829794885
"I-08",1997,0,57.666816,-163.371977714286,2.6,-6.55436829794885
"I-08",1998,0,57.666816,-163.371977714286,3.6,-6.55436829794885
"I-08",1999,0,57.666816,-163.371977714286,NA,-6.55436829794885
"I-08",2000,0,57.666816,-163.371977714286,1.2,-6.55436829794885
"I-08",2001,0,57.666816,-163.371977714286,3,-6.55436829794885
"I-08",2002,0,57.666816,-163.371977714286,3.9,-6.55436829794885
"I-08",2003,0,57.666816,-163.371977714286,4.7,-6.55436829794885
"I-08",2004,0,57.666816,-163.371977714286,4.2,-6.55436829794885
"I-08",2005,0,57.666816,-163.371977714286,4.9,-6.55436829794885
"I-08",2006,0,57.666816,-163.371977714286,1.5,-6.55436829794885
"I-08",2007,0,57.666816,-163.371977714286,1.7,-6.55436829794885
"I-08",2008,0,57.666816,-163.371977714286,1.6,-6.55436829794885
"I-08",2009,0,57.666816,-163.371977714286,1.3,-6.55436829794885
"I-08",2010,0,57.666816,-163.371977714286,2.3,-6.55436829794885
"I-08",2011,0,57.666816,-163.371977714286,2.1,-6.55436829794885
"I-08",2012,0,57.666816,-163.371977714286,1.5,-6.55436829794885
"I-08",2013,0,57.666816,-163.371977714286,1.8,-6.55436829794885
"I-08",2014,0,57.666816,-163.371977714286,4.7,-6.55436829794885
"I-08",2015,0,57.666816,-163.371977714286,4.9,-6.55436829794885
"I-08",2016,0,57.666816,-163.371977714286,6.7,-6.55436829794885
"I-08",2017,0,57.666816,-163.371977714286,3.3,-6.55436829794885
"I-08",2018,0,57.666816,-163.371977714286,4.5,-6.55436829794885
"I-08",2019,0,57.666816,-163.371977714286,6.6,-6.55436829794885
"I-08",2021,0,57.666816,-163.371977714286,4,-6.55436829794885
"I-08",2022,0,57.666816,-163.371977714286,2.8,-6.55436829794885
"I-08",2023,0,57.666816,-163.371977714286,1.8,-6.55436829794885
"I-09",1988,0,57.6652468571429,-162.753536571429,3,-6.55436829794885
"I-09",1989,0,57.6652468571429,-162.753536571429,3.4,-6.55436829794885
"I-09",1990,0,57.6652468571429,-162.753536571429,2.3,-6.55436829794885
"I-09",1991,0,57.6652468571429,-162.753536571429,NA,-6.55436829794885
"I-09",1992,0,57.6652468571429,-162.753536571429,4,-6.55436829794885
"I-09",1993,0,57.6652468571429,-162.753536571429,3.6,-6.55436829794885
"I-09",1994,0,57.6652468571429,-162.753536571429,1.8,-6.55436829794885
"I-09",1995,0,57.6652468571429,-162.753536571429,1.6,-6.55436829794885
"I-09",1996,0,57.6652468571429,-162.753536571429,4.5,-6.55436829794885
"I-09",1997,0,57.6652468571429,-162.753536571429,3.2,-6.55436829794885
"I-09",1998,0,57.6652468571429,-162.753536571429,3.8,-6.55436829794885
"I-09",1999,0,57.6652468571429,-162.753536571429,0.2,-6.55436829794885
"I-09",2000,0,57.6652468571429,-162.753536571429,1.8,-6.55436829794885
"I-09",2001,0,57.6652468571429,-162.753536571429,3.5,-6.55436829794885
"I-09",2002,0,57.6652468571429,-162.753536571429,4.1,-6.55436829794885
"I-09",2003,0,57.6652468571429,-162.753536571429,4.4,-6.55436829794885
"I-09",2004,0,57.6652468571429,-162.753536571429,4.5,-6.55436829794885
"I-09",2005,0,57.6652468571429,-162.753536571429,5.3,-6.55436829794885
"I-09",2006,0,57.6652468571429,-162.753536571429,1.7,-6.55436829794885
"I-09",2007,0,57.6652468571429,-162.753536571429,2,-6.55436829794885
"I-09",2008,0,57.6652468571429,-162.753536571429,1.3,-6.55436829794885
"I-09",2009,0,57.6652468571429,-162.753536571429,1.6,-6.55436829794885
"I-09",2010,0,57.6652468571429,-162.753536571429,2.2,-6.55436829794885
"I-09",2011,0,57.6652468571429,-162.753536571429,2.2,-6.55436829794885
"I-09",2012,0,57.6652468571429,-162.753536571429,1.6,-6.55436829794885
"I-09",2013,0,57.6652468571429,-162.753536571429,2.6,-6.55436829794885
"I-09",2014,0,57.6652468571429,-162.753536571429,4.9,-6.55436829794885
"I-09",2015,0,57.6652468571429,-162.753536571429,5.2,-6.55436829794885
"I-09",2016,0,57.6652468571429,-162.753536571429,7,-6.55436829794885
"I-09",2017,0,57.6652468571429,-162.753536571429,3.9,-6.55436829794885
"I-09",2018,0,57.6652468571429,-162.753536571429,4.7,-6.55436829794885
"I-09",2019,0,57.6652468571429,-162.753536571429,6.6,-6.55436829794885
"I-09",2021,0,57.6652468571429,-162.753536571429,4.2,-6.55436829794885
"I-09",2022,0,57.6652468571429,-162.753536571429,3.9,-6.55436829794885
"I-09",2023,0,57.6652468571429,-162.753536571429,2.9,-6.55436829794885
"I-10",1988,0,57.664486,-162.134549714286,3.3,-6.55436829794885
"I-10",1989,0,57.664486,-162.134549714286,2.5,-6.55436829794885
"I-10",1990,0,57.664486,-162.134549714286,NA,-6.55436829794885
"I-10",1991,0,57.664486,-162.134549714286,4.1,-6.55436829794885
"I-10",1992,0,57.664486,-162.134549714286,3.8,-6.55436829794885
"I-10",1993,0,57.664486,-162.134549714286,3.8,-6.55436829794885
"I-10",1994,0,57.664486,-162.134549714286,2.4,-6.55436829794885
"I-10",1995,0,57.664486,-162.134549714286,2.1,-6.55436829794885
"I-10",1996,0,57.664486,-162.134549714286,4.6,-6.55436829794885
"I-10",1997,0,57.664486,-162.134549714286,3.3,-6.55436829794885
"I-10",1998,0,57.664486,-162.134549714286,3.8,-6.55436829794885
"I-10",1999,0,57.664486,-162.134549714286,-0.1,-6.55436829794885
"I-10",2000,0,57.664486,-162.134549714286,1.5,-6.55436829794885
"I-10",2001,0,57.664486,-162.134549714286,3.8,-6.55436829794885
"I-10",2002,0,57.664486,-162.134549714286,4,-6.55436829794885
"I-10",2003,0,57.664486,-162.134549714286,4.6,-6.55436829794885
"I-10",2004,0,57.664486,-162.134549714286,4.4,-6.55436829794885
"I-10",2005,0,57.664486,-162.134549714286,5.1,-6.55436829794885
"I-10",2006,0,57.664486,-162.134549714286,1.9,-6.55436829794885
"I-10",2007,0,57.664486,-162.134549714286,2.2,-6.55436829794885
"I-10",2008,0,57.664486,-162.134549714286,1.4,-6.55436829794885
"I-10",2009,0,57.664486,-162.134549714286,1.9,-6.55436829794885
"I-10",2010,0,57.664486,-162.134549714286,2.1,-6.55436829794885
"I-10",2011,0,57.664486,-162.134549714286,2.3,-6.55436829794885
"I-10",2012,0,57.664486,-162.134549714286,1.5,-6.55436829794885
"I-10",2013,0,57.664486,-162.134549714286,2.4,-6.55436829794885
"I-10",2014,0,57.664486,-162.134549714286,5,-6.55436829794885
"I-10",2015,0,57.664486,-162.134549714286,5.3,-6.55436829794885
"I-10",2016,0,57.664486,-162.134549714286,6.5,-6.55436829794885
"I-10",2017,0,57.664486,-162.134549714286,3.6,-6.55436829794885
"I-10",2018,0,57.664486,-162.134549714286,4.8,-6.55436829794885
"I-10",2019,0,57.664486,-162.134549714286,6.2,-6.55436829794885
"I-10",2021,0,57.664486,-162.134549714286,4.2,-6.55436829794885
"I-10",2022,0,57.664486,-162.134549714286,3.8,-6.55436829794885
"I-10",2023,0,57.664486,-162.134549714286,2.8,-6.55436829794885
"I-11",1988,0,57.6686985714286,-161.499500571429,3,-6.55436829794885
"I-11",1989,0,57.6686985714286,-161.499500571429,2.7,-6.55436829794885
"I-11",1990,0,57.6686985714286,-161.499500571429,2.4,-6.55436829794885
"I-11",1991,0,57.6686985714286,-161.499500571429,3.7,-6.55436829794885
"I-11",1992,0,57.6686985714286,-161.499500571429,NA,-6.55436829794885
"I-11",1993,0,57.6686985714286,-161.499500571429,4.1,-6.55436829794885
"I-11",1994,0,57.6686985714286,-161.499500571429,2.5,-6.55436829794885
"I-11",1995,0,57.6686985714286,-161.499500571429,2.1,-6.55436829794885
"I-11",1996,0,57.6686985714286,-161.499500571429,4.5,-6.55436829794885
"I-11",1997,0,57.6686985714286,-161.499500571429,3,-6.55436829794885
"I-11",1998,0,57.6686985714286,-161.499500571429,3.4,-6.55436829794885
"I-11",1999,0,57.6686985714286,-161.499500571429,-0.4,-6.55436829794885
"I-11",2000,0,57.6686985714286,-161.499500571429,1.1,-6.55436829794885
"I-11",2001,0,57.6686985714286,-161.499500571429,3.5,-6.55436829794885
"I-11",2002,0,57.6686985714286,-161.499500571429,3.3,-6.55436829794885
"I-11",2003,0,57.6686985714286,-161.499500571429,4,-6.55436829794885
"I-11",2004,0,57.6686985714286,-161.499500571429,3.5,-6.55436829794885
"I-11",2005,0,57.6686985714286,-161.499500571429,4.7,-6.55436829794885
"I-11",2006,0,57.6686985714286,-161.499500571429,1.8,-6.55436829794885
"I-11",2007,0,57.6686985714286,-161.499500571429,1.4,-6.55436829794885
"I-11",2008,0,57.6686985714286,-161.499500571429,1.2,-6.55436829794885
"I-11",2009,0,57.6686985714286,-161.499500571429,1.5,-6.55436829794885
"I-11",2010,0,57.6686985714286,-161.499500571429,1.9,-6.55436829794885
"I-11",2011,0,57.6686985714286,-161.499500571429,2.3,-6.55436829794885
"I-11",2012,0,57.6686985714286,-161.499500571429,1,-6.55436829794885
"I-11",2013,0,57.6686985714286,-161.499500571429,1.9,-6.55436829794885
"I-11",2014,0,57.6686985714286,-161.499500571429,4.8,-6.55436829794885
"I-11",2015,0,57.6686985714286,-161.499500571429,3.9,-6.55436829794885
"I-11",2016,0,57.6686985714286,-161.499500571429,6,-6.55436829794885
"I-11",2017,0,57.6686985714286,-161.499500571429,2.8,-6.55436829794885
"I-11",2018,0,57.6686985714286,-161.499500571429,4.6,-6.55436829794885
"I-11",2019,0,57.6686985714286,-161.499500571429,5.4,-6.55436829794885
"I-11",2021,0,57.6686985714286,-161.499500571429,4.1,-6.55436829794885
"I-11",2022,0,57.6686985714286,-161.499500571429,3.4,-6.55436829794885
"I-11",2023,0,57.6686985714286,-161.499500571429,3.1,-6.55436829794885
"I-12",1988,0,57.6723548648649,-160.883936486486,2.2,-6.55436829794885
"I-12",1989,0,57.6723548648649,-160.883936486486,2.1,-6.55436829794885
"I-12",1990,0,57.6723548648649,-160.883936486486,NA,-6.55436829794885
"I-12",1991,0,57.6723548648649,-160.883936486486,3.2,-6.55436829794885
"I-12",1992,0,57.6723548648649,-160.883936486486,2.1,-6.55436829794885
"I-12",1993,0,57.6723548648649,-160.883936486486,3.5,-6.55436829794885
"I-12",1994,0,57.6723548648649,-160.883936486486,3,-6.55436829794885
"I-12",1995,0,57.6723548648649,-160.883936486486,1.9,-6.55436829794885
"I-12",1996,0,57.6723548648649,-160.883936486486,4.4,-6.55436829794885
"I-12",1997,0,57.6723548648649,-160.883936486486,2.7,-6.55436829794885
"I-12",1998,0,57.6723548648649,-160.883936486486,3.9,-6.55436829794885
"I-12",1999,0,57.6723548648649,-160.883936486486,-0.4,-6.55436829794885
"I-12",2000,0,57.6723548648649,-160.883936486486,1.1,-6.55436829794885
"I-12",2001,0,57.6723548648649,-160.883936486486,3.6,-6.55436829794885
"I-12",2002,0,57.6723548648649,-160.883936486486,3.6,-6.55436829794885
"I-12",2003,0,57.6723548648649,-160.883936486486,4.1,-6.55436829794885
"I-12",2004,0,57.6723548648649,-160.883936486486,3.6,-6.55436829794885
"I-12",2005,0,57.6723548648649,-160.883936486486,4.5,-6.55436829794885
"I-12",2006,0,57.6723548648649,-160.883936486486,1.7,-6.55436829794885
"I-12",2007,0,57.6723548648649,-160.883936486486,0.4,-6.55436829794885
"I-12",2008,0,57.6723548648649,-160.883936486486,1,-6.55436829794885
"I-12",2009,0,57.6723548648649,-160.883936486486,0.9,-6.55436829794885
"I-12",2010,0,57.6723548648649,-160.883936486486,1.6,-6.55436829794885
"I-12",2011,0,57.6723548648649,-160.883936486486,2.2,-6.55436829794885
"I-12",2012,0,57.6723548648649,-160.883936486486,0.8,-6.55436829794885
"I-12",2013,0,57.6723548648649,-160.883936486486,2.1,-6.55436829794885
"I-12",2014,0,57.6723548648649,-160.883936486486,4.8,-6.55436829794885
"I-12",2015,0,57.6723548648649,-160.883936486486,3.3,-6.55436829794885
"I-12",2016,0,57.6723548648649,-160.883936486486,5.9,-6.55436829794885
"I-12",2017,0,57.6723548648649,-160.883936486486,2.9,-6.55436829794885
"I-12",2018,0,57.6723548648649,-160.883936486486,4.1,-6.55436829794885
"I-12",2019,0,57.6723548648649,-160.883936486486,5.1,-6.55436829794885
"I-12",2021,0,57.6723548648649,-160.883936486486,4.3,-6.55436829794885
"I-12",2022,0,57.6723548648649,-160.883936486486,3.3,-6.55436829794885
"I-12",2023,0,57.6723548648649,-160.883936486486,3,-6.55436829794885
"I-13",1988,0,57.6647311764706,-160.270452058824,3.2,-6.55436829794885
"I-13",1989,0,57.6647311764706,-160.270452058824,2.1,-6.55436829794885
"I-13",1990,0,57.6647311764706,-160.270452058824,2.6,-6.55436829794885
"I-13",1991,0,57.6647311764706,-160.270452058824,3.2,-6.55436829794885
"I-13",1992,0,57.6647311764706,-160.270452058824,NA,-6.55436829794885
"I-13",1993,0,57.6647311764706,-160.270452058824,3.4,-6.55436829794885
"I-13",1994,0,57.6647311764706,-160.270452058824,2.5,-6.55436829794885
"I-13",1995,0,57.6647311764706,-160.270452058824,2.2,-6.55436829794885
"I-13",1996,0,57.6647311764706,-160.270452058824,4.4,-6.55436829794885
"I-13",1997,0,57.6647311764706,-160.270452058824,3.1,-6.55436829794885
"I-13",1998,0,57.6647311764706,-160.270452058824,3.9,-6.55436829794885
"I-13",1999,0,57.6647311764706,-160.270452058824,-0.4,-6.55436829794885
"I-13",2001,0,57.6647311764706,-160.270452058824,3.8,-6.55436829794885
"I-13",2002,0,57.6647311764706,-160.270452058824,3.9,-6.55436829794885
"I-13",2003,0,57.6647311764706,-160.270452058824,4,-6.55436829794885
"I-13",2004,0,57.6647311764706,-160.270452058824,3.8,-6.55436829794885
"I-13",2005,0,57.6647311764706,-160.270452058824,4.8,-6.55436829794885
"I-13",2006,0,57.6647311764706,-160.270452058824,2.4,-6.55436829794885
"I-13",2007,0,57.6647311764706,-160.270452058824,1.3,-6.55436829794885
"I-13",2008,0,57.6647311764706,-160.270452058824,0.9,-6.55436829794885
"I-13",2009,0,57.6647311764706,-160.270452058824,1.5,-6.55436829794885
"I-13",2010,0,57.6647311764706,-160.270452058824,1.7,-6.55436829794885
"I-13",2011,0,57.6647311764706,-160.270452058824,2.2,-6.55436829794885
"I-13",2012,0,57.6647311764706,-160.270452058824,0.8,-6.55436829794885
"I-13",2013,0,57.6647311764706,-160.270452058824,2.5,-6.55436829794885
"I-13",2014,0,57.6647311764706,-160.270452058824,5,-6.55436829794885
"I-13",2015,0,57.6647311764706,-160.270452058824,4.6,-6.55436829794885
"I-13",2016,0,57.6647311764706,-160.270452058824,6,-6.55436829794885
"I-13",2017,0,57.6647311764706,-160.270452058824,3.3,-6.55436829794885
"I-13",2018,0,57.6647311764706,-160.270452058824,4.3,-6.55436829794885
"I-13",2019,0,57.6647311764706,-160.270452058824,5.5,-6.55436829794885
"I-13",2021,0,57.6647311764706,-160.270452058824,4.4,-6.55436829794885
"I-13",2022,0,57.6647311764706,-160.270452058824,3.6,-6.55436829794885
"I-13",2023,0,57.6647311764706,-160.270452058824,3.4,-6.55436829794885
"I-14",1988,0,57.6631074285714,-159.636454,4,-6.55436829794885
"I-14",1989,0,57.6631074285714,-159.636454,1.9,-6.55436829794885
"I-14",1990,0,57.6631074285714,-159.636454,NA,-6.55436829794885
"I-14",1991,0,57.6631074285714,-159.636454,3.4,-6.55436829794885
"I-14",1992,0,57.6631074285714,-159.636454,NA,-6.55436829794885
"I-14",1993,0,57.6631074285714,-159.636454,4.1,-6.55436829794885
"I-14",1994,0,57.6631074285714,-159.636454,3.2,-6.55436829794885
"I-14",1995,0,57.6631074285714,-159.636454,2.3,-6.55436829794885
"I-14",1996,0,57.6631074285714,-159.636454,4.5,-6.55436829794885
"I-14",1997,0,57.6631074285714,-159.636454,3.3,-6.55436829794885
"I-14",1998,0,57.6631074285714,-159.636454,4.2,-6.55436829794885
"I-14",1999,0,57.6631074285714,-159.636454,-0.2,-6.55436829794885
"I-14",2000,0,57.6631074285714,-159.636454,1.6,-6.55436829794885
"I-14",2001,0,57.6631074285714,-159.636454,3.9,-6.55436829794885
"I-14",2002,0,57.6631074285714,-159.636454,3.9,-6.55436829794885
"I-14",2003,0,57.6631074285714,-159.636454,4.2,-6.55436829794885
"I-14",2004,0,57.6631074285714,-159.636454,4.1,-6.55436829794885
"I-14",2005,0,57.6631074285714,-159.636454,4.9,-6.55436829794885
"I-14",2006,0,57.6631074285714,-159.636454,2.4,-6.55436829794885
"I-14",2007,0,57.6631074285714,-159.636454,2.1,-6.55436829794885
"I-14",2008,0,57.6631074285714,-159.636454,1.2,-6.55436829794885
"I-14",2009,0,57.6631074285714,-159.636454,2,-6.55436829794885
"I-14",2010,0,57.6631074285714,-159.636454,2,-6.55436829794885
"I-14",2011,0,57.6631074285714,-159.636454,2.3,-6.55436829794885
"I-14",2012,0,57.6631074285714,-159.636454,0.4,-6.55436829794885
"I-14",2013,0,57.6631074285714,-159.636454,3.2,-6.55436829794885
"I-14",2014,0,57.6631074285714,-159.636454,5.7,-6.55436829794885
"I-14",2015,0,57.6631074285714,-159.636454,4.6,-6.55436829794885
"I-14",2016,0,57.6631074285714,-159.636454,6.4,-6.55436829794885
"I-14",2017,0,57.6631074285714,-159.636454,3.4,-6.55436829794885
"I-14",2018,0,57.6631074285714,-159.636454,5.1,-6.55436829794885
"I-14",2019,0,57.6631074285714,-159.636454,5.9,-6.55436829794885
"I-14",2021,0,57.6631074285714,-159.636454,4.5,-6.55436829794885
"I-14",2022,0,57.6631074285714,-159.636454,3.2,-6.55436829794885
"I-14",2023,0,57.6631074285714,-159.636454,3.5,-6.55436829794885
"I-15",1988,0,57.6672482857143,-159.022309428571,4.4,-6.55436829794885
"I-15",1989,0,57.6672482857143,-159.022309428571,NA,-6.55436829794885
"I-15",1990,0,57.6672482857143,-159.022309428571,2.6,-6.55436829794885
"I-15",1991,0,57.6672482857143,-159.022309428571,3.7,-6.55436829794885
"I-15",1992,0,57.6672482857143,-159.022309428571,2.6,-6.55436829794885
"I-15",1993,0,57.6672482857143,-159.022309428571,4.4,-6.55436829794885
"I-15",1994,0,57.6672482857143,-159.022309428571,2.7,-6.55436829794885
"I-15",1995,0,57.6672482857143,-159.022309428571,2.4,-6.55436829794885
"I-15",1996,0,57.6672482857143,-159.022309428571,4.2,-6.55436829794885
"I-15",1997,0,57.6672482857143,-159.022309428571,3.1,-6.55436829794885
"I-15",1998,0,57.6672482857143,-159.022309428571,4.1,-6.55436829794885
"I-15",1999,0,57.6672482857143,-159.022309428571,NA,-6.55436829794885
"I-15",2000,0,57.6672482857143,-159.022309428571,2.1,-6.55436829794885
"I-15",2001,0,57.6672482857143,-159.022309428571,4,-6.55436829794885
"I-15",2002,0,57.6672482857143,-159.022309428571,4.1,-6.55436829794885
"I-15",2003,0,57.6672482857143,-159.022309428571,4.6,-6.55436829794885
"I-15",2004,0,57.6672482857143,-159.022309428571,4.2,-6.55436829794885
"I-15",2005,0,57.6672482857143,-159.022309428571,5,-6.55436829794885
"I-15",2006,0,57.6672482857143,-159.022309428571,2.6,-6.55436829794885
"I-15",2007,0,57.6672482857143,-159.022309428571,2.4,-6.55436829794885
"I-15",2008,0,57.6672482857143,-159.022309428571,1.1,-6.55436829794885
"I-15",2009,0,57.6672482857143,-159.022309428571,1.7,-6.55436829794885
"I-15",2010,0,57.6672482857143,-159.022309428571,2,-6.55436829794885
"I-15",2011,0,57.6672482857143,-159.022309428571,2.5,-6.55436829794885
"I-15",2012,0,57.6672482857143,-159.022309428571,-0.2,-6.55436829794885
"I-15",2013,0,57.6672482857143,-159.022309428571,3.5,-6.55436829794885
"I-15",2014,0,57.6672482857143,-159.022309428571,5.5,-6.55436829794885
"I-15",2015,0,57.6672482857143,-159.022309428571,5.1,-6.55436829794885
"I-15",2016,0,57.6672482857143,-159.022309428571,6.6,-6.55436829794885
"I-15",2017,0,57.6672482857143,-159.022309428571,4,-6.55436829794885
"I-15",2018,0,57.6672482857143,-159.022309428571,5.3,-6.55436829794885
"I-15",2019,0,57.6672482857143,-159.022309428571,6.2,-6.55436829794885
"I-15",2021,0,57.6672482857143,-159.022309428571,4.4,-6.55436829794885
"I-15",2022,0,57.6672482857143,-159.022309428571,3.9,-6.55436829794885
"I-15",2023,0,57.6672482857143,-159.022309428571,3.1,-6.55436829794885
"I-16",1988,0,57.6651308571429,-158.360318285714,3.6,-6.55436829794885
"I-16",1989,0,57.6651308571429,-158.360318285714,3.2,-6.55436829794885
"I-16",1990,0,57.6651308571429,-158.360318285714,NA,-6.55436829794885
"I-16",1991,0,57.6651308571429,-158.360318285714,NA,-6.55436829794885
"I-16",1992,0,57.6651308571429,-158.360318285714,NA,-6.55436829794885
"I-16",1993,0,57.6651308571429,-158.360318285714,4.9,-6.55436829794885
"I-16",1994,0,57.6651308571429,-158.360318285714,3.6,-6.55436829794885
"I-16",1995,0,57.6651308571429,-158.360318285714,2.9,-6.55436829794885
"I-16",1996,0,57.6651308571429,-158.360318285714,5.5,-6.55436829794885
"I-16",1997,0,57.6651308571429,-158.360318285714,5.3,-6.55436829794885
"I-16",1998,0,57.6651308571429,-158.360318285714,NA,-6.55436829794885
"I-16",1999,0,57.6651308571429,-158.360318285714,-1.5,-6.55436829794885
"I-16",2000,0,57.6651308571429,-158.360318285714,2.7,-6.55436829794885
"I-16",2001,0,57.6651308571429,-158.360318285714,4.4,-6.55436829794885
"I-16",2002,0,57.6651308571429,-158.360318285714,4.5,-6.55436829794885
"I-16",2003,0,57.6651308571429,-158.360318285714,5.3,-6.55436829794885
"I-16",2004,0,57.6651308571429,-158.360318285714,5.1,-6.55436829794885
"I-16",2005,0,57.6651308571429,-158.360318285714,5.4,-6.55436829794885
"I-16",2006,0,57.6651308571429,-158.360318285714,2.8,-6.55436829794885
"I-16",2007,0,57.6651308571429,-158.360318285714,4,-6.55436829794885
"I-16",2008,0,57.6651308571429,-158.360318285714,1.9,-6.55436829794885
"I-16",2009,0,57.6651308571429,-158.360318285714,2.1,-6.55436829794885
"I-16",2010,0,57.6651308571429,-158.360318285714,2.4,-6.55436829794885
"I-16",2011,0,57.6651308571429,-158.360318285714,3.6,-6.55436829794885
"I-16",2012,0,57.6651308571429,-158.360318285714,0.3,-6.55436829794885
"I-16",2013,0,57.6651308571429,-158.360318285714,4.3,-6.55436829794885
"I-16",2014,0,57.6651308571429,-158.360318285714,6.7,-6.55436829794885
"I-16",2015,0,57.6651308571429,-158.360318285714,5.8,-6.55436829794885
"I-16",2016,0,57.6651308571429,-158.360318285714,6.9,-6.55436829794885
"I-16",2017,0,57.6651308571429,-158.360318285714,4.9,-6.55436829794885
"I-16",2018,0,57.6651308571429,-158.360318285714,6.4,-6.55436829794885
"I-16",2019,0,57.6651308571429,-158.360318285714,6.9,-6.55436829794885
"I-16",2021,0,57.6651308571429,-158.360318285714,4.7,-6.55436829794885
"I-16",2022,0,57.6651308571429,-158.360318285714,4.7,-6.55436829794885
"I-16",2023,0,57.6651308571429,-158.360318285714,3.6,-6.55436829794885
"I-18",1988,19378.564997885,57.6664739442112,-168.403237042591,1.8,9.87192291066365
"I-18",1989,692.373224275653,57.6664739442112,-168.403237042591,3.7,6.5401272081859
"I-18",1990,1014.59781083139,57.6664739442112,-168.403237042591,2.4,6.92224897085815
"I-18",1991,16036.7500461706,57.6664739442112,-168.403237042591,3.1,9.68263833410448
"I-18",1992,7242.018263365,57.6664739442112,-168.403237042591,0.7,8.88765540880395
"I-18",1993,77.9005184145983,57.6664739442112,-168.403237042591,3.2,4.35545088577063
"I-18",1994,41700.9424097187,57.6664739442112,-168.403237042591,1.4,10.63827904143
"I-18",1995,704.284131256169,57.6664739442112,-168.403237042591,NA,6.55718389201133
"I-18",1996,0,57.6664739442112,-168.403237042591,2.8,-6.55436829794885
"I-18",1997,0,57.6664739442112,-168.403237042591,1.9,-6.55436829794885
"I-18",1998,43.2308393939163,57.6664739442112,-168.403237042591,3.4,3.76658705159937
"I-18",1999,0,57.6664739442112,-168.403237042591,2.5,-6.55436829794885
"I-18",2000,0,57.6664739442112,-168.403237042591,2.6,-6.55436829794885
"I-18",2001,0,57.6664739442112,-168.403237042591,NA,-6.55436829794885
"I-18",2002,0,57.6664739442112,-168.403237042591,3.4,-6.55436829794885
"I-18",2003,0,57.6664739442112,-168.403237042591,3,-6.55436829794885
"I-18",2004,19.6259680465346,57.6664739442112,-168.403237042591,3,2.97692613795293
"I-18",2005,629.471866691835,57.6664739442112,-168.403237042591,3.3,6.4448834229955
"I-18",2006,0,57.6664739442112,-168.403237042591,1.8,-6.55436829794885
"I-18",2007,0,57.6664739442112,-168.403237042591,0.4,-6.55436829794885
"I-18",2008,59.6096043301692,57.6664739442112,-168.403237042591,0.2,4.08784059407186
"I-18",2009,238.141782983636,57.6664739442112,-168.403237042591,-0.7,5.47287220223658
"I-18",2010,368.01104831371,57.6664739442112,-168.403237042591,-0.2,5.90811682943093
"I-18",2011,15118.9000835213,57.6664739442112,-168.403237042591,3.6,9.62370099546751
"I-18",2012,0,57.6664739442112,-168.403237042591,0.5,-6.55436829794885
"I-18",2013,992.095167185671,57.6664739442112,-168.403237042591,0.2,6.89982047257267
"I-18",2014,1268.44510687823,57.6664739442112,-168.403237042591,2.8,7.14554822660208
"I-18",2015,0,57.6664739442112,-168.403237042591,2.7,-6.55436829794885
"I-18",2016,0,57.6664739442112,-168.403237042591,4.4,-6.55436829794885
"I-18",2017,0,57.6664739442112,-168.403237042591,1.6,-6.55436829794885
"I-18",2018,0,57.6664739442112,-168.403237042591,4.5,-6.55436829794885
"I-18",2019,0,57.6664739442112,-168.403237042591,4,-6.55436829794885
"I-18",2021,0,57.6664739442112,-168.403237042591,4.4,-6.55436829794885
"I-18",2022,141.162073752631,57.6664739442112,-168.403237042591,1,4.94991877630319
"I-18",2023,207.893936636197,57.6664739442112,-168.403237042591,2.7,5.33703487868542
"I-19",1988,183.097412257324,57.6636198446267,-169.037351214933,2.2,5.2100260952396
"I-19",1989,11965.0148861579,57.6636198446267,-169.037351214933,3.9,9.38974236348738
"I-19",1990,235.309949866416,57.6636198446267,-169.037351214933,1.7,5.46090963178767
"I-19",1991,2970.86322768153,57.6636198446267,-169.037351214933,2.7,7.99660831789966
"I-19",1992,93.7426097946249,57.6636198446267,-169.037351214933,-0.1,4.54056802204325
"I-19",1993,129.030267771677,57.6636198446267,-169.037351214933,3,4.86005804592365
"I-19",1994,214.895591988606,57.6636198446267,-169.037351214933,-1,5.37015891742203
"I-19",1995,540.244325862981,57.6636198446267,-169.037351214933,0.1,6.29202412815574
"I-19",1996,43.2386126379213,57.6636198446267,-169.037351214933,2.5,3.76676683735838
"I-19",1997,124.210878009615,57.6636198446267,-169.037351214933,1.5,4.82199221364159
"I-19",1998,19.6827255574512,57.6636198446267,-169.037351214933,2.4,2.97981371490254
"I-19",1999,84.9744246259978,57.6636198446267,-169.037351214933,0.7,4.44236708091685
"I-19",2000,61.8388862769585,57.6636198446267,-169.037351214933,3,4.12455541977452
"I-19",2001,200.072258980504,57.6636198446267,-169.037351214933,2.1,5.29868571301293
"I-19",2002,42.9905029505254,57.6636198446267,-169.037351214933,3.8,3.76101234998709
"I-19",2003,156.453753483316,57.6636198446267,-169.037351214933,3.7,5.05276956234693
"I-19",2004,0,57.6636198446267,-169.037351214933,3.8,-6.55436829794885
"I-19",2005,14860.7462203029,57.6636198446267,-169.037351214933,3.2,9.60647862953539
"I-19",2006,280.421766418495,57.6636198446267,-169.037351214933,-0.2,5.6362998560935
"I-19",2007,63.993849227874,57.6636198446267,-169.037351214933,-0.1,4.15880922297466
"I-19",2008,21.5491447679418,57.6636198446267,-169.037351214933,-0.4,3.07040220367233
"I-19",2009,245.87005743051,57.6636198446267,-169.037351214933,-0.6,5.50480896572756
"I-19",2010,255.194455354766,57.6636198446267,-169.037351214933,-1.1,5.54203140414912
"I-19",2011,2295.72407751858,57.6636198446267,-169.037351214933,2.8,7.73880419515308
"I-19",2012,33262.5501238954,57.6636198446267,-169.037351214933,0.1,10.4121874650112
"I-19",2013,1988.53867651418,57.6636198446267,-169.037351214933,-0.2,7.59515603059791
"I-19",2014,2013.46722177682,57.6636198446267,-169.037351214933,2.6,7.6076142081111
"I-19",2015,2712.15287018927,57.6636198446267,-169.037351214933,2.7,7.90549854053608
"I-19",2016,114.34356542813,57.6636198446267,-169.037351214933,4.5,4.73922010062094
"I-19",2017,0,57.6636198446267,-169.037351214933,1.4,-6.55436829794885
"I-19",2018,0,57.6636198446267,-169.037351214933,4.4,-6.55436829794885
"I-19",2019,67.2574334792602,57.6636198446267,-169.037351214933,3.9,4.20854871778412
"I-19",2021,23.3039702446948,57.6636198446267,-169.037351214933,3.6,3.14868484136362
"I-19",2022,0,57.6636198446267,-169.037351214933,0.9,-6.55436829794885
"I-19",2023,0,57.6636198446267,-169.037351214933,2.4,-6.55436829794885
"I-20",1988,603.496865973099,57.6693435969327,-169.654189379343,1.9,6.40274320682214
"I-20",1989,912.634252230622,57.6693435969327,-169.654189379343,3,6.81633676055483
"I-20",1990,150.886357245549,57.6693435969327,-169.654189379343,1.5,5.01653638918582
"I-20",1991,354.185300737552,57.6693435969327,-169.654189379343,NA,5.86982424474686
"I-20",1992,86.1906752287159,57.6693435969327,-169.654189379343,-0.5,4.45657851582113
"I-20",1993,47.352284240106,57.6693435969327,-169.654189379343,2.8,3.85764512959974
"I-20",1994,217.938773406348,57.6693435969327,-169.654189379343,NA,5.38422070079014
"I-20",1995,833.518286179104,57.6693435969327,-169.654189379343,0.3,6.72565734925517
"I-20",1996,244.782669655798,57.6693435969327,-169.654189379343,3.3,5.50037657114899
"I-20",1997,0,57.6693435969327,-169.654189379343,1.3,-6.55436829794885
"I-20",1998,31.2425057616695,57.6693435969327,-169.654189379343,2.1,3.44182510591226
"I-20",1999,23.087929511441,57.6693435969327,-169.654189379343,0.8,3.13937161922778
"I-20",2000,22.4642176842239,57.6693435969327,-169.654189379343,NA,3.11198710059536
"I-20",2001,295.65978388992,57.6693435969327,-169.654189379343,2.5,5.68921423046755
"I-20",2002,107.324288700665,57.6693435969327,-169.654189379343,3,4.67586825357348
"I-20",2003,0,57.6693435969327,-169.654189379343,4,-6.55436829794885
"I-20",2004,60.9868331920183,57.6693435969327,-169.654189379343,3.4,4.11068133865901
"I-20",2005,745.855250319865,57.6693435969327,-169.654189379343,3.6,6.61453345601055
"I-20",2006,3969.06472675219,57.6693435969327,-169.654189379343,0.7,8.28628611947064
"I-20",2007,186.027035433153,57.6693435969327,-169.654189379343,-0.7,5.22589966907981
"I-20",2008,86.7666229872158,57.6693435969327,-169.654189379343,0.5,4.46323843026622
"I-20",2009,106.365359994881,57.6693435969327,-169.654189379343,-0.4,4.66689334656096
"I-20",2010,39.6720240169535,57.6693435969327,-169.654189379343,-1.2,3.68068214526932
"I-20",2011,4190.23263500244,57.6693435969327,-169.654189379343,0.3,8.34051187266495
"I-20",2012,4798.65779546046,57.6693435969327,-169.654189379343,-0.6,8.47609182857264
"I-20",2013,16641.7398591907,57.6693435969327,-169.654189379343,-0.5,9.71966935331579
"I-20",2014,6333.61389969304,57.6693435969327,-169.654189379343,2.8,8.75362649326429
"I-20",2015,0,57.6693435969327,-169.654189379343,3.9,-6.55436829794885
"I-20",2016,21.0118731618989,57.6693435969327,-169.654189379343,4.7,3.04515542991069
"I-20",2017,0,57.6693435969327,-169.654189379343,2,-6.55436829794885
"I-20",2018,0,57.6693435969327,-169.654189379343,4,-6.55436829794885
"I-20",2019,209.795100462754,57.6693435969327,-169.654189379343,3.9,5.34613812930832
"I-20",2021,0,57.6693435969327,-169.654189379343,3.9,-6.55436829794885
"I-20",2022,20.9229339115663,57.6693435969327,-169.654189379343,1,3.04091392503807
"I-20",2023,572.792073046001,57.6693435969327,-169.654189379343,1.8,6.35052526245359
"I-21",1988,619.091946811617,57.6662362242563,-170.272982464858,1.5,6.42825610249446
"I-21",1989,0,57.6662362242563,-170.272982464858,3.8,-6.55436829794885
"I-21",1990,47.5622096252652,57.6662362242563,-170.272982464858,-0.5,3.86206846729204
"I-21",1991,89.4965083858771,57.6662362242563,-170.272982464858,2.1,4.4942155218623
"I-21",1992,12355.9110219396,57.6662362242563,-170.272982464858,0.5,9.42188996804878
"I-21",1993,89.3913000229876,57.6662362242563,-170.272982464858,2.4,4.49303929078047
"I-21",1994,58.8590345326352,57.6662362242563,-170.272982464858,1.1,4.07516953099599
"I-21",1995,258.507529871148,57.6662362242563,-170.272982464858,1.2,5.55493033069176
"I-21",1996,0,57.6662362242563,-170.272982464858,3.2,-6.55436829794885
"I-21",1997,43.4720269715946,57.6662362242563,-170.272982464858,2.9,3.77215042656687
"I-21",1998,0,57.6662362242563,-170.272982464858,3.3,-6.55436829794885
"I-21",1999,58.6817606641569,57.6662362242563,-170.272982464858,0.5,4.07215322150586
"I-21",2000,61.4259743752237,57.6662362242563,-170.272982464858,2.8,4.11785596131255
"I-21",2001,20.1783067078134,57.6662362242563,-170.272982464858,2.1,3.0046786644828
"I-21",2002,54.1808944538094,57.6662362242563,-170.272982464858,2.9,3.99235462525538
"I-21",2003,0,57.6662362242563,-170.272982464858,4.1,-6.55436829794885
"I-21",2004,21.914185308159,57.6662362242563,-170.272982464858,3.3,3.08719913134941
"I-21",2005,0,57.6662362242563,-170.272982464858,NA,-6.55436829794885
"I-21",2006,20.6944315702862,57.6662362242563,-170.272982464858,0.2,3.02993346053089
"I-21",2007,0,57.6662362242563,-170.272982464858,-0.2,-6.55436829794885
"I-21",2008,42.6286902105653,57.6662362242563,-170.272982464858,0.8,3.75256090711924
"I-21",2009,19.4188376805398,57.6662362242563,-170.272982464858,0.7,2.96631693149503
"I-21",2010,0,57.6662362242563,-170.272982464858,-0.3,-6.55436829794885
"I-21",2011,0,57.6662362242563,-170.272982464858,3.1,-6.55436829794885
"I-21",2012,127.232276861738,57.6662362242563,-170.272982464858,-0.2,4.84602555876916
"I-21",2013,0,57.6662362242563,-170.272982464858,1.5,-6.55436829794885
"I-21",2014,8543.41370236932,57.6662362242563,-170.272982464858,2.8,9.05291610453236
"I-21",2015,0,57.6662362242563,-170.272982464858,3.5,-6.55436829794885
"I-21",2016,93.5917140016838,57.6662362242563,-170.272982464858,4.6,4.53895706758805
"I-21",2017,0,57.6662362242563,-170.272982464858,2.8,-6.55436829794885
"I-21",2018,0,57.6662362242563,-170.272982464858,4.1,-6.55436829794885
"I-21",2019,0,57.6662362242563,-170.272982464858,4.1,-6.55436829794885
"I-21",2021,0,57.6662362242563,-170.272982464858,3.9,-6.55436829794885
"I-21",2022,0,57.6662362242563,-170.272982464858,2,-6.55436829794885
"I-21",2023,5054.47409431058,57.6662362242563,-170.272982464858,2.3,8.52802937101578
"I-22",1988,455.124341888388,57.6684987642276,-170.894977731707,3,6.1205737890439
"I-22",1989,0,57.6684987642276,-170.894977731707,3.5,-6.55436829794885
"I-22",1990,280.901119865364,57.6684987642276,-170.894977731707,2.5,5.63800778977377
"I-22",1991,5773.87185915695,57.6684987642276,-170.894977731707,3,8.66109841385096
"I-22",1992,6419.15947752956,57.6684987642276,-170.894977731707,1.5,8.76704268742722
"I-22",1993,5175.44694428082,57.6684987642276,-170.894977731707,2.8,8.55168125557133
"I-22",1994,1411.07484822303,57.6684987642276,-170.894977731707,NA,7.25210800574629
"I-22",1995,283.054924921001,57.6684987642276,-170.894977731707,1.7,5.64564599020128
"I-22",1996,797.8340146852,57.6684987642276,-170.894977731707,4.4,6.68190235884982
"I-22",1997,40.9370799793496,57.6684987642276,-170.894977731707,3.6,3.71207103490005
"I-22",1998,58.3254754980615,57.6684987642276,-170.894977731707,3.1,4.06606338283141
"I-22",1999,332.819506940063,57.6684987642276,-170.894977731707,2,5.80760460006466
"I-22",2000,63.0753674600334,57.6684987642276,-170.894977731707,2.9,4.14435289431545
"I-22",2001,0,57.6684987642276,-170.894977731707,2.9,-6.55436829794885
"I-22",2002,41.4293251683005,57.6684987642276,-170.894977731707,3.4,3.72402333582818
"I-22",2003,0,57.6684987642276,-170.894977731707,4.3,-6.55436829794885
"I-22",2004,0,57.6684987642276,-170.894977731707,3.9,-6.55436829794885
"I-22",2005,22.6774664989887,57.6684987642276,-170.894977731707,4.4,3.12143455266449
"I-22",2006,0,57.6684987642276,-170.894977731707,2.4,-6.55436829794885
"I-22",2007,0,57.6684987642276,-170.894977731707,1.3,-6.55436829794885
"I-22",2008,106.556258829919,57.6684987642276,-170.894977731707,1.1,4.66868646023403
"I-22",2009,106.947054942099,57.6684987642276,-170.894977731707,1.7,4.67234721218417
"I-22",2010,28.4291595715829,57.6684987642276,-170.894977731707,1.8,3.34746544791575
"I-22",2011,43.2787822159623,57.6684987642276,-170.894977731707,2.7,3.7676953964958
"I-22",2012,139.8483022236,57.6684987642276,-170.894977731707,0.6,4.94056846115948
"I-22",2013,0,57.6684987642276,-170.894977731707,2.2,-6.55436829794885
"I-22",2014,81.0792778339045,57.6684987642276,-170.894977731707,3.4,4.39544497615854
"I-22",2015,20.4839198515204,57.6684987642276,-170.894977731707,3.9,3.01970969062728
"I-22",2016,0,57.6684987642276,-170.894977731707,4.5,-6.55436829794885
"I-22",2017,0,57.6684987642276,-170.894977731707,3.1,-6.55436829794885
"I-22",2018,19.1410272077011,57.6684987642276,-170.894977731707,4.1,2.95190843894132
"I-22",2019,416.322407845845,57.6684987642276,-170.894977731707,4.8,6.0314633990863
"I-22",2021,37.9738846622199,57.6684987642276,-170.894977731707,4,3.63693617338029
"I-22",2022,0,57.6684987642276,-170.894977731707,2.7,-6.55436829794885
"I-22",2023,0,57.6684987642276,-170.894977731707,2.9,-6.55436829794885
"I-23",1988,0,57.6645692607973,-171.530303826135,2.5,-6.55436829794885
"I-23",1989,2496.8040923096,57.6645692607973,-171.530303826135,3.5,7.8227674002587
"I-23",1990,87965.5060319975,57.6645692607973,-171.530303826135,2.2,11.384700055895
"I-23",1991,28314.5326058418,57.6645692607973,-171.530303826135,2.8,10.2511305217543
"I-23",1992,6698.94870071961,57.6645692607973,-171.530303826135,2.3,8.80970609528002
"I-23",1993,7864.42184428918,57.6645692607973,-171.530303826135,3.1,8.97010448389983
"I-23",1994,5322.07121007482,57.6645692607973,-171.530303826135,NA,8.57961809931314
"I-23",1995,344.421606921845,57.6645692607973,-171.530303826135,1.6,5.84187064257062
"I-23",1996,35.4644297445627,57.6645692607973,-171.530303826135,3.6,3.56857036391506
"I-23",1997,0,57.6645692607973,-171.530303826135,NA,-6.55436829794885
"I-23",1998,18.1447719010019,57.6645692607973,-171.530303826135,3.3,2.89846094001217
"I-23",1999,66.290110430999,57.6645692607973,-171.530303826135,1.7,4.19406220145311
"I-23",2000,60.9717399263436,57.6645692607973,-171.530303826135,3.1,4.11043382980511
"I-23",2001,0,57.6645692607973,-171.530303826135,2.8,-6.55436829794885
"I-23",2002,0,57.6645692607973,-171.530303826135,3.5,-6.55436829794885
"I-23",2003,18.7691626327346,57.6645692607973,-171.530303826135,4.5,2.93229109756823
"I-23",2004,0,57.6645692607973,-171.530303826135,4,-6.55436829794885
"I-23",2005,646.955674262957,57.6645692607973,-171.530303826135,4,6.47227998340748
"I-23",2006,147.038328643298,57.6645692607973,-171.530303826135,2.5,4.99070297556291
"I-23",2007,39.5487573057882,57.6645692607973,-171.530303826135,1.6,3.67757027543807
"I-23",2008,20.4837075409362,57.6645692607973,-171.530303826135,2,3.01969932655006
"I-23",2009,831.420417982699,57.6645692607973,-171.530303826135,1.7,6.72313729766031
"I-23",2010,0,57.6645692607973,-171.530303826135,2.8,-6.55436829794885
"I-23",2011,0,57.6645692607973,-171.530303826135,2.9,-6.55436829794885
"I-23",2012,0,57.6645692607973,-171.530303826135,1.2,-6.55436829794885
"I-23",2013,0,57.6645692607973,-171.530303826135,2.2,-6.55436829794885
"I-23",2014,0,57.6645692607973,-171.530303826135,3.1,-6.55436829794885
"I-23",2015,38.4873409158447,57.6645692607973,-171.530303826135,2.3,3.65036637527375
"I-23",2016,122.959877480833,57.6645692607973,-171.530303826135,4.6,4.81186968280223
"I-23",2017,0,57.6645692607973,-171.530303826135,3.4,-6.55436829794885
"I-23",2018,3288.74933690771,57.6645692607973,-171.530303826135,3.7,8.09826306368546
"I-23",2019,3568.14062133028,57.6645692607973,-171.530303826135,4.3,8.17980030378536
"I-23",2021,18.1032279038115,57.6645692607973,-171.530303826135,3.6,2.89616890999557
"I-23",2022,21.3968947500888,57.6645692607973,-171.530303826135,2.3,3.06331235034959
"I-23",2023,0,57.6645692607973,-171.530303826135,3.1,-6.55436829794885
"I-24",1988,55.4543498430828,57.6693042118863,-172.172792834625,2.5,4.01558583326548
"I-24",1989,72688.4578761831,57.6693042118863,-172.172792834625,3.3,11.1939379067673
"I-24",1990,13610.9919542082,57.6693042118863,-172.172792834625,2.7,9.51863308182033
"I-24",1991,49086.3914588521,57.6693042118863,-172.172792834625,2.7,10.8013371446769
"I-24",1992,374.520657125823,57.6693042118863,-172.172792834625,NA,5.92565076252186
"I-24",1993,1225.20526652989,57.6693042118863,-172.172792834625,3.4,7.11086483561294
"I-24",1994,12446.0661411114,57.6693042118863,-172.172792834625,1.2,9.42915999376568
"I-24",1995,30398.2370157758,57.6693042118863,-172.172792834625,2.4,10.3221399396515
"I-24",1996,391.395419284137,57.6693042118863,-172.172792834625,3.7,5.96972198943683
"I-24",1997,70.4899699118395,57.6693042118863,-172.172792834625,3.8,4.2554906285211
"I-24",1998,0,57.6693042118863,-172.172792834625,3.1,-6.55436829794885
"I-24",1999,18.1322664036685,57.6693042118863,-172.172792834625,1.5,2.89777154987435
"I-24",2000,0,57.6693042118863,-172.172792834625,3.1,-6.55436829794885
"I-24",2001,0,57.6693042118863,-172.172792834625,3.2,-6.55436829794885
"I-24",2002,19.8915103338933,57.6693042118863,-172.172792834625,3.3,2.99036460415476
"I-24",2003,153.258204691245,57.6693042118863,-172.172792834625,4.5,5.03213340203219
"I-24",2004,74.3675458352759,57.6693042118863,-172.172792834625,4,4.3090387811478
"I-24",2005,0,57.6693042118863,-172.172792834625,4.1,-6.55436829794885
"I-24",2006,0,57.6693042118863,-172.172792834625,2.6,-6.55436829794885
"I-24",2007,1138.63468933041,57.6693042118863,-172.172792834625,1.6,7.03758643322151
"I-24",2008,646.704092883527,57.6693042118863,-172.172792834625,2.3,6.47189103905723
"I-24",2009,4545.06839027171,57.6693042118863,-172.172792834625,1.8,8.4217983671435
"I-24",2010,2745.55643045675,57.6693042118863,-172.172792834625,3.1,7.91773955892044
"I-24",2011,8550.38230683584,57.6693042118863,-172.172792834625,3.1,9.05373144170941
"I-24",2012,20109.6383738366,57.6693042118863,-172.172792834625,1.3,9.90895457100602
"I-24",2013,78.217460935614,57.6693042118863,-172.172792834625,2.8,4.35951111222837
"I-24",2014,0,57.6693042118863,-172.172792834625,2.9,-6.55436829794885
"I-24",2015,1208.87931574124,57.6693042118863,-172.172792834625,3.3,7.09745020193055
"I-24",2016,8982.15393981966,57.6693042118863,-172.172792834625,4.4,9.10299515072607
"I-24",2017,2905.90088118626,57.6693042118863,-172.172792834625,3.4,7.97449922521285
"I-24",2018,15645.5145269753,57.6693042118863,-172.172792834625,3.8,9.65793963420141
"I-24",2019,7105.28807470622,57.6693042118863,-172.172792834625,4.1,8.86859478545597
"I-24",2021,0,57.6693042118863,-172.172792834625,3.4,-6.55436829794885
"I-24",2022,0,57.6693042118863,-172.172792834625,2.3,-6.55436829794885
"I-24",2023,0,57.6693042118863,-172.172792834625,3.2,-6.55436829794885
"I-25",1988,0,57.6661779353979,-172.795596366966,2.7,-6.55436829794885
"I-25",1989,0,57.6661779353979,-172.795596366966,3.4,-6.55436829794885
"I-25",1990,414.468740736161,57.6661779353979,-172.795596366966,2.5,6.02700099277655
"I-25",1991,59612.229969657,57.6661779353979,-172.795596366966,NA,10.9956160567215
"I-25",1992,22850.3334984121,57.6661779353979,-172.795596366966,NA,10.0367210536457
"I-25",1993,1581.45162167221,57.6661779353979,-172.795596366966,3.4,7.36609935248786
"I-25",1994,757.933117409153,57.6661779353979,-172.795596366966,NA,6.63059702477777
"I-25",1995,21409.3256048375,57.6661779353979,-172.795596366966,2.9,9.97158194852173
"I-25",1996,47419.2174298292,57.6661779353979,-172.795596366966,3.5,10.7667828865548
"I-25",1997,77.9793214548629,57.6661779353979,-172.795596366966,4,4.35646194156103
"I-25",1998,0,57.6661779353979,-172.795596366966,3,-6.55436829794885
"I-25",1999,18.0271825229618,57.6661779353979,-172.795596366966,2.2,2.89195974110616
"I-25",2000,0,57.6661779353979,-172.795596366966,3,-6.55436829794885
"I-25",2001,0,57.6661779353979,-172.795596366966,3.4,-6.55436829794885
"I-25",2002,19.7172619860378,57.6661779353979,-172.795596366966,3.4,2.98156670740478
"I-25",2003,55.5798489658097,57.6661779353979,-172.795596366966,4.4,4.01784632523712
"I-25",2005,0,57.6661779353979,-172.795596366966,4.1,-6.55436829794885
"I-25",2006,0,57.6661779353979,-172.795596366966,2.8,-6.55436829794885
"I-25",2007,0,57.6661779353979,-172.795596366966,2.6,-6.55436829794885
"I-25",2008,0,57.6661779353979,-172.795596366966,2.1,-6.55436829794885
"I-25",2009,0,57.6661779353979,-172.795596366966,2.4,-6.55436829794885
"I-25",2010,6112.15370591329,57.6661779353979,-172.795596366966,3,8.71803471170805
"I-25",2011,20641.4659428941,57.6661779353979,-172.795596366966,3.1,9.93505731042004
"I-25",2012,41377.8968309014,57.6661779353979,-172.795596366966,1.6,10.6305021586801
"I-25",2013,38530.0541173274,57.6661779353979,-172.795596366966,3,10.5591938791247
"I-25",2014,29831.0213592988,57.6661779353979,-172.795596366966,3.2,10.3033041639871
"I-25",2015,7422.1159398469,57.6661779353979,-172.795596366966,4.3,8.91221965444741
"I-25",2016,8719.79852321744,57.6661779353979,-172.795596366966,4.6,9.07335157479347
"I-25",2017,1953.32537669319,57.6661779353979,-172.795596366966,4.4,7.57728924948195
"I-25",2018,803.652281705402,57.6661779353979,-172.795596366966,4.3,6.68916846195139
"I-25",2019,664.129933159443,57.6661779353979,-172.795596366966,4.1,6.498479956781
"I-25",2021,0,57.6661779353979,-172.795596366966,3.6,-6.55436829794885
"I-25",2022,0,57.6661779353979,-172.795596366966,3.3,-6.55436829794885
"I-25",2023,0,57.6661779353979,-172.795596366966,3.3,-6.55436829794885
"I-26",1988,472.547228461422,57.6742295825932,-173.39357026643,3.6,6.15814070955566
"I-26",1989,0,57.6742295825932,-173.39357026643,3.4,-6.55436829794885
"I-26",1990,0,57.6742295825932,-173.39357026643,3.6,-6.55436829794885
"I-26",1991,0,57.6742295825932,-173.39357026643,3.3,-6.55436829794885
"I-26",1992,0,57.6742295825932,-173.39357026643,3.3,-6.55436829794885
"I-26",1993,0,57.6742295825932,-173.39357026643,3.6,-6.55436829794885
"I-26",1994,0,57.6742295825932,-173.39357026643,2.7,-6.55436829794885
"I-26",1995,20.6001247055186,57.6742295825932,-173.39357026643,3.2,3.02536624712402
"I-26",1996,1274.70590472394,57.6742295825932,-173.39357026643,3.7,7.15047188505139
"I-26",1997,594.637916569311,57.6742295825932,-173.39357026643,4,6.38795507126023
"I-26",1998,19.0382309094144,57.6742295825932,-173.39357026643,3.3,2.94652389849857
"I-26",1999,0,57.6742295825932,-173.39357026643,2.7,-6.55436829794885
"I-26",2000,0,57.6742295825932,-173.39357026643,3.3,-6.55436829794885
"I-26",2001,0,57.6742295825932,-173.39357026643,3.7,-6.55436829794885
"I-26",2002,0,57.6742295825932,-173.39357026643,3.3,-6.55436829794885
"I-26",2003,0,57.6742295825932,-173.39357026643,4.4,-6.55436829794885
"I-26",2004,0,57.6742295825932,-173.39357026643,3.7,-6.55436829794885
"I-26",2005,0,57.6742295825932,-173.39357026643,4.2,-6.55436829794885
"I-26",2006,0,57.6742295825932,-173.39357026643,3.3,-6.55436829794885
"I-26",2007,0,57.6742295825932,-173.39357026643,3.2,-6.55436829794885
"I-26",2008,0,57.6742295825932,-173.39357026643,2.8,-6.55436829794885
"I-26",2009,0,57.6742295825932,-173.39357026643,3.1,-6.55436829794885
"I-26",2010,21.1525450995291,57.6742295825932,-173.39357026643,3.4,3.0518275465902
"I-26",2011,0,57.6742295825932,-173.39357026643,3.4,-6.55436829794885
"I-26",2012,37.9842671185912,57.6742295825932,-173.39357026643,2.5,3.637209536198
"I-26",2013,0,57.6742295825932,-173.39357026643,3,-6.55436829794885
"I-26",2014,0,57.6742295825932,-173.39357026643,4,-6.55436829794885
"I-26",2015,0,57.6742295825932,-173.39357026643,4.1,-6.55436829794885
"I-26",2016,0,57.6742295825932,-173.39357026643,4.2,-6.55436829794885
"I-26",2017,0,57.6742295825932,-173.39357026643,4.1,-6.55436829794885
"I-26",2018,0,57.6742295825932,-173.39357026643,4.2,-6.55436829794885
"I-26",2019,0,57.6742295825932,-173.39357026643,4,-6.55436829794885
"I-26",2021,0,57.6742295825932,-173.39357026643,3.8,-6.55436829794885
"I-26",2022,0,57.6742295825932,-173.39357026643,3.9,-6.55436829794885
"I-26",2023,0,57.6742295825932,-173.39357026643,3.9,-6.55436829794885
"J-01",1988,1583.30778313436,57.9984823533319,-167.804927761789,0.7,7.36727237057064
"J-01",1989,225.610642907297,57.9984823533319,-167.804927761789,3.3,5.41881700573494
"J-01",1990,297.520027779331,57.9984823533319,-167.804927761789,1.5,5.69548632881096
"J-01",1991,8009.66179710733,57.9984823533319,-167.804927761789,2.4,8.9884039943582
"J-01",1992,14179.0271776646,57.9984823533319,-167.804927761789,0.8,9.5595192929121
"J-01",1993,18792.4137947417,57.9984823533319,-167.804927761789,2.1,9.841208621594
"J-01",1994,1056.12659788544,57.9984823533319,-167.804927761789,-0.6,6.96236468965248
"J-01",1995,236.657958588253,57.9984823533319,-167.804927761789,0,5.4666219025991
"J-01",1996,66.6680470419339,57.9984823533319,-167.804927761789,2.3,4.19974714085506
"J-01",1997,23.0609024079511,57.9984823533319,-167.804927761789,0.7,3.1382003896316
"J-01",1998,0,57.9984823533319,-167.804927761789,2.9,-6.55436829794885
"J-01",1999,0,57.9984823533319,-167.804927761789,0.3,-6.55436829794885
"J-01",2000,0,57.9984823533319,-167.804927761789,1.5,-6.55436829794885
"J-01",2001,0,57.9984823533319,-167.804927761789,2,-6.55436829794885
"J-01",2002,0,57.9984823533319,-167.804927761789,2.2,-6.55436829794885
"J-01",2003,0,57.9984823533319,-167.804927761789,2.9,-6.55436829794885
"J-01",2004,20.4099456250364,57.9984823533319,-167.804927761789,2.5,3.01609207437902
"J-01",2005,863.130075718521,57.9984823533319,-167.804927761789,2.4,6.76056705444724
"J-01",2006,489.00415248542,57.9984823533319,-167.804927761789,-0.3,6.19237389302431
"J-01",2007,96.6262623726265,57.9984823533319,-167.804927761789,0.3,4.57086530734577
"J-01",2008,43.2759260019899,57.9984823533319,-167.804927761789,0.6,3.76762940077905
"J-01",2009,19.0314409474365,57.9984823533319,-167.804927761789,-0.7,2.94616721277787
"J-01",2010,283.98201615796,57.9984823533319,-167.804927761789,-1.3,5.64891592674286
"J-01",2011,1039.4116392131,57.9984823533319,-167.804927761789,1,6.94641147041451
"J-01",2012,6147.73268012612,57.9984823533319,-167.804927761789,0.4,8.72383885453782
"J-01",2013,882.213212675567,57.9984823533319,-167.804927761789,0.8,6.78243537850762
"J-01",2014,413654.34711039,57.9984823533319,-167.804927761789,2.8,12.9327859971565
"J-01",2015,85.7315012392566,57.9984823533319,-167.804927761789,2.9,4.45123694226849
"J-01",2016,0,57.9984823533319,-167.804927761789,4.6,-6.55436829794885
"J-01",2017,0,57.9984823533319,-167.804927761789,0.7,-6.55436829794885
"J-01",2018,70.4785454295289,57.9984823533319,-167.804927761789,4.3,4.25532854620758
"J-01",2019,0,57.9984823533319,-167.804927761789,3.7,-6.55436829794885
"J-01",2021,0,57.9984823533319,-167.804927761789,3.6,-6.55436829794885
"J-01",2022,20.1445402283251,57.9984823533319,-167.804927761789,0.9,3.00300397604255
"J-01",2023,0,57.9984823533319,-167.804927761789,1.9,-6.55436829794885
"J-02",1988,14342.180544632,58.0044326636266,-167.172012540236,0.9,9.57096026216806
"J-02",1989,458.111215784237,58.0044326636266,-167.172012540236,2.3,6.12711509201236
"J-02",1990,296.73784335488,58.0044326636266,-167.172012540236,1.4,5.69285386514214
"J-02",1991,18193.4692568812,58.0044326636266,-167.172012540236,1.5,9.80881805489313
"J-02",1992,13305.0372358409,58.0044326636266,-167.172012540236,1,9.4958980890613
"J-02",1993,67189.6690480287,58.0044326636266,-167.172012540236,1.9,11.1152748014805
"J-02",1994,18797.5204827577,58.0044326636266,-167.172012540236,-0.3,9.84148032665327
"J-02",1995,114.495781598129,58.0044326636266,-167.172012540236,0,4.74055041640983
"J-02",1996,0,58.0044326636266,-167.172012540236,1.6,-6.55436829794885
"J-02",1997,64.7292818425961,58.0044326636266,-167.172012540236,0.8,4.17023567508795
"J-02",1998,61.65844910209,58.0044326636266,-167.172012540236,2.8,4.12163336251657
"J-02",1999,20.2779599097566,58.0044326636266,-167.172012540236,-0.3,3.00960479324206
"J-02",2000,63.3817860714899,58.0044326636266,-167.172012540236,1.1,4.14919899913906
"J-02",2001,23.3313717467206,58.0044326636266,-167.172012540236,1.7,3.14985990863456
"J-02",2002,0,58.0044326636266,-167.172012540236,3,-6.55436829794885
"J-02",2003,20.6846243782361,58.0044326636266,-167.172012540236,3,3.02945947594565
"J-02",2004,0,58.0044326636266,-167.172012540236,3.1,-6.55436829794885
"J-02",2005,0,58.0044326636266,-167.172012540236,2.8,-6.55436829794885
"J-02",2006,128.897199191058,58.0044326636266,-167.172012540236,-0.4,4.85902622775551
"J-02",2007,6963.31092708409,58.0044326636266,-167.172012540236,0.4,8.84841055261317
"J-02",2008,0,58.0044326636266,-167.172012540236,0.5,-6.55436829794885
"J-02",2009,20.7896292144086,58.0044326636266,-167.172012540236,-1,3.03452275457747
"J-02",2010,38.2964262424177,58.0044326636266,-167.172012540236,-0.4,3.64539376209074
"J-02",2011,64.9182309203068,58.0044326636266,-167.172012540236,1.1,4.17315042535497
"J-02",2012,60.6963345386479,58.0044326636266,-167.172012540236,0.5,4.10590676856479
"J-02",2013,0,58.0044326636266,-167.172012540236,1,-6.55436829794885
"J-02",2014,43.4851103170894,58.0044326636266,-167.172012540236,2.8,3.77245133153105
"J-02",2015,0,58.0044326636266,-167.172012540236,3,-6.55436829794885
"J-02",2016,0,58.0044326636266,-167.172012540236,4.8,-6.55436829794885
"J-02",2017,0,58.0044326636266,-167.172012540236,0.5,-6.55436829794885
"J-02",2018,0,58.0044326636266,-167.172012540236,3.8,-6.55436829794885
"J-02",2019,21.4023754219764,58.0044326636266,-167.172012540236,3.6,3.0635684438413
"J-02",2021,66.4469555127757,58.0044326636266,-167.172012540236,3.3,4.19642539652217
"J-02",2022,0,58.0044326636266,-167.172012540236,0.5,-6.55436829794885
"J-02",2023,79.2450463849527,58.0044326636266,-167.172012540236,1.2,4.37256287254789
"J-03",1988,59001.3387777587,57.9972699907834,-166.514288086022,1.8,10.9853154379119
"J-03",1989,7579.25195791328,57.9972699907834,-166.514288086022,2.6,8.93316997534124
"J-03",1990,494.01432555299,57.9972699907834,-166.514288086022,1.9,6.20256739812717
"J-03",1991,218.979683928674,57.9972699907834,-166.514288086022,2.2,5.38898546039096
"J-03",1992,192.451638211169,57.9972699907834,-166.514288086022,0.8,5.2598522907137
"J-03",1993,128.014486721566,57.9972699907834,-166.514288086022,1.6,4.85215455778559
"J-03",1994,28960.500304052,57.9972699907834,-166.514288086022,0.3,10.2736881712092
"J-03",1995,0,57.9972699907834,-166.514288086022,0.5,-6.55436829794885
"J-03",1996,187.841558804432,57.9972699907834,-166.514288086022,2.1,5.23560641538123
"J-03",1997,42.4577797076572,57.9972699907834,-166.514288086022,0.9,3.74854369938016
"J-03",1998,19.4676530688453,57.9972699907834,-166.514288086022,2.8,2.96882740947227
"J-03",1999,96.2432070744254,57.9972699907834,-166.514288086022,-0.3,4.56689318934164
"J-03",2000,185.562711742832,57.9972699907834,-166.514288086022,1.3,5.22340056690014
"J-03",2001,21.1039324375348,57.9972699907834,-166.514288086022,1.5,3.04952686227541
"J-03",2002,20.5772776671229,57.9972699907834,-166.514288086022,3.3,3.02425663556683
"J-03",2003,60.2871246225869,57.9972699907834,-166.514288086022,2.9,4.09914217698574
"J-03",2004,0,57.9972699907834,-166.514288086022,2.7,-6.55436829794885
"J-03",2005,0,57.9972699907834,-166.514288086022,NA,-6.55436829794885
"J-03",2006,98.6901352097053,57.9972699907834,-166.514288086022,-0.1,4.5919994219288
"J-03",2007,0,57.9972699907834,-166.514288086022,0.3,-6.55436829794885
"J-03",2008,22.3988004299749,57.9972699907834,-166.514288086022,0.8,3.10907097274063
"J-03",2009,96.9760916233271,57.9972699907834,-166.514288086022,-0.6,4.57447915272025
"J-03",2010,21.3352816583818,57.9972699907834,-166.514288086022,0.1,3.06042885440731
"J-03",2011,35.9218426689911,57.9972699907834,-166.514288086022,1.1,3.58138517891626
"J-03",2012,40.7833778253511,57.9972699907834,-166.514288086022,0.7,3.7083095048406
"J-03",2013,19.9652829058596,57.9972699907834,-166.514288086022,1.3,2.99406622586255
"J-03",2014,22.5180532615371,57.9972699907834,-166.514288086022,2.2,3.11438058557697
"J-03",2015,0,57.9972699907834,-166.514288086022,3.1,-6.55436829794885
"J-03",2016,0,57.9972699907834,-166.514288086022,4.9,-6.55436829794885
"J-03",2017,0,57.9972699907834,-166.514288086022,0.8,-6.55436829794885
"J-03",2018,0,57.9972699907834,-166.514288086022,3.4,-6.55436829794885
"J-03",2019,0,57.9972699907834,-166.514288086022,4.2,-6.55436829794885
"J-03",2021,83.4472837908519,57.9972699907834,-166.514288086022,2.4,4.42423216374352
"J-03",2022,19.8207564471168,57.9972699907834,-166.514288086022,0.6,2.98680152936867
"J-03",2023,0,57.9972699907834,-166.514288086022,0.3,-6.55436829794885
"J-04",1988,17379.1432964147,58.0001122192152,-165.901581596752,2.2,9.7630261870387
"J-04",1989,308.024306712524,58.0001122192152,-165.901581596752,2,5.73018332037571
"J-04",1990,125.201145610393,58.0001122192152,-165.901581596752,NA,4.829932981558
"J-04",1991,71.1386629529736,58.0001122192152,-165.901581596752,2.5,4.26465098714124
"J-04",1992,62.824245911174,58.0001122192152,-165.901581596752,2.1,4.14036374462593
"J-04",1993,0,58.0001122192152,-165.901581596752,2.9,-6.55436829794885
"J-04",1994,644.008815952077,58.0001122192152,-165.901581596752,0.6,6.4677146263415
"J-04",1995,0,58.0001122192152,-165.901581596752,NA,-6.55436829794885
"J-04",1996,21.1353107401991,58.0001122192152,-165.901581596752,3.5,3.0510125040955
"J-04",1997,41.5264181976342,58.0001122192152,-165.901581596752,1.7,3.72636409577464
"J-04",1998,649.684801982673,58.0001122192152,-165.901581596752,3.5,6.47648951689943
"J-04",1999,21.3356175966316,58.0001122192152,-165.901581596752,-0.2,3.06044459890004
"J-04",2000,134.217480764491,58.0001122192152,-165.901581596752,2.1,4.89947208381572
"J-04",2001,0,58.0001122192152,-165.901581596752,1.2,-6.55436829794885
"J-04",2002,251.780653189513,58.0001122192152,-165.901581596752,3.3,5.52856393985356
"J-04",2003,0,58.0001122192152,-165.901581596752,2.6,-6.55436829794885
"J-04",2004,19.5026115299687,58.0001122192152,-165.901581596752,3.1,2.9706213883659
"J-04",2005,0,58.0001122192152,-165.901581596752,3.1,-6.55436829794885
"J-04",2006,0,58.0001122192152,-165.901581596752,0,-6.55436829794885
"J-04",2007,0,58.0001122192152,-165.901581596752,0.1,-6.55436829794885
"J-04",2008,153.882182527237,58.0001122192152,-165.901581596752,1,5.03619651411381
"J-04",2009,22.5375331715221,58.0001122192152,-165.901581596752,1,3.11524523662603
"J-04",2010,20.0982829983749,58.0001122192152,-165.901581596752,1.6,3.00070523189537
"J-04",2011,0,58.0001122192152,-165.901581596752,2.1,-6.55436829794885
"J-04",2012,0,58.0001122192152,-165.901581596752,1.2,-6.55436829794885
"J-04",2013,0,58.0001122192152,-165.901581596752,2.1,-6.55436829794885
"J-04",2014,0,58.0001122192152,-165.901581596752,2.4,-6.55436829794885
"J-04",2015,0,58.0001122192152,-165.901581596752,3.7,-6.55436829794885
"J-04",2016,0,58.0001122192152,-165.901581596752,5.4,-6.55436829794885
"J-04",2017,0,58.0001122192152,-165.901581596752,2.2,-6.55436829794885
"J-04",2018,0,58.0001122192152,-165.901581596752,3.7,-6.55436829794885
"J-04",2019,0,58.0001122192152,-165.901581596752,4.8,-6.55436829794885
"J-04",2021,201.348957774873,58.0001122192152,-165.901581596752,3,5.30504658278574
"J-04",2022,0,58.0001122192152,-165.901581596752,1.3,-6.55436829794885
"J-04",2023,21.118178473834,58.0001122192152,-165.901581596752,0.2,3.05020163081452
"J-05",1988,47.1390480014649,57.9937885714286,-165.24998042471,3.2,3.85313190771493
"J-05",1989,767.083830533243,57.9937885714286,-165.24998042471,2.9,6.64259794827404
"J-05",1990,219.003537874593,57.9937885714286,-165.24998042471,2.2,5.38909438598289
"J-05",1991,0,57.9937885714286,-165.24998042471,3.5,-6.55436829794885
"J-05",1992,0,57.9937885714286,-165.24998042471,3.3,-6.55436829794885
"J-05",1993,0,57.9937885714286,-165.24998042471,3.6,-6.55436829794885
"J-05",1994,0,57.9937885714286,-165.24998042471,1.2,-6.55436829794885
"J-05",1995,0,57.9937885714286,-165.24998042471,0.8,-6.55436829794885
"J-05",1996,0,57.9937885714286,-165.24998042471,3.9,-6.55436829794885
"J-05",1997,0,57.9937885714286,-165.24998042471,2.1,-6.55436829794885
"J-05",1998,0,57.9937885714286,-165.24998042471,3.4,-6.55436829794885
"J-05",1999,42.4833514242679,57.9937885714286,-165.24998042471,-0.2,3.74914578366478
"J-05",2000,0,57.9937885714286,-165.24998042471,2.6,-6.55436829794885
"J-05",2001,24.0070633700355,57.9937885714286,-165.24998042471,1.7,3.1784074033373
"J-05",2002,0,57.9937885714286,-165.24998042471,3.1,-6.55436829794885
"J-05",2003,23.1487538307985,57.9937885714286,-165.24998042471,3,3.1420024570838
"J-05",2004,0,57.9937885714286,-165.24998042471,3.9,-6.55436829794885
"J-05",2005,0,57.9937885714286,-165.24998042471,4.2,-6.55436829794885
"J-05",2006,0,57.9937885714286,-165.24998042471,1,-6.55436829794885
"J-05",2007,0,57.9937885714286,-165.24998042471,0.9,-6.55436829794885
"J-05",2008,0,57.9937885714286,-165.24998042471,1.4,-6.55436829794885
"J-05",2009,0,57.9937885714286,-165.24998042471,1.4,-6.55436829794885
"J-05",2010,0,57.9937885714286,-165.24998042471,1.7,-6.55436829794885
"J-05",2011,0,57.9937885714286,-165.24998042471,2.2,-6.55436829794885
"J-05",2012,0,57.9937885714286,-165.24998042471,2.3,-6.55436829794885
"J-05",2013,0,57.9937885714286,-165.24998042471,1.6,-6.55436829794885
"J-05",2014,0,57.9937885714286,-165.24998042471,3.2,-6.55436829794885
"J-05",2015,0,57.9937885714286,-165.24998042471,4.5,-6.55436829794885
"J-05",2016,0,57.9937885714286,-165.24998042471,6,-6.55436829794885
"J-05",2017,0,57.9937885714286,-165.24998042471,2.9,-6.55436829794885
"J-05",2018,20.3882082577276,57.9937885714286,-165.24998042471,4.4,3.01502654321616
"J-05",2019,0,57.9937885714286,-165.24998042471,6.3,-6.55436829794885
"J-05",2021,22.246349802851,57.9937885714286,-165.24998042471,3.7,3.10224194450053
"J-05",2022,0,57.9937885714286,-165.24998042471,2.5,-6.55436829794885
"J-05",2023,0,57.9937885714286,-165.24998042471,0.5,-6.55436829794885
"J-06",1988,0,57.9998084090909,-164.618070681818,2.8,-6.55436829794885
"J-06",1989,0,57.9998084090909,-164.618070681818,2.1,-6.55436829794885
"J-06",1990,0,57.9998084090909,-164.618070681818,3.5,-6.55436829794885
"J-06",1991,0,57.9998084090909,-164.618070681818,3.8,-6.55436829794885
"J-06",1992,0,57.9998084090909,-164.618070681818,3.1,-6.55436829794885
"J-06",1993,0,57.9998084090909,-164.618070681818,4,-6.55436829794885
"J-06",1994,0,57.9998084090909,-164.618070681818,2,-6.55436829794885
"J-06",1995,0,57.9998084090909,-164.618070681818,2,-6.55436829794885
"J-06",1996,0,57.9998084090909,-164.618070681818,4.2,-6.55436829794885
"J-06",1997,0,57.9998084090909,-164.618070681818,2.7,-6.55436829794885
"J-06",1998,0,57.9998084090909,-164.618070681818,3.8,-6.55436829794885
"J-06",1999,0,57.9998084090909,-164.618070681818,-0.2,-6.55436829794885
"J-06",2000,23.4392339700756,57.9998084090909,-164.618070681818,2.7,3.1544720296788
"J-06",2001,0,57.9998084090909,-164.618070681818,2.2,-6.55436829794885
"J-06",2002,0,57.9998084090909,-164.618070681818,3.6,-6.55436829794885
"J-06",2003,0,57.9998084090909,-164.618070681818,4.5,-6.55436829794885
"J-06",2004,0,57.9998084090909,-164.618070681818,3.6,-6.55436829794885
"J-06",2005,0,57.9998084090909,-164.618070681818,NA,-6.55436829794885
"J-06",2006,0,57.9998084090909,-164.618070681818,1.7,-6.55436829794885
"J-06",2007,0,57.9998084090909,-164.618070681818,2.3,-6.55436829794885
"J-06",2008,0,57.9998084090909,-164.618070681818,1.6,-6.55436829794885
"J-06",2009,0,57.9998084090909,-164.618070681818,1.5,-6.55436829794885
"J-06",2010,0,57.9998084090909,-164.618070681818,2.2,-6.55436829794885
"J-06",2011,0,57.9998084090909,-164.618070681818,2,-6.55436829794885
"J-06",2012,0,57.9998084090909,-164.618070681818,1.7,-6.55436829794885
"J-06",2013,0,57.9998084090909,-164.618070681818,2.2,-6.55436829794885
"J-06",2014,0,57.9998084090909,-164.618070681818,4.5,-6.55436829794885
"J-06",2015,0,57.9998084090909,-164.618070681818,4.8,-6.55436829794885
"J-06",2016,0,57.9998084090909,-164.618070681818,6.9,-6.55436829794885
"J-06",2017,0,57.9998084090909,-164.618070681818,3.3,-6.55436829794885
"J-06",2018,0,57.9998084090909,-164.618070681818,4.6,-6.55436829794885
"J-06",2019,0,57.9998084090909,-164.618070681818,6.6,-6.55436829794885
"J-06",2021,0,57.9998084090909,-164.618070681818,3.9,-6.55436829794885
"J-06",2022,0,57.9998084090909,-164.618070681818,2.3,-6.55436829794885
"J-06",2023,0,57.9998084090909,-164.618070681818,1,-6.55436829794885
"J-07",1988,0,58.0016233333333,-164.017034444444,2.6,-6.55436829794885
"J-07",1989,0,58.0016233333333,-164.017034444444,2.4,-6.55436829794885
"J-07",1990,0,58.0016233333333,-164.017034444444,2.6,-6.55436829794885
"J-07",1991,0,58.0016233333333,-164.017034444444,4,-6.55436829794885
"J-07",1992,0,58.0016233333333,-164.017034444444,2.8,-6.55436829794885
"J-07",1993,0,58.0016233333333,-164.017034444444,3.4,-6.55436829794885
"J-07",1994,0,58.0016233333333,-164.017034444444,1.8,-6.55436829794885
"J-07",1995,0,58.0016233333333,-164.017034444444,2.5,-6.55436829794885
"J-07",1996,0,58.0016233333333,-164.017034444444,4.3,-6.55436829794885
"J-07",1997,0,58.0016233333333,-164.017034444444,3,-6.55436829794885
"J-07",1998,0,58.0016233333333,-164.017034444444,3.3,-6.55436829794885
"J-07",1999,0,58.0016233333333,-164.017034444444,0,-6.55436829794885
"J-07",2000,0,58.0016233333333,-164.017034444444,2.6,-6.55436829794885
"J-07",2001,0,58.0016233333333,-164.017034444444,2.5,-6.55436829794885
"J-07",2002,0,58.0016233333333,-164.017034444444,3.9,-6.55436829794885
"J-07",2003,0,58.0016233333333,-164.017034444444,4.2,-6.55436829794885
"J-07",2004,0,58.0016233333333,-164.017034444444,3.9,-6.55436829794885
"J-07",2005,0,58.0016233333333,-164.017034444444,4.6,-6.55436829794885
"J-07",2006,0,58.0016233333333,-164.017034444444,1.2,-6.55436829794885
"J-07",2007,0,58.0016233333333,-164.017034444444,2.1,-6.55436829794885
"J-07",2008,0,58.0016233333333,-164.017034444444,1.7,-6.55436829794885
"J-07",2009,0,58.0016233333333,-164.017034444444,1.5,-6.55436829794885
"J-07",2010,0,58.0016233333333,-164.017034444444,2,-6.55436829794885
"J-07",2011,0,58.0016233333333,-164.017034444444,1.9,-6.55436829794885
"J-07",2012,0,58.0016233333333,-164.017034444444,1.6,-6.55436829794885
"J-07",2013,0,58.0016233333333,-164.017034444444,2.3,-6.55436829794885
"J-07",2014,0,58.0016233333333,-164.017034444444,4.4,-6.55436829794885
"J-07",2015,0,58.0016233333333,-164.017034444444,5.2,-6.55436829794885
"J-07",2016,0,58.0016233333333,-164.017034444444,7.3,-6.55436829794885
"J-07",2017,0,58.0016233333333,-164.017034444444,3.5,-6.55436829794885
"J-07",2018,0,58.0016233333333,-164.017034444444,4.3,-6.55436829794885
"J-07",2019,0,58.0016233333333,-164.017034444444,6.1,-6.55436829794885
"J-07",2021,0,58.0016233333333,-164.017034444444,3.4,-6.55436829794885
"J-07",2022,0,58.0016233333333,-164.017034444444,3.1,-6.55436829794885
"J-07",2023,0,58.0016233333333,-164.017034444444,1.5,-6.55436829794885
"J-08",1988,0,57.9983371428571,-163.372842285714,3,-6.55436829794885
"J-08",1989,0,57.9983371428571,-163.372842285714,2.5,-6.55436829794885
"J-08",1990,0,57.9983371428571,-163.372842285714,3,-6.55436829794885
"J-08",1991,0,57.9983371428571,-163.372842285714,3.6,-6.55436829794885
"J-08",1992,0,57.9983371428571,-163.372842285714,3.1,-6.55436829794885
"J-08",1993,0,57.9983371428571,-163.372842285714,3.7,-6.55436829794885
"J-08",1994,0,57.9983371428571,-163.372842285714,2.8,-6.55436829794885
"J-08",1995,0,57.9983371428571,-163.372842285714,2,-6.55436829794885
"J-08",1996,0,57.9983371428571,-163.372842285714,4.6,-6.55436829794885
"J-08",1997,0,57.9983371428571,-163.372842285714,3.2,-6.55436829794885
"J-08",1998,0,57.9983371428571,-163.372842285714,4.3,-6.55436829794885
"J-08",1999,0,57.9983371428571,-163.372842285714,0.2,-6.55436829794885
"J-08",2000,0,57.9983371428571,-163.372842285714,1.7,-6.55436829794885
"J-08",2001,0,57.9983371428571,-163.372842285714,2.6,-6.55436829794885
"J-08",2002,0,57.9983371428571,-163.372842285714,4.2,-6.55436829794885
"J-08",2003,0,57.9983371428571,-163.372842285714,5.4,-6.55436829794885
"J-08",2004,0,57.9983371428571,-163.372842285714,4.4,-6.55436829794885
"J-08",2005,0,57.9983371428571,-163.372842285714,5.1,-6.55436829794885
"J-08",2006,0,57.9983371428571,-163.372842285714,NA,-6.55436829794885
"J-08",2007,0,57.9983371428571,-163.372842285714,2.5,-6.55436829794885
"J-08",2008,0,57.9983371428571,-163.372842285714,1.8,-6.55436829794885
"J-08",2009,0,57.9983371428571,-163.372842285714,1.9,-6.55436829794885
"J-08",2010,0,57.9983371428571,-163.372842285714,2.5,-6.55436829794885
"J-08",2011,0,57.9983371428571,-163.372842285714,2.4,-6.55436829794885
"J-08",2012,0,57.9983371428571,-163.372842285714,2.2,-6.55436829794885
"J-08",2013,0,57.9983371428571,-163.372842285714,2.4,-6.55436829794885
"J-08",2014,0,57.9983371428571,-163.372842285714,4.7,-6.55436829794885
"J-08",2015,0,57.9983371428571,-163.372842285714,5.2,-6.55436829794885
"J-08",2016,0,57.9983371428571,-163.372842285714,7.2,-6.55436829794885
"J-08",2017,0,57.9983371428571,-163.372842285714,4,-6.55436829794885
"J-08",2018,0,57.9983371428571,-163.372842285714,4.9,-6.55436829794885
"J-08",2019,0,57.9983371428571,-163.372842285714,6.2,-6.55436829794885
"J-08",2021,0,57.9983371428571,-163.372842285714,3.9,-6.55436829794885
"J-08",2022,0,57.9983371428571,-163.372842285714,3.6,-6.55436829794885
"J-08",2023,0,57.9983371428571,-163.372842285714,2.3,-6.55436829794885
"J-09",1988,0,58.001848,-162.754684571429,NA,-6.55436829794885
"J-09",1989,0,58.001848,-162.754684571429,3.2,-6.55436829794885
"J-09",1990,0,58.001848,-162.754684571429,1.9,-6.55436829794885
"J-09",1991,0,58.001848,-162.754684571429,3.7,-6.55436829794885
"J-09",1992,0,58.001848,-162.754684571429,3.4,-6.55436829794885
"J-09",1993,0,58.001848,-162.754684571429,4.6,-6.55436829794885
"J-09",1994,0,58.001848,-162.754684571429,2.7,-6.55436829794885
"J-09",1995,0,58.001848,-162.754684571429,2.4,-6.55436829794885
"J-09",1996,0,58.001848,-162.754684571429,4.2,-6.55436829794885
"J-09",1997,0,58.001848,-162.754684571429,3.8,-6.55436829794885
"J-09",1998,0,58.001848,-162.754684571429,3.8,-6.55436829794885
"J-09",1999,0,58.001848,-162.754684571429,0.1,-6.55436829794885
"J-09",2000,0,58.001848,-162.754684571429,NA,-6.55436829794885
"J-09",2001,0,58.001848,-162.754684571429,3.2,-6.55436829794885
"J-09",2002,0,58.001848,-162.754684571429,3.4,-6.55436829794885
"J-09",2003,0,58.001848,-162.754684571429,5.6,-6.55436829794885
"J-09",2004,0,58.001848,-162.754684571429,3.9,-6.55436829794885
"J-09",2005,0,58.001848,-162.754684571429,5.2,-6.55436829794885
"J-09",2006,0,58.001848,-162.754684571429,1.9,-6.55436829794885
"J-09",2007,0,58.001848,-162.754684571429,3.2,-6.55436829794885
"J-09",2008,0,58.001848,-162.754684571429,2,-6.55436829794885
"J-09",2009,0,58.001848,-162.754684571429,2.2,-6.55436829794885
"J-09",2010,0,58.001848,-162.754684571429,2.6,-6.55436829794885
"J-09",2011,0,58.001848,-162.754684571429,2.7,-6.55436829794885
"J-09",2012,0,58.001848,-162.754684571429,2.2,-6.55436829794885
"J-09",2013,0,58.001848,-162.754684571429,3.2,-6.55436829794885
"J-09",2014,0,58.001848,-162.754684571429,4.7,-6.55436829794885
"J-09",2015,0,58.001848,-162.754684571429,4.8,-6.55436829794885
"J-09",2016,0,58.001848,-162.754684571429,6.9,-6.55436829794885
"J-09",2017,0,58.001848,-162.754684571429,3.9,-6.55436829794885
"J-09",2018,0,58.001848,-162.754684571429,4.8,-6.55436829794885
"J-09",2019,0,58.001848,-162.754684571429,6.6,-6.55436829794885
"J-09",2021,0,58.001848,-162.754684571429,3.9,-6.55436829794885
"J-09",2022,0,58.001848,-162.754684571429,3.9,-6.55436829794885
"J-09",2023,0,58.001848,-162.754684571429,2.5,-6.55436829794885
"J-10",1988,0,57.9956097142857,-162.118997142857,3.1,-6.55436829794885
"J-10",1989,0,57.9956097142857,-162.118997142857,2.5,-6.55436829794885
"J-10",1990,0,57.9956097142857,-162.118997142857,NA,-6.55436829794885
"J-10",1991,0,57.9956097142857,-162.118997142857,4.5,-6.55436829794885
"J-10",1992,0,57.9956097142857,-162.118997142857,2.8,-6.55436829794885
"J-10",1993,0,57.9956097142857,-162.118997142857,4.6,-6.55436829794885
"J-10",1994,0,57.9956097142857,-162.118997142857,3.2,-6.55436829794885
"J-10",1995,0,57.9956097142857,-162.118997142857,2.9,-6.55436829794885
"J-10",1996,0,57.9956097142857,-162.118997142857,4.8,-6.55436829794885
"J-10",1997,0,57.9956097142857,-162.118997142857,4.5,-6.55436829794885
"J-10",1998,0,57.9956097142857,-162.118997142857,3.7,-6.55436829794885
"J-10",1999,0,57.9956097142857,-162.118997142857,0.2,-6.55436829794885
"J-10",2000,0,57.9956097142857,-162.118997142857,1.6,-6.55436829794885
"J-10",2001,0,57.9956097142857,-162.118997142857,3.9,-6.55436829794885
"J-10",2002,0,57.9956097142857,-162.118997142857,3.4,-6.55436829794885
"J-10",2003,0,57.9956097142857,-162.118997142857,4.9,-6.55436829794885
"J-10",2004,0,57.9956097142857,-162.118997142857,4,-6.55436829794885
"J-10",2005,0,57.9956097142857,-162.118997142857,5.4,-6.55436829794885
"J-10",2006,0,57.9956097142857,-162.118997142857,2.1,-6.55436829794885
"J-10",2007,0,57.9956097142857,-162.118997142857,3.3,-6.55436829794885
"J-10",2008,0,57.9956097142857,-162.118997142857,1.5,-6.55436829794885
"J-10",2009,0,57.9956097142857,-162.118997142857,2.1,-6.55436829794885
"J-10",2010,0,57.9956097142857,-162.118997142857,2.8,-6.55436829794885
"J-10",2011,0,57.9956097142857,-162.118997142857,2.7,-6.55436829794885
"J-10",2012,0,57.9956097142857,-162.118997142857,2.4,-6.55436829794885
"J-10",2013,0,57.9956097142857,-162.118997142857,3.2,-6.55436829794885
"J-10",2014,0,57.9956097142857,-162.118997142857,5.6,-6.55436829794885
"J-10",2015,0,57.9956097142857,-162.118997142857,4.3,-6.55436829794885
"J-10",2016,0,57.9956097142857,-162.118997142857,6.5,-6.55436829794885
"J-10",2017,0,57.9956097142857,-162.118997142857,3.7,-6.55436829794885
"J-10",2018,0,57.9956097142857,-162.118997142857,4.8,-6.55436829794885
"J-10",2019,0,57.9956097142857,-162.118997142857,6.3,-6.55436829794885
"J-10",2021,0,57.9956097142857,-162.118997142857,3.9,-6.55436829794885
"J-10",2022,0,57.9956097142857,-162.118997142857,4.2,-6.55436829794885
"J-10",2023,0,57.9956097142857,-162.118997142857,2.9,-6.55436829794885
"J-11",1988,0,57.9951317142857,-161.484920571429,2.7,-6.55436829794885
"J-11",1989,0,57.9951317142857,-161.484920571429,3,-6.55436829794885
"J-11",1990,0,57.9951317142857,-161.484920571429,3.1,-6.55436829794885
"J-11",1991,0,57.9951317142857,-161.484920571429,3.4,-6.55436829794885
"J-11",1992,0,57.9951317142857,-161.484920571429,NA,-6.55436829794885
"J-11",1993,0,57.9951317142857,-161.484920571429,4.1,-6.55436829794885
"J-11",1994,0,57.9951317142857,-161.484920571429,2.6,-6.55436829794885
"J-11",1995,0,57.9951317142857,-161.484920571429,2.4,-6.55436829794885
"J-11",1996,0,57.9951317142857,-161.484920571429,4.7,-6.55436829794885
"J-11",1997,0,57.9951317142857,-161.484920571429,3.6,-6.55436829794885
"J-11",1998,0,57.9951317142857,-161.484920571429,3.5,-6.55436829794885
"J-11",1999,0,57.9951317142857,-161.484920571429,-0.4,-6.55436829794885
"J-11",2000,0,57.9951317142857,-161.484920571429,1.5,-6.55436829794885
"J-11",2001,0,57.9951317142857,-161.484920571429,3.8,-6.55436829794885
"J-11",2002,0,57.9951317142857,-161.484920571429,3.5,-6.55436829794885
"J-11",2003,0,57.9951317142857,-161.484920571429,4.3,-6.55436829794885
"J-11",2004,0,57.9951317142857,-161.484920571429,3.8,-6.55436829794885
"J-11",2005,0,57.9951317142857,-161.484920571429,5.2,-6.55436829794885
"J-11",2006,0,57.9951317142857,-161.484920571429,1.9,-6.55436829794885
"J-11",2007,0,57.9951317142857,-161.484920571429,3.1,-6.55436829794885
"J-11",2008,0,57.9951317142857,-161.484920571429,1.8,-6.55436829794885
"J-11",2009,0,57.9951317142857,-161.484920571429,1.1,-6.55436829794885
"J-11",2010,0,57.9951317142857,-161.484920571429,2.4,-6.55436829794885
"J-11",2011,0,57.9951317142857,-161.484920571429,2.7,-6.55436829794885
"J-11",2012,0,57.9951317142857,-161.484920571429,2.6,-6.55436829794885
"J-11",2013,0,57.9951317142857,-161.484920571429,2.9,-6.55436829794885
"J-11",2014,0,57.9951317142857,-161.484920571429,5.1,-6.55436829794885
"J-11",2015,0,57.9951317142857,-161.484920571429,4.2,-6.55436829794885
"J-11",2016,0,57.9951317142857,-161.484920571429,6.1,-6.55436829794885
"J-11",2017,0,57.9951317142857,-161.484920571429,3,-6.55436829794885
"J-11",2018,0,57.9951317142857,-161.484920571429,4.5,-6.55436829794885
"J-11",2019,0,57.9951317142857,-161.484920571429,6.1,-6.55436829794885
"J-11",2021,0,57.9951317142857,-161.484920571429,3.8,-6.55436829794885
"J-11",2022,0,57.9951317142857,-161.484920571429,3.9,-6.55436829794885
"J-11",2023,0,57.9951317142857,-161.484920571429,2.7,-6.55436829794885
"J-12",1988,0,58.0026120588235,-160.853022352941,3.4,-6.55436829794885
"J-12",1989,0,58.0026120588235,-160.853022352941,3.5,-6.55436829794885
"J-12",1990,0,58.0026120588235,-160.853022352941,NA,-6.55436829794885
"J-12",1991,0,58.0026120588235,-160.853022352941,3.5,-6.55436829794885
"J-12",1993,0,58.0026120588235,-160.853022352941,4.6,-6.55436829794885
"J-12",1994,0,58.0026120588235,-160.853022352941,3,-6.55436829794885
"J-12",1995,0,58.0026120588235,-160.853022352941,2.4,-6.55436829794885
"J-12",1996,0,58.0026120588235,-160.853022352941,4.3,-6.55436829794885
"J-12",1997,0,58.0026120588235,-160.853022352941,3.9,-6.55436829794885
"J-12",1998,0,58.0026120588235,-160.853022352941,4,-6.55436829794885
"J-12",1999,0,58.0026120588235,-160.853022352941,0.2,-6.55436829794885
"J-12",2000,0,58.0026120588235,-160.853022352941,2.4,-6.55436829794885
"J-12",2001,0,58.0026120588235,-160.853022352941,3.7,-6.55436829794885
"J-12",2002,0,58.0026120588235,-160.853022352941,3.6,-6.55436829794885
"J-12",2003,0,58.0026120588235,-160.853022352941,4.4,-6.55436829794885
"J-12",2004,0,58.0026120588235,-160.853022352941,3.6,-6.55436829794885
"J-12",2005,0,58.0026120588235,-160.853022352941,4.8,-6.55436829794885
"J-12",2006,0,58.0026120588235,-160.853022352941,2.2,-6.55436829794885
"J-12",2007,0,58.0026120588235,-160.853022352941,2,-6.55436829794885
"J-12",2008,0,58.0026120588235,-160.853022352941,1.6,-6.55436829794885
"J-12",2009,0,58.0026120588235,-160.853022352941,1.5,-6.55436829794885
"J-12",2010,0,58.0026120588235,-160.853022352941,2.2,-6.55436829794885
"J-12",2011,0,58.0026120588235,-160.853022352941,2.8,-6.55436829794885
"J-12",2012,0,58.0026120588235,-160.853022352941,2,-6.55436829794885
"J-12",2013,0,58.0026120588235,-160.853022352941,3.3,-6.55436829794885
"J-12",2014,0,58.0026120588235,-160.853022352941,5.1,-6.55436829794885
"J-12",2015,0,58.0026120588235,-160.853022352941,3.8,-6.55436829794885
"J-12",2016,0,58.0026120588235,-160.853022352941,5.8,-6.55436829794885
"J-12",2017,0,58.0026120588235,-160.853022352941,3.2,-6.55436829794885
"J-12",2018,0,58.0026120588235,-160.853022352941,4.1,-6.55436829794885
"J-12",2019,0,58.0026120588235,-160.853022352941,6,-6.55436829794885
"J-12",2021,0,58.0026120588235,-160.853022352941,3.7,-6.55436829794885
"J-12",2022,0,58.0026120588235,-160.853022352941,3.2,-6.55436829794885
"J-12",2023,0,58.0026120588235,-160.853022352941,2.6,-6.55436829794885
"J-13",1988,0,57.9951388571429,-160.218210285714,2.9,-6.55436829794885
"J-13",1989,0,57.9951388571429,-160.218210285714,2.5,-6.55436829794885
"J-13",1990,0,57.9951388571429,-160.218210285714,2.4,-6.55436829794885
"J-13",1991,0,57.9951388571429,-160.218210285714,3.4,-6.55436829794885
"J-13",1992,0,57.9951388571429,-160.218210285714,NA,-6.55436829794885
"J-13",1993,0,57.9951388571429,-160.218210285714,3.9,-6.55436829794885
"J-13",1994,0,57.9951388571429,-160.218210285714,NA,-6.55436829794885
"J-13",1995,0,57.9951388571429,-160.218210285714,2.1,-6.55436829794885
"J-13",1996,0,57.9951388571429,-160.218210285714,3.7,-6.55436829794885
"J-13",1997,0,57.9951388571429,-160.218210285714,3.4,-6.55436829794885
"J-13",1998,0,57.9951388571429,-160.218210285714,3.8,-6.55436829794885
"J-13",1999,0,57.9951388571429,-160.218210285714,0,-6.55436829794885
"J-13",2000,0,57.9951388571429,-160.218210285714,1.9,-6.55436829794885
"J-13",2001,0,57.9951388571429,-160.218210285714,3.6,-6.55436829794885
"J-13",2002,0,57.9951388571429,-160.218210285714,3.5,-6.55436829794885
"J-13",2003,0,57.9951388571429,-160.218210285714,3.8,-6.55436829794885
"J-13",2004,0,57.9951388571429,-160.218210285714,3.3,-6.55436829794885
"J-13",2005,0,57.9951388571429,-160.218210285714,4.5,-6.55436829794885
"J-13",2006,0,57.9951388571429,-160.218210285714,1.9,-6.55436829794885
"J-13",2007,0,57.9951388571429,-160.218210285714,1.6,-6.55436829794885
"J-13",2008,0,57.9951388571429,-160.218210285714,1.2,-6.55436829794885
"J-13",2009,0,57.9951388571429,-160.218210285714,1.5,-6.55436829794885
"J-13",2010,0,57.9951388571429,-160.218210285714,1.9,-6.55436829794885
"J-13",2011,0,57.9951388571429,-160.218210285714,2,-6.55436829794885
"J-13",2012,0,57.9951388571429,-160.218210285714,0.4,-6.55436829794885
"J-13",2013,0,57.9951388571429,-160.218210285714,2.6,-6.55436829794885
"J-13",2014,0,57.9951388571429,-160.218210285714,4.7,-6.55436829794885
"J-13",2015,0,57.9951388571429,-160.218210285714,4.4,-6.55436829794885
"J-13",2016,0,57.9951388571429,-160.218210285714,5.9,-6.55436829794885
"J-13",2017,0,57.9951388571429,-160.218210285714,3.3,-6.55436829794885
"J-13",2018,0,57.9951388571429,-160.218210285714,4.4,-6.55436829794885
"J-13",2019,0,57.9951388571429,-160.218210285714,6.1,-6.55436829794885
"J-13",2021,0,57.9951388571429,-160.218210285714,3.7,-6.55436829794885
"J-13",2022,0,57.9951388571429,-160.218210285714,3.8,-6.55436829794885
"J-13",2023,0,57.9951388571429,-160.218210285714,3,-6.55436829794885
"J-14",1988,0,58.0015885714286,-159.607546571429,3.3,-6.55436829794885
"J-14",1989,0,58.0015885714286,-159.607546571429,2.8,-6.55436829794885
"J-14",1990,0,58.0015885714286,-159.607546571429,NA,-6.55436829794885
"J-14",1991,0,58.0015885714286,-159.607546571429,3.6,-6.55436829794885
"J-14",1992,0,58.0015885714286,-159.607546571429,NA,-6.55436829794885
"J-14",1993,0,58.0015885714286,-159.607546571429,4.6,-6.55436829794885
"J-14",1994,0,58.0015885714286,-159.607546571429,3,-6.55436829794885
"J-14",1995,0,58.0015885714286,-159.607546571429,2.4,-6.55436829794885
"J-14",1996,0,58.0015885714286,-159.607546571429,4.3,-6.55436829794885
"J-14",1997,0,58.0015885714286,-159.607546571429,4.1,-6.55436829794885
"J-14",1998,0,58.0015885714286,-159.607546571429,4.1,-6.55436829794885
"J-14",1999,0,58.0015885714286,-159.607546571429,0.2,-6.55436829794885
"J-14",2000,0,58.0015885714286,-159.607546571429,2.4,-6.55436829794885
"J-14",2001,0,58.0015885714286,-159.607546571429,3.9,-6.55436829794885
"J-14",2002,0,58.0015885714286,-159.607546571429,4,-6.55436829794885
"J-14",2003,0,58.0015885714286,-159.607546571429,3.9,-6.55436829794885
"J-14",2004,0,58.0015885714286,-159.607546571429,3.1,-6.55436829794885
"J-14",2005,0,58.0015885714286,-159.607546571429,5.3,-6.55436829794885
"J-14",2006,0,58.0015885714286,-159.607546571429,2.2,-6.55436829794885
"J-14",2007,0,58.0015885714286,-159.607546571429,2.8,-6.55436829794885
"J-14",2008,0,58.0015885714286,-159.607546571429,1.1,-6.55436829794885
"J-14",2009,0,58.0015885714286,-159.607546571429,2.2,-6.55436829794885
"J-14",2010,0,58.0015885714286,-159.607546571429,2,-6.55436829794885
"J-14",2011,0,58.0015885714286,-159.607546571429,3.4,-6.55436829794885
"J-14",2012,0,58.0015885714286,-159.607546571429,0.5,-6.55436829794885
"J-14",2013,0,58.0015885714286,-159.607546571429,3.4,-6.55436829794885
"J-14",2014,0,58.0015885714286,-159.607546571429,5.7,-6.55436829794885
"J-14",2015,0,58.0015885714286,-159.607546571429,5.3,-6.55436829794885
"J-14",2016,0,58.0015885714286,-159.607546571429,6.8,-6.55436829794885
"J-14",2017,0,58.0015885714286,-159.607546571429,4,-6.55436829794885
"J-14",2018,0,58.0015885714286,-159.607546571429,5.1,-6.55436829794885
"J-14",2019,0,58.0015885714286,-159.607546571429,6.5,-6.55436829794885
"J-14",2021,0,58.0015885714286,-159.607546571429,4.4,-6.55436829794885
"J-14",2022,0,58.0015885714286,-159.607546571429,4.3,-6.55436829794885
"J-14",2023,0,58.0015885714286,-159.607546571429,3,-6.55436829794885
"J-15",1988,0,57.9950164705882,-158.969355882353,3.2,-6.55436829794885
"J-15",1989,0,57.9950164705882,-158.969355882353,3.3,-6.55436829794885
"J-15",1990,0,57.9950164705882,-158.969355882353,3.3,-6.55436829794885
"J-15",1991,0,57.9950164705882,-158.969355882353,NA,-6.55436829794885
"J-15",1992,0,57.9950164705882,-158.969355882353,NA,-6.55436829794885
"J-15",1993,0,57.9950164705882,-158.969355882353,4.6,-6.55436829794885
"J-15",1994,0,57.9950164705882,-158.969355882353,2.8,-6.55436829794885
"J-15",1995,0,57.9950164705882,-158.969355882353,2.4,-6.55436829794885
"J-15",1996,0,57.9950164705882,-158.969355882353,5,-6.55436829794885
"J-15",1997,0,57.9950164705882,-158.969355882353,4.8,-6.55436829794885
"J-15",1998,0,57.9950164705882,-158.969355882353,4.4,-6.55436829794885
"J-15",2000,0,57.9950164705882,-158.969355882353,3.2,-6.55436829794885
"J-15",2001,0,57.9950164705882,-158.969355882353,4,-6.55436829794885
"J-15",2002,0,57.9950164705882,-158.969355882353,4.6,-6.55436829794885
"J-15",2003,0,57.9950164705882,-158.969355882353,4.1,-6.55436829794885
"J-15",2004,0,57.9950164705882,-158.969355882353,3.4,-6.55436829794885
"J-15",2005,0,57.9950164705882,-158.969355882353,5.5,-6.55436829794885
"J-15",2006,0,57.9950164705882,-158.969355882353,2.4,-6.55436829794885
"J-15",2007,0,57.9950164705882,-158.969355882353,3.9,-6.55436829794885
"J-15",2008,0,57.9950164705882,-158.969355882353,1.2,-6.55436829794885
"J-15",2009,0,57.9950164705882,-158.969355882353,2.2,-6.55436829794885
"J-15",2010,0,57.9950164705882,-158.969355882353,1.8,-6.55436829794885
"J-15",2011,0,57.9950164705882,-158.969355882353,4,-6.55436829794885
"J-15",2012,0,57.9950164705882,-158.969355882353,1,-6.55436829794885
"J-15",2013,0,57.9950164705882,-158.969355882353,4,-6.55436829794885
"J-15",2014,0,57.9950164705882,-158.969355882353,6,-6.55436829794885
"J-15",2015,0,57.9950164705882,-158.969355882353,5.6,-6.55436829794885
"J-15",2016,0,57.9950164705882,-158.969355882353,7.1,-6.55436829794885
"J-15",2017,0,57.9950164705882,-158.969355882353,4.9,-6.55436829794885
"J-15",2018,0,57.9950164705882,-158.969355882353,5.8,-6.55436829794885
"J-15",2019,0,57.9950164705882,-158.969355882353,6.5,-6.55436829794885
"J-15",2021,0,57.9950164705882,-158.969355882353,4.9,-6.55436829794885
"J-15",2022,0,57.9950164705882,-158.969355882353,4.5,-6.55436829794885
"J-15",2023,0,57.9950164705882,-158.969355882353,3.3,-6.55436829794885
"J-16",1988,0,58.0005120588235,-158.322167058824,4.5,-6.55436829794885
"J-16",1989,0,58.0005120588235,-158.322167058824,3.9,-6.55436829794885
"J-16",1990,0,58.0005120588235,-158.322167058824,NA,-6.55436829794885
"J-16",1991,0,58.0005120588235,-158.322167058824,4.8,-6.55436829794885
"J-16",1992,0,58.0005120588235,-158.322167058824,NA,-6.55436829794885
"J-16",1993,0,58.0005120588235,-158.322167058824,5.4,-6.55436829794885
"J-16",1994,0,58.0005120588235,-158.322167058824,3.4,-6.55436829794885
"J-16",1995,0,58.0005120588235,-158.322167058824,3.2,-6.55436829794885
"J-16",1996,0,58.0005120588235,-158.322167058824,5.6,-6.55436829794885
"J-16",1997,0,58.0005120588235,-158.322167058824,5.7,-6.55436829794885
"J-16",1998,0,58.0005120588235,-158.322167058824,5.1,-6.55436829794885
"J-16",2000,0,58.0005120588235,-158.322167058824,3.3,-6.55436829794885
"J-16",2001,0,58.0005120588235,-158.322167058824,NA,-6.55436829794885
"J-16",2002,0,58.0005120588235,-158.322167058824,5.5,-6.55436829794885
"J-16",2003,0,58.0005120588235,-158.322167058824,4.6,-6.55436829794885
"J-16",2004,0,58.0005120588235,-158.322167058824,5.1,-6.55436829794885
"J-16",2005,0,58.0005120588235,-158.322167058824,6.1,-6.55436829794885
"J-16",2006,0,58.0005120588235,-158.322167058824,2.4,-6.55436829794885
"J-16",2007,0,58.0005120588235,-158.322167058824,5,-6.55436829794885
"J-16",2008,0,58.0005120588235,-158.322167058824,2.2,-6.55436829794885
"J-16",2009,0,58.0005120588235,-158.322167058824,3.4,-6.55436829794885
"J-16",2010,0,58.0005120588235,-158.322167058824,1.9,-6.55436829794885
"J-16",2011,0,58.0005120588235,-158.322167058824,4.4,-6.55436829794885
"J-16",2012,0,58.0005120588235,-158.322167058824,1,-6.55436829794885
"J-16",2013,0,58.0005120588235,-158.322167058824,4.6,-6.55436829794885
"J-16",2014,0,58.0005120588235,-158.322167058824,7,-6.55436829794885
"J-16",2015,0,58.0005120588235,-158.322167058824,6,-6.55436829794885
"J-16",2016,0,58.0005120588235,-158.322167058824,7.6,-6.55436829794885
"J-16",2017,0,58.0005120588235,-158.322167058824,5.2,-6.55436829794885
"J-16",2018,0,58.0005120588235,-158.322167058824,6.2,-6.55436829794885
"J-16",2019,0,58.0005120588235,-158.322167058824,6.8,-6.55436829794885
"J-16",2021,0,58.0005120588235,-158.322167058824,5.4,-6.55436829794885
"J-16",2022,0,58.0005120588235,-158.322167058824,4.3,-6.55436829794885
"J-16",2023,0,58.0005120588235,-158.322167058824,3.4,-6.55436829794885
"J-18",1988,9664.88926989765,57.9985651747975,-168.435602245704,0.6,9.17625508208854
"J-18",1989,271.473128746523,57.9985651747975,-168.435602245704,3.3,5.60386840617298
"J-18",1990,838.351794833791,57.9985651747975,-168.435602245704,NA,6.7314395137226
"J-18",1991,8890.3262137578,57.9985651747975,-168.435602245704,2.5,9.09271918245649
"J-18",1992,241.849858201848,57.9985651747975,-168.435602245704,0.2,5.48832300040814
"J-18",1993,6864.7464944297,57.9985651747975,-168.435602245704,3.3,8.83415459768983
"J-18",1994,35469.4792383464,57.9985651747975,-168.435602245704,-0.5,10.4764279060543
"J-18",1995,2272.32608889798,57.9985651747975,-168.435602245704,0.3,7.72855992120395
"J-18",1996,0,57.9985651747975,-168.435602245704,2.1,-6.55436829794885
"J-18",1997,0,57.9985651747975,-168.435602245704,1,-6.55436829794885
"J-18",1998,43.2890677087353,57.9985651747975,-168.435602245704,NA,3.76793301714796
"J-18",1999,26.1935767723898,57.9985651747975,-168.435602245704,1.6,3.26556857784365
"J-18",2000,0,57.9985651747975,-168.435602245704,2,-6.55436829794885
"J-18",2001,0,57.9985651747975,-168.435602245704,NA,-6.55436829794885
"J-18",2002,0,57.9985651747975,-168.435602245704,2.6,-6.55436829794885
"J-18",2003,0,57.9985651747975,-168.435602245704,3,-6.55436829794885
"J-18",2004,0,57.9985651747975,-168.435602245704,2.6,-6.55436829794885
"J-18",2005,7869.17585469933,57.9985651747975,-168.435602245704,2.2,8.97070879701185
"J-18",2006,242.364250598605,57.9985651747975,-168.435602245704,0.6,5.49044763723997
"J-18",2007,43.547745554841,57.9985651747975,-168.435602245704,0.5,3.77389063163314
"J-18",2008,0,57.9985651747975,-168.435602245704,0.5,-6.55436829794885
"J-18",2009,44.7764027932006,57.9985651747975,-168.435602245704,-0.8,3.80171307661303
"J-18",2010,292.482667449454,57.9985651747975,-168.435602245704,-1.3,5.67841027658256
"J-18",2011,610.372142344532,57.9985651747975,-168.435602245704,1.7,6.4140711733749
"J-18",2012,5986.00724944222,57.9985651747975,-168.435602245704,0.3,8.69718013734649
"J-18",2013,10551.6886888767,57.9985651747975,-168.435602245704,0.3,9.26404132633501
"J-18",2014,792.095663014665,57.9985651747975,-168.435602245704,2.7,6.67468396876712
"J-18",2015,200.703228136335,57.9985651747975,-168.435602245704,2.6,5.30183443449922
"J-18",2016,0,57.9985651747975,-168.435602245704,4.4,-6.55436829794885
"J-18",2017,0,57.9985651747975,-168.435602245704,1,-6.55436829794885
"J-18",2018,65.7072174455848,57.9985651747975,-168.435602245704,4.5,4.18523044389852
"J-18",2019,2166.66878596916,57.9985651747975,-168.435602245704,3.5,7.68094680253022
"J-18",2021,143.945123121354,57.9985651747975,-168.435602245704,3.8,4.96944202929848
"J-18",2022,81.489841576709,57.9985651747975,-168.435602245704,0.9,4.40049584221832
"J-18",2023,107.312253228931,57.9985651747975,-168.435602245704,2,4.67575610759913
"J-19",1988,521.856326813053,57.9947629236379,-169.07049492278,1,6.25739504249859
"J-19",1989,3061.93387724057,57.9947629236379,-169.07049492278,3.8,8.02680244638062
"J-19",1990,8463.3118886856,57.9947629236379,-169.07049492278,1.4,9.04349602043912
"J-19",1991,2308.13090326969,57.9947629236379,-169.07049492278,2,7.74419396010566
"J-19",1992,1363.54990567841,57.9947629236379,-169.07049492278,0,7.21784784701928
"J-19",1993,177719.208549359,57.9947629236379,-169.07049492278,3.2,12.0879601116947
"J-19",1994,332.726975487486,57.9947629236379,-169.07049492278,-1,5.80732653967462
"J-19",1995,851.420225426286,57.9947629236379,-169.07049492278,-0.2,6.74690748096405
"J-19",1996,52.244636235522,57.9947629236379,-169.07049492278,1.6,3.95596448355352
"J-19",1997,0,57.9947629236379,-169.07049492278,0.7,-6.55436829794885
"J-19",1998,0,57.9947629236379,-169.07049492278,2.1,-6.55436829794885
"J-19",1999,0,57.9947629236379,-169.07049492278,0.7,-6.55436829794885
"J-19",2000,82.0246720769276,57.9947629236379,-169.07049492278,2.6,4.40703744003776
"J-19",2001,40.3780619718283,57.9947629236379,-169.07049492278,1.8,3.69832188011122
"J-19",2002,21.4936852558318,57.9947629236379,-169.07049492278,3.1,3.06782542729679
"J-19",2003,41.2274453602525,57.9947629236379,-169.07049492278,2.7,3.71913872073769
"J-19",2004,0,57.9947629236379,-169.07049492278,2.8,-6.55436829794885
"J-19",2005,23612.3264800087,57.9947629236379,-169.07049492278,2.7,10.0695242234355
"J-19",2006,393.349956612117,57.9947629236379,-169.07049492278,-0.7,5.97470331035132
"J-19",2007,104.33413996429,57.9947629236379,-169.07049492278,-0.3,4.64761228036246
"J-19",2008,0,57.9947629236379,-169.07049492278,-0.3,-6.55436829794885
"J-19",2009,75.5104145889845,57.9947629236379,-169.07049492278,-0.8,4.32428944490388
"J-19",2010,144.799368738672,57.9947629236379,-169.07049492278,-1.4,4.97535895383666
"J-19",2011,843.085430115008,57.9947629236379,-169.07049492278,0.6,6.73706998234717
"J-19",2012,8638.66149611147,57.9947629236379,-169.07049492278,-0.2,9.06400309519199
"J-19",2013,9068.79012362837,57.9947629236379,-169.07049492278,-0.2,9.1125942980153
"J-19",2014,13644.2616477786,57.9947629236379,-169.07049492278,1.8,9.52107442447701
"J-19",2015,170.142011388673,57.9947629236379,-169.07049492278,2.5,5.136641818191
"J-19",2016,71.9826796080114,57.9947629236379,-169.07049492278,4.3,4.27644530977926
"J-19",2017,21.6427172208575,57.9947629236379,-169.07049492278,1,3.07473479902138
"J-19",2018,0,57.9947629236379,-169.07049492278,4.2,-6.55436829794885
"J-19",2019,101.21454671865,57.9947629236379,-169.07049492278,3.3,4.61725655666223
"J-19",2021,0,57.9947629236379,-169.07049492278,3.6,-6.55436829794885
"J-19",2022,0,57.9947629236379,-169.07049492278,0.7,-6.55436829794885
"J-19",2023,78.4894537639854,57.9947629236379,-169.07049492278,0.9,4.36298240970492
"J-20",1988,46.0049853168984,57.999705761194,-169.699866052239,0.9,3.82878071719548
"J-20",1989,1457.9548134857,57.999705761194,-169.699866052239,2.4,7.28479089659532
"J-20",1990,876.350519154288,57.999705761194,-169.699866052239,1.1,6.77576777170888
"J-20",1991,4695.45656064731,57.999705761194,-169.699866052239,NA,8.45435093417553
"J-20",1992,88.0399740490467,57.999705761194,-169.699866052239,-0.7,4.47780713489543
"J-20",1993,257.368380267019,57.999705761194,-169.699866052239,2,5.55051397728238
"J-20",1994,1605.53131358215,57.999705761194,-169.699866052239,NA,7.38121090414335
"J-20",1995,469.898058434743,57.999705761194,-169.699866052239,NA,6.15251880442013
"J-20",1996,539.820633521334,57.999705761194,-169.699866052239,2.4,6.29123956192652
"J-20",1997,0,57.999705761194,-169.699866052239,1.1,-6.55436829794885
"J-20",1998,50.2755439537245,57.999705761194,-169.699866052239,1.7,3.91754707633034
"J-20",1999,0,57.999705761194,-169.699866052239,-0.1,-6.55436829794885
"J-20",2000,108.935970761223,57.999705761194,-169.699866052239,NA,4.69077335614976
"J-20",2001,327.29533717577,57.999705761194,-169.699866052239,1.8,5.79086728551507
"J-20",2002,725.478645218066,57.999705761194,-169.699866052239,1.9,6.58683359999667
"J-20",2003,82.022909368593,57.999705761194,-169.699866052239,3.5,4.40701595020267
"J-20",2004,618.105934171662,57.999705761194,-169.699866052239,3.4,6.42666216090389
"J-20",2005,50897.7462851439,57.999705761194,-169.699866052239,3,10.8375739522281
"J-20",2006,1886.89729289361,57.999705761194,-169.699866052239,-0.8,7.5426898697233
"J-20",2007,23503.4356096192,57.999705761194,-169.699866052239,-0.9,10.0649019461825
"J-20",2008,85.5725813990674,57.999705761194,-169.699866052239,0.1,4.44938156040618
"J-20",2009,79.2926736257444,57.999705761194,-169.699866052239,-0.5,4.37316369343421
"J-20",2010,386.242225143965,57.999705761194,-169.699866052239,-1.3,5.95646838542569
"J-20",2011,31192.7810429614,57.999705761194,-169.699866052239,0.1,10.3479420158455
"J-20",2012,25663.156435815,57.999705761194,-169.699866052239,-0.2,10.1528116960574
"J-20",2013,39833.9231059388,57.999705761194,-169.699866052239,-0.4,10.5924742033283
"J-20",2014,5063.76927469781,57.999705761194,-169.699866052239,2.3,8.52986668210763
"J-20",2015,0,57.999705761194,-169.699866052239,2.6,-6.55436829794885
"J-20",2016,0,57.999705761194,-169.699866052239,4.6,-6.55436829794885
"J-20",2017,0,57.999705761194,-169.699866052239,1.7,-6.55436829794885
"J-20",2018,21.6700560726427,57.999705761194,-169.699866052239,3.8,3.07599710831063
"J-20",2019,89.9012808522952,57.999705761194,-169.699866052239,3.3,4.49872802705778
"J-20",2021,22.1940094362683,57.999705761194,-169.699866052239,3.8,3.09988656133581
"J-20",2022,0,57.999705761194,-169.699866052239,0.7,-6.55436829794885
"J-20",2023,473.632357092439,57.999705761194,-169.699866052239,1.2,6.16043440909721
"J-21",1988,255.380676958005,58.0008846949293,-170.337666872818,-0.2,5.54276085829231
"J-21",1989,406.610517630383,58.0008846949293,-170.337666872818,3.3,6.00785926995244
"J-21",1990,759.20043856754,58.0008846949293,-170.337666872818,-0.4,6.63226770046657
"J-21",1991,171.135813338486,58.0008846949293,-170.337666872818,0.8,5.14246579147137
"J-21",1992,87.0214256147796,58.0008846949293,-170.337666872818,0.1,4.46617072206591
"J-21",1993,137.828021031242,58.0008846949293,-170.337666872818,1.7,4.9260170143696
"J-21",1994,12723.9927697305,58.0008846949293,-170.337666872818,-1.6,9.45124479653543
"J-21",1995,658.80594624343,58.0008846949293,-170.337666872818,0.1,6.49043118543806
"J-21",1996,356.035702747008,58.0008846949293,-170.337666872818,2.5,5.87503501369826
"J-21",1997,42.6567062592824,58.0008846949293,-170.337666872818,2.3,3.7532178804214
"J-21",1998,152.272400747713,58.0008846949293,-170.337666872818,2.2,5.02568037795866
"J-21",1999,192.832829526597,58.0008846949293,-170.337666872818,0.2,5.26183102930419
"J-21",2000,0,58.0008846949293,-170.337666872818,2.4,-6.55436829794885
"J-21",2001,465.164434311611,58.0008846949293,-170.337666872818,1.9,6.14239402627809
"J-21",2002,119.392553463637,58.0008846949293,-170.337666872818,2,4.78242875869544
"J-21",2003,37.1728312284561,58.0008846949293,-170.337666872818,3.2,3.61561645476842
"J-21",2004,213.662094994646,58.0008846949293,-170.337666872818,1.1,5.3644024358977
"J-21",2005,45175.5083410904,58.0008846949293,-170.337666872818,3.5,10.7183103996242
"J-21",2006,2690.94031648579,58.0008846949293,-170.337666872818,-0.7,7.89764650068498
"J-21",2007,172.928726011025,58.0008846949293,-170.337666872818,-1.1,5.15288775512215
"J-21",2008,226.221671425733,58.0008846949293,-170.337666872818,0.7,5.4215216597423
"J-21",2009,81.3046754879175,58.0008846949293,-170.337666872818,-0.5,4.39822103674054
"J-21",2010,30.2060316687701,58.0008846949293,-170.337666872818,-0.7,3.4080887664566
"J-21",2011,65.2119832889853,58.0008846949293,-170.337666872818,1.4,4.17766507925099
"J-21",2012,10195.828205014,58.0008846949293,-170.337666872818,-0.6,9.22973405575421
"J-21",2013,14811.5226496013,58.0008846949293,-170.337666872818,-0.9,9.6031608103725
"J-21",2014,30748.9242070577,58.0008846949293,-170.337666872818,1.5,10.3336103337931
"J-21",2015,118.915040039998,58.0008846949293,-170.337666872818,2.9,4.77842126275718
"J-21",2016,2624.70017689758,58.0008846949293,-170.337666872818,4.1,7.87272249267066
"J-21",2017,20.5230933239657,58.0008846949293,-170.337666872818,2.5,3.02162013282154
"J-21",2018,64.4603798020757,58.0008846949293,-170.337666872818,3.8,4.16607285744366
"J-21",2019,0,58.0008846949293,-170.337666872818,4,-6.55436829794885
"J-21",2021,62.8459243985583,58.0008846949293,-170.337666872818,3.6,4.14070874290689
"J-21",2022,20.3103594967293,58.0008846949293,-170.337666872818,0.3,3.01120117965377
"J-21",2023,212.483236795871,58.0008846949293,-170.337666872818,0.4,5.35886980071394
"J-22",1988,0,58.0000306038292,-170.967430541237,2.1,-6.55436829794885
"J-22",1989,166.701534725282,58.0000306038292,-170.967430541237,3.3,5.11621353769364
"J-22",1990,307.910842929342,58.0000306038292,-170.967430541237,1.5,5.72981489438172
"J-22",1991,90.976271126836,58.0000306038292,-170.967430541237,2,4.5106143666801
"J-22",1992,1174.66849699738,58.0000306038292,-170.967430541237,1,7.06874246871281
"J-22",1993,136.211044248194,58.0000306038292,-170.967430541237,2.7,4.91421593233213
"J-22",1994,21.9094109319148,58.0000306038292,-170.967430541237,NA,3.08698125484258
"J-22",1995,732.142609249133,58.0000306038292,-170.967430541237,0.7,6.59597726117797
"J-22",1996,253.680561961749,58.0000306038292,-170.967430541237,3.6,5.53608145834436
"J-22",1997,665.107303038976,58.0000306038292,-170.967430541237,2.9,6.49995052642069
"J-22",1998,0,58.0000306038292,-170.967430541237,2.5,-6.55436829794885
"J-22",1999,0,58.0000306038292,-170.967430541237,1.1,-6.55436829794885
"J-22",2000,19.9547806208168,58.0000306038292,-170.967430541237,2.7,2.99354009763465
"J-22",2001,0,58.0000306038292,-170.967430541237,2.3,-6.55436829794885
"J-22",2002,0,58.0000306038292,-170.967430541237,3.1,-6.55436829794885
"J-22",2003,19.1947807462668,58.0000306038292,-170.967430541237,4,2.95471258388495
"J-22",2004,36.2173822275521,58.0000306038292,-170.967430541237,2.2,3.58957848972548
"J-22",2005,39395.7181270733,58.0000306038292,-170.967430541237,3.6,10.5814124485455
"J-22",2006,211.58290029,58.0000306038292,-170.967430541237,0.2,5.35462361487721
"J-22",2007,42.214001259215,58.0000306038292,-170.967430541237,0.4,3.74278567892868
"J-22",2008,168.003538962933,58.0000306038292,-170.967430541237,1.1,5.1239935197109
"J-22",2009,209.397665142607,58.0000306038292,-170.967430541237,-0.2,5.34424194801943
"J-22",2010,0,58.0000306038292,-170.967430541237,1.2,-6.55436829794885
"J-22",2011,117.711230772641,58.0000306038292,-170.967430541237,2.4,4.76824652466939
"J-22",2012,293.604505601448,58.0000306038292,-170.967430541237,-0.6,5.68223849232492
"J-22",2013,105.706281067976,58.0000306038292,-170.967430541237,1.4,4.66067778473256
"J-22",2014,118.340662865874,58.0000306038292,-170.967430541237,3.3,4.77357947058916
"J-22",2015,218.699379864712,58.0000306038292,-170.967430541237,2.6,5.38770460278692
"J-22",2016,89.5708535381527,58.0000306038292,-170.967430541237,3.6,4.4950458683133
"J-22",2017,0,58.0000306038292,-170.967430541237,2.6,-6.55436829794885
"J-22",2018,60.9696135626233,58.0000306038292,-170.967430541237,3.5,4.11039895543308
"J-22",2019,0,58.0000306038292,-170.967430541237,4,-6.55436829794885
"J-22",2021,19.9424892153409,58.0000306038292,-170.967430541237,3.4,2.99292398888089
"J-22",2022,0,58.0000306038292,-170.967430541237,1.3,-6.55436829794885
"J-22",2023,3929.2488916857,58.0000306038292,-170.967430541237,2.3,8.2762039272689
"J-23",1988,259.932642390639,58.0002221653342,-171.596104580711,1.8,5.56042800759695
"J-23",1989,34380.5778245505,58.0002221653342,-171.596104580711,3.3,10.4452471272077
"J-23",1990,11391.3489926571,58.0002221653342,-171.596104580711,1.6,9.34060961100591
"J-23",1991,3174.56425851727,58.0002221653342,-171.596104580711,2.2,8.06292610902469
"J-23",1992,186.106501710476,58.0002221653342,-171.596104580711,2.7,5.22632675055721
"J-23",1993,71.6277798591769,58.0002221653342,-171.596104580711,3,4.27150286428968
"J-23",1994,528.54787604148,58.0002221653342,-171.596104580711,NA,6.2701360836911
"J-23",1995,756.043932781994,58.0002221653342,-171.596104580711,1.1,6.62810136996723
"J-23",1996,1982.54605153305,58.0002221653342,-171.596104580711,3.3,7.59213790046823
"J-23",1997,213.524462452014,58.0002221653342,-171.596104580711,3,5.36375807278515
"J-23",1998,0,58.0002221653342,-171.596104580711,3,-6.55436829794885
"J-23",1999,22.4433177800505,58.0002221653342,-171.596104580711,1.2,3.11105636234822
"J-23",2000,104.285769376165,58.0002221653342,-171.596104580711,2.8,4.64714856691467
"J-23",2001,0,58.0002221653342,-171.596104580711,2.5,-6.55436829794885
"J-23",2002,0,58.0002221653342,-171.596104580711,3.1,-6.55436829794885
"J-23",2003,229.673946021485,58.0002221653342,-171.596104580711,4.4,5.43666687670826
"J-23",2004,0,58.0002221653342,-171.596104580711,3.5,-6.55436829794885
"J-23",2005,42148.5291119937,58.0002221653342,-171.596104580711,3.6,10.648955100091
"J-23",2006,27836.9080582134,58.0002221653342,-171.596104580711,2.2,10.2341180983041
"J-23",2007,2504.86153367886,58.0002221653342,-171.596104580711,0.9,7.82598930446194
"J-23",2008,3552.56622139739,58.0002221653342,-171.596104580711,1.5,8.17542590138868
"J-23",2009,5390.79920087829,58.0002221653342,-171.596104580711,1.2,8.59244919178881
"J-23",2010,100.683349667143,58.0002221653342,-171.596104580711,2,4.61199458222614
"J-23",2011,7830.35467918066,58.0002221653342,-171.596104580711,2.5,8.96576326726905
"J-23",2012,5738.50312845039,58.0002221653342,-171.596104580711,0.8,8.65495392441699
"J-23",2013,76.6447045228491,58.0002221653342,-171.596104580711,1.9,4.3391990939952
"J-23",2014,146.049116552758,58.0002221653342,-171.596104580711,3,4.98395272916795
"J-23",2015,262.465135441395,58.0002221653342,-171.596104580711,1.3,5.57012368086296
"J-23",2016,14793.5686867906,58.0002221653342,-171.596104580711,3.4,9.60194791336902
"J-23",2017,59793.1561478267,58.0002221653342,-171.596104580711,2.9,10.9986465115143
"J-23",2018,100548.752851981,58.0002221653342,-171.596104580711,3.6,11.5183980060227
"J-23",2019,83072.7701016389,58.0002221653342,-171.596104580711,3.9,11.3274722680122
"J-23",2021,1023.25353889838,58.0002221653342,-171.596104580711,3.3,6.93074396537827
"J-23",2022,287.808123064575,58.0002221653342,-171.596104580711,1.6,5.66229896605954
"J-23",2023,0,58.0002221653342,-171.596104580711,3,-6.55436829794885
"J-24",1988,126509.106111326,58.0021436170823,-172.238098598452,2,11.7480695808839
"J-24",1989,274625.258309976,58.0021436170823,-172.238098598452,3.2,12.5231627554629
"J-24",1990,110845.361022458,58.0021436170823,-172.238098598452,2.4,11.6158913778711
"J-24",1991,62049.6550569441,58.0021436170823,-172.238098598452,1.7,11.0356902544502
"J-24",1992,63945.654858635,58.0021436170823,-172.238098598452,3,11.0657888810491
"J-24",1993,16421.9350785793,58.0021436170823,-172.238098598452,3.3,9.70637331164704
"J-24",1994,24245.7901372941,58.0021436170823,-172.238098598452,0.7,10.0959983374361
"J-24",1995,37772.9073584394,58.0021436170823,-172.238098598452,NA,10.5393474257759
"J-24",1996,44820.572408578,58.0021436170823,-172.238098598452,3.3,10.7104225503176
"J-24",1997,2320.43947165446,58.0021436170823,-172.238098598452,3.3,7.74951248778435
"J-24",1998,684.84842316727,58.0021436170823,-172.238098598452,2.8,6.52919961284624
"J-24",1999,77.9610545488269,58.0021436170823,-172.238098598452,1.7,4.356227665192
"J-24",2000,0,58.0021436170823,-172.238098598452,NA,-6.55436829794885
"J-24",2001,0,58.0021436170823,-172.238098598452,2.8,-6.55436829794885
"J-24",2002,458.764623927862,58.0021436170823,-172.238098598452,3.2,6.12854038035893
"J-24",2003,493.371329477666,58.0021436170823,-172.238098598452,4.3,6.20126498035667
"J-24",2004,0,58.0021436170823,-172.238098598452,3.4,-6.55436829794885
"J-24",2005,21.2740110672884,58.0021436170823,-172.238098598452,3.4,3.05755311840278
"J-24",2006,0,58.0021436170823,-172.238098598452,2.6,-6.55436829794885
"J-24",2007,141.586478338627,58.0021436170823,-172.238098598452,1.4,4.95292074131509
"J-24",2008,41.4312561936593,58.0021436170823,-172.238098598452,1.5,3.72406994324908
"J-24",2009,3960.64226497217,58.0021436170823,-172.238098598452,1.7,8.28416183872954
"J-24",2010,82.7946305456488,58.0021436170823,-172.238098598452,2.2,4.41638040841647
"J-24",2011,1927.36322601195,58.0021436170823,-172.238098598452,2.8,7.56390888242405
"J-24",2012,619.627945174896,58.0021436170823,-172.238098598452,1.1,6.42912150744672
"J-24",2013,313.889186334372,58.0021436170823,-172.238098598452,2.3,5.74904455010462
"J-24",2014,19.9536175674229,58.0021436170823,-172.238098598452,2.9,2.99348181564588
"J-24",2015,41.5173125574449,58.0021436170823,-172.238098598452,1.9,3.72614480581982
"J-24",2016,186.754771174775,58.0021436170823,-172.238098598452,3.9,5.22980399645777
"J-24",2017,167.671534669169,58.0021436170823,-172.238098598452,3.2,5.12201540687797
"J-24",2018,0,58.0021436170823,-172.238098598452,3.6,-6.55436829794885
"J-24",2019,3045.18140502637,58.0021436170823,-172.238098598452,3.7,8.02131622067599
"J-24",2021,616.992169660529,58.0021436170823,-172.238098598452,3.2,6.42485864061417
"J-24",2022,19.9022713010051,58.0021436170823,-172.238098598452,1.8,2.99090540208346
"J-24",2023,0,58.0021436170823,-172.238098598452,3.1,-6.55436829794885
"J-25",1988,0,57.9991992180775,-172.870253818747,2.2,-6.55436829794885
"J-25",1989,28624.2658048467,57.9991992180775,-172.870253818747,3.1,10.2620101415325
"J-25",1990,38578.5009202383,57.9991992180775,-172.870253818747,NA,10.5604504662174
"J-25",1991,955.124232600109,57.9991992180775,-172.870253818747,2.5,6.86184290929341
"J-25",1992,10369.0806195686,57.9991992180775,-172.870253818747,2.4,9.24658377690528
"J-25",1993,19.43183640038,57.9991992180775,-172.870253818747,3.5,2.96698604562976
"J-25",1994,7632.12393659889,57.9991992180775,-172.870253818747,NA,8.94012163863276
"J-25",1995,22300.8691600927,57.9991992180775,-172.870253818747,2.4,10.0123809963263
"J-25",1996,14926.5653036736,57.9991992180775,-172.870253818747,3.3,9.61089790612204
"J-25",1997,0,57.9991992180775,-172.870253818747,3.2,-6.55436829794885
"J-25",1998,19.0068037594722,57.9991992180775,-172.870253818747,2.8,2.94487191919882
"J-25",1999,29069.9749668927,57.9991992180775,-172.870253818747,1.9,10.2774611814017
"J-25",2000,0,57.9991992180775,-172.870253818747,2.8,-6.55436829794885
"J-25",2001,0,57.9991992180775,-172.870253818747,3,-6.55436829794885
"J-25",2002,2205.67655768593,57.9991992180775,-172.870253818747,3.3,7.69879021525432
"J-25",2003,21765.2456984075,57.9991992180775,-172.870253818747,4.4,9.98806980803586
"J-25",2004,17275.3870614115,57.9991992180775,-172.870253818747,3.7,9.75703813667787
"J-25",2005,725.371023006326,57.9991992180775,-172.870253818747,3.6,6.58668524279185
"J-25",2006,0,57.9991992180775,-172.870253818747,2.4,-6.55436829794885
"J-25",2007,0,57.9991992180775,-172.870253818747,2,-6.55436829794885
"J-25",2008,232.843277932731,57.9991992180775,-172.870253818747,1.9,5.4503717155289
"J-25",2009,1157.69166008327,57.9991992180775,-172.870253818747,1.9,7.05418458325009
"J-25",2010,0,57.9991992180775,-172.870253818747,2.8,-6.55436829794885
"J-25",2011,4449.50326836137,57.9991992180775,-172.870253818747,2.9,8.40054806385158
"J-25",2012,52756.8521244865,57.9991992180775,-172.870253818747,1.1,10.8734489679863
"J-25",2013,34666.320149043,57.9991992180775,-172.870253818747,2.5,10.4535239347787
"J-25",2014,15135.4713349463,57.9991992180775,-172.870253818747,2.6,9.62479645709804
"J-25",2015,2407.91868071141,57.9991992180775,-172.870253818747,2.7,7.78651862672273
"J-25",2016,2399.34965490029,57.9991992180775,-172.870253818747,4,7.78295359593505
"J-25",2017,343.417676661282,57.9991992180775,-172.870253818747,3.6,5.83895156876667
"J-25",2018,3756.21170618147,57.9991992180775,-172.870253818747,3.6,8.23116658261166
"J-25",2019,150.695745788532,57.9991992180775,-172.870253818747,3.9,5.01527232423899
"J-25",2021,0,57.9991992180775,-172.870253818747,3.3,-6.55436829794885
"J-25",2022,0,57.9991992180775,-172.870253818747,2.7,-6.55436829794885
"J-25",2023,0,57.9991992180775,-172.870253818747,3,-6.55436829794885
"J-26",1988,0,57.9958743665768,-173.484387439353,3.5,-6.55436829794885
"J-26",1989,10460.2296244018,57.9958743665768,-173.484387439353,3,9.25533582612102
"J-26",1990,16204.4080440202,57.9958743665768,-173.484387439353,3.9,9.69303867356035
"J-26",1991,53352.9777782771,57.9958743665768,-173.484387439353,2.9,10.8846850977604
"J-26",1992,25690.3281145791,57.9958743665768,-173.484387439353,3.3,10.1538699175211
"J-26",1993,0,57.9958743665768,-173.484387439353,3.4,-6.55436829794885
"J-26",1994,0,57.9958743665768,-173.484387439353,1.7,-6.55436829794885
"J-26",1995,60756.9393784729,57.9958743665768,-173.484387439353,3.3,11.0146366065672
"J-26",1996,22098.4591926015,57.9958743665768,-173.484387439353,3.7,10.0032632297171
"J-26",1997,4617.53798214214,57.9958743665768,-173.484387439353,3.7,8.43761724609744
"J-26",1998,243.832601815235,57.9958743665768,-173.484387439353,3,5.49648777128477
"J-26",1999,475.332029609095,57.9958743665768,-173.484387439353,2.2,6.16401656509252
"J-26",2000,0,57.9958743665768,-173.484387439353,3,-6.55436829794885
"J-26",2001,0,57.9958743665768,-173.484387439353,3.3,-6.55436829794885
"J-26",2002,174.098608089579,57.9958743665768,-173.484387439353,3.3,5.1596300304136
"J-26",2003,92.6291345740766,57.9958743665768,-173.484387439353,4.4,4.52861909213828
"J-26",2004,20.4794685444097,57.9958743665768,-173.484387439353,3.7,3.01949237473276
"J-26",2005,0,57.9958743665768,-173.484387439353,3.9,-6.55436829794885
"J-26",2006,0,57.9958743665768,-173.484387439353,2.8,-6.55436829794885
"J-26",2007,0,57.9958743665768,-173.484387439353,3.1,-6.55436829794885
"J-26",2008,0,57.9958743665768,-173.484387439353,2,-6.55436829794885
"J-26",2009,0,57.9958743665768,-173.484387439353,2.7,-6.55436829794885
"J-26",2010,0,57.9958743665768,-173.484387439353,3,-6.55436829794885
"J-26",2011,0,57.9958743665768,-173.484387439353,3.1,-6.55436829794885
"J-26",2012,19301.5749562167,57.9958743665768,-173.484387439353,1.8,9.86794204928286
"J-26",2013,56579.4154697293,57.9958743665768,-173.484387439353,3.1,10.9434005389278
"J-26",2014,71244.6034859642,57.9958743665768,-173.484387439353,3.2,11.1738743747004
"J-26",2015,71426.9544806167,57.9958743665768,-173.484387439353,4.4,11.1764306107562
"J-26",2016,25231.8637055875,57.9958743665768,-173.484387439353,4.4,10.1358629639709
"J-26",2017,0,57.9958743665768,-173.484387439353,3.8,-6.55436829794885
"J-26",2018,0,57.9958743665768,-173.484387439353,3.9,-6.55436829794885
"J-26",2019,0,57.9958743665768,-173.484387439353,3.9,-6.55436829794885
"J-26",2021,0,57.9958743665768,-173.484387439353,3.5,-6.55436829794885
"J-26",2022,0,57.9958743665768,-173.484387439353,3.6,-6.55436829794885
"J-26",2023,0,57.9958743665768,-173.484387439353,3.3,-6.55436829794885
"K-01",1988,181.414633599764,58.3284352349751,-167.838031407592,1.6,5.2007930535088
"K-01",1989,210.201302161152,58.3284352349751,-167.838031407592,3.1,5.34807242716563
"K-01",1990,402.71008892345,58.3284352349751,-167.838031407592,1.2,5.9982204564865
"K-01",1991,20777.7798864997,58.3284352349751,-167.838031407592,1.6,9.94163948851886
"K-01",1992,187.425189760541,58.3284352349751,-167.838031407592,2.5,5.23338737488971
"K-01",1993,13022.4044308305,58.3284352349751,-167.838031407592,1.4,9.47442668016051
"K-01",1994,23982.4939000448,58.3284352349751,-167.838031407592,-0.7,10.0850794817135
"K-01",1995,914.42066855914,58.3284352349751,-167.838031407592,0.5,6.81829227277622
"K-01",1996,21.5268059836089,58.3284352349751,-167.838031407592,2.3,3.06936509088809
"K-01",1997,101.678188910652,58.3284352349751,-167.838031407592,1.2,4.62182681877702
"K-01",1998,38.5198412259683,58.3284352349751,-167.838031407592,2.8,3.65121042927795
"K-01",1999,176.459334317881,58.3284352349751,-167.838031407592,-0.8,5.17309851850882
"K-01",2000,19.5320036749101,58.3284352349751,-167.838031407592,1.3,2.97212723163849
"K-01",2001,174.263493792852,58.3284352349751,-167.838031407592,1.5,5.16057665673609
"K-01",2002,0,58.3284352349751,-167.838031407592,3.5,-6.55436829794885
"K-01",2003,20.191323161233,58.3284352349751,-167.838031407592,2.9,3.00532348266756
"K-01",2004,98.1716402328076,58.3284352349751,-167.838031407592,NA,4.58673188155165
"K-01",2005,21.1652068794199,58.3284352349751,-167.838031407592,2.5,3.05242592092069
"K-01",2006,5545.00924542747,58.3284352349751,-167.838031407592,-0.1,8.62065382391418
"K-01",2007,244.582877122213,58.3284352349751,-167.838031407592,0.6,5.49956003887223
"K-01",2008,0,58.3284352349751,-167.838031407592,0.5,-6.55436829794885
"K-01",2009,0,58.3284352349751,-167.838031407592,0.7,-6.55436829794885
"K-01",2010,20.2584342111632,58.3284352349751,-167.838031407592,0.2,3.00864149451246
"K-01",2011,38.5368635436823,58.3284352349751,-167.838031407592,1.6,3.65165222571801
"K-01",2012,46.8211919414435,58.3284352349751,-167.838031407592,1.1,3.84636633029057
"K-01",2013,0,58.3284352349751,-167.838031407592,1.2,-6.55436829794885
"K-01",2014,43.6757162573867,58.3284352349751,-167.838031407592,1.8,3.776824856295
"K-01",2015,671.039833518293,58.3284352349751,-167.838031407592,3.1,6.50883062152013
"K-01",2016,21.1384917288636,58.3284352349751,-167.838031407592,4.8,3.05116298851907
"K-01",2017,20.9257307515383,58.3284352349751,-167.838031407592,0.9,3.04104758042178
"K-01",2018,0,58.3284352349751,-167.838031407592,4,-6.55436829794885
"K-01",2019,21.0989725663958,58.3284352349751,-167.838031407592,3.9,3.04929182933148
"K-01",2021,43.7560099832002,58.3284352349751,-167.838031407592,3.2,3.77866151528943
"K-01",2022,18.5701892882511,58.3284352349751,-167.838031407592,0.8,2.92163424129028
"K-01",2023,19.46181762882,58.3284352349751,-167.838031407592,0.6,2.96852763590113
"K-02",1988,1989.97497164246,58.3382970873786,-167.191130955937,2,7.59587805610272
"K-02",1989,2702.9257503504,58.3382970873786,-167.191130955937,3,7.90209060334318
"K-02",1990,22.8379407189037,58.3382970873786,-167.191130955937,2.4,3.12848556482798
"K-02",1991,959.095731872015,58.3382970873786,-167.191130955937,3.3,6.86599237919314
"K-02",1992,0,58.3382970873786,-167.191130955937,2.7,-6.55436829794885
"K-02",1993,317.272401187742,58.3382970873786,-167.191130955937,3,5.75976520249748
"K-02",1994,1344.19432217867,58.3382970873786,-167.191130955937,NA,7.2035511548684
"K-02",1995,0,58.3382970873786,-167.191130955937,1.5,-6.55436829794885
"K-02",1996,0,58.3382970873786,-167.191130955937,3.9,-6.55436829794885
"K-02",1997,90.6086068685917,58.3382970873786,-167.191130955937,1.8,4.50656492160753
"K-02",1998,139.722833744789,58.3382970873786,-167.191130955937,3.3,4.93967089203978
"K-02",1999,157.042658521244,58.3382970873786,-167.191130955937,0.5,5.05652654557591
"K-02",2000,1066.89518110109,58.3382970873786,-167.191130955937,1.7,6.97250934406014
"K-02",2001,50.4533818779916,58.3382970873786,-167.191130955937,1.4,3.92107800014283
"K-02",2002,0,58.3382970873786,-167.191130955937,4.1,-6.55436829794885
"K-02",2003,42.5817744697418,58.3382970873786,-167.191130955937,3.2,3.75145977058979
"K-02",2004,0,58.3382970873786,-167.191130955937,3.1,-6.55436829794885
"K-02",2005,0,58.3382970873786,-167.191130955937,3,-6.55436829794885
"K-02",2006,42.1583260767917,58.3382970873786,-167.191130955937,1.1,3.74146597344806
"K-02",2007,43.079136489897,58.3382970873786,-167.191130955937,1.2,3.763071859909
"K-02",2008,0,58.3382970873786,-167.191130955937,0.8,-6.55436829794885
"K-02",2009,85.9620791483194,58.3382970873786,-167.191130955937,0.6,4.45392282280963
"K-02",2010,0,58.3382970873786,-167.191130955937,1.6,-6.55436829794885
"K-02",2011,0,58.3382970873786,-167.191130955937,2,-6.55436829794885
"K-02",2012,0,58.3382970873786,-167.191130955937,1.3,-6.55436829794885
"K-02",2013,0,58.3382970873786,-167.191130955937,2.5,-6.55436829794885
"K-02",2014,0,58.3382970873786,-167.191130955937,2.2,-6.55436829794885
"K-02",2015,0,58.3382970873786,-167.191130955937,4.3,-6.55436829794885
"K-02",2016,0,58.3382970873786,-167.191130955937,5.5,-6.55436829794885
"K-02",2017,0,58.3382970873786,-167.191130955937,2.1,-6.55436829794885
"K-02",2018,0,58.3382970873786,-167.191130955937,4.1,-6.55436829794885
"K-02",2019,0,58.3382970873786,-167.191130955937,4.5,-6.55436829794885
"K-02",2021,22.0167001944591,58.3382970873786,-167.191130955937,3.1,3.09186593586311
"K-02",2022,21.9338400447265,58.3382970873786,-167.191130955937,1.5,3.08809556676729
"K-02",2023,0,58.3382970873786,-167.191130955937,0.4,-6.55436829794885
"K-03",1988,6586.73974939315,58.3207398746082,-166.560905109718,2,8.79281399430184
"K-03",1989,364.883139561444,58.3207398746082,-166.560905109718,3.3,5.89958103902195
"K-03",1990,23.6470848105577,58.3207398746082,-166.560905109718,3.2,3.16330005555481
"K-03",1991,43.8659530343736,58.3207398746082,-166.560905109718,3.7,3.78117092119596
"K-03",1992,23.1399475750371,58.3207398746082,-166.560905109718,3.3,3.14162198781779
"K-03",1993,0,58.3207398746082,-166.560905109718,3.1,-6.55436829794885
"K-03",1994,350.974807351214,58.3207398746082,-166.560905109718,NA,5.8607185038888
"K-03",1995,0,58.3207398746082,-166.560905109718,2.9,-6.55436829794885
"K-03",1996,0,58.3207398746082,-166.560905109718,3.2,-6.55436829794885
"K-03",1997,21.5168650247415,58.3207398746082,-166.560905109718,2.4,3.06890322036626
"K-03",1998,20.1616308650893,58.3207398746082,-166.560905109718,3.6,3.00385195688022
"K-03",1999,0,58.3207398746082,-166.560905109718,0,-6.55436829794885
"K-03",2000,0,58.3207398746082,-166.560905109718,2.2,-6.55436829794885
"K-03",2001,22.7289930273749,58.3207398746082,-166.560905109718,1.2,3.12370397951001
"K-03",2002,0,58.3207398746082,-166.560905109718,3.7,-6.55436829794885
"K-03",2003,0,58.3207398746082,-166.560905109718,4.3,-6.55436829794885
"K-03",2004,0,58.3207398746082,-166.560905109718,3.7,-6.55436829794885
"K-03",2005,0,58.3207398746082,-166.560905109718,2.8,-6.55436829794885
"K-03",2006,20.1228402349032,58.3207398746082,-166.560905109718,1.6,3.00192625701897
"K-03",2007,0,58.3207398746082,-166.560905109718,1.8,-6.55436829794885
"K-03",2008,208.626374431323,58.3207398746082,-166.560905109718,1.3,5.34055179501787
"K-03",2009,0,58.3207398746082,-166.560905109718,1.8,-6.55436829794885
"K-03",2010,0,58.3207398746082,-166.560905109718,1.7,-6.55436829794885
"K-03",2011,0,58.3207398746082,-166.560905109718,2.2,-6.55436829794885
"K-03",2012,0,58.3207398746082,-166.560905109718,1.6,-6.55436829794885
"K-03",2013,0,58.3207398746082,-166.560905109718,2.9,-6.55436829794885
"K-03",2014,0,58.3207398746082,-166.560905109718,3.1,-6.55436829794885
"K-03",2015,0,58.3207398746082,-166.560905109718,3.8,-6.55436829794885
"K-03",2016,0,58.3207398746082,-166.560905109718,6.3,-6.55436829794885
"K-03",2017,0,58.3207398746082,-166.560905109718,3.2,-6.55436829794885
"K-03",2018,0,58.3207398746082,-166.560905109718,4.2,-6.55436829794885
"K-03",2019,0,58.3207398746082,-166.560905109718,5.4,-6.55436829794885
"K-03",2021,0,58.3207398746082,-166.560905109718,3.5,-6.55436829794885
"K-03",2022,0,58.3207398746082,-166.560905109718,2.3,-6.55436829794885
"K-03",2023,0,58.3207398746082,-166.560905109718,1.5,-6.55436829794885
"K-04",1988,68.1038567738757,58.3271592561983,-165.929733719008,2.4,4.22105475282067
"K-04",1989,24.1820121063803,58.3271592561983,-165.929733719008,3,3.18566793552279
"K-04",1990,0,58.3271592561983,-165.929733719008,3.8,-6.55436829794885
"K-04",1991,0,58.3271592561983,-165.929733719008,3.6,-6.55436829794885
"K-04",1992,0,58.3271592561983,-165.929733719008,3.2,-6.55436829794885
"K-04",1993,0,58.3271592561983,-165.929733719008,3.3,-6.55436829794885
"K-04",1994,47.4731006965652,58.3271592561983,-165.929733719008,1.9,3.86019324250639
"K-04",1995,0,58.3271592561983,-165.929733719008,2.7,-6.55436829794885
"K-04",1996,0,58.3271592561983,-165.929733719008,3.7,-6.55436829794885
"K-04",1997,0,58.3271592561983,-165.929733719008,3,-6.55436829794885
"K-04",1998,60.4362625716662,58.3271592561983,-165.929733719008,4.1,4.10161285827545
"K-04",1999,0,58.3271592561983,-165.929733719008,0.2,-6.55436829794885
"K-04",2000,0,58.3271592561983,-165.929733719008,2.3,-6.55436829794885
"K-04",2001,74.5836124706904,58.3271592561983,-165.929733719008,1.4,4.31193990200596
"K-04",2002,88.5615586990071,58.3271592561983,-165.929733719008,3.5,4.48371396648118
"K-04",2003,0,58.3271592561983,-165.929733719008,4.3,-6.55436829794885
"K-04",2004,0,58.3271592561983,-165.929733719008,4.4,-6.55436829794885
"K-04",2005,0,58.3271592561983,-165.929733719008,3,-6.55436829794885
"K-04",2006,0,58.3271592561983,-165.929733719008,1.9,-6.55436829794885
"K-04",2007,0,58.3271592561983,-165.929733719008,2.4,-6.55436829794885
"K-04",2008,0,58.3271592561983,-165.929733719008,1.7,-6.55436829794885
"K-04",2009,0,58.3271592561983,-165.929733719008,1.8,-6.55436829794885
"K-04",2010,0,58.3271592561983,-165.929733719008,2.1,-6.55436829794885
"K-04",2011,0,58.3271592561983,-165.929733719008,2.2,-6.55436829794885
"K-04",2012,0,58.3271592561983,-165.929733719008,2.1,-6.55436829794885
"K-04",2013,0,58.3271592561983,-165.929733719008,3.4,-6.55436829794885
"K-04",2014,0,58.3271592561983,-165.929733719008,3.5,-6.55436829794885
"K-04",2015,0,58.3271592561983,-165.929733719008,4.2,-6.55436829794885
"K-04",2016,0,58.3271592561983,-165.929733719008,6.4,-6.55436829794885
"K-04",2017,0,58.3271592561983,-165.929733719008,3.7,-6.55436829794885
"K-04",2018,0,58.3271592561983,-165.929733719008,4.4,-6.55436829794885
"K-04",2019,0,58.3271592561983,-165.929733719008,6.6,-6.55436829794885
"K-04",2021,0,58.3271592561983,-165.929733719008,3.8,-6.55436829794885
"K-04",2022,0,58.3271592561983,-165.929733719008,3.3,-6.55436829794885
"K-04",2023,0,58.3271592561983,-165.929733719008,2.2,-6.55436829794885
"K-05",1988,0,58.3309002702703,-165.289081891892,3,-6.55436829794885
"K-05",1989,24.1353325612375,58.3309002702703,-165.289081891892,2.8,3.18373584223777
"K-05",1990,0,58.3309002702703,-165.289081891892,2.9,-6.55436829794885
"K-05",1991,0,58.3309002702703,-165.289081891892,3.8,-6.55436829794885
"K-05",1992,0,58.3309002702703,-165.289081891892,3.4,-6.55436829794885
"K-05",1993,0,58.3309002702703,-165.289081891892,3.7,-6.55436829794885
"K-05",1994,0,58.3309002702703,-165.289081891892,1.7,-6.55436829794885
"K-05",1995,0,58.3309002702703,-165.289081891892,2.4,-6.55436829794885
"K-05",1996,0,58.3309002702703,-165.289081891892,3.8,-6.55436829794885
"K-05",1997,0,58.3309002702703,-165.289081891892,2.8,-6.55436829794885
"K-05",1998,0,58.3309002702703,-165.289081891892,3.2,-6.55436829794885
"K-05",1999,0,58.3309002702703,-165.289081891892,0,-6.55436829794885
"K-05",2000,0,58.3309002702703,-165.289081891892,2.4,-6.55436829794885
"K-05",2001,0,58.3309002702703,-165.289081891892,1.6,-6.55436829794885
"K-05",2002,0,58.3309002702703,-165.289081891892,3.3,-6.55436829794885
"K-05",2003,0,58.3309002702703,-165.289081891892,3.7,-6.55436829794885
"K-05",2004,0,58.3309002702703,-165.289081891892,3.5,-6.55436829794885
"K-05",2005,0,58.3309002702703,-165.289081891892,3.8,-6.55436829794885
"K-05",2006,0,58.3309002702703,-165.289081891892,1.3,-6.55436829794885
"K-05",2007,0,58.3309002702703,-165.289081891892,2.4,-6.55436829794885
"K-05",2008,0,58.3309002702703,-165.289081891892,1.6,-6.55436829794885
"K-05",2009,0,58.3309002702703,-165.289081891892,1.7,-6.55436829794885
"K-05",2010,0,58.3309002702703,-165.289081891892,1.1,-6.55436829794885
"K-05",2011,0,58.3309002702703,-165.289081891892,2.1,-6.55436829794885
"K-05",2012,0,58.3309002702703,-165.289081891892,2.6,-6.55436829794885
"K-05",2013,0,58.3309002702703,-165.289081891892,1.8,-6.55436829794885
"K-05",2014,0,58.3309002702703,-165.289081891892,3.5,-6.55436829794885
"K-05",2015,0,58.3309002702703,-165.289081891892,4.5,-6.55436829794885
"K-05",2016,0,58.3309002702703,-165.289081891892,6.7,-6.55436829794885
"K-05",2017,0,58.3309002702703,-165.289081891892,2.7,-6.55436829794885
"K-05",2018,0,58.3309002702703,-165.289081891892,4.3,-6.55436829794885
"K-05",2019,0,58.3309002702703,-165.289081891892,6.2,-6.55436829794885
"K-05",2021,0,58.3309002702703,-165.289081891892,3.6,-6.55436829794885
"K-05",2022,0,58.3309002702703,-165.289081891892,4,-6.55436829794885
"K-05",2023,0,58.3309002702703,-165.289081891892,2.2,-6.55436829794885
"K-06",1988,0,58.3319294594595,-164.642571351351,2.7,-6.55436829794885
"K-06",1989,0,58.3319294594595,-164.642571351351,2.5,-6.55436829794885
"K-06",1990,0,58.3319294594595,-164.642571351351,NA,-6.55436829794885
"K-06",1991,0,58.3319294594595,-164.642571351351,4,-6.55436829794885
"K-06",1992,0,58.3319294594595,-164.642571351351,3.2,-6.55436829794885
"K-06",1993,0,58.3319294594595,-164.642571351351,3.9,-6.55436829794885
"K-06",1994,0,58.3319294594595,-164.642571351351,2.5,-6.55436829794885
"K-06",1995,0,58.3319294594595,-164.642571351351,2.5,-6.55436829794885
"K-06",1996,0,58.3319294594595,-164.642571351351,3.9,-6.55436829794885
"K-06",1997,0,58.3319294594595,-164.642571351351,3.2,-6.55436829794885
"K-06",1998,0,58.3319294594595,-164.642571351351,3.7,-6.55436829794885
"K-06",1999,0,58.3319294594595,-164.642571351351,0.1,-6.55436829794885
"K-06",2000,0,58.3319294594595,-164.642571351351,2.3,-6.55436829794885
"K-06",2001,0,58.3319294594595,-164.642571351351,1.4,-6.55436829794885
"K-06",2002,0,58.3319294594595,-164.642571351351,3.7,-6.55436829794885
"K-06",2003,0,58.3319294594595,-164.642571351351,4.5,-6.55436829794885
"K-06",2004,0,58.3319294594595,-164.642571351351,3.6,-6.55436829794885
"K-06",2005,0,58.3319294594595,-164.642571351351,NA,-6.55436829794885
"K-06",2006,0,58.3319294594595,-164.642571351351,1.8,-6.55436829794885
"K-06",2007,0,58.3319294594595,-164.642571351351,2.7,-6.55436829794885
"K-06",2008,0,58.3319294594595,-164.642571351351,1.7,-6.55436829794885
"K-06",2009,0,58.3319294594595,-164.642571351351,2,-6.55436829794885
"K-06",2010,0,58.3319294594595,-164.642571351351,2.1,-6.55436829794885
"K-06",2011,0,58.3319294594595,-164.642571351351,2.3,-6.55436829794885
"K-06",2012,0,58.3319294594595,-164.642571351351,1.9,-6.55436829794885
"K-06",2013,0,58.3319294594595,-164.642571351351,1.9,-6.55436829794885
"K-06",2014,0,58.3319294594595,-164.642571351351,4.6,-6.55436829794885
"K-06",2015,0,58.3319294594595,-164.642571351351,4.8,-6.55436829794885
"K-06",2016,0,58.3319294594595,-164.642571351351,7.1,-6.55436829794885
"K-06",2017,0,58.3319294594595,-164.642571351351,3,-6.55436829794885
"K-06",2018,0,58.3319294594595,-164.642571351351,4.5,-6.55436829794885
"K-06",2019,0,58.3319294594595,-164.642571351351,6.3,-6.55436829794885
"K-06",2021,0,58.3319294594595,-164.642571351351,3.4,-6.55436829794885
"K-06",2022,0,58.3319294594595,-164.642571351351,2.8,-6.55436829794885
"K-06",2023,0,58.3319294594595,-164.642571351351,1.6,-6.55436829794885
"K-07",1988,0,58.337056,-164.010213142857,3.5,-6.55436829794885
"K-07",1989,0,58.337056,-164.010213142857,2.7,-6.55436829794885
"K-07",1990,0,58.337056,-164.010213142857,2.7,-6.55436829794885
"K-07",1991,0,58.337056,-164.010213142857,4.5,-6.55436829794885
"K-07",1992,0,58.337056,-164.010213142857,3.2,-6.55436829794885
"K-07",1993,0,58.337056,-164.010213142857,4,-6.55436829794885
"K-07",1994,0,58.337056,-164.010213142857,2.3,-6.55436829794885
"K-07",1995,0,58.337056,-164.010213142857,2.8,-6.55436829794885
"K-07",1996,0,58.337056,-164.010213142857,4,-6.55436829794885
"K-07",1997,0,58.337056,-164.010213142857,3.8,-6.55436829794885
"K-07",1998,0,58.337056,-164.010213142857,NA,-6.55436829794885
"K-07",1999,0,58.337056,-164.010213142857,0.3,-6.55436829794885
"K-07",2000,0,58.337056,-164.010213142857,2.7,-6.55436829794885
"K-07",2001,0,58.337056,-164.010213142857,2.2,-6.55436829794885
"K-07",2002,0,58.337056,-164.010213142857,4.2,-6.55436829794885
"K-07",2003,0,58.337056,-164.010213142857,4.9,-6.55436829794885
"K-07",2004,0,58.337056,-164.010213142857,4.2,-6.55436829794885
"K-07",2005,0,58.337056,-164.010213142857,5,-6.55436829794885
"K-07",2006,0,58.337056,-164.010213142857,1.5,-6.55436829794885
"K-07",2007,0,58.337056,-164.010213142857,3.1,-6.55436829794885
"K-07",2008,0,58.337056,-164.010213142857,1.9,-6.55436829794885
"K-07",2009,0,58.337056,-164.010213142857,2.2,-6.55436829794885
"K-07",2010,0,58.337056,-164.010213142857,2.7,-6.55436829794885
"K-07",2011,0,58.337056,-164.010213142857,2.7,-6.55436829794885
"K-07",2012,0,58.337056,-164.010213142857,2.3,-6.55436829794885
"K-07",2013,0,58.337056,-164.010213142857,2.4,-6.55436829794885
"K-07",2014,0,58.337056,-164.010213142857,4.4,-6.55436829794885
"K-07",2015,0,58.337056,-164.010213142857,5.1,-6.55436829794885
"K-07",2016,0,58.337056,-164.010213142857,7.6,-6.55436829794885
"K-07",2017,0,58.337056,-164.010213142857,4.1,-6.55436829794885
"K-07",2018,0,58.337056,-164.010213142857,4.6,-6.55436829794885
"K-07",2019,0,58.337056,-164.010213142857,6.2,-6.55436829794885
"K-07",2021,0,58.337056,-164.010213142857,3.2,-6.55436829794885
"K-07",2022,0,58.337056,-164.010213142857,3.8,-6.55436829794885
"K-07",2023,0,58.337056,-164.010213142857,1.9,-6.55436829794885
"K-08",1988,0,58.337022,-163.368165714286,3.5,-6.55436829794885
"K-08",1989,0,58.337022,-163.368165714286,3,-6.55436829794885
"K-08",1990,0,58.337022,-163.368165714286,4,-6.55436829794885
"K-08",1991,0,58.337022,-163.368165714286,4.8,-6.55436829794885
"K-08",1992,0,58.337022,-163.368165714286,3.9,-6.55436829794885
"K-08",1993,0,58.337022,-163.368165714286,4.7,-6.55436829794885
"K-08",1994,0,58.337022,-163.368165714286,3.1,-6.55436829794885
"K-08",1995,0,58.337022,-163.368165714286,3.2,-6.55436829794885
"K-08",1996,0,58.337022,-163.368165714286,4.5,-6.55436829794885
"K-08",1997,0,58.337022,-163.368165714286,4.5,-6.55436829794885
"K-08",1998,0,58.337022,-163.368165714286,4.7,-6.55436829794885
"K-08",1999,0,58.337022,-163.368165714286,0.5,-6.55436829794885
"K-08",2000,0,58.337022,-163.368165714286,1.8,-6.55436829794885
"K-08",2001,0,58.337022,-163.368165714286,3,-6.55436829794885
"K-08",2002,0,58.337022,-163.368165714286,4.4,-6.55436829794885
"K-08",2003,0,58.337022,-163.368165714286,5.2,-6.55436829794885
"K-08",2004,0,58.337022,-163.368165714286,4.5,-6.55436829794885
"K-08",2005,0,58.337022,-163.368165714286,NA,-6.55436829794885
"K-08",2006,0,58.337022,-163.368165714286,2.5,-6.55436829794885
"K-08",2007,0,58.337022,-163.368165714286,3.7,-6.55436829794885
"K-08",2008,0,58.337022,-163.368165714286,2.6,-6.55436829794885
"K-08",2009,0,58.337022,-163.368165714286,2.6,-6.55436829794885
"K-08",2010,0,58.337022,-163.368165714286,3,-6.55436829794885
"K-08",2011,0,58.337022,-163.368165714286,3.2,-6.55436829794885
"K-08",2012,0,58.337022,-163.368165714286,3.2,-6.55436829794885
"K-08",2013,0,58.337022,-163.368165714286,2.8,-6.55436829794885
"K-08",2014,0,58.337022,-163.368165714286,4.8,-6.55436829794885
"K-08",2015,0,58.337022,-163.368165714286,5,-6.55436829794885
"K-08",2016,0,58.337022,-163.368165714286,7.6,-6.55436829794885
"K-08",2017,0,58.337022,-163.368165714286,4.8,-6.55436829794885
"K-08",2018,0,58.337022,-163.368165714286,5.2,-6.55436829794885
"K-08",2019,0,58.337022,-163.368165714286,6.5,-6.55436829794885
"K-08",2021,0,58.337022,-163.368165714286,3.6,-6.55436829794885
"K-08",2022,0,58.337022,-163.368165714286,4.1,-6.55436829794885
"K-08",2023,0,58.337022,-163.368165714286,2.5,-6.55436829794885
"K-09",1988,0,58.3296485714286,-162.720071428571,3.2,-6.55436829794885
"K-09",1989,0,58.3296485714286,-162.720071428571,3.9,-6.55436829794885
"K-09",1990,0,58.3296485714286,-162.720071428571,3.2,-6.55436829794885
"K-09",1991,0,58.3296485714286,-162.720071428571,4.8,-6.55436829794885
"K-09",1992,0,58.3296485714286,-162.720071428571,4,-6.55436829794885
"K-09",1993,0,58.3296485714286,-162.720071428571,5,-6.55436829794885
"K-09",1994,0,58.3296485714286,-162.720071428571,3.6,-6.55436829794885
"K-09",1995,0,58.3296485714286,-162.720071428571,4,-6.55436829794885
"K-09",1996,0,58.3296485714286,-162.720071428571,4.6,-6.55436829794885
"K-09",1997,0,58.3296485714286,-162.720071428571,4.9,-6.55436829794885
"K-09",1998,0,58.3296485714286,-162.720071428571,4.3,-6.55436829794885
"K-09",1999,0,58.3296485714286,-162.720071428571,0.3,-6.55436829794885
"K-09",2000,0,58.3296485714286,-162.720071428571,NA,-6.55436829794885
"K-09",2001,0,58.3296485714286,-162.720071428571,3.3,-6.55436829794885
"K-09",2002,0,58.3296485714286,-162.720071428571,3.8,-6.55436829794885
"K-09",2003,0,58.3296485714286,-162.720071428571,4.8,-6.55436829794885
"K-09",2004,0,58.3296485714286,-162.720071428571,4.8,-6.55436829794885
"K-09",2005,0,58.3296485714286,-162.720071428571,6.1,-6.55436829794885
"K-09",2006,0,58.3296485714286,-162.720071428571,2.4,-6.55436829794885
"K-09",2007,0,58.3296485714286,-162.720071428571,4.4,-6.55436829794885
"K-09",2008,0,58.3296485714286,-162.720071428571,2.6,-6.55436829794885
"K-09",2009,0,58.3296485714286,-162.720071428571,2.6,-6.55436829794885
"K-09",2010,0,58.3296485714286,-162.720071428571,3.2,-6.55436829794885
"K-09",2011,0,58.3296485714286,-162.720071428571,3.6,-6.55436829794885
"K-09",2012,0,58.3296485714286,-162.720071428571,3,-6.55436829794885
"K-09",2013,0,58.3296485714286,-162.720071428571,3.3,-6.55436829794885
"K-09",2014,0,58.3296485714286,-162.720071428571,5.5,-6.55436829794885
"K-09",2015,0,58.3296485714286,-162.720071428571,4.8,-6.55436829794885
"K-09",2016,0,58.3296485714286,-162.720071428571,7.4,-6.55436829794885
"K-09",2017,0,58.3296485714286,-162.720071428571,5,-6.55436829794885
"K-09",2018,0,58.3296485714286,-162.720071428571,5.3,-6.55436829794885
"K-09",2019,0,58.3296485714286,-162.720071428571,7.8,-6.55436829794885
"K-09",2021,0,58.3296485714286,-162.720071428571,4.2,-6.55436829794885
"K-09",2022,0,58.3296485714286,-162.720071428571,4.8,-6.55436829794885
"K-09",2023,0,58.3296485714286,-162.720071428571,2.7,-6.55436829794885
"K-10",1988,0,58.3202525714286,-162.055734571429,3.8,-6.55436829794885
"K-10",1989,0,58.3202525714286,-162.055734571429,4.1,-6.55436829794885
"K-10",1990,0,58.3202525714286,-162.055734571429,NA,-6.55436829794885
"K-10",1991,0,58.3202525714286,-162.055734571429,4.7,-6.55436829794885
"K-10",1992,0,58.3202525714286,-162.055734571429,3.8,-6.55436829794885
"K-10",1993,0,58.3202525714286,-162.055734571429,NA,-6.55436829794885
"K-10",1994,0,58.3202525714286,-162.055734571429,0,-6.55436829794885
"K-10",1995,0,58.3202525714286,-162.055734571429,3.4,-6.55436829794885
"K-10",1996,0,58.3202525714286,-162.055734571429,5.6,-6.55436829794885
"K-10",1997,0,58.3202525714286,-162.055734571429,4.5,-6.55436829794885
"K-10",1998,0,58.3202525714286,-162.055734571429,4.4,-6.55436829794885
"K-10",1999,0,58.3202525714286,-162.055734571429,0.1,-6.55436829794885
"K-10",2000,0,58.3202525714286,-162.055734571429,2,-6.55436829794885
"K-10",2001,0,58.3202525714286,-162.055734571429,3.8,-6.55436829794885
"K-10",2002,0,58.3202525714286,-162.055734571429,3.3,-6.55436829794885
"K-10",2003,0,58.3202525714286,-162.055734571429,4.3,-6.55436829794885
"K-10",2004,0,58.3202525714286,-162.055734571429,5.2,-6.55436829794885
"K-10",2005,0,58.3202525714286,-162.055734571429,6.3,-6.55436829794885
"K-10",2006,0,58.3202525714286,-162.055734571429,1.9,-6.55436829794885
"K-10",2007,0,58.3202525714286,-162.055734571429,4.8,-6.55436829794885
"K-10",2008,0,58.3202525714286,-162.055734571429,3.5,-6.55436829794885
"K-10",2009,0,58.3202525714286,-162.055734571429,2.1,-6.55436829794885
"K-10",2010,0,58.3202525714286,-162.055734571429,3,-6.55436829794885
"K-10",2011,0,58.3202525714286,-162.055734571429,4.7,-6.55436829794885
"K-10",2012,0,58.3202525714286,-162.055734571429,3.1,-6.55436829794885
"K-10",2013,0,58.3202525714286,-162.055734571429,3.4,-6.55436829794885
"K-10",2014,0,58.3202525714286,-162.055734571429,5.9,-6.55436829794885
"K-10",2015,0,58.3202525714286,-162.055734571429,5,-6.55436829794885
"K-10",2016,0,58.3202525714286,-162.055734571429,6.9,-6.55436829794885
"K-10",2017,0,58.3202525714286,-162.055734571429,4.9,-6.55436829794885
"K-10",2018,0,58.3202525714286,-162.055734571429,5.4,-6.55436829794885
"K-10",2019,0,58.3202525714286,-162.055734571429,6.7,-6.55436829794885
"K-10",2021,0,58.3202525714286,-162.055734571429,4.2,-6.55436829794885
"K-10",2022,0,58.3202525714286,-162.055734571429,5,-6.55436829794885
"K-10",2023,0,58.3202525714286,-162.055734571429,2.7,-6.55436829794885
"K-11",1988,0,58.2372794285714,-161.517437714286,5.2,-6.55436829794885
"K-11",1989,0,58.2372794285714,-161.517437714286,4.9,-6.55436829794885
"K-11",1990,0,58.2372794285714,-161.517437714286,5,-6.55436829794885
"K-11",1991,0,58.2372794285714,-161.517437714286,3.8,-6.55436829794885
"K-11",1992,0,58.2372794285714,-161.517437714286,NA,-6.55436829794885
"K-11",1993,0,58.2372794285714,-161.517437714286,NA,-6.55436829794885
"K-11",1994,0,58.2372794285714,-161.517437714286,3.2,-6.55436829794885
"K-11",1995,0,58.2372794285714,-161.517437714286,3.6,-6.55436829794885
"K-11",1996,0,58.2372794285714,-161.517437714286,4.9,-6.55436829794885
"K-11",1997,0,58.2372794285714,-161.517437714286,4.1,-6.55436829794885
"K-11",1998,0,58.2372794285714,-161.517437714286,4.1,-6.55436829794885
"K-11",1999,0,58.2372794285714,-161.517437714286,0.6,-6.55436829794885
"K-11",2000,0,58.2372794285714,-161.517437714286,2.3,-6.55436829794885
"K-11",2001,0,58.2372794285714,-161.517437714286,4.2,-6.55436829794885
"K-11",2002,0,58.2372794285714,-161.517437714286,4.2,-6.55436829794885
"K-11",2003,0,58.2372794285714,-161.517437714286,5.3,-6.55436829794885
"K-11",2004,0,58.2372794285714,-161.517437714286,5.6,-6.55436829794885
"K-11",2005,0,58.2372794285714,-161.517437714286,5.3,-6.55436829794885
"K-11",2006,0,58.2372794285714,-161.517437714286,3.1,-6.55436829794885
"K-11",2007,0,58.2372794285714,-161.517437714286,4.9,-6.55436829794885
"K-11",2008,0,58.2372794285714,-161.517437714286,3.5,-6.55436829794885
"K-11",2009,0,58.2372794285714,-161.517437714286,2.1,-6.55436829794885
"K-11",2010,0,58.2372794285714,-161.517437714286,4.8,-6.55436829794885
"K-11",2011,0,58.2372794285714,-161.517437714286,4.2,-6.55436829794885
"K-11",2012,0,58.2372794285714,-161.517437714286,5.5,-6.55436829794885
"K-11",2013,0,58.2372794285714,-161.517437714286,4.7,-6.55436829794885
"K-11",2014,0,58.2372794285714,-161.517437714286,5.5,-6.55436829794885
"K-11",2015,0,58.2372794285714,-161.517437714286,5,-6.55436829794885
"K-11",2016,0,58.2372794285714,-161.517437714286,6.4,-6.55436829794885
"K-11",2017,0,58.2372794285714,-161.517437714286,4.2,-6.55436829794885
"K-11",2018,0,58.2372794285714,-161.517437714286,5.1,-6.55436829794885
"K-11",2019,0,58.2372794285714,-161.517437714286,6.6,-6.55436829794885
"K-11",2021,0,58.2372794285714,-161.517437714286,4.7,-6.55436829794885
"K-11",2022,0,58.2372794285714,-161.517437714286,4.4,-6.55436829794885
"K-11",2023,0,58.2372794285714,-161.517437714286,3,-6.55436829794885
"K-12",1988,0,58.3058762857143,-160.785528857143,7.1,-6.55436829794885
"K-12",1989,0,58.3058762857143,-160.785528857143,6.3,-6.55436829794885
"K-12",1990,0,58.3058762857143,-160.785528857143,NA,-6.55436829794885
"K-12",1991,0,58.3058762857143,-160.785528857143,4.1,-6.55436829794885
"K-12",1992,0,58.3058762857143,-160.785528857143,NA,-6.55436829794885
"K-12",1993,0,58.3058762857143,-160.785528857143,NA,-6.55436829794885
"K-12",1994,0,58.3058762857143,-160.785528857143,6.2,-6.55436829794885
"K-12",1995,0,58.3058762857143,-160.785528857143,6.2,-6.55436829794885
"K-12",1996,0,58.3058762857143,-160.785528857143,7.4,-6.55436829794885
"K-12",1997,0,58.3058762857143,-160.785528857143,9.8,-6.55436829794885
"K-12",1998,0,58.3058762857143,-160.785528857143,5.9,-6.55436829794885
"K-12",1999,0,58.3058762857143,-160.785528857143,3.3,-6.55436829794885
"K-12",2000,0,58.3058762857143,-160.785528857143,5.1,-6.55436829794885
"K-12",2001,0,58.3058762857143,-160.785528857143,7.1,-6.55436829794885
"K-12",2002,0,58.3058762857143,-160.785528857143,5.7,-6.55436829794885
"K-12",2003,0,58.3058762857143,-160.785528857143,7.7,-6.55436829794885
"K-12",2004,0,58.3058762857143,-160.785528857143,6,-6.55436829794885
"K-12",2005,0,58.3058762857143,-160.785528857143,6.6,-6.55436829794885
"K-12",2006,0,58.3058762857143,-160.785528857143,5.2,-6.55436829794885
"K-12",2007,0,58.3058762857143,-160.785528857143,5.3,-6.55436829794885
"K-12",2008,0,58.3058762857143,-160.785528857143,2.9,-6.55436829794885
"K-12",2009,0,58.3058762857143,-160.785528857143,3.3,-6.55436829794885
"K-12",2010,0,58.3058762857143,-160.785528857143,6.4,-6.55436829794885
"K-12",2011,0,58.3058762857143,-160.785528857143,4.9,-6.55436829794885
"K-12",2012,0,58.3058762857143,-160.785528857143,7,-6.55436829794885
"K-12",2013,0,58.3058762857143,-160.785528857143,6.1,-6.55436829794885
"K-12",2014,0,58.3058762857143,-160.785528857143,7.3,-6.55436829794885
"K-12",2015,0,58.3058762857143,-160.785528857143,6.6,-6.55436829794885
"K-12",2016,0,58.3058762857143,-160.785528857143,7.5,-6.55436829794885
"K-12",2017,0,58.3058762857143,-160.785528857143,6.2,-6.55436829794885
"K-12",2018,0,58.3058762857143,-160.785528857143,7.2,-6.55436829794885
"K-12",2019,0,58.3058762857143,-160.785528857143,6.8,-6.55436829794885
"K-12",2021,0,58.3058762857143,-160.785528857143,6.9,-6.55436829794885
"K-12",2022,0,58.3058762857143,-160.785528857143,5.4,-6.55436829794885
"K-12",2023,0,58.3058762857143,-160.785528857143,3.4,-6.55436829794885
"K-13",1989,0,58.2748661764706,-160.003699411765,5,-6.55436829794885
"K-13",1990,0,58.2748661764706,-160.003699411765,4.3,-6.55436829794885
"K-13",1991,0,58.2748661764706,-160.003699411765,4.8,-6.55436829794885
"K-13",1992,0,58.2748661764706,-160.003699411765,NA,-6.55436829794885
"K-13",1993,0,58.2748661764706,-160.003699411765,NA,-6.55436829794885
"K-13",1994,0,58.2748661764706,-160.003699411765,2.7,-6.55436829794885
"K-13",1995,0,58.2748661764706,-160.003699411765,2.4,-6.55436829794885
"K-13",1996,0,58.2748661764706,-160.003699411765,4.3,-6.55436829794885
"K-13",1997,0,58.2748661764706,-160.003699411765,5,-6.55436829794885
"K-13",1998,0,58.2748661764706,-160.003699411765,4.7,-6.55436829794885
"K-13",1999,0,58.2748661764706,-160.003699411765,0.7,-6.55436829794885
"K-13",2000,0,58.2748661764706,-160.003699411765,4.1,-6.55436829794885
"K-13",2001,0,58.2748661764706,-160.003699411765,4,-6.55436829794885
"K-13",2002,0,58.2748661764706,-160.003699411765,5,-6.55436829794885
"K-13",2003,0,58.2748661764706,-160.003699411765,4.9,-6.55436829794885
"K-13",2004,0,58.2748661764706,-160.003699411765,3,-6.55436829794885
"K-13",2005,0,58.2748661764706,-160.003699411765,5.7,-6.55436829794885
"K-13",2006,0,58.2748661764706,-160.003699411765,3.1,-6.55436829794885
"K-13",2007,0,58.2748661764706,-160.003699411765,4.9,-6.55436829794885
"K-13",2008,0,58.2748661764706,-160.003699411765,1.3,-6.55436829794885
"K-13",2009,0,58.2748661764706,-160.003699411765,2.4,-6.55436829794885
"K-13",2010,0,58.2748661764706,-160.003699411765,2.5,-6.55436829794885
"K-13",2011,0,58.2748661764706,-160.003699411765,3.6,-6.55436829794885
"K-13",2012,0,58.2748661764706,-160.003699411765,1.8,-6.55436829794885
"K-13",2013,0,58.2748661764706,-160.003699411765,6.4,-6.55436829794885
"K-13",2014,0,58.2748661764706,-160.003699411765,5.6,-6.55436829794885
"K-13",2015,0,58.2748661764706,-160.003699411765,4.7,-6.55436829794885
"K-13",2016,0,58.2748661764706,-160.003699411765,6.9,-6.55436829794885
"K-13",2017,0,58.2748661764706,-160.003699411765,4.8,-6.55436829794885
"K-13",2018,0,58.2748661764706,-160.003699411765,4.7,-6.55436829794885
"K-13",2019,0,58.2748661764706,-160.003699411765,6.4,-6.55436829794885
"K-13",2021,0,58.2748661764706,-160.003699411765,4.1,-6.55436829794885
"K-13",2022,0,58.2748661764706,-160.003699411765,4.4,-6.55436829794885
"K-13",2023,0,58.2748661764706,-160.003699411765,2.8,-6.55436829794885
"K-14",1988,0,58.330404,-159.548838,5.7,-6.55436829794885
"K-14",1989,0,58.330404,-159.548838,4.5,-6.55436829794885
"K-14",1990,0,58.330404,-159.548838,NA,-6.55436829794885
"K-14",1991,0,58.330404,-159.548838,5.9,-6.55436829794885
"K-14",1992,0,58.330404,-159.548838,5.1,-6.55436829794885
"K-14",1993,0,58.330404,-159.548838,NA,-6.55436829794885
"K-14",1994,0,58.330404,-159.548838,3.9,-6.55436829794885
"K-14",1995,0,58.330404,-159.548838,4.5,-6.55436829794885
"K-14",1996,0,58.330404,-159.548838,5.6,-6.55436829794885
"K-14",1997,0,58.330404,-159.548838,5.8,-6.55436829794885
"K-14",1998,0,58.330404,-159.548838,6.3,-6.55436829794885
"K-14",1999,0,58.330404,-159.548838,1,-6.55436829794885
"K-14",2000,0,58.330404,-159.548838,4.2,-6.55436829794885
"K-14",2001,0,58.330404,-159.548838,5,-6.55436829794885
"K-14",2002,0,58.330404,-159.548838,5.5,-6.55436829794885
"K-14",2003,0,58.330404,-159.548838,5.2,-6.55436829794885
"K-14",2004,0,58.330404,-159.548838,4.7,-6.55436829794885
"K-14",2005,0,58.330404,-159.548838,6.8,-6.55436829794885
"K-14",2006,0,58.330404,-159.548838,3.4,-6.55436829794885
"K-14",2007,0,58.330404,-159.548838,4.4,-6.55436829794885
"K-14",2008,0,58.330404,-159.548838,2.3,-6.55436829794885
"K-14",2009,0,58.330404,-159.548838,3.3,-6.55436829794885
"K-14",2010,0,58.330404,-159.548838,3.7,-6.55436829794885
"K-14",2011,0,58.330404,-159.548838,5.6,-6.55436829794885
"K-14",2012,0,58.330404,-159.548838,2.8,-6.55436829794885
"K-14",2013,0,58.330404,-159.548838,4.6,-6.55436829794885
"K-14",2014,0,58.330404,-159.548838,7.2,-6.55436829794885
"K-14",2015,0,58.330404,-159.548838,5.2,-6.55436829794885
"K-14",2016,0,58.330404,-159.548838,8.4,-6.55436829794885
"K-14",2017,0,58.330404,-159.548838,5.7,-6.55436829794885
"K-14",2018,0,58.330404,-159.548838,6.2,-6.55436829794885
"K-14",2019,0,58.330404,-159.548838,8.1,-6.55436829794885
"K-14",2021,0,58.330404,-159.548838,4.9,-6.55436829794885
"K-14",2022,0,58.330404,-159.548838,5.6,-6.55436829794885
"K-14",2023,0,58.330404,-159.548838,3.1,-6.55436829794885
"K-18",1988,1532.88579733547,58.3316352353506,-168.46835771854,1.1,7.33490830879282
"K-18",1989,3276.77987616028,58.3316352353506,-168.46835771854,3,8.09461690861466
"K-18",1990,1217.07306934641,58.3316352353506,-168.46835771854,NA,7.10420530165529
"K-18",1991,70221.1134355755,58.3316352353506,-168.46835771854,1.5,11.159404326262
"K-18",1992,163965.328710373,58.3316352353506,-168.46835771854,1.5,12.0074102828375
"K-18",1993,80194.5127350135,58.3316352353506,-168.46835771854,1.7,11.2922103895063
"K-18",1994,22423.7485826943,58.3316352353506,-168.46835771854,-1.1,10.0178759443066
"K-18",1995,42.3413881733424,58.3316352353506,-168.46835771854,0.6,3.74579867954744
"K-18",1996,154.878257523875,58.3316352353506,-168.46835771854,1.8,5.04264856648797
"K-18",1997,0,58.3316352353506,-168.46835771854,1,-6.55436829794885
"K-18",1998,19.6064012636773,58.3316352353506,-168.46835771854,2.9,2.97592872868959
"K-18",1999,64.7369991157815,58.3316352353506,-168.46835771854,-0.5,4.17035488919359
"K-18",2000,61.7843780134589,58.3316352353506,-168.46835771854,1.5,4.12367359527764
"K-18",2001,562.072378024348,58.3316352353506,-168.46835771854,1.5,6.33163316139011
"K-18",2002,42.6890212091769,58.3316352353506,-168.46835771854,2.3,3.75397512683942
"K-18",2003,0,58.3316352353506,-168.46835771854,2.6,-6.55436829794885
"K-18",2004,19.0532704783761,58.3316352353506,-168.46835771854,2.7,2.94731349433512
"K-18",2005,253.850773785679,58.3316352353506,-168.46835771854,2.1,5.5367521987037
"K-18",2006,17039.542210219,58.3316352353506,-168.46835771854,-0.7,9.74329201798833
"K-18",2007,21898.748414158,58.3316352353506,-168.46835771854,0.4,9.99418482915418
"K-18",2008,164.489766778473,58.3316352353506,-168.46835771854,0,5.10285701655581
"K-18",2009,21.7239253965721,58.3316352353506,-168.46835771854,-0.8,3.07847974828916
"K-18",2010,0,58.3316352353506,-168.46835771854,-0.8,-6.55436829794885
"K-18",2011,87.8182440948157,58.3316352353506,-168.46835771854,1.2,4.47528548440299
"K-18",2012,47.9301698900319,58.3316352353506,-168.46835771854,0.7,3.8697748646964
"K-18",2013,338.432264502551,58.3316352353506,-168.46835771854,1,5.82432817474106
"K-18",2014,44.5685354010297,58.3316352353506,-168.46835771854,1.9,3.79706007340817
"K-18",2015,20.7399793006196,58.3316352353506,-168.46835771854,2.3,3.03213185637935
"K-18",2016,0,58.3316352353506,-168.46835771854,4.5,-6.55436829794885
"K-18",2017,21.0137404241307,58.3316352353506,-168.46835771854,0.6,3.04524428694581
"K-18",2018,0,58.3316352353506,-168.46835771854,4.2,-6.55436829794885
"K-18",2019,0,58.3316352353506,-168.46835771854,3.4,-6.55436829794885
"K-18",2021,45.902355010069,58.3316352353506,-168.46835771854,3.4,3.82654744248205
"K-18",2022,0,58.3316352353506,-168.46835771854,0.8,-6.55436829794885
"K-18",2023,0,58.3316352353506,-168.46835771854,1.4,-6.55436829794885
"K-19",1988,20259.7122524657,58.330866363806,-169.117401005597,1.2,9.91638964524218
"K-19",1989,5243.23311513565,58.330866363806,-169.117401005597,3.5,8.56469386531561
"K-19",1990,190819.10734624,58.330866363806,-169.117401005597,0.7,12.1590811837684
"K-19",1991,19025.8182736586,58.330866363806,-169.117401005597,1.5,9.8535522670864
"K-19",1992,15561.3591428141,58.330866363806,-169.117401005597,-0.5,9.65254623392876
"K-19",1993,538.764171208788,58.330866363806,-169.117401005597,2.3,6.28928058780335
"K-19",1994,5492.1551571311,58.330866363806,-169.117401005597,-1.1,8.61107627722673
"K-19",1995,185.834863152238,58.330866363806,-169.117401005597,-0.4,5.22486610889477
"K-19",1996,0,58.330866363806,-169.117401005597,1.6,-6.55436829794885
"K-19",1997,0,58.330866363806,-169.117401005597,0.5,-6.55436829794885
"K-19",1998,0,58.330866363806,-169.117401005597,1.8,-6.55436829794885
"K-19",1999,0,58.330866363806,-169.117401005597,-0.2,-6.55436829794885
"K-19",2000,0,58.330866363806,-169.117401005597,NA,-6.55436829794885
"K-19",2001,125.982729531041,58.330866363806,-169.117401005597,1.5,4.83615613247945
"K-19",2002,43.238043347487,58.330866363806,-169.117401005597,2.5,3.7667536714541
"K-19",2003,0,58.330866363806,-169.117401005597,2.5,-6.55436829794885
"K-19",2004,21.2119736538337,58.330866363806,-169.117401005597,2.1,3.05463294131571
"K-19",2005,25391.0844850328,58.330866363806,-169.117401005597,2.2,10.1421534429419
"K-19",2007,12409.4923615341,58.330866363806,-169.117401005597,-0.1,9.42621708650578
"K-19",2008,2825.88912858578,58.330866363806,-169.117401005597,-0.2,7.94657883371453
"K-19",2009,0,58.330866363806,-169.117401005597,-0.6,-6.55436829794885
"K-19",2010,42.2688204593515,58.330866363806,-169.117401005597,-1.4,3.74408339505415
"K-19",2011,63.459071580249,58.330866363806,-169.117401005597,1.2,4.15041759359859
"K-19",2012,10965.9869733557,58.330866363806,-169.117401005597,-0.1,9.30255379789648
"K-19",2013,12638.1784479336,58.330866363806,-169.117401005597,0.3,9.44447765984927
"K-19",2014,17895.1117534742,58.330866363806,-169.117401005597,1.4,9.79228294770408
"K-19",2015,32822.0292998679,58.330866363806,-169.117401005597,1.7,10.398855237311
"K-19",2016,0,58.330866363806,-169.117401005597,4.2,-6.55436829794885
"K-19",2017,21.1848630270201,58.330866363806,-169.117401005597,1,3.0533541284725
"K-19",2018,114.856850035761,58.330866363806,-169.117401005597,3.9,4.74369896761832
"K-19",2019,0,58.330866363806,-169.117401005597,3.3,-6.55436829794885
"K-19",2021,0,58.330866363806,-169.117401005597,3.4,-6.55436829794885
"K-19",2022,21.1771577266804,58.330866363806,-169.117401005597,0.9,3.05299036950455
"K-19",2023,120.3828223266,58.330866363806,-169.117401005597,0.6,4.79068867887062
"K-20",1988,1226.221861393,58.3385684699739,-169.73605372846,0.9,7.11169422493384
"K-20",1989,344.470451302736,58.3385684699739,-169.73605372846,2.7,5.84201244759937
"K-20",1990,2672.70944546126,58.3385684699739,-169.73605372846,0.7,7.89084854318904
"K-20",1991,16459.5291161007,58.3385684699739,-169.73605372846,NA,9.70865995255961
"K-20",1992,1766.44009167606,58.3385684699739,-169.73605372846,-0.7,7.47672235872671
"K-20",1993,3113.78045923672,58.3385684699739,-169.73605372846,2.2,8.04359330598403
"K-20",1994,5409.01079144848,58.3385684699739,-169.73605372846,NA,8.59582177020323
"K-20",1995,597.11612473575,58.3385684699739,-169.73605372846,-0.9,6.39211399286786
"K-20",1996,39.6347049806599,58.3385684699739,-169.73605372846,1.5,3.67974104734467
"K-20",1997,0,58.3385684699739,-169.73605372846,0.7,-6.55436829794885
"K-20",1998,39.6471866324257,58.3385684699739,-169.73605372846,1.3,3.68005590369576
"K-20",1999,0,58.3385684699739,-169.73605372846,-0.3,-6.55436829794885
"K-20",2000,44.0053405187087,58.3385684699739,-169.73605372846,NA,3.78434335848296
"K-20",2001,65.7396833084086,58.3385684699739,-169.73605372846,1.7,4.18572441005441
"K-20",2002,66.3801443613578,58.3385684699739,-169.73605372846,3.1,4.19541943125244
"K-20",2003,0,58.3385684699739,-169.73605372846,3.1,-6.55436829794885
"K-20",2004,0,58.3385684699739,-169.73605372846,3.1,-6.55436829794885
"K-20",2005,8787.23578512339,58.3385684699739,-169.73605372846,2.6,9.08105563057991
"K-20",2006,279.51942416568,58.3385684699739,-169.73605372846,-0.8,5.63307688032409
"K-20",2007,1125.10104673572,58.3385684699739,-169.73605372846,-0.7,7.02562939548411
"K-20",2008,105.002291235145,58.3385684699739,-169.73605372846,-0.8,4.65399573160014
"K-20",2009,68.8273321669042,58.3385684699739,-169.73605372846,-0.3,4.23162162344377
"K-20",2010,20.7686869383981,58.3385684699739,-169.73605372846,-1.4,3.03351497347563
"K-20",2011,2936.83256126436,58.3385684699739,-169.73605372846,1.1,7.98508740428484
"K-20",2012,11223.6586937522,58.3385684699739,-169.73605372846,-0.6,9.32577933957346
"K-20",2013,13536.4063712789,58.3385684699739,-169.73605372846,-0.5,9.51313820810327
"K-20",2014,4007.3886395315,58.3385684699739,-169.73605372846,1.7,8.29589545139715
"K-20",2015,481.380553407377,58.3385684699739,-169.73605372846,1.6,6.17666108652897
"K-20",2016,0,58.3385684699739,-169.73605372846,4.1,-6.55436829794885
"K-20",2017,299.572703423023,58.3385684699739,-169.73605372846,1.4,5.70236189045435
"K-20",2018,1206.76987343368,58.3385684699739,-169.73605372846,3.7,7.09570372287522
"K-20",2019,131.613328573312,58.3385684699739,-169.73605372846,3.2,4.87987911333305
"K-20",2021,67.3887700678541,58.3385684699739,-169.73605372846,3.1,4.21049951697604
"K-20",2022,20.1078221355085,58.3385684699739,-169.73605372846,0.4,3.00117971017073
"K-20",2023,19.8110810544942,58.3385684699739,-169.73605372846,0.9,2.98631330080069
"K-21",1988,465.019517102819,58.33397,-170.383133275275,-0.1,6.14208243894941
"K-21",1989,143.64389831656,58.33397,-170.383133275275,3.1,4.96734722101491
"K-21",1990,4287.96902129965,58.33397,-170.383133275275,2.5,8.36356881027859
"K-21",1991,11896.850275129,58.33397,-170.383133275275,0.2,9.38402908098831
"K-21",1992,7733.36263401755,58.33397,-170.383133275275,-1,8.95329924198266
"K-21",1993,355.671026112246,58.33397,-170.383133275275,1.4,5.87401022302899
"K-21",1994,5657.36217807637,58.33397,-170.383133275275,-1.6,8.64071326797418
"K-21",1995,497.250614395359,58.33397,-170.383133275275,1.2,6.20909701682555
"K-21",1996,68.4633021672152,58.33397,-170.383133275275,2.3,4.22631866445095
"K-21",1997,0,58.33397,-170.383133275275,1,-6.55436829794885
"K-21",1998,0,58.33397,-170.383133275275,1.5,-6.55436829794885
"K-21",1999,0,58.33397,-170.383133275275,-0.4,-6.55436829794885
"K-21",2000,54.8248196367705,58.33397,-170.383133275275,2.1,4.0041689756486
"K-21",2001,177.377963402842,58.33397,-170.383133275275,NA,5.17829086969098
"K-21",2002,133.20853143045,58.33397,-170.383133275275,0.9,4.89192649489677
"K-21",2003,115.433702558211,58.33397,-170.383133275275,2.9,4.748708696321
"K-21",2004,20.8111252490799,58.33397,-170.383133275275,1.2,3.03555612839287
"K-21",2005,153551.000791139,58.33397,-170.383133275275,3,11.9417880528097
"K-21",2006,255.899704575407,58.33397,-170.383133275275,-0.9,5.54479115291553
"K-21",2007,4565.94337882292,58.33397,-170.383133275275,-1.2,8.42638073825298
"K-21",2008,123.555442701892,58.33397,-170.383133275275,-0.5,4.81670150825929
"K-21",2009,163.292822853842,58.33397,-170.383133275275,-0.4,5.09555376809978
"K-21",2010,163.747810462844,58.33397,-170.383133275275,-1.2,5.09833619874807
"K-21",2011,4315.28547925024,58.33397,-170.383133275275,0.1,8.36991909102498
"K-21",2012,8973.21375613065,58.33397,-170.383133275275,-0.6,9.10199932784332
"K-21",2013,22197.3232342102,58.33397,-170.383133275275,-1.1,10.0077270497016
"K-21",2014,20371.8186428729,58.33397,-170.383133275275,1.6,9.92190785558551
"K-21",2015,10435.1863372619,58.33397,-170.383133275275,0.5,9.25293881275086
"K-21",2016,2744.86738486868,58.33397,-170.383133275275,3.7,7.91748855999669
"K-21",2017,17710.2775496768,58.33397,-170.383133275275,1.6,9.78190048297121
"K-21",2018,1675.71234963436,58.33397,-170.383133275275,3.6,7.42399448693273
"K-21",2019,0,58.33397,-170.383133275275,3.5,-6.55436829794885
"K-21",2021,19.8763640876649,58.33397,-170.383133275275,3.4,2.98960292590864
"K-21",2022,0,58.33397,-170.383133275275,0,-6.55436829794885
"K-21",2023,30151.0951293306,58.33397,-170.383133275275,-0.2,10.3139765714181
"K-22",1988,589.329127068851,58.3376404133717,-171.017986213156,-0.3,6.37898723328118
"K-22",1989,286.575743632069,58.3376404133717,-171.017986213156,3,5.65800784548681
"K-22",1990,258.707488110083,58.3376404133717,-171.017986213156,0.2,5.55570353773715
"K-22",1991,0,58.3376404133717,-171.017986213156,0.5,-6.55436829794885
"K-22",1992,203.651293354531,58.3376404133717,-171.017986213156,-0.4,5.31641617668443
"K-22",1993,182.559652778315,58.3376404133717,-171.017986213156,2.3,5.20708478366631
"K-22",1994,62.7517071479355,58.3376404133717,-171.017986213156,NA,4.13920847365932
"K-22",1995,2776.21844385349,58.3376404133717,-171.017986213156,-0.3,7.92884552156506
"K-22",1996,951.903266768107,58.3376404133717,-171.017986213156,2.3,6.85846491491626
"K-22",1997,63.4409764982134,58.3376404133717,-171.017986213156,2.6,4.15013241362633
"K-22",1998,57.8407943727657,58.3376404133717,-171.017986213156,2.1,4.05771892868526
"K-22",1999,86.0561020448934,58.3376404133717,-171.017986213156,0.2,4.45501597876279
"K-22",2000,77.2820763781238,58.3376404133717,-171.017986213156,2,4.34748048210029
"K-22",2001,20.9080022177585,58.3376404133717,-171.017986213156,1.8,3.04020006685684
"K-22",2002,20.0132160087201,58.3376404133717,-171.017986213156,2.6,2.99646400031527
"K-22",2003,1067.42917547852,58.3376404133717,-171.017986213156,3.6,6.97300973068079
"K-22",2004,346.891762938507,58.3376404133717,-171.017986213156,1.4,5.84901691359995
"K-22",2005,7974.48728431396,58.3376404133717,-171.017986213156,3,8.98400281377284
"K-22",2006,19.3007546400284,58.3376404133717,-171.017986213156,0.3,2.96021796633247
"K-22",2007,466.235163289865,58.3376404133717,-171.017986213156,-0.5,6.14469320308454
"K-22",2008,703.201780894539,58.3376404133717,-171.017986213156,0.9,6.55564590377894
"K-22",2009,80.3962489193084,58.3376404133717,-171.017986213156,-0.9,4.38698523050929
"K-22",2010,20.3711971009285,58.3376404133717,-171.017986213156,0.3,3.01419189073827
"K-22",2011,623.89925327092,58.3376404133717,-171.017986213156,1.6,6.43599118447113
"K-22",2012,822.315305917919,58.3376404133717,-171.017986213156,-1.3,6.71212563689937
"K-22",2013,4792.16451712907,58.3376404133717,-171.017986213156,-0.1,8.4747377679543
"K-22",2014,14602.5815357554,58.3376404133717,-171.017986213156,1.5,9.58895370709247
"K-22",2015,41000.5414051422,58.3376404133717,-171.017986213156,1.2,10.6213405853311
"K-22",2016,3804.33950710731,58.3376404133717,-171.017986213156,2.9,8.24389804398926
"K-22",2017,0,58.3376404133717,-171.017986213156,1.5,-6.55436829794885
"K-22",2018,260.005851382321,58.3376404133717,-171.017986213156,3.6,5.5607096124101
"K-22",2019,0,58.3376404133717,-171.017986213156,3.7,-6.55436829794885
"K-22",2021,20.0408505174012,58.3376404133717,-171.017986213156,3.3,2.99784376276352
"K-22",2022,87.0217152722721,58.3376404133717,-171.017986213156,-0.6,4.46617405058264
"K-22",2023,399.941402588209,58.3376404133717,-171.017986213156,1.6,5.99132160306762
"K-23",1988,113.164906973616,58.3329621530081,-171.649154507343,1.8,4.72885869092419
"K-23",1989,6200.60332108802,58.3329621530081,-171.649154507343,3,8.73240210578782
"K-23",1990,85.026159528986,58.3329621530081,-171.649154507343,0.6,4.4429757145662
"K-23",1991,156.913201576561,58.3329621530081,-171.649154507343,1.1,5.05570187055478
"K-23",1992,61.8437196082215,58.3329621530081,-171.649154507343,1.6,4.12463357498393
"K-23",1993,182.053178068041,58.3329621530081,-171.649154507343,2.6,5.20430665279738
"K-23",1994,29830.3645612433,58.3329621530081,-171.649154507343,NA,10.3032821464622
"K-23",1995,832.831662361007,58.3329621530081,-171.649154507343,0.3,6.72483324542977
"K-23",1996,2846.16594949436,58.3329621530081,-171.649154507343,3.1,7.95372858696146
"K-23",1997,20.9608836166813,58.3329621530081,-171.649154507343,2.5,3.04272594398175
"K-23",1998,4313.52887462487,58.3329621530081,-171.649154507343,2.2,8.36951194260392
"K-23",1999,0,58.3329621530081,-171.649154507343,0.7,-6.55436829794885
"K-23",2000,168.622331832741,58.3329621530081,-171.649154507343,2.5,5.1276699354928
"K-23",2001,59.0451980330152,58.3329621530081,-171.649154507343,2,4.07832733381083
"K-23",2002,55.1521415001746,58.3329621530081,-171.649154507343,2.7,4.01012139242631
"K-23",2003,19.270730219849,58.3329621530081,-171.649154507343,4.1,2.95866126143571
"K-23",2004,40.9127695697866,58.3329621530081,-171.649154507343,2.5,3.71147703101073
"K-23",2005,103.733888119123,58.3329621530081,-171.649154507343,2.9,4.64184257801567
"K-23",2006,99.7755178020426,58.3329621530081,-171.649154507343,0.9,4.6029371113728
"K-23",2007,2127.04444257939,58.3329621530081,-171.649154507343,0.5,7.66248937888943
"K-23",2008,614.751611117585,58.3329621530081,-171.649154507343,1.1,6.42122061804977
"K-23",2009,423.505334680015,58.3329621530081,-171.649154507343,-0.3,6.04856947278901
"K-23",2010,144.365656371293,58.3329621530081,-171.649154507343,1.8,4.97235922438336
"K-23",2011,227.591231793174,58.3329621530081,-171.649154507343,1.7,5.42755743316926
"K-23",2012,39.2477211557984,58.3329621530081,-171.649154507343,0.1,3.66992966151603
"K-23",2013,19.2153897575243,58.3329621530081,-171.649154507343,1.1,2.9557856062177
"K-23",2014,0,58.3329621530081,-171.649154507343,2.6,-6.55436829794885
"K-23",2015,38.2771712130269,58.3329621530081,-171.649154507343,0.6,3.64489086515575
"K-23",2016,101.629530551423,58.3329621530081,-171.649154507343,3,4.62134815836284
"K-23",2017,2133.18443751136,58.3329621530081,-171.649154507343,2.9,7.6653718508184
"K-23",2018,107.266694924581,58.3329621530081,-171.649154507343,3.3,4.67533148346137
"K-23",2019,27665.7969769551,58.3329621530081,-171.649154507343,3.7,10.2279522145159
"K-23",2021,234.087464299973,58.3329621530081,-171.649154507343,3.2,5.45570090725337
"K-23",2022,20.6382232003977,58.3329621530081,-171.649154507343,-0.6,3.02721384174866
"K-23",2023,0,58.3329621530081,-171.649154507343,2.3,-6.55436829794885
"K-24",1988,64785.0441415286,58.3357955896021,-172.298963479524,1.8,11.0788300773954
"K-24",1989,109796.636711573,58.3357955896021,-172.298963479524,2.9,11.6063851895146
"K-24",1990,30387.0685425976,58.3357955896021,-172.298963479524,-1.5,10.3217724668658
"K-24",1991,161678.719149276,58.3357955896021,-172.298963479524,1.5,11.9933664387184
"K-24",1992,16757.7552487215,58.3357955896021,-172.298963479524,1.1,9.72661651499403
"K-24",1993,43479.8815955376,58.3357955896021,-172.298963479524,3,10.6800536507858
"K-24",1994,13926.5616476514,58.3357955896021,-172.298963479524,0.5,9.54155330779823
"K-24",1995,38304.8704414743,58.3357955896021,-172.298963479524,0.8,10.55333236983
"K-24",1996,48324.2997517877,58.3357955896021,-172.298963479524,3.2,10.7856898430443
"K-24",1997,72528.1203518087,58.3357955896021,-172.298963479524,3,11.1917296521955
"K-24",1998,40339.2121181638,58.3357955896021,-172.298963479524,2.4,10.6050793155831
"K-24",1999,18908.181508522,58.3357955896021,-172.298963479524,1.1,9.84735006673432
"K-24",2000,370797.171624905,58.3357955896021,-172.298963479524,NA,12.8234104887203
"K-24",2001,120807.091651746,58.3357955896021,-172.298963479524,2.4,11.7019502802725
"K-24",2002,93580.7015932783,58.3357955896021,-172.298963479524,3,11.4465794768643
"K-24",2003,184034.459519011,58.3357955896021,-172.298963479524,4.1,12.1228783067881
"K-24",2004,144678.276601756,58.3357955896021,-172.298963479524,3,11.8822677840436
"K-24",2005,67258.3916623197,58.3357955896021,-172.298963479524,3.2,11.1162970939325
"K-24",2006,26909.35797953,58.3357955896021,-172.298963479524,1.6,10.2002294382875
"K-24",2007,156674.229850716,58.3357955896021,-172.298963479524,1,11.9619239685839
"K-24",2008,106159.355923114,58.3357955896021,-172.298963479524,1.4,11.5726966153611
"K-24",2009,59668.5943555673,58.3357955896021,-172.298963479524,0.8,10.9965611271313
"K-24",2010,20213.4400944168,58.3357955896021,-172.298963479524,2.5,9.91410308379241
"K-24",2011,95838.7769103977,58.3357955896021,-172.298963479524,2.2,11.4704226663386
"K-24",2012,244071.865050858,58.3357955896021,-172.298963479524,0.4,12.405217995641
"K-24",2013,170952.372517515,58.3357955896021,-172.298963479524,1.5,12.0491402817297
"K-24",2014,85030.3259378145,58.3357955896021,-172.298963479524,2.5,11.3507632643277
"K-24",2015,31345.2988775813,58.3357955896021,-172.298963479524,1.1,10.3528196241842
"K-24",2016,64490.4320363137,58.3357955896021,-172.298963479524,3.4,11.074272173337
"K-24",2017,87342.8223844253,58.3357955896021,-172.298963479524,3.1,11.3775961577318
"K-24",2018,169551.489379049,58.3357955896021,-172.298963479524,3.4,12.0409119402189
"K-24",2019,54890.2824305117,58.3357955896021,-172.298963479524,3.6,10.9130916328622
"K-24",2021,0,58.3357955896021,-172.298963479524,3,-6.55436829794885
"K-24",2022,56.8554366262954,58.3357955896021,-172.298963479524,0.7,4.04053689028321
"K-24",2023,0,58.3357955896021,-172.298963479524,2.8,-6.55436829794885
"K-25",1988,0,58.3336623191145,-172.927257462203,2,-6.55436829794885
"K-25",1989,733.042415417719,58.3336623191145,-172.927257462203,3.1,6.59720550814702
"K-25",1990,0,58.3336623191145,-172.927257462203,1.8,-6.55436829794885
"K-25",1991,534.473287174327,58.3336623191145,-172.927257462203,1.7,6.28128441607428
"K-25",1992,150.967271063889,58.3336623191145,-172.927257462203,1.7,5.01707249708273
"K-25",1993,275.820666968934,58.3336623191145,-172.927257462203,3.2,5.61975605950831
"K-25",1994,19722.6076250353,58.3336623191145,-172.927257462203,NA,9.88952092411696
"K-25",1995,43314.683388194,58.3336623191145,-172.927257462203,2.1,10.6762469976517
"K-25",1996,422.508381739198,58.3336623191145,-172.927257462203,3.3,6.04621265509892
"K-25",1997,513.961894722613,58.3336623191145,-172.927257462203,2.8,6.24215189832623
"K-25",1998,403.153326524629,58.3336623191145,-172.927257462203,2.5,5.99932048428542
"K-25",1999,609.590285602687,58.3336623191145,-172.927257462203,1.6,6.41278940435335
"K-25",2000,776.617853640328,58.3336623191145,-172.927257462203,2.8,6.65495023996448
"K-25",2001,117.624870201463,58.3336623191145,-172.927257462203,2.8,4.76751259961773
"K-25",2002,6835.85160786921,58.3336623191145,-172.927257462203,3.3,8.82993654484569
"K-25",2003,454.466452387358,58.3336623191145,-172.927257462203,4.3,6.11912723184441
"K-25",2004,101.607808058802,58.3336623191145,-172.927257462203,3.4,4.62113439657595
"K-25",2005,0,58.3336623191145,-172.927257462203,3.7,-6.55436829794885
"K-25",2006,19.9601413375235,58.3336623191145,-172.927257462203,2.3,2.99380868562321
"K-25",2007,19.1530780174127,58.3336623191145,-172.927257462203,1.9,2.95253777413218
"K-25",2008,38.9804186319151,58.3336623191145,-172.927257462203,1.6,3.66309596115028
"K-25",2009,0,58.3336623191145,-172.927257462203,1.6,-6.55436829794885
"K-25",2010,0,58.3336623191145,-172.927257462203,2.8,-6.55436829794885
"K-25",2011,12444.3941354266,58.3336623191145,-172.927257462203,2.5,9.42902564466345
"K-25",2012,3666.10005979716,58.3336623191145,-172.927257462203,0.7,8.20688411041672
"K-25",2013,2654.52808059121,58.3336623191145,-172.927257462203,1.8,7.88402270685111
"K-25",2014,97.1916283151887,58.3336623191145,-172.927257462203,2.6,4.57669922945936
"K-25",2015,2336.95115106795,58.3336623191145,-172.927257462203,3,7.75660304120073
"K-25",2016,0,58.3336623191145,-172.927257462203,3.6,-6.55436829794885
"K-25",2017,0,58.3336623191145,-172.927257462203,3.5,-6.55436829794885
"K-25",2018,43.4293835934211,58.3336623191145,-172.927257462203,3.6,3.77116903894753
"K-25",2019,59.1744151924428,58.3336623191145,-172.927257462203,3.8,4.08051333484316
"K-25",2021,0,58.3336623191145,-172.927257462203,3.2,-6.55436829794885
"K-25",2022,0,58.3336623191145,-172.927257462203,2.5,-6.55436829794885
"K-25",2023,0,58.3336623191145,-172.927257462203,2.9,-6.55436829794885
"K-26",1989,5381.08586630582,58.3319607062485,-173.565843464209,3,8.5906457312846
"K-26",1990,62.5911585858043,58.3319607062485,-173.565843464209,2.9,4.13664678015664
"K-26",1991,4113.81690208524,58.3319607062485,-173.565843464209,2.5,8.32210690928821
"K-26",1992,286.266387444259,58.3319607062485,-173.565843464209,3.3,5.65692777590669
"K-26",1993,0,58.3319607062485,-173.565843464209,3.3,-6.55436829794885
"K-26",1994,0,58.3319607062485,-173.565843464209,2.2,-6.55436829794885
"K-26",1995,672.458723679895,58.3319607062485,-173.565843464209,2.9,6.51094284958911
"K-26",1996,207.472160242919,58.3319607062485,-173.565843464209,3.7,5.3350040261449
"K-26",1997,19.417816949353,58.3319607062485,-173.565843464209,3.3,2.9662643699984
"K-26",1998,638.643271590937,58.3319607062485,-173.565843464209,2.9,6.4593482676107
"K-26",1999,42.3151239508551,58.3319607062485,-173.565843464209,2.2,3.74517821127637
"K-26",2000,0,58.3319607062485,-173.565843464209,2.9,-6.55436829794885
"K-26",2001,0,58.3319607062485,-173.565843464209,3.3,-6.55436829794885
"K-26",2002,2580.5759389084,58.3319607062485,-173.565843464209,3.4,7.85576843690706
"K-26",2003,6038.90015315689,58.3319607062485,-173.565843464209,4.4,8.70597741628453
"K-26",2004,1175.10821866169,58.3319607062485,-173.565843464209,3.6,7.06911673502808
"K-26",2005,0,58.3319607062485,-173.565843464209,4,-6.55436829794885
"K-26",2006,0,58.3319607062485,-173.565843464209,2.7,-6.55436829794885
"K-26",2007,779.784197514789,58.3319607062485,-173.565843464209,2.6,6.65901903754398
"K-26",2008,1973.22469373482,58.3319607062485,-173.565843464209,2,7.58742510544514
"K-26",2009,0,58.3319607062485,-173.565843464209,2.7,-6.55436829794885
"K-26",2010,18.9615834564085,58.3319607062485,-173.565843464209,3.5,2.94249009914658
"K-26",2011,28542.7014003698,58.3319607062485,-173.565843464209,2.9,10.2591565895689
"K-26",2012,42203.1091695489,58.3319607062485,-173.565843464209,1.6,10.6502492080524
"K-26",2013,55730.7215858381,58.3319607062485,-173.565843464209,2.5,10.9282868539178
"K-26",2014,65361.9178362089,58.3319607062485,-173.565843464209,3.1,11.0876950935472
"K-26",2015,35066.1668274557,58.3319607062485,-173.565843464209,3.6,10.4649920771517
"K-26",2016,11302.5695804944,58.3319607062485,-173.565843464209,4.1,9.3327855013323
"K-26",2017,40.150627506856,58.3319607062485,-173.565843464209,4,3.69267353221105
"K-26",2018,0,58.3319607062485,-173.565843464209,3.8,-6.55436829794885
"K-26",2019,0,58.3319607062485,-173.565843464209,3.8,-6.55436829794885
"K-26",2021,0,58.3319607062485,-173.565843464209,3.4,-6.55436829794885
"K-26",2022,0,58.3319607062485,-173.565843464209,3.4,-6.55436829794885
"K-26",2023,0,58.3319607062485,-173.565843464209,3.5,-6.55436829794885
"K-27",1988,105.33808163527,58.34252133829,-174.254879665428,2.8,4.65718851988553
"K-27",1989,0,58.34252133829,-174.254879665428,3.6,-6.55436829794885
"K-27",1990,0,58.34252133829,-174.254879665428,3.4,-6.55436829794885
"K-27",1991,0,58.34252133829,-174.254879665428,NA,-6.55436829794885
"K-27",1992,0,58.34252133829,-174.254879665428,3.1,-6.55436829794885
"K-27",1993,0,58.34252133829,-174.254879665428,3.6,-6.55436829794885
"K-27",1994,0,58.34252133829,-174.254879665428,NA,-6.55436829794885
"K-27",1995,3366.00898570399,58.34252133829,-174.254879665428,3,8.12148346731461
"K-27",1996,0,58.34252133829,-174.254879665428,3.5,-6.55436829794885
"K-27",1997,0,58.34252133829,-174.254879665428,3.8,-6.55436829794885
"K-27",1998,1031.2666813505,58.34252133829,-174.254879665428,3.2,6.93854449408392
"K-27",1999,0,58.34252133829,-174.254879665428,NA,-6.55436829794885
"K-27",2000,0,58.34252133829,-174.254879665428,2.9,-6.55436829794885
"K-27",2001,0,58.34252133829,-174.254879665428,3.6,-6.55436829794885
"K-27",2002,0,58.34252133829,-174.254879665428,3.5,-6.55436829794885
"K-27",2003,0,58.34252133829,-174.254879665428,4,-6.55436829794885
"K-27",2004,40.9035403542143,58.34252133829,-174.254879665428,3.7,3.71125143065325
"K-27",2005,0,58.34252133829,-174.254879665428,4.2,-6.55436829794885
"K-27",2006,0,58.34252133829,-174.254879665428,3.6,-6.55436829794885
"K-27",2007,0,58.34252133829,-174.254879665428,3.3,-6.55436829794885
"K-27",2008,0,58.34252133829,-174.254879665428,2.8,-6.55436829794885
"K-27",2009,0,58.34252133829,-174.254879665428,3,-6.55436829794885
"K-27",2010,0,58.34252133829,-174.254879665428,3.1,-6.55436829794885
"K-27",2011,0,58.34252133829,-174.254879665428,3.3,-6.55436829794885
"K-27",2012,0,58.34252133829,-174.254879665428,2.6,-6.55436829794885
"K-27",2013,155.050226498868,58.34252133829,-174.254879665428,2.8,5.04375828967504
"K-27",2014,0,58.34252133829,-174.254879665428,3.9,-6.55436829794885
"K-27",2015,0,58.34252133829,-174.254879665428,3.7,-6.55436829794885
"K-27",2016,0,58.34252133829,-174.254879665428,3.9,-6.55436829794885
"K-27",2017,20.9060925098608,58.34252133829,-174.254879665428,3.5,3.04010873029395
"K-27",2018,0,58.34252133829,-174.254879665428,4.1,-6.55436829794885
"K-27",2019,0,58.34252133829,-174.254879665428,4,-6.55436829794885
"K-27",2021,0,58.34252133829,-174.254879665428,3.8,-6.55436829794885
"K-27",2022,0,58.34252133829,-174.254879665428,3.7,-6.55436829794885
"K-27",2023,0,58.34252133829,-174.254879665428,4,-6.55436829794885
"L-01",1988,221.936331165097,58.6758675782881,-167.867003507307,2.9,5.40239695988721
"L-01",1989,62.8812906266967,58.6758675782881,-167.867003507307,5.3,4.14127131685757
"L-01",1990,24.4588046907128,58.6758675782881,-167.867003507307,2.8,3.19704847497272
"L-01",1991,0,58.6758675782881,-167.867003507307,3.7,-6.55436829794885
"L-01",1992,0,58.6758675782881,-167.867003507307,4.1,-6.55436829794885
"L-01",1993,543.029429960179,58.6758675782881,-167.867003507307,3.9,6.29716613939193
"L-01",1994,23896.0947842926,58.6758675782881,-167.867003507307,2,10.0814703860083
"L-01",1995,21.3661300662584,58.6758675782881,-167.867003507307,NA,3.06187360083831
"L-01",1996,43.3179221992118,58.6758675782881,-167.867003507307,2.3,3.76859932694185
"L-01",1997,21.6533660624235,58.6758675782881,-167.867003507307,3.5,3.07522667452606
"L-01",1998,0,58.6758675782881,-167.867003507307,3.8,-6.55436829794885
"L-01",1999,85.2939036710843,58.6758675782881,-167.867003507307,0.6,4.44611967636353
"L-01",2000,82.1936544218969,58.6758675782881,-167.867003507307,2.4,4.40909542562175
"L-01",2001,62.6367304890167,58.6758675782881,-167.867003507307,1.8,4.13737458718508
"L-01",2002,21.304376050866,58.6758675782881,-167.867003507307,4.3,3.0589793329693
"L-01",2003,0,58.6758675782881,-167.867003507307,4.4,-6.55436829794885
"L-01",2004,20.2579294272166,58.6758675782881,-167.867003507307,3.9,3.0086165787291
"L-01",2005,0,58.6758675782881,-167.867003507307,3.3,-6.55436829794885
"L-01",2006,0,58.6758675782881,-167.867003507307,1.9,-6.55436829794885
"L-01",2007,0,58.6758675782881,-167.867003507307,2.8,-6.55436829794885
"L-01",2008,0,58.6758675782881,-167.867003507307,1,-6.55436829794885
"L-01",2009,0,58.6758675782881,-167.867003507307,2.2,-6.55436829794885
"L-01",2010,0,58.6758675782881,-167.867003507307,1.6,-6.55436829794885
"L-01",2011,0,58.6758675782881,-167.867003507307,2,-6.55436829794885
"L-01",2012,0,58.6758675782881,-167.867003507307,2.1,-6.55436829794885
"L-01",2013,0,58.6758675782881,-167.867003507307,2.8,-6.55436829794885
"L-01",2014,0,58.6758675782881,-167.867003507307,3.4,-6.55436829794885
"L-01",2015,0,58.6758675782881,-167.867003507307,3.6,-6.55436829794885
"L-01",2016,0,58.6758675782881,-167.867003507307,5.7,-6.55436829794885
"L-01",2017,0,58.6758675782881,-167.867003507307,3.7,-6.55436829794885
"L-01",2018,0,58.6758675782881,-167.867003507307,4.4,-6.55436829794885
"L-01",2019,0,58.6758675782881,-167.867003507307,5.1,-6.55436829794885
"L-01",2021,21.5588227662532,58.6758675782881,-167.867003507307,3.7,3.07085118606374
"L-01",2022,40.1958728467893,58.6758675782881,-167.867003507307,2.7,3.69379974781268
"L-01",2023,0,58.6758675782881,-167.867003507307,2,-6.55436829794885
"L-02",1988,52.7844373099159,58.6731035714286,-167.217877602041,2.6,3.96624337439748
"L-02",1989,212.176084905208,58.6731035714286,-167.217877602041,4,5.35742322992751
"L-02",1990,0,58.6731035714286,-167.217877602041,4.3,-6.55436829794885
"L-02",1991,0,58.6731035714286,-167.217877602041,3.8,-6.55436829794885
"L-02",1992,0,58.6731035714286,-167.217877602041,3.4,-6.55436829794885
"L-02",1993,0,58.6731035714286,-167.217877602041,4.6,-6.55436829794885
"L-02",1994,0,58.6731035714286,-167.217877602041,NA,-6.55436829794885
"L-02",1995,0,58.6731035714286,-167.217877602041,3.5,-6.55436829794885
"L-02",1996,0,58.6731035714286,-167.217877602041,4.4,-6.55436829794885
"L-02",1997,0,58.6731035714286,-167.217877602041,4.4,-6.55436829794885
"L-02",1998,0,58.6731035714286,-167.217877602041,4,-6.55436829794885
"L-02",1999,21.293983733382,58.6731035714286,-167.217877602041,0.7,3.05849144456011
"L-02",2000,0,58.6731035714286,-167.217877602041,2.2,-6.55436829794885
"L-02",2001,0,58.6731035714286,-167.217877602041,2.2,-6.55436829794885
"L-02",2002,0,58.6731035714286,-167.217877602041,4.4,-6.55436829794885
"L-02",2003,0,58.6731035714286,-167.217877602041,4.3,-6.55436829794885
"L-02",2004,0,58.6731035714286,-167.217877602041,4.3,-6.55436829794885
"L-02",2005,0,58.6731035714286,-167.217877602041,3.2,-6.55436829794885
"L-02",2006,0,58.6731035714286,-167.217877602041,2.2,-6.55436829794885
"L-02",2007,0,58.6731035714286,-167.217877602041,3.1,-6.55436829794885
"L-02",2008,0,58.6731035714286,-167.217877602041,1.3,-6.55436829794885
"L-02",2009,0,58.6731035714286,-167.217877602041,2.1,-6.55436829794885
"L-02",2010,0,58.6731035714286,-167.217877602041,1.9,-6.55436829794885
"L-02",2011,0,58.6731035714286,-167.217877602041,2.4,-6.55436829794885
"L-02",2012,0,58.6731035714286,-167.217877602041,2.4,-6.55436829794885
"L-02",2013,0,58.6731035714286,-167.217877602041,3.3,-6.55436829794885
"L-02",2014,0,58.6731035714286,-167.217877602041,3.9,-6.55436829794885
"L-02",2015,0,58.6731035714286,-167.217877602041,4.1,-6.55436829794885
"L-02",2016,0,58.6731035714286,-167.217877602041,6.3,-6.55436829794885
"L-02",2017,0,58.6731035714286,-167.217877602041,4,-6.55436829794885
"L-02",2018,0,58.6731035714286,-167.217877602041,5.1,-6.55436829794885
"L-02",2019,0,58.6731035714286,-167.217877602041,6,-6.55436829794885
"L-02",2021,0,58.6731035714286,-167.217877602041,3.8,-6.55436829794885
"L-02",2022,0,58.6731035714286,-167.217877602041,3.5,-6.55436829794885
"L-02",2023,0,58.6731035714286,-167.217877602041,1.8,-6.55436829794885
"L-03",1988,348.146117339595,58.6331411111111,-166.573562666667,2.4,5.85262635895272
"L-03",1989,0,58.6331411111111,-166.573562666667,4,-6.55436829794885
"L-03",1990,0,58.6331411111111,-166.573562666667,3.6,-6.55436829794885
"L-03",1991,20.3310948451862,58.6331411111111,-166.573562666667,4,3.01222151210784
"L-03",1992,0,58.6331411111111,-166.573562666667,3.4,-6.55436829794885
"L-03",1993,0,58.6331411111111,-166.573562666667,3.6,-6.55436829794885
"L-03",1994,87.2826045828862,58.6331411111111,-166.573562666667,NA,4.46916749610746
"L-03",1995,0,58.6331411111111,-166.573562666667,3.1,-6.55436829794885
"L-03",1996,0,58.6331411111111,-166.573562666667,3.9,-6.55436829794885
"L-03",1997,0,58.6331411111111,-166.573562666667,4.3,-6.55436829794885
"L-03",1998,0,58.6331411111111,-166.573562666667,3.6,-6.55436829794885
"L-03",1999,0,58.6331411111111,-166.573562666667,0.2,-6.55436829794885
"L-03",2000,0,58.6331411111111,-166.573562666667,2.2,-6.55436829794885
"L-03",2001,0,58.6331411111111,-166.573562666667,1.8,-6.55436829794885
"L-03",2002,0,58.6331411111111,-166.573562666667,4,-6.55436829794885
"L-03",2003,0,58.6331411111111,-166.573562666667,4.3,-6.55436829794885
"L-03",2004,0,58.6331411111111,-166.573562666667,4.3,-6.55436829794885
"L-03",2005,0,58.6331411111111,-166.573562666667,2.7,-6.55436829794885
"L-03",2006,0,58.6331411111111,-166.573562666667,2.2,-6.55436829794885
"L-03",2007,0,58.6331411111111,-166.573562666667,3,-6.55436829794885
"L-03",2008,0,58.6331411111111,-166.573562666667,1.6,-6.55436829794885
"L-03",2009,0,58.6331411111111,-166.573562666667,2.3,-6.55436829794885
"L-03",2010,0,58.6331411111111,-166.573562666667,1.9,-6.55436829794885
"L-03",2011,0,58.6331411111111,-166.573562666667,2.4,-6.55436829794885
"L-03",2012,0,58.6331411111111,-166.573562666667,2.3,-6.55436829794885
"L-03",2013,0,58.6331411111111,-166.573562666667,3.2,-6.55436829794885
"L-03",2014,0,58.6331411111111,-166.573562666667,5,-6.55436829794885
"L-03",2015,0,58.6331411111111,-166.573562666667,3.7,-6.55436829794885
"L-03",2016,0,58.6331411111111,-166.573562666667,6.3,-6.55436829794885
"L-03",2017,0,58.6331411111111,-166.573562666667,4,-6.55436829794885
"L-03",2018,0,58.6331411111111,-166.573562666667,4.4,-6.55436829794885
"L-03",2019,0,58.6331411111111,-166.573562666667,7,-6.55436829794885
"L-03",2021,0,58.6331411111111,-166.573562666667,3.7,-6.55436829794885
"L-03",2022,0,58.6331411111111,-166.573562666667,3.7,-6.55436829794885
"L-03",2023,0,58.6331411111111,-166.573562666667,2.1,-6.55436829794885
"L-04",1988,0,58.6657311428571,-165.931682285714,2.9,-6.55436829794885
"L-04",1989,0,58.6657311428571,-165.931682285714,4,-6.55436829794885
"L-04",1990,0,58.6657311428571,-165.931682285714,4.4,-6.55436829794885
"L-04",1991,0,58.6657311428571,-165.931682285714,NA,-6.55436829794885
"L-04",1992,0,58.6657311428571,-165.931682285714,3.3,-6.55436829794885
"L-04",1993,0,58.6657311428571,-165.931682285714,5.1,-6.55436829794885
"L-04",1994,0,58.6657311428571,-165.931682285714,2.5,-6.55436829794885
"L-04",1995,0,58.6657311428571,-165.931682285714,4.1,-6.55436829794885
"L-04",1996,0,58.6657311428571,-165.931682285714,4.2,-6.55436829794885
"L-04",1997,0,58.6657311428571,-165.931682285714,6.2,-6.55436829794885
"L-04",1998,0,58.6657311428571,-165.931682285714,4.3,-6.55436829794885
"L-04",1999,0,58.6657311428571,-165.931682285714,0.5,-6.55436829794885
"L-04",2000,0,58.6657311428571,-165.931682285714,2.4,-6.55436829794885
"L-04",2001,0,58.6657311428571,-165.931682285714,1.9,-6.55436829794885
"L-04",2002,0,58.6657311428571,-165.931682285714,4,-6.55436829794885
"L-04",2003,0,58.6657311428571,-165.931682285714,4.9,-6.55436829794885
"L-04",2004,0,58.6657311428571,-165.931682285714,4.6,-6.55436829794885
"L-04",2005,0,58.6657311428571,-165.931682285714,3.7,-6.55436829794885
"L-04",2006,0,58.6657311428571,-165.931682285714,2.4,-6.55436829794885
"L-04",2007,0,58.6657311428571,-165.931682285714,3.3,-6.55436829794885
"L-04",2008,0,58.6657311428571,-165.931682285714,2.3,-6.55436829794885
"L-04",2009,0,58.6657311428571,-165.931682285714,2.7,-6.55436829794885
"L-04",2010,0,58.6657311428571,-165.931682285714,2.3,-6.55436829794885
"L-04",2011,0,58.6657311428571,-165.931682285714,2.7,-6.55436829794885
"L-04",2012,0,58.6657311428571,-165.931682285714,3.2,-6.55436829794885
"L-04",2013,0,58.6657311428571,-165.931682285714,4,-6.55436829794885
"L-04",2014,0,58.6657311428571,-165.931682285714,4.8,-6.55436829794885
"L-04",2015,0,58.6657311428571,-165.931682285714,4.8,-6.55436829794885
"L-04",2016,0,58.6657311428571,-165.931682285714,6.5,-6.55436829794885
"L-04",2017,0,58.6657311428571,-165.931682285714,5.1,-6.55436829794885
"L-04",2018,0,58.6657311428571,-165.931682285714,4.6,-6.55436829794885
"L-04",2019,0,58.6657311428571,-165.931682285714,7.7,-6.55436829794885
"L-04",2021,0,58.6657311428571,-165.931682285714,3.6,-6.55436829794885
"L-04",2022,0,58.6657311428571,-165.931682285714,4.7,-6.55436829794885
"L-04",2023,0,58.6657311428571,-165.931682285714,2.3,-6.55436829794885
"L-05",1988,0,58.6631683783784,-165.304130540541,3,-6.55436829794885
"L-05",1989,0,58.6631683783784,-165.304130540541,3,-6.55436829794885
"L-05",1990,0,58.6631683783784,-165.304130540541,3.7,-6.55436829794885
"L-05",1991,0,58.6631683783784,-165.304130540541,4.6,-6.55436829794885
"L-05",1992,0,58.6631683783784,-165.304130540541,3.1,-6.55436829794885
"L-05",1993,0,58.6631683783784,-165.304130540541,4.9,-6.55436829794885
"L-05",1994,0,58.6631683783784,-165.304130540541,2.3,-6.55436829794885
"L-05",1995,0,58.6631683783784,-165.304130540541,3.3,-6.55436829794885
"L-05",1996,0,58.6631683783784,-165.304130540541,4.1,-6.55436829794885
"L-05",1997,0,58.6631683783784,-165.304130540541,4.1,-6.55436829794885
"L-05",1998,0,58.6631683783784,-165.304130540541,4.2,-6.55436829794885
"L-05",1999,0,58.6631683783784,-165.304130540541,0.2,-6.55436829794885
"L-05",2000,0,58.6631683783784,-165.304130540541,2.6,-6.55436829794885
"L-05",2001,0,58.6631683783784,-165.304130540541,2.1,-6.55436829794885
"L-05",2002,0,58.6631683783784,-165.304130540541,3.3,-6.55436829794885
"L-05",2003,0,58.6631683783784,-165.304130540541,3.6,-6.55436829794885
"L-05",2004,0,58.6631683783784,-165.304130540541,4,-6.55436829794885
"L-05",2005,0,58.6631683783784,-165.304130540541,4.2,-6.55436829794885
"L-05",2006,0,58.6631683783784,-165.304130540541,1.2,-6.55436829794885
"L-05",2007,0,58.6631683783784,-165.304130540541,3,-6.55436829794885
"L-05",2008,0,58.6631683783784,-165.304130540541,1.7,-6.55436829794885
"L-05",2009,0,58.6631683783784,-165.304130540541,2.7,-6.55436829794885
"L-05",2010,0,58.6631683783784,-165.304130540541,2,-6.55436829794885
"L-05",2011,0,58.6631683783784,-165.304130540541,2.4,-6.55436829794885
"L-05",2012,0,58.6631683783784,-165.304130540541,2.9,-6.55436829794885
"L-05",2013,0,58.6631683783784,-165.304130540541,2.1,-6.55436829794885
"L-05",2014,0,58.6631683783784,-165.304130540541,3.6,-6.55436829794885
"L-05",2015,0,58.6631683783784,-165.304130540541,5.2,-6.55436829794885
"L-05",2016,0,58.6631683783784,-165.304130540541,7.2,-6.55436829794885
"L-05",2017,0,58.6631683783784,-165.304130540541,3.2,-6.55436829794885
"L-05",2018,0,58.6631683783784,-165.304130540541,4.5,-6.55436829794885
"L-05",2019,0,58.6631683783784,-165.304130540541,6.6,-6.55436829794885
"L-05",2021,0,58.6631683783784,-165.304130540541,3.5,-6.55436829794885
"L-05",2022,0,58.6631683783784,-165.304130540541,4.5,-6.55436829794885
"L-05",2023,0,58.6631683783784,-165.304130540541,2.3,-6.55436829794885
"L-06",1988,0,58.6685322857143,-164.651323142857,3.2,-6.55436829794885
"L-06",1989,0,58.6685322857143,-164.651323142857,2.6,-6.55436829794885
"L-06",1990,0,58.6685322857143,-164.651323142857,3,-6.55436829794885
"L-06",1991,0,58.6685322857143,-164.651323142857,5,-6.55436829794885
"L-06",1992,0,58.6685322857143,-164.651323142857,2.9,-6.55436829794885
"L-06",1993,0,58.6685322857143,-164.651323142857,4.9,-6.55436829794885
"L-06",1994,0,58.6685322857143,-164.651323142857,3.1,-6.55436829794885
"L-06",1995,0,58.6685322857143,-164.651323142857,NA,-6.55436829794885
"L-06",1996,0,58.6685322857143,-164.651323142857,4.6,-6.55436829794885
"L-06",1997,0,58.6685322857143,-164.651323142857,4.9,-6.55436829794885
"L-06",1998,0,58.6685322857143,-164.651323142857,NA,-6.55436829794885
"L-06",1999,0,58.6685322857143,-164.651323142857,NA,-6.55436829794885
"L-06",2000,0,58.6685322857143,-164.651323142857,2.6,-6.55436829794885
"L-06",2001,0,58.6685322857143,-164.651323142857,2.1,-6.55436829794885
"L-06",2002,0,58.6685322857143,-164.651323142857,3.6,-6.55436829794885
"L-06",2003,0,58.6685322857143,-164.651323142857,4.4,-6.55436829794885
"L-06",2004,0,58.6685322857143,-164.651323142857,4.2,-6.55436829794885
"L-06",2005,0,58.6685322857143,-164.651323142857,4.1,-6.55436829794885
"L-06",2006,0,58.6685322857143,-164.651323142857,2.4,-6.55436829794885
"L-06",2007,0,58.6685322857143,-164.651323142857,3.3,-6.55436829794885
"L-06",2008,0,58.6685322857143,-164.651323142857,1.9,-6.55436829794885
"L-06",2009,0,58.6685322857143,-164.651323142857,2.8,-6.55436829794885
"L-06",2010,0,58.6685322857143,-164.651323142857,0.7,-6.55436829794885
"L-06",2011,0,58.6685322857143,-164.651323142857,3.5,-6.55436829794885
"L-06",2012,0,58.6685322857143,-164.651323142857,2.7,-6.55436829794885
"L-06",2013,0,58.6685322857143,-164.651323142857,2.4,-6.55436829794885
"L-06",2014,0,58.6685322857143,-164.651323142857,4.7,-6.55436829794885
"L-06",2015,0,58.6685322857143,-164.651323142857,5,-6.55436829794885
"L-06",2016,0,58.6685322857143,-164.651323142857,7.6,-6.55436829794885
"L-06",2017,0,58.6685322857143,-164.651323142857,4.4,-6.55436829794885
"L-06",2018,0,58.6685322857143,-164.651323142857,4.9,-6.55436829794885
"L-06",2019,0,58.6685322857143,-164.651323142857,7.1,-6.55436829794885
"L-06",2021,0,58.6685322857143,-164.651323142857,3.5,-6.55436829794885
"L-06",2022,0,58.6685322857143,-164.651323142857,3.4,-6.55436829794885
"L-06",2023,0,58.6685322857143,-164.651323142857,1.8,-6.55436829794885
"L-07",1988,0,58.6690731428571,-164.003990285714,4.8,-6.55436829794885
"L-07",1989,0,58.6690731428571,-164.003990285714,3.3,-6.55436829794885
"L-07",1990,0,58.6690731428571,-164.003990285714,3.9,-6.55436829794885
"L-07",1991,0,58.6690731428571,-164.003990285714,5.4,-6.55436829794885
"L-07",1992,0,58.6690731428571,-164.003990285714,3.7,-6.55436829794885
"L-07",1993,0,58.6690731428571,-164.003990285714,5.8,-6.55436829794885
"L-07",1994,0,58.6690731428571,-164.003990285714,3.1,-6.55436829794885
"L-07",1995,0,58.6690731428571,-164.003990285714,NA,-6.55436829794885
"L-07",1996,0,58.6690731428571,-164.003990285714,4.8,-6.55436829794885
"L-07",1997,0,58.6690731428571,-164.003990285714,4.9,-6.55436829794885
"L-07",1998,0,58.6690731428571,-164.003990285714,NA,-6.55436829794885
"L-07",1999,0,58.6690731428571,-164.003990285714,0.5,-6.55436829794885
"L-07",2000,0,58.6690731428571,-164.003990285714,3,-6.55436829794885
"L-07",2001,0,58.6690731428571,-164.003990285714,2.3,-6.55436829794885
"L-07",2002,0,58.6690731428571,-164.003990285714,3.5,-6.55436829794885
"L-07",2003,0,58.6690731428571,-164.003990285714,4.1,-6.55436829794885
"L-07",2004,0,58.6690731428571,-164.003990285714,4.7,-6.55436829794885
"L-07",2005,0,58.6690731428571,-164.003990285714,4.1,-6.55436829794885
"L-07",2006,0,58.6690731428571,-164.003990285714,2.6,-6.55436829794885
"L-07",2007,0,58.6690731428571,-164.003990285714,3.6,-6.55436829794885
"L-07",2008,0,58.6690731428571,-164.003990285714,2.3,-6.55436829794885
"L-07",2009,0,58.6690731428571,-164.003990285714,2.9,-6.55436829794885
"L-07",2010,0,58.6690731428571,-164.003990285714,2.5,-6.55436829794885
"L-07",2011,0,58.6690731428571,-164.003990285714,3.4,-6.55436829794885
"L-07",2012,0,58.6690731428571,-164.003990285714,2.8,-6.55436829794885
"L-07",2013,0,58.6690731428571,-164.003990285714,3.1,-6.55436829794885
"L-07",2014,0,58.6690731428571,-164.003990285714,5.2,-6.55436829794885
"L-07",2015,0,58.6690731428571,-164.003990285714,4.9,-6.55436829794885
"L-07",2016,0,58.6690731428571,-164.003990285714,7.8,-6.55436829794885
"L-07",2017,0,58.6690731428571,-164.003990285714,5.5,-6.55436829794885
"L-07",2018,0,58.6690731428571,-164.003990285714,5.1,-6.55436829794885
"L-07",2019,0,58.6690731428571,-164.003990285714,7.5,-6.55436829794885
"L-07",2021,0,58.6690731428571,-164.003990285714,3.8,-6.55436829794885
"L-07",2022,0,58.6690731428571,-164.003990285714,4.5,-6.55436829794885
"L-07",2023,0,58.6690731428571,-164.003990285714,2,-6.55436829794885
"L-08",1988,0,58.6695551428571,-163.354861142857,3.7,-6.55436829794885
"L-08",1989,0,58.6695551428571,-163.354861142857,3.1,-6.55436829794885
"L-08",1990,0,58.6695551428571,-163.354861142857,5.5,-6.55436829794885
"L-08",1991,0,58.6695551428571,-163.354861142857,4.9,-6.55436829794885
"L-08",1992,0,58.6695551428571,-163.354861142857,4.4,-6.55436829794885
"L-08",1993,0,58.6695551428571,-163.354861142857,5.9,-6.55436829794885
"L-08",1994,0,58.6695551428571,-163.354861142857,3.5,-6.55436829794885
"L-08",1995,0,58.6695551428571,-163.354861142857,4.5,-6.55436829794885
"L-08",1996,0,58.6695551428571,-163.354861142857,5.5,-6.55436829794885
"L-08",1997,0,58.6695551428571,-163.354861142857,4.8,-6.55436829794885
"L-08",1998,0,58.6695551428571,-163.354861142857,5.1,-6.55436829794885
"L-08",1999,0,58.6695551428571,-163.354861142857,0.7,-6.55436829794885
"L-08",2000,0,58.6695551428571,-163.354861142857,2.2,-6.55436829794885
"L-08",2001,0,58.6695551428571,-163.354861142857,2.8,-6.55436829794885
"L-08",2002,0,58.6695551428571,-163.354861142857,4.1,-6.55436829794885
"L-08",2003,0,58.6695551428571,-163.354861142857,4.5,-6.55436829794885
"L-08",2004,0,58.6695551428571,-163.354861142857,5.1,-6.55436829794885
"L-08",2005,0,58.6695551428571,-163.354861142857,NA,-6.55436829794885
"L-08",2006,0,58.6695551428571,-163.354861142857,3.1,-6.55436829794885
"L-08",2007,0,58.6695551428571,-163.354861142857,4.2,-6.55436829794885
"L-08",2008,0,58.6695551428571,-163.354861142857,2.6,-6.55436829794885
"L-08",2009,0,58.6695551428571,-163.354861142857,3.1,-6.55436829794885
"L-08",2010,0,58.6695551428571,-163.354861142857,3.4,-6.55436829794885
"L-08",2011,0,58.6695551428571,-163.354861142857,3.9,-6.55436829794885
"L-08",2012,0,58.6695551428571,-163.354861142857,2.9,-6.55436829794885
"L-08",2013,0,58.6695551428571,-163.354861142857,3.5,-6.55436829794885
"L-08",2014,0,58.6695551428571,-163.354861142857,5.7,-6.55436829794885
"L-08",2015,0,58.6695551428571,-163.354861142857,4.7,-6.55436829794885
"L-08",2016,0,58.6695551428571,-163.354861142857,7.6,-6.55436829794885
"L-08",2017,0,58.6695551428571,-163.354861142857,4.9,-6.55436829794885
"L-08",2018,0,58.6695551428571,-163.354861142857,5.7,-6.55436829794885
"L-08",2019,0,58.6695551428571,-163.354861142857,8.1,-6.55436829794885
"L-08",2021,0,58.6695551428571,-163.354861142857,4,-6.55436829794885
"L-08",2022,0,58.6695551428571,-163.354861142857,5.1,-6.55436829794885
"L-08",2023,0,58.6695551428571,-163.354861142857,2.5,-6.55436829794885
"L-09",1988,0,58.6474851428571,-162.714494571429,3.4,-6.55436829794885
"L-09",1989,0,58.6474851428571,-162.714494571429,3.7,-6.55436829794885
"L-09",1990,0,58.6474851428571,-162.714494571429,4.2,-6.55436829794885
"L-09",1991,0,58.6474851428571,-162.714494571429,5.3,-6.55436829794885
"L-09",1992,0,58.6474851428571,-162.714494571429,4.7,-6.55436829794885
"L-09",1993,0,58.6474851428571,-162.714494571429,NA,-6.55436829794885
"L-09",1994,0,58.6474851428571,-162.714494571429,3.4,-6.55436829794885
"L-09",1995,0,58.6474851428571,-162.714494571429,5.3,-6.55436829794885
"L-09",1996,0,58.6474851428571,-162.714494571429,6.2,-6.55436829794885
"L-09",1997,0,58.6474851428571,-162.714494571429,5.4,-6.55436829794885
"L-09",1998,0,58.6474851428571,-162.714494571429,4.7,-6.55436829794885
"L-09",1999,0,58.6474851428571,-162.714494571429,NA,-6.55436829794885
"L-09",2000,0,58.6474851428571,-162.714494571429,2.9,-6.55436829794885
"L-09",2001,0,58.6474851428571,-162.714494571429,3,-6.55436829794885
"L-09",2002,0,58.6474851428571,-162.714494571429,4.2,-6.55436829794885
"L-09",2003,0,58.6474851428571,-162.714494571429,4.9,-6.55436829794885
"L-09",2004,0,58.6474851428571,-162.714494571429,5.3,-6.55436829794885
"L-09",2005,0,58.6474851428571,-162.714494571429,5.5,-6.55436829794885
"L-09",2006,0,58.6474851428571,-162.714494571429,3,-6.55436829794885
"L-09",2007,0,58.6474851428571,-162.714494571429,4.4,-6.55436829794885
"L-09",2008,0,58.6474851428571,-162.714494571429,3.3,-6.55436829794885
"L-09",2009,0,58.6474851428571,-162.714494571429,3.9,-6.55436829794885
"L-09",2010,0,58.6474851428571,-162.714494571429,3.9,-6.55436829794885
"L-09",2011,0,58.6474851428571,-162.714494571429,4,-6.55436829794885
"L-09",2012,0,58.6474851428571,-162.714494571429,4,-6.55436829794885
"L-09",2013,0,58.6474851428571,-162.714494571429,3.5,-6.55436829794885
"L-09",2014,0,58.6474851428571,-162.714494571429,6.8,-6.55436829794885
"L-09",2015,0,58.6474851428571,-162.714494571429,4.8,-6.55436829794885
"L-09",2016,0,58.6474851428571,-162.714494571429,7.6,-6.55436829794885
"L-09",2017,0,58.6474851428571,-162.714494571429,6.1,-6.55436829794885
"L-09",2018,0,58.6474851428571,-162.714494571429,6.3,-6.55436829794885
"L-09",2019,0,58.6474851428571,-162.714494571429,8,-6.55436829794885
"L-09",2021,0,58.6474851428571,-162.714494571429,4.2,-6.55436829794885
"L-09",2022,0,58.6474851428571,-162.714494571429,6,-6.55436829794885
"L-09",2023,0,58.6474851428571,-162.714494571429,2.9,-6.55436829794885
"L-18",1988,77.8444051606907,58.6669832335329,-168.498433486361,2.4,4.35473032000134
"L-18",1989,85.7634391816339,58.6669832335329,-168.498433486361,3.4,4.45160940121487
"L-18",1990,131.762823088503,58.6669832335329,-168.498433486361,NA,4.88101431797406
"L-18",1991,21.4138917757808,58.6669832335329,-168.498433486361,2.2,3.06410635099293
"L-18",1992,167967.285927271,58.6669832335329,-168.498433486361,3.5,12.0315245212775
"L-18",1993,26385.6379708428,58.6669832335329,-168.498433486361,2.9,10.1805751788122
"L-18",1994,8623.17411471733,58.6669832335329,-168.498433486361,0.2,9.06220868776697
"L-18",1995,48.6914985636685,58.6669832335329,-168.498433486361,NA,3.88553368987051
"L-18",1996,0,58.6669832335329,-168.498433486361,3.6,-6.55436829794885
"L-18",1997,0,58.6669832335329,-168.498433486361,2.2,-6.55436829794885
"L-18",1998,44.7943219516629,58.6669832335329,-168.498433486361,3.5,3.80211317584318
"L-18",1999,0,58.6669832335329,-168.498433486361,0.4,-6.55436829794885
"L-18",2000,614.669583625168,58.6669832335329,-168.498433486361,1.6,6.42108717752851
"L-18",2001,200.497542058154,58.6669832335329,-168.498433486361,1,5.30080908932787
"L-18",2002,0,58.6669832335329,-168.498433486361,3.4,-6.55436829794885
"L-18",2003,0,58.6669832335329,-168.498433486361,3.1,-6.55436829794885
"L-18",2004,0,58.6669832335329,-168.498433486361,3.1,-6.55436829794885
"L-18",2005,0,58.6669832335329,-168.498433486361,2.8,-6.55436829794885
"L-18",2006,199.944692774834,58.6669832335329,-168.498433486361,0.3,5.29804791353326
"L-18",2007,359.118629230284,58.6669832335329,-168.498433486361,1.4,5.88365674236946
"L-18",2008,0,58.6669832335329,-168.498433486361,0.5,-6.55436829794885
"L-18",2009,46.7250394819749,58.6669832335329,-168.498433486361,0.8,3.84431067150347
"L-18",2010,22.9036751981465,58.6669832335329,-168.498433486361,0.7,3.1313595530311
"L-18",2011,0,58.6669832335329,-168.498433486361,2.3,-6.55436829794885
"L-18",2012,0,58.6669832335329,-168.498433486361,1.1,-6.55436829794885
"L-18",2013,0,58.6669832335329,-168.498433486361,2.2,-6.55436829794885
"L-18",2014,0,58.6669832335329,-168.498433486361,2.2,-6.55436829794885
"L-18",2015,0,58.6669832335329,-168.498433486361,2.8,-6.55436829794885
"L-18",2016,0,58.6669832335329,-168.498433486361,4.9,-6.55436829794885
"L-18",2017,21.3146295013644,58.6669832335329,-168.498433486361,2.3,3.05946046881386
"L-18",2018,0,58.6669832335329,-168.498433486361,4,-6.55436829794885
"L-18",2019,0,58.6669832335329,-168.498433486361,4.4,-6.55436829794885
"L-18",2021,23.3450517147471,58.6669832335329,-168.498433486361,3.5,3.15044603468404
"L-18",2022,0,58.6669832335329,-168.498433486361,2.1,-6.55436829794885
"L-18",2023,0,58.6669832335329,-168.498433486361,0.9,-6.55436829794885
"L-19",1988,215.637115252374,58.6606443355028,-169.152180163762,2,5.37360357600305
"L-19",1989,80.7823082779641,58.6606443355028,-169.152180163762,3.3,4.39177561060324
"L-19",1990,829.312140150567,58.6606443355028,-169.152180163762,0.8,6.72059832732559
"L-19",1991,16386.079754146,58.6606443355028,-169.152180163762,1.6,9.70418754479837
"L-19",1992,27844.9170392591,58.6606443355028,-169.152180163762,1.6,10.2344057677789
"L-19",1993,584.062742398787,58.6606443355028,-169.152180163762,1.7,6.37001085056111
"L-19",1994,39585.4247932766,58.6606443355028,-169.152180163762,-1.2,10.5862163046856
"L-19",1995,3017.86578576059,58.6606443355028,-169.152180163762,-0.2,8.01230563890407
"L-19",1996,264.042375469838,58.6606443355028,-169.152180163762,1.3,5.57611499602128
"L-19",1997,49.188416729556,58.6606443355028,-169.152180163762,0.4,3.89568711054195
"L-19",1998,42.0998028904831,58.6606443355028,-169.152180163762,2.7,3.74007687975394
"L-19",1999,139.913125919718,58.6606443355028,-169.152180163762,-1.1,4.94103187770591
"L-19",2000,61.0102036296366,58.6606443355028,-169.152180163762,NA,4.11106446095431
"L-19",2001,1439.64829709503,58.6606443355028,-169.152180163762,1.1,7.27215511365866
"L-19",2002,61.1827820127128,58.6606443355028,-169.152180163762,2.2,4.1138890825966
"L-19",2003,0,58.6606443355028,-169.152180163762,2.6,-6.55436829794885
"L-19",2004,0,58.6606443355028,-169.152180163762,2,-6.55436829794885
"L-19",2005,84.0506627249493,58.6606443355028,-169.152180163762,1.7,4.43143668532876
"L-19",2006,11912.7714580742,58.6606443355028,-169.152180163762,-1,9.38536645489474
"L-19",2007,260.471130472896,58.6606443355028,-169.152180163762,0.1,5.56249749808034
"L-19",2008,1830.43004898754,58.6606443355028,-169.152180163762,-0.1,7.51230699556868
"L-19",2009,57.5272716248419,58.6606443355028,-169.152180163762,-0.3,4.05228387561193
"L-19",2010,21.5282254800925,58.6606443355028,-169.152180163762,-0.9,3.06943102523086
"L-19",2011,0,58.6606443355028,-169.152180163762,1.4,-6.55436829794885
"L-19",2012,0,58.6606443355028,-169.152180163762,0,-6.55436829794885
"L-19",2013,6358.46645208169,58.6606443355028,-169.152180163762,0.1,8.7575427273074
"L-19",2014,23.2067382829572,58.6606443355028,-169.152180163762,1.5,3.14450403425631
"L-19",2015,1470.0402273634,58.6606443355028,-169.152180163762,1,7.29304601355196
"L-19",2016,0,58.6606443355028,-169.152180163762,4.2,-6.55436829794885
"L-19",2017,751.868499387531,58.6606443355028,-169.152180163762,0.7,6.62256333461249
"L-19",2018,91.1586441458608,58.6606443355028,-169.152180163762,3.8,4.51261695062461
"L-19",2019,129.773485754867,58.6606443355028,-169.152180163762,3.2,4.86580148540728
"L-19",2021,108.772543827056,58.6606443355028,-169.152180163762,3.1,4.68927203841332
"L-19",2022,0,58.6606443355028,-169.152180163762,1.1,-6.55436829794885
"L-19",2023,0,58.6606443355028,-169.152180163762,0.4,-6.55436829794885
"L-20",1988,1386.52081659426,58.6658471582229,-169.788384720187,1.2,7.23455390566018
"L-20",1989,805.079712560251,58.6658471582229,-169.788384720187,2.8,6.69094306295109
"L-20",1990,5412.71777304232,58.6658471582229,-169.788384720187,0.5,8.59650686976773
"L-20",1991,44844.8254354533,58.6658471582229,-169.788384720187,NA,10.7109635176758
"L-20",1992,2646.40767460875,58.6658471582229,-169.788384720187,-0.7,7.88095894288679
"L-20",1993,1538.02842939197,58.6658471582229,-169.788384720187,1.8,7.33825756032846
"L-20",1994,18821.617187053,58.6658471582229,-169.788384720187,NA,9.842761414273
"L-20",1995,1939.99053090487,58.6658471582229,-169.788384720187,-1,7.57043910503173
"L-20",1996,212.341200002616,58.6658471582229,-169.788384720187,1.2,5.35820112050573
"L-20",1997,0,58.6658471582229,-169.788384720187,0.3,-6.55436829794885
"L-20",1998,0,58.6658471582229,-169.788384720187,1.8,-6.55436829794885
"L-20",1999,21.4580193188974,58.6658471582229,-169.788384720187,-1.2,3.06616479096426
"L-20",2000,88.5316726967827,58.6658471582229,-169.788384720187,1.8,4.48337645474575
"L-20",2001,624.557495405266,58.6658471582229,-169.788384720187,1.3,6.43704567145208
"L-20",2002,20.5832301875187,58.6658471582229,-169.788384720187,2.4,3.02454585010475
"L-20",2003,20.3326657077052,58.6658471582229,-169.788384720187,2.6,3.01229876775245
"L-20",2004,0,58.6658471582229,-169.788384720187,2.2,-6.55436829794885
"L-20",2005,5645.7365948998,58.6658471582229,-169.788384720187,2.1,8.63865620652926
"L-20",2006,15468.6740269472,58.6658471582229,-169.788384720187,-1,9.64657231939916
"L-20",2007,21731.830453847,58.6658471582229,-169.788384720187,-0.7,9.98653337147956
"L-20",2008,129.033795826152,58.6658471582229,-169.788384720187,-0.9,4.86008538809205
"L-20",2009,72.636994999757,58.6658471582229,-169.788384720187,0,4.28549396756123
"L-20",2010,102.363589399276,58.6658471582229,-169.788384720187,-1.1,4.62854498704935
"L-20",2011,21.5737023440999,58.6658471582229,-169.788384720187,1.2,3.07154108752721
"L-20",2012,7244.31811781901,58.6658471582229,-169.788384720187,-0.4,8.88797292925366
"L-20",2013,7285.59890184792,58.6658471582229,-169.788384720187,-0.7,8.89365512096234
"L-20",2014,14032.6283333403,58.6658471582229,-169.788384720187,1.1,9.5491405936806
"L-20",2015,34952.2275318915,58.6658471582229,-169.788384720187,1.2,10.461737521187
"L-20",2016,85.6356301384621,58.6658471582229,-169.788384720187,4,4.45011806355617
"L-20",2017,833.761823280913,58.6658471582229,-169.788384720187,1,6.72594948575484
"L-20",2018,739.516801644445,58.6658471582229,-169.788384720187,3.8,6.60599892758954
"L-20",2019,81.7466896035698,58.6658471582229,-169.788384720187,3.1,4.40364273288262
"L-20",2021,66.4577833295601,58.6658471582229,-169.788384720187,3.7,4.19658833405019
"L-20",2022,0,58.6658471582229,-169.788384720187,0.8,-6.55436829794885
"L-20",2023,98.1284150941302,58.6658471582229,-169.788384720187,0.6,4.58629148929361
"L-21",1988,255.517005283312,58.6686386585055,-170.438356817138,0.4,5.54329453684826
"L-21",1989,0,58.6686386585055,-170.438356817138,2.3,-6.55436829794885
"L-21",1990,5349.35385140697,58.6686386585055,-170.438356817138,-1,8.58473132333645
"L-21",1991,44768.4381737873,58.6686386585055,-170.438356817138,-0.5,10.7092586968789
"L-21",1992,5605.36045417126,58.6686386585055,-170.438356817138,-1.2,8.63147889685716
"L-21",1993,297.354372212297,58.6686386585055,-170.438356817138,0.7,5.69492938846086
"L-21",1994,3765.32284150586,58.6686386585055,-170.438356817138,-1.8,8.23358926279039
"L-21",1995,998.838763183633,58.6686386585055,-170.438356817138,-1.1,6.9065947929443
"L-21",1996,476.518532456841,58.6686386585055,-170.438356817138,1,6.16650960330624
"L-21",1997,0,58.6686386585055,-170.438356817138,0.7,-6.55436829794885
"L-21",1998,0,58.6686386585055,-170.438356817138,1.4,-6.55436829794885
"L-21",1999,17.9369928852347,58.6686386585055,-170.438356817138,-1.1,2.88694460119149
"L-21",2000,94.2656678404935,58.6686386585055,-170.438356817138,1.8,4.54613215442348
"L-21",2001,120.495291079998,58.6686386585055,-170.438356817138,1.4,4.79162249083338
"L-21",2002,0,58.6686386585055,-170.438356817138,1.7,-6.55436829794885
"L-21",2003,0,58.6686386585055,-170.438356817138,2.4,-6.55436829794885
"L-21",2004,127.894761087496,58.6686386585055,-170.438356817138,1.9,4.85121887991122
"L-21",2005,91925.8593072446,58.6686386585055,-170.438356817138,2.5,11.428737669532
"L-21",2006,11244.5045083172,58.6686386585055,-170.438356817138,-1.2,9.32763492676292
"L-21",2007,2283.17857022924,58.6686386585055,-170.438356817138,-1.3,7.73332448446944
"L-21",2008,39.1978554265362,58.6686386585055,-170.438356817138,-0.8,3.66865836164242
"L-21",2009,59.3371082471576,58.6686386585055,-170.438356817138,-0.5,4.08325887794077
"L-21",2010,41.0769275412615,58.6686386585055,-170.438356817138,-1.4,3.71548125337178
"L-21",2011,937.285567281525,58.6686386585055,-170.438356817138,-0.4,6.84298952260308
"L-21",2012,4154.65491246434,58.6686386585055,-170.438356817138,-0.9,8.33198499300152
"L-21",2013,7483.63141432318,58.6686386585055,-170.438356817138,-1.3,8.92047362662414
"L-21",2014,20920.2065094957,58.6686386585055,-170.438356817138,1,9.94847085758347
"L-21",2015,29752.5194370899,58.6686386585055,-170.438356817138,0.2,10.3006691422066
"L-21",2016,1598.68402960566,58.6686386585055,-170.438356817138,3.5,7.37693697896636
"L-21",2017,1031.07275718083,58.6686386585055,-170.438356817138,1.1,6.93835643202309
"L-21",2018,1941.13316839184,58.6686386585055,-170.438356817138,3.3,7.5710279224826
"L-21",2019,0,58.6686386585055,-170.438356817138,3,-6.55436829794885
"L-21",2021,21.4514452430265,58.6686386585055,-170.438356817138,3.1,3.06585839517405
"L-21",2022,0,58.6686386585055,-170.438356817138,-0.1,-6.55436829794885
"L-21",2023,7312.13010496088,58.6686386585055,-170.438356817138,-0.5,8.89729010105247
"L-22",1988,5209.70448810097,58.6659949911348,-171.081646641548,-1.1,8.55827868631796
"L-22",1989,1063.80130390194,58.6659949911348,-171.081646641548,2.7,6.96960524649368
"L-22",1990,200.688796227127,58.6659949911348,-171.081646641548,-1.2,5.30176252571206
"L-22",1991,421.320732518217,58.6659949911348,-171.081646641548,0.1,6.04339775815582
"L-22",1992,2464.94462806156,58.6659949911348,-171.081646641548,-1.2,7.80992520061604
"L-22",1993,1125.47908888456,58.6659949911348,-171.081646641548,1,7.0259653459069
"L-22",1994,1170.19022730599,58.6659949911348,-171.081646641548,NA,7.06492281881154
"L-22",1995,4655.9840068401,58.6659949911348,-171.081646641548,-1.2,8.44590886026595
"L-22",1996,32421.460012611,58.6659949911348,-171.081646641548,1.8,10.3865758725122
"L-22",1997,0,58.6659949911348,-171.081646641548,2,-6.55436829794885
"L-22",1998,19.859216684224,58.6659949911348,-171.081646641548,2,2.98873991218933
"L-22",1999,54.0656042543142,58.6659949911348,-171.081646641548,-0.5,3.99022453862032
"L-22",2000,237.889066860459,58.6659949911348,-171.081646641548,NA,5.47181044485181
"L-22",2001,134.502030398716,58.6659949911348,-171.081646641548,1.3,4.901589881097
"L-22",2002,58.5129423945643,58.6659949911348,-171.081646641548,1.2,4.06927230146668
"L-22",2003,60.4991149899102,58.6659949911348,-171.081646641548,3.2,4.10265227197171
"L-22",2004,132.417687915226,58.6659949911348,-171.081646641548,0.8,4.88597198200764
"L-22",2005,6948.15816806064,58.6659949911348,-171.081646641548,2.6,8.84623209657657
"L-22",2006,236.30745568918,58.6659949911348,-171.081646641548,-0.3,5.46513976102062
"L-22",2007,998.948797764357,58.6659949911348,-171.081646641548,-0.7,6.90670494922532
"L-22",2008,363.371296873385,58.6659949911348,-171.081646641548,-0.4,5.89542908642851
"L-22",2009,742.93992613553,58.6659949911348,-171.081646641548,-0.9,6.61061710488282
"L-22",2010,103.073908238968,58.6659949911348,-171.081646641548,-0.1,4.63546010071749
"L-22",2011,923.585578422151,58.6659949911348,-171.081646641548,0.7,6.82826500451883
"L-22",2012,446.733428593031,58.6659949911348,-171.081646641548,-1.1,6.10196524742125
"L-22",2013,1681.28406463327,58.6659949911348,-171.081646641548,-1.2,7.42731395153797
"L-22",2014,13690.8739196561,58.6659949911348,-171.081646641548,0.7,9.52448485659911
"L-22",2015,19105.4436859124,58.6659949911348,-171.081646641548,-0.1,9.85772865768835
"L-22",2016,161071.755426012,58.6659949911348,-171.081646641548,2.4,11.989605239394
"L-22",2017,998.143497565734,58.6659949911348,-171.081646641548,1.1,6.90589847764077
"L-22",2018,2570.55444418232,58.6659949911348,-171.081646641548,3.6,7.85187744557735
"L-22",2019,220.402606259499,58.6659949911348,-171.081646641548,3.4,5.39546236269031
"L-22",2021,77.5613532731207,58.6659949911348,-171.081646641548,3,4.35108763627252
"L-22",2022,149.069737326215,58.6659949911348,-171.081646641548,-0.4,5.00442378393649
"L-22",2023,12173.9065437482,58.6659949911348,-171.081646641548,0.6,9.40705024927749
"L-23",1988,18533.4035657377,58.6687354863035,-171.719012483841,0.3,9.82733005790948
"L-23",1989,24803.4333143612,58.6687354863035,-171.719012483841,3,10.118737420073
"L-23",1990,232.857506289901,58.6687354863035,-171.719012483841,-0.4,5.45043282030111
"L-23",1991,1041.20703533902,58.6687354863035,-171.719012483841,1,6.94813729757941
"L-23",1992,163.412597652259,58.6687354863035,-171.719012483841,-0.2,5.09628698984784
"L-23",1993,267.141310892104,58.6687354863035,-171.719012483841,2.1,5.58778310272856
"L-23",1994,523.209273787956,58.6687354863035,-171.719012483841,NA,6.25998424655095
"L-23",1995,729.65503281919,58.6687354863035,-171.719012483841,-1,6.59257381611352
"L-23",1996,149.439913282564,58.6687354863035,-171.719012483841,2.5,5.00690392227653
"L-23",1997,123.626561927121,58.6687354863035,-171.719012483841,2.1,4.81727694179822
"L-23",1998,8461.07056021355,58.6687354863035,-171.719012483841,1.9,9.04323115664101
"L-23",1999,20.8404537752679,58.6687354863035,-171.719012483841,0.1,3.03696431154629
"L-23",2000,6692.95369724324,58.6687354863035,-171.719012483841,2.1,8.80881077773307
"L-23",2001,0,58.6687354863035,-171.719012483841,2,-6.55436829794885
"L-23",2002,151.212490626554,58.6687354863035,-171.719012483841,2.4,5.01869548668451
"L-23",2003,38.7852912708512,58.6687354863035,-171.719012483841,3,3.65807779503297
"L-23",2004,20.5229985551078,58.6687354863035,-171.719012483841,1.4,3.02161551546194
"L-23",2005,55.2130722337624,58.6687354863035,-171.719012483841,2.4,4.01122552960061
"L-23",2006,1124.46612888683,58.6687354863035,-171.719012483841,0.2,7.02506491617548
"L-23",2007,4338.86693805199,58.6687354863035,-171.719012483841,-0.1,8.37536884699613
"L-23",2008,1217.29479131727,58.6687354863035,-171.719012483841,0.5,7.10438746123412
"L-23",2009,220.040831793381,58.6687354863035,-171.719012483841,-0.3,5.39381959916101
"L-23",2010,331.662412528685,58.6687354863035,-171.719012483841,1.2,5.80412191501911
"L-23",2011,2107.05612012345,58.6687354863035,-171.719012483841,1.5,7.6530477243024
"L-23",2012,452.352299670052,58.6687354863035,-171.719012483841,-1.1,6.114464448011
"L-23",2013,442.243878048897,58.6687354863035,-171.719012483841,0.6,6.09186470987651
"L-23",2014,1233.53097489318,58.6687354863035,-171.719012483841,1.1,7.11763720135227
"L-23",2015,1747.85775312703,58.6687354863035,-171.719012483841,0,7.46614699061838
"L-23",2016,0,58.6687354863035,-171.719012483841,1.9,-6.55436829794885
"L-23",2017,57647.8944500247,58.6687354863035,-171.719012483841,1.6,10.9621090267468
"L-23",2018,370.328685979897,58.6687354863035,-171.719012483841,3.4,5.91439479669048
"L-23",2019,24601.5067301821,58.6687354863035,-171.719012483841,3.6,10.110563027117
"L-23",2021,122035.833903296,58.6687354863035,-171.719012483841,3.1,11.7120700127745
"L-23",2022,23284.3331060141,58.6687354863035,-171.719012483841,-0.2,10.0555360756607
"L-23",2023,479.331795400508,58.6687354863035,-171.719012483841,2.1,6.17239601167661
"L-24",1988,8158.63758288769,58.6718648789284,-172.369319698609,1,9.00683264566136
"L-24",1989,1760.98397477632,58.6718648789284,-172.369319698609,2.8,7.47362881695608
"L-24",1990,788.523793303629,58.6718648789284,-172.369319698609,NA,6.67016438710373
"L-24",1991,86.2278663423373,58.6718648789284,-172.369319698609,1.4,4.45700991373923
"L-24",1992,0,58.6718648789284,-172.369319698609,0.9,-6.55436829794885
"L-24",1993,35373.5488034586,58.6718648789284,-172.369319698609,2.6,10.473719651133
"L-24",1994,14096.3290180518,58.6718648789284,-172.369319698609,0.2,9.55366979014963
"L-24",1995,1764.84728901073,58.6718648789284,-172.369319698609,0.8,7.47582025061874
"L-24",1996,608.828023353047,58.6718648789284,-172.369319698609,3.2,6.41153817468636
"L-24",1997,8765.43354366382,58.6718648789284,-172.369319698609,2.8,9.07857142162841
"L-24",1998,628.406813715847,58.6718648789284,-172.369319698609,2.2,6.44319001514007
"L-24",1999,19.3029017040902,58.6718648789284,-172.369319698609,NA,2.96032919443321
"L-24",2000,791.078497102356,58.6718648789284,-172.369319698609,2.4,6.67339900057063
"L-24",2001,11717.2696956248,58.6718648789284,-172.369319698609,2.1,9.36881919638713
"L-24",2002,0,58.6718648789284,-172.369319698609,2.6,-6.55436829794885
"L-24",2003,0,58.6718648789284,-172.369319698609,4.1,-6.55436829794885
"L-24",2004,622.672824462181,58.6718648789284,-172.369319698609,2.9,6.43402350618825
"L-24",2005,581.819770923172,58.6718648789284,-172.369319698609,3,6.36616317510746
"L-24",2006,11135.1707662323,58.6718648789284,-172.369319698609,1.3,9.31786404343489
"L-24",2007,165.655959120192,58.6718648789284,-172.369319698609,0.6,5.10992169764249
"L-24",2008,21.3937298053878,58.6718648789284,-172.369319698609,1.2,3.0631644331774
"L-24",2009,34980.0616420205,58.6718648789284,-172.369319698609,0.7,10.4625335514841
"L-24",2010,1761.16629955212,58.6718648789284,-172.369319698609,2.1,7.47373234725113
"L-24",2011,315.190813092493,58.6718648789284,-172.369319698609,1.9,5.75318272879256
"L-24",2012,3512.79901230919,58.6718648789284,-172.369319698609,-0.5,8.16416884341946
"L-24",2013,93.9178975135869,58.6718648789284,-172.369319698609,0.9,4.54243613070913
"L-24",2014,0,58.6718648789284,-172.369319698609,2.2,-6.55436829794885
"L-24",2015,0,58.6718648789284,-172.369319698609,1.4,-6.55436829794885
"L-24",2016,0,58.6718648789284,-172.369319698609,3.1,-6.55436829794885
"L-24",2017,21.2589186339723,58.6718648789284,-172.369319698609,2.9,3.05684348360361
"L-24",2018,352.371740301986,58.6718648789284,-172.369319698609,3.4,5.8646907395847
"L-24",2019,3362.95066212688,58.6718648789284,-172.369319698609,3.4,8.12057446424327
"L-24",2021,0,58.6718648789284,-172.369319698609,2.8,-6.55436829794885
"L-24",2022,18.5151936397488,58.6718648789284,-172.369319698609,0.4,2.91866857332585
"L-24",2023,19.5367407486579,58.6718648789284,-172.369319698609,2.3,2.97236971337552
"L-25",1988,130.669327723043,58.6679475704378,-172.999655039012,2,4.87268081291759
"L-25",1989,495.769192361374,58.6679475704378,-172.999655039012,NA,6.20611335250281
"L-25",1990,1065.75391859819,58.6679475704378,-172.999655039012,1.9,6.97143906851593
"L-25",1991,4684.63178273876,58.6679475704378,-172.999655039012,1.7,8.45204290059819
"L-25",1992,1329.10824312176,58.6679475704378,-172.999655039012,2,7.19226457374657
"L-25",1993,530.270183461075,58.6679475704378,-172.999655039012,3,6.27338934196511
"L-25",1994,5757.47188312668,58.6679475704378,-172.999655039012,NA,8.65825399547198
"L-25",1995,17915.6301183421,58.6679475704378,-172.999655039012,1.9,9.7934288812653
"L-25",1996,29342.5763898734,58.6679475704378,-172.999655039012,3.2,10.2867949078837
"L-25",1997,22283.3881996452,58.6679475704378,-172.999655039012,2.7,10.0115968199707
"L-25",1998,15344.1411128269,58.6679475704378,-172.999655039012,2.3,9.6384890864902
"L-25",1999,486.518071978006,58.6679475704378,-172.999655039012,1.4,6.18727697453342
"L-25",2000,9643.97611572201,58.6679475704378,-172.999655039012,2.7,9.17408891034813
"L-25",2001,15769.1375877792,58.6679475704378,-172.999655039012,2.7,9.66581008186938
"L-25",2002,11745.5875786298,58.6679475704378,-172.999655039012,3.3,9.37123304504902
"L-25",2003,18977.2034336826,58.6679475704378,-172.999655039012,4.3,9.85099379354048
"L-25",2004,6061.09151562219,58.6679475704378,-172.999655039012,3.3,8.70964541585521
"L-25",2005,5506.86188173624,58.6679475704378,-172.999655039012,3.6,8.61375046702202
"L-25",2006,250.582002872103,58.6679475704378,-172.999655039012,2.2,5.52379190601385
"L-25",2007,567.288221179965,58.6679475704378,-172.999655039012,1.9,6.3408700111464
"L-25",2008,3976.41558554374,58.6679475704378,-172.999655039012,1.6,8.28813644392309
"L-25",2009,2135.77183140109,58.6679475704378,-172.999655039012,1.4,7.6665840405517
"L-25",2010,728.673930522822,58.6679475704378,-172.999655039012,2.6,6.59122830278532
"L-25",2011,2748.44906816141,58.6679475704378,-172.999655039012,2.5,7.91879257442008
"L-25",2012,1188.15034885187,58.6679475704378,-172.999655039012,0.8,7.08015424658917
"L-25",2013,264.709067645588,58.6679475704378,-172.999655039012,1.8,5.57863674398835
"L-25",2014,404.012634606291,58.6679475704378,-172.999655039012,2.5,6.00144967559418
"L-25",2015,251.735105709004,58.6679475704378,-172.999655039012,2.4,5.52838302308094
"L-25",2016,76.1748468043809,58.6679475704378,-172.999655039012,3.3,4.33305000588044
"L-25",2017,19.0200118600355,58.6679475704378,-172.999655039012,3.3,2.9455665401825
"L-25",2018,105.665365029703,58.6679475704378,-172.999655039012,3.5,4.66029064210209
"L-25",2019,17.9761768627307,58.6679475704378,-172.999655039012,3.7,2.88912657991612
"L-25",2021,18.5381424587176,58.6679475704378,-172.999655039012,3.1,2.91990716939865
"L-25",2022,0,58.6679475704378,-172.999655039012,2.8,-6.55436829794885
"L-25",2023,0,58.6679475704378,-172.999655039012,2.8,-6.55436829794885
"L-26",1988,194.509161533516,58.6681457240143,-173.633369379928,2.8,5.27048658530801
"L-26",1989,448.077787613737,58.6681457240143,-173.633369379928,3.2,6.10497002816023
"L-26",1990,0,58.6681457240143,-173.633369379928,2.6,-6.55436829794885
"L-26",1991,0,58.6681457240143,-173.633369379928,2.3,-6.55436829794885
"L-26",1992,186.296903420511,58.6681457240143,-173.633369379928,3.2,5.22734929905174
"L-26",1993,0,58.6681457240143,-173.633369379928,3.2,-6.55436829794885
"L-26",1994,40.8825370379556,58.6681457240143,-173.633369379928,2.3,3.7107378325914
"L-26",1995,41695.1934734942,58.6681457240143,-173.633369379928,2.8,10.6381411708686
"L-26",1996,24499.6356091444,58.6681457240143,-173.633369379928,3.5,10.1064135814446
"L-26",1997,20043.4315862547,58.6681457240143,-173.633369379928,3.1,9.90565684841833
"L-26",1998,143090.054825013,58.6681457240143,-173.633369379928,2.8,11.8712294750022
"L-26",1999,38046.7558957806,58.6681457240143,-173.633369379928,1.9,10.5465711380988
"L-26",2000,0,58.6681457240143,-173.633369379928,2.9,-6.55436829794885
"L-26",2001,0,58.6681457240143,-173.633369379928,3.5,-6.55436829794885
"L-26",2002,18.7648210686579,58.6681457240143,-173.633369379928,3.3,2.93205977468207
"L-26",2003,18.6417100102018,58.6681457240143,-173.633369379928,4.3,2.92547792239248
"L-26",2004,4454.11236303897,58.6681457240143,-173.633369379928,3.4,8.40158339462189
"L-26",2005,181.508848416521,58.6681457240143,-173.633369379928,4.1,5.20131224878973
"L-26",2006,0,58.6681457240143,-173.633369379928,2.5,-6.55436829794885
"L-26",2007,0,58.6681457240143,-173.633369379928,2.8,-6.55436829794885
"L-26",2008,37.1041514297449,58.6681457240143,-173.633369379928,2,3.6137672362688
"L-26",2009,0,58.6681457240143,-173.633369379928,2.6,-6.55436829794885
"L-26",2010,0,58.6681457240143,-173.633369379928,3.4,-6.55436829794885
"L-26",2011,5489.59406302325,58.6681457240143,-173.633369379928,2.9,8.61060984998663
"L-26",2012,4178.31236067273,58.6681457240143,-173.633369379928,1.5,8.33766304330659
"L-26",2013,19485.4651907615,58.6681457240143,-173.633369379928,2.5,9.87742416486322
"L-26",2014,556.484056032357,58.6681457240143,-173.633369379928,2.9,6.3216410785772
"L-26",2015,3106.27865042539,58.6681457240143,-173.633369379928,3.4,8.04118117166767
"L-26",2016,784.339017310689,58.6681457240143,-173.633369379928,3.9,6.66484316231238
"L-26",2017,0,58.6681457240143,-173.633369379928,3.7,-6.55436829794885
"L-26",2018,0,58.6681457240143,-173.633369379928,3.7,-6.55436829794885
"L-26",2019,0,58.6681457240143,-173.633369379928,3.8,-6.55436829794885
"L-26",2021,0,58.6681457240143,-173.633369379928,3.5,-6.55436829794885
"L-26",2022,0,58.6681457240143,-173.633369379928,3.3,-6.55436829794885
"L-26",2023,0,58.6681457240143,-173.633369379928,3.1,-6.55436829794885
"L-27",1988,0,58.6709036342857,-174.290313405714,3.5,-6.55436829794885
"L-27",1989,0,58.6709036342857,-174.290313405714,3.3,-6.55436829794885
"L-27",1990,0,58.6709036342857,-174.290313405714,2.7,-6.55436829794885
"L-27",1991,0,58.6709036342857,-174.290313405714,3.1,-6.55436829794885
"L-27",1992,20.3797489693995,58.6709036342857,-174.290313405714,3.2,3.01461157527763
"L-27",1993,0,58.6709036342857,-174.290313405714,3.5,-6.55436829794885
"L-27",1994,0,58.6709036342857,-174.290313405714,NA,-6.55436829794885
"L-27",1995,0,58.6709036342857,-174.290313405714,3,-6.55436829794885
"L-27",1996,680.921206902517,58.6709036342857,-174.290313405714,3.5,6.52344868851256
"L-27",1997,0,58.6709036342857,-174.290313405714,3.4,-6.55436829794885
"L-27",1998,17.9518719640297,58.6709036342857,-174.290313405714,2.8,2.88777371067465
"L-27",1999,0,58.6709036342857,-174.290313405714,2.4,-6.55436829794885
"L-27",2000,0,58.6709036342857,-174.290313405714,3.1,-6.55436829794885
"L-27",2001,0,58.6709036342857,-174.290313405714,3.5,-6.55436829794885
"L-27",2002,0,58.6709036342857,-174.290313405714,3.3,-6.55436829794885
"L-27",2003,0,58.6709036342857,-174.290313405714,4.1,-6.55436829794885
"L-27",2004,59.8542282774558,58.6709036342857,-174.290313405714,3.5,4.09193586630028
"L-27",2005,0,58.6709036342857,-174.290313405714,4,-6.55436829794885
"L-27",2006,0,58.6709036342857,-174.290313405714,3.1,-6.55436829794885
"L-27",2007,0,58.6709036342857,-174.290313405714,3.1,-6.55436829794885
"L-27",2008,0,58.6709036342857,-174.290313405714,2.3,-6.55436829794885
"L-27",2009,0,58.6709036342857,-174.290313405714,2.8,-6.55436829794885
"L-27",2010,0,58.6709036342857,-174.290313405714,3.1,-6.55436829794885
"L-27",2011,0,58.6709036342857,-174.290313405714,3.2,-6.55436829794885
"L-27",2012,26.3871278683462,58.6709036342857,-174.290313405714,1.9,3.27293027028249
"L-27",2013,42176.9668183034,58.6709036342857,-174.290313405714,2.8,10.6496295747825
"L-27",2014,168.16446619675,58.6709036342857,-174.290313405714,3.8,5.12495093314939
"L-27",2015,0,58.6709036342857,-174.290313405714,3.7,-6.55436829794885
"L-27",2016,0,58.6709036342857,-174.290313405714,3.8,-6.55436829794885
"L-27",2017,0,58.6709036342857,-174.290313405714,3.7,-6.55436829794885
"L-27",2018,0,58.6709036342857,-174.290313405714,4,-6.55436829794885
"L-27",2019,0,58.6709036342857,-174.290313405714,3.8,-6.55436829794885
"L-27",2021,0,58.6709036342857,-174.290313405714,3.6,-6.55436829794885
"L-27",2022,0,58.6709036342857,-174.290313405714,3.6,-6.55436829794885
"L-27",2023,0,58.6709036342857,-174.290313405714,3.3,-6.55436829794885
"L-28",1988,0,58.7324591911765,-174.894694007353,3.5,-6.55436829794885
"L-28",1989,0,58.7324591911765,-174.894694007353,3.4,-6.55436829794885
"L-28",1990,0,58.7324591911765,-174.894694007353,3.2,-6.55436829794885
"L-28",1991,0,58.7324591911765,-174.894694007353,2.8,-6.55436829794885
"L-28",1992,27.5404724627641,58.7324591911765,-174.894694007353,3.1,3.31570834876638
"L-28",1993,0,58.7324591911765,-174.894694007353,3.3,-6.55436829794885
"L-28",1994,19.8719406902025,58.7324591911765,-174.894694007353,2.6,2.98938037148202
"L-28",1995,0,58.7324591911765,-174.894694007353,2.8,-6.55436829794885
"L-28",1996,0,58.7324591911765,-174.894694007353,NA,-6.55436829794885
"L-28",1997,0,58.7324591911765,-174.894694007353,NA,-6.55436829794885
"L-28",1998,0,58.7324591911765,-174.894694007353,2.9,-6.55436829794885
"L-28",1999,0,58.7324591911765,-174.894694007353,2.1,-6.55436829794885
"L-28",2000,38.7209975646595,58.7324591911765,-174.894694007353,NA,3.65641879781642
"L-28",2001,0,58.7324591911765,-174.894694007353,3.3,-6.55436829794885
"L-28",2002,0,58.7324591911765,-174.894694007353,3.2,-6.55436829794885
"L-28",2003,0,58.7324591911765,-174.894694007353,4.1,-6.55436829794885
"L-28",2004,0,58.7324591911765,-174.894694007353,3.5,-6.55436829794885
"L-28",2005,0,58.7324591911765,-174.894694007353,4,-6.55436829794885
"L-28",2006,0,58.7324591911765,-174.894694007353,3.3,-6.55436829794885
"L-28",2007,0,58.7324591911765,-174.894694007353,3.1,-6.55436829794885
"L-28",2008,0,58.7324591911765,-174.894694007353,2.5,-6.55436829794885
"L-28",2009,0,58.7324591911765,-174.894694007353,2.7,-6.55436829794885
"L-28",2010,0,58.7324591911765,-174.894694007353,3.1,-6.55436829794885
"L-28",2011,0,58.7324591911765,-174.894694007353,3.2,-6.55436829794885
"L-28",2012,0,58.7324591911765,-174.894694007353,2.2,-6.55436829794885
"L-28",2013,0,58.7324591911765,-174.894694007353,2.7,-6.55436829794885
"L-28",2014,0,58.7324591911765,-174.894694007353,3.7,-6.55436829794885
"L-28",2015,0,58.7324591911765,-174.894694007353,3.7,-6.55436829794885
"L-28",2016,0,58.7324591911765,-174.894694007353,3.7,-6.55436829794885
"L-28",2017,0,58.7324591911765,-174.894694007353,3.7,-6.55436829794885
"L-28",2018,0,58.7324591911765,-174.894694007353,4,-6.55436829794885
"L-28",2019,0,58.7324591911765,-174.894694007353,3.8,-6.55436829794885
"L-28",2021,0,58.7324591911765,-174.894694007353,3.3,-6.55436829794885
"L-28",2022,0,58.7324591911765,-174.894694007353,3.6,-6.55436829794885
"L-28",2023,0,58.7324591911765,-174.894694007353,2.9,-6.55436829794885
"L-29",1988,0,58.6669563541667,-175.54281734375,2.8,-6.55436829794885
"L-29",1989,0,58.6669563541667,-175.54281734375,3,-6.55436829794885
"L-29",1990,0,58.6669563541667,-175.54281734375,3,-6.55436829794885
"L-29",1991,0,58.6669563541667,-175.54281734375,2.2,-6.55436829794885
"L-29",1992,0,58.6669563541667,-175.54281734375,3.3,-6.55436829794885
"L-29",1993,0,58.6669563541667,-175.54281734375,3,-6.55436829794885
"L-29",1994,0,58.6669563541667,-175.54281734375,2.8,-6.55436829794885
"L-29",1995,0,58.6669563541667,-175.54281734375,2.6,-6.55436829794885
"L-29",1996,0,58.6669563541667,-175.54281734375,3.7,-6.55436829794885
"L-29",1997,0,58.6669563541667,-175.54281734375,NA,-6.55436829794885
"L-29",1998,0,58.6669563541667,-175.54281734375,3,-6.55436829794885
"L-29",1999,0,58.6669563541667,-175.54281734375,2.3,-6.55436829794885
"L-29",2000,0,58.6669563541667,-175.54281734375,2.4,-6.55436829794885
"L-29",2001,0,58.6669563541667,-175.54281734375,3,-6.55436829794885
"L-29",2002,0,58.6669563541667,-175.54281734375,3.1,-6.55436829794885
"L-29",2003,0,58.6669563541667,-175.54281734375,4.1,-6.55436829794885
"L-29",2004,0,58.6669563541667,-175.54281734375,3.2,-6.55436829794885
"L-29",2005,0,58.6669563541667,-175.54281734375,3.9,-6.55436829794885
"L-29",2006,0,58.6669563541667,-175.54281734375,2.3,-6.55436829794885
"L-29",2007,36.9085836287133,58.6669563541667,-175.54281734375,2.7,3.60848272053052
"L-29",2008,0,58.6669563541667,-175.54281734375,2.2,-6.55436829794885
"L-29",2009,0,58.6669563541667,-175.54281734375,2.5,-6.55436829794885
"L-29",2010,0,58.6669563541667,-175.54281734375,2.5,-6.55436829794885
"L-29",2011,0,58.6669563541667,-175.54281734375,3.2,-6.55436829794885
"L-29",2012,50.8289522274156,58.6669563541667,-175.54281734375,1.9,3.92849413079142
"L-29",2013,17328.9186806446,58.6669563541667,-175.54281734375,2.7,9.76013206712276
"L-29",2014,4460.2132575124,58.6669563541667,-175.54281734375,3,8.40295217869747
"L-29",2015,8470.52838899435,58.6669563541667,-175.54281734375,3.6,9.04434833738716
"L-29",2016,355.293864095032,58.6669563541667,-175.54281734375,2.8,5.87294924084246
"L-29",2017,0,58.6669563541667,-175.54281734375,3.5,-6.55436829794885
"L-29",2018,0,58.6669563541667,-175.54281734375,3.8,-6.55436829794885
"L-29",2019,0,58.6669563541667,-175.54281734375,3.7,-6.55436829794885
"L-29",2021,0,58.6669563541667,-175.54281734375,3.4,-6.55436829794885
"L-29",2022,0,58.6669563541667,-175.54281734375,3.6,-6.55436829794885
"L-29",2023,0,58.6669563541667,-175.54281734375,3.1,-6.55436829794885
"L-30",1988,0,58.6699110928962,-176.200058087432,2.9,-6.55436829794885
"L-30",1989,0,58.6699110928962,-176.200058087432,3.3,-6.55436829794885
"L-30",1990,0,58.6699110928962,-176.200058087432,2.3,-6.55436829794885
"L-30",1991,0,58.6699110928962,-176.200058087432,2.6,-6.55436829794885
"L-30",1992,0,58.6699110928962,-176.200058087432,2.9,-6.55436829794885
"L-30",1993,0,58.6699110928962,-176.200058087432,3,-6.55436829794885
"L-30",1994,0,58.6699110928962,-176.200058087432,3.2,-6.55436829794885
"L-30",1995,0,58.6699110928962,-176.200058087432,2.7,-6.55436829794885
"L-30",1996,0,58.6699110928962,-176.200058087432,4.4,-6.55436829794885
"L-30",1997,0,58.6699110928962,-176.200058087432,3.4,-6.55436829794885
"L-30",1998,0,58.6699110928962,-176.200058087432,2.7,-6.55436829794885
"L-30",1999,0,58.6699110928962,-176.200058087432,2.3,-6.55436829794885
"L-30",2000,0,58.6699110928962,-176.200058087432,2.5,-6.55436829794885
"L-30",2001,22.7762256393486,58.6699110928962,-176.200058087432,NA,3.12577977101856
"L-30",2002,0,58.6699110928962,-176.200058087432,3,-6.55436829794885
"L-30",2003,0,58.6699110928962,-176.200058087432,3.8,-6.55436829794885
"L-30",2004,0,58.6699110928962,-176.200058087432,3.2,-6.55436829794885
"L-30",2005,0,58.6699110928962,-176.200058087432,3.7,-6.55436829794885
"L-30",2006,0,58.6699110928962,-176.200058087432,2.8,-6.55436829794885
"L-30",2007,0,58.6699110928962,-176.200058087432,2.4,-6.55436829794885
"L-30",2008,0,58.6699110928962,-176.200058087432,2.4,-6.55436829794885
"L-30",2009,0,58.6699110928962,-176.200058087432,2.5,-6.55436829794885
"L-30",2010,0,58.6699110928962,-176.200058087432,2.8,-6.55436829794885
"L-30",2011,0,58.6699110928962,-176.200058087432,3.2,-6.55436829794885
"L-30",2012,0,58.6699110928962,-176.200058087432,2.3,-6.55436829794885
"L-30",2013,0,58.6699110928962,-176.200058087432,2.4,-6.55436829794885
"L-30",2014,0,58.6699110928962,-176.200058087432,2.8,-6.55436829794885
"L-30",2015,0,58.6699110928962,-176.200058087432,3.6,-6.55436829794885
"L-30",2016,0,58.6699110928962,-176.200058087432,3.2,-6.55436829794885
"L-30",2017,0,58.6699110928962,-176.200058087432,3.4,-6.55436829794885
"L-30",2018,0,58.6699110928962,-176.200058087432,3.7,-6.55436829794885
"L-30",2019,0,58.6699110928962,-176.200058087432,3.6,-6.55436829794885
"L-30",2021,0,58.6699110928962,-176.200058087432,2.3,-6.55436829794885
"L-30",2022,0,58.6699110928962,-176.200058087432,3.4,-6.55436829794885
"L-30",2023,0,58.6699110928962,-176.200058087432,3.2,-6.55436829794885
"L-31",1988,0,58.66873325,-176.842433583333,3.2,-6.55436829794885
"L-31",1989,0,58.66873325,-176.842433583333,NA,-6.55436829794885
"L-31",1990,0,58.66873325,-176.842433583333,2.4,-6.55436829794885
"L-31",1991,0,58.66873325,-176.842433583333,2,-6.55436829794885
"L-31",1992,0,58.66873325,-176.842433583333,3.4,-6.55436829794885
"L-31",1993,0,58.66873325,-176.842433583333,2.9,-6.55436829794885
"L-31",1994,0,58.66873325,-176.842433583333,3.2,-6.55436829794885
"L-31",1995,0,58.66873325,-176.842433583333,2.3,-6.55436829794885
"L-31",1996,0,58.66873325,-176.842433583333,4.1,-6.55436829794885
"L-31",1997,0,58.66873325,-176.842433583333,3.5,-6.55436829794885
"L-31",1998,0,58.66873325,-176.842433583333,2.9,-6.55436829794885
"L-31",1999,18.3393977953311,58.66873325,-176.842433583333,2.2,2.90912926829927
"L-31",2000,0,58.66873325,-176.842433583333,2.5,-6.55436829794885
"L-31",2001,0,58.66873325,-176.842433583333,2.6,-6.55436829794885
"L-31",2002,0,58.66873325,-176.842433583333,3,-6.55436829794885
"L-31",2003,0,58.66873325,-176.842433583333,3.8,-6.55436829794885
"L-31",2004,0,58.66873325,-176.842433583333,3.3,-6.55436829794885
"L-31",2005,0,58.66873325,-176.842433583333,3.3,-6.55436829794885
"L-31",2006,0,58.66873325,-176.842433583333,2.5,-6.55436829794885
"L-31",2007,0,58.66873325,-176.842433583333,2.5,-6.55436829794885
"L-31",2008,0,58.66873325,-176.842433583333,2.3,-6.55436829794885
"L-31",2009,0,58.66873325,-176.842433583333,2.4,-6.55436829794885
"L-31",2010,0,58.66873325,-176.842433583333,2.6,-6.55436829794885
"L-31",2011,0,58.66873325,-176.842433583333,3.1,-6.55436829794885
"L-31",2012,0,58.66873325,-176.842433583333,2.3,-6.55436829794885
"L-31",2013,0,58.66873325,-176.842433583333,2.5,-6.55436829794885
"L-31",2014,0,58.66873325,-176.842433583333,2.6,-6.55436829794885
"L-31",2015,0,58.66873325,-176.842433583333,3.3,-6.55436829794885
"L-31",2016,0,58.66873325,-176.842433583333,3.4,-6.55436829794885
"L-31",2017,0,58.66873325,-176.842433583333,3.4,-6.55436829794885
"L-31",2018,0,58.66873325,-176.842433583333,3.6,-6.55436829794885
"L-31",2019,0,58.66873325,-176.842433583333,3.4,-6.55436829794885
"L-31",2021,0,58.66873325,-176.842433583333,2.6,-6.55436829794885
"L-31",2022,0,58.66873325,-176.842433583333,3.6,-6.55436829794885
"L-31",2023,0,58.66873325,-176.842433583333,3.1,-6.55436829794885
"M-01",1988,0,58.9995817675545,-167.896138595642,3,-6.55436829794885
"M-01",1989,0,58.9995817675545,-167.896138595642,4.9,-6.55436829794885
"M-01",1990,115.063677872286,58.9995817675545,-167.896138595642,3.6,4.74549807039948
"M-01",1991,0,58.9995817675545,-167.896138595642,4,-6.55436829794885
"M-01",1993,2588.72708508124,58.9995817675545,-167.896138595642,4.2,7.85892211097115
"M-01",1994,17989.9020558014,58.9995817675545,-167.896138595642,2.3,9.7975659617097
"M-01",1995,189.78678141093,58.9995817675545,-167.896138595642,3.6,5.24590874142603
"M-01",1996,0,58.9995817675545,-167.896138595642,4.8,-6.55436829794885
"M-01",1997,0,58.9995817675545,-167.896138595642,3.3,-6.55436829794885
"M-01",1998,0,58.9995817675545,-167.896138595642,3.8,-6.55436829794885
"M-01",1999,0,58.9995817675545,-167.896138595642,0.6,-6.55436829794885
"M-01",2000,0,58.9995817675545,-167.896138595642,2.3,-6.55436829794885
"M-01",2001,0,58.9995817675545,-167.896138595642,2.7,-6.55436829794885
"M-01",2002,0,58.9995817675545,-167.896138595642,4.2,-6.55436829794885
"M-01",2003,0,58.9995817675545,-167.896138595642,4.5,-6.55436829794885
"M-01",2004,0,58.9995817675545,-167.896138595642,4.2,-6.55436829794885
"M-01",2005,0,58.9995817675545,-167.896138595642,3.1,-6.55436829794885
"M-01",2006,0,58.9995817675545,-167.896138595642,1.8,-6.55436829794885
"M-01",2007,0,58.9995817675545,-167.896138595642,3.1,-6.55436829794885
"M-01",2008,0,58.9995817675545,-167.896138595642,1.3,-6.55436829794885
"M-01",2009,0,58.9995817675545,-167.896138595642,2.6,-6.55436829794885
"M-01",2010,0,58.9995817675545,-167.896138595642,1.5,-6.55436829794885
"M-01",2011,0,58.9995817675545,-167.896138595642,2.5,-6.55436829794885
"M-01",2012,0,58.9995817675545,-167.896138595642,-0.2,-6.55436829794885
"M-01",2013,0,58.9995817675545,-167.896138595642,2.4,-6.55436829794885
"M-01",2014,0,58.9995817675545,-167.896138595642,3.1,-6.55436829794885
"M-01",2015,0,58.9995817675545,-167.896138595642,3.6,-6.55436829794885
"M-01",2016,0,58.9995817675545,-167.896138595642,5.9,-6.55436829794885
"M-01",2017,0,58.9995817675545,-167.896138595642,4.2,-6.55436829794885
"M-01",2018,0,58.9995817675545,-167.896138595642,5.3,-6.55436829794885
"M-01",2019,24.1585669086279,58.9995817675545,-167.896138595642,6.2,3.18469799188608
"M-01",2021,43.837028008863,58.9995817675545,-167.896138595642,3.9,3.78051132930903
"M-01",2022,0,58.9995817675545,-167.896138595642,4.5,-6.55436829794885
"M-01",2023,0,58.9995817675545,-167.896138595642,2,-6.55436829794885
"M-02",1988,0,59.0041753061224,-167.234775510204,3.2,-6.55436829794885
"M-02",1989,0,59.0041753061224,-167.234775510204,4.8,-6.55436829794885
"M-02",1990,0,59.0041753061224,-167.234775510204,4.2,-6.55436829794885
"M-02",1991,0,59.0041753061224,-167.234775510204,4.5,-6.55436829794885
"M-02",1992,0,59.0041753061224,-167.234775510204,3.7,-6.55436829794885
"M-02",1993,0,59.0041753061224,-167.234775510204,4.6,-6.55436829794885
"M-02",1994,0,59.0041753061224,-167.234775510204,NA,-6.55436829794885
"M-02",1995,0,59.0041753061224,-167.234775510204,4.3,-6.55436829794885
"M-02",1996,0,59.0041753061224,-167.234775510204,4.4,-6.55436829794885
"M-02",1997,0,59.0041753061224,-167.234775510204,4.1,-6.55436829794885
"M-02",1998,0,59.0041753061224,-167.234775510204,3.9,-6.55436829794885
"M-02",1999,0,59.0041753061224,-167.234775510204,0.9,-6.55436829794885
"M-02",2000,0,59.0041753061224,-167.234775510204,2.4,-6.55436829794885
"M-02",2001,0,59.0041753061224,-167.234775510204,2.7,-6.55436829794885
"M-02",2002,0,59.0041753061224,-167.234775510204,4.5,-6.55436829794885
"M-02",2003,0,59.0041753061224,-167.234775510204,4.7,-6.55436829794885
"M-02",2004,0,59.0041753061224,-167.234775510204,4.5,-6.55436829794885
"M-02",2005,0,59.0041753061224,-167.234775510204,3.7,-6.55436829794885
"M-02",2006,0,59.0041753061224,-167.234775510204,2.6,-6.55436829794885
"M-02",2007,0,59.0041753061224,-167.234775510204,4,-6.55436829794885
"M-02",2008,0,59.0041753061224,-167.234775510204,1.5,-6.55436829794885
"M-02",2009,0,59.0041753061224,-167.234775510204,2.7,-6.55436829794885
"M-02",2010,0,59.0041753061224,-167.234775510204,2.4,-6.55436829794885
"M-02",2011,0,59.0041753061224,-167.234775510204,2.6,-6.55436829794885
"M-02",2012,0,59.0041753061224,-167.234775510204,2.6,-6.55436829794885
"M-02",2013,0,59.0041753061224,-167.234775510204,2.8,-6.55436829794885
"M-02",2014,0,59.0041753061224,-167.234775510204,4.2,-6.55436829794885
"M-02",2015,0,59.0041753061224,-167.234775510204,5.5,-6.55436829794885
"M-02",2016,0,59.0041753061224,-167.234775510204,6.6,-6.55436829794885
"M-02",2017,0,59.0041753061224,-167.234775510204,4.1,-6.55436829794885
"M-02",2018,0,59.0041753061224,-167.234775510204,5.8,-6.55436829794885
"M-02",2019,0,59.0041753061224,-167.234775510204,6.4,-6.55436829794885
"M-02",2021,0,59.0041753061224,-167.234775510204,4.2,-6.55436829794885
"M-02",2022,0,59.0041753061224,-167.234775510204,4.2,-6.55436829794885
"M-02",2023,0,59.0041753061224,-167.234775510204,2.2,-6.55436829794885
"M-03",1988,0,59.0017374285714,-166.584284571429,3.5,-6.55436829794885
"M-03",1989,0,59.0017374285714,-166.584284571429,4.6,-6.55436829794885
"M-03",1990,0,59.0017374285714,-166.584284571429,NA,-6.55436829794885
"M-03",1991,0,59.0017374285714,-166.584284571429,5.6,-6.55436829794885
"M-03",1992,0,59.0017374285714,-166.584284571429,4.5,-6.55436829794885
"M-03",1993,0,59.0017374285714,-166.584284571429,4.4,-6.55436829794885
"M-03",1994,0,59.0017374285714,-166.584284571429,NA,-6.55436829794885
"M-03",1995,0,59.0017374285714,-166.584284571429,4.5,-6.55436829794885
"M-03",1996,0,59.0017374285714,-166.584284571429,4.5,-6.55436829794885
"M-03",1997,0,59.0017374285714,-166.584284571429,5.1,-6.55436829794885
"M-03",1998,0,59.0017374285714,-166.584284571429,4.4,-6.55436829794885
"M-03",1999,0,59.0017374285714,-166.584284571429,0.6,-6.55436829794885
"M-03",2000,0,59.0017374285714,-166.584284571429,3.1,-6.55436829794885
"M-03",2001,0,59.0017374285714,-166.584284571429,2.4,-6.55436829794885
"M-03",2002,0,59.0017374285714,-166.584284571429,4.5,-6.55436829794885
"M-03",2003,0,59.0017374285714,-166.584284571429,5.5,-6.55436829794885
"M-03",2004,0,59.0017374285714,-166.584284571429,5,-6.55436829794885
"M-03",2005,0,59.0017374285714,-166.584284571429,3.5,-6.55436829794885
"M-03",2006,0,59.0017374285714,-166.584284571429,3.3,-6.55436829794885
"M-03",2007,0,59.0017374285714,-166.584284571429,3.9,-6.55436829794885
"M-03",2008,0,59.0017374285714,-166.584284571429,2.4,-6.55436829794885
"M-03",2009,0,59.0017374285714,-166.584284571429,3.1,-6.55436829794885
"M-03",2010,0,59.0017374285714,-166.584284571429,2.2,-6.55436829794885
"M-03",2011,0,59.0017374285714,-166.584284571429,2.9,-6.55436829794885
"M-03",2012,0,59.0017374285714,-166.584284571429,3.6,-6.55436829794885
"M-03",2013,0,59.0017374285714,-166.584284571429,3.6,-6.55436829794885
"M-03",2014,0,59.0017374285714,-166.584284571429,5.7,-6.55436829794885
"M-03",2015,0,59.0017374285714,-166.584284571429,5.8,-6.55436829794885
"M-03",2016,0,59.0017374285714,-166.584284571429,7.7,-6.55436829794885
"M-03",2017,0,59.0017374285714,-166.584284571429,4.9,-6.55436829794885
"M-03",2018,0,59.0017374285714,-166.584284571429,5.2,-6.55436829794885
"M-03",2019,0,59.0017374285714,-166.584284571429,6.8,-6.55436829794885
"M-03",2021,0,59.0017374285714,-166.584284571429,3.6,-6.55436829794885
"M-03",2022,0,59.0017374285714,-166.584284571429,4.9,-6.55436829794885
"M-03",2023,0,59.0017374285714,-166.584284571429,2.5,-6.55436829794885
"M-04",1988,0,59.0013425714286,-165.934851714286,3.7,-6.55436829794885
"M-04",1989,0,59.0013425714286,-165.934851714286,4.5,-6.55436829794885
"M-04",1990,0,59.0013425714286,-165.934851714286,5.2,-6.55436829794885
"M-04",1991,0,59.0013425714286,-165.934851714286,5.7,-6.55436829794885
"M-04",1992,0,59.0013425714286,-165.934851714286,5,-6.55436829794885
"M-04",1993,0,59.0013425714286,-165.934851714286,5.9,-6.55436829794885
"M-04",1994,0,59.0013425714286,-165.934851714286,3.3,-6.55436829794885
"M-04",1995,0,59.0013425714286,-165.934851714286,4.8,-6.55436829794885
"M-04",1996,0,59.0013425714286,-165.934851714286,5.6,-6.55436829794885
"M-04",1997,0,59.0013425714286,-165.934851714286,6.3,-6.55436829794885
"M-04",1998,0,59.0013425714286,-165.934851714286,4.6,-6.55436829794885
"M-04",1999,0,59.0013425714286,-165.934851714286,1,-6.55436829794885
"M-04",2000,0,59.0013425714286,-165.934851714286,3.2,-6.55436829794885
"M-04",2001,0,59.0013425714286,-165.934851714286,2.8,-6.55436829794885
"M-04",2002,0,59.0013425714286,-165.934851714286,4.9,-6.55436829794885
"M-04",2003,0,59.0013425714286,-165.934851714286,5.9,-6.55436829794885
"M-04",2004,0,59.0013425714286,-165.934851714286,5.3,-6.55436829794885
"M-04",2005,0,59.0013425714286,-165.934851714286,4.4,-6.55436829794885
"M-04",2006,0,59.0013425714286,-165.934851714286,3.9,-6.55436829794885
"M-04",2007,0,59.0013425714286,-165.934851714286,4.4,-6.55436829794885
"M-04",2008,0,59.0013425714286,-165.934851714286,2.9,-6.55436829794885
"M-04",2009,0,59.0013425714286,-165.934851714286,3.2,-6.55436829794885
"M-04",2010,0,59.0013425714286,-165.934851714286,3.9,-6.55436829794885
"M-04",2011,0,59.0013425714286,-165.934851714286,3.2,-6.55436829794885
"M-04",2012,0,59.0013425714286,-165.934851714286,4.2,-6.55436829794885
"M-04",2013,0,59.0013425714286,-165.934851714286,4.7,-6.55436829794885
"M-04",2014,0,59.0013425714286,-165.934851714286,5.2,-6.55436829794885
"M-04",2015,0,59.0013425714286,-165.934851714286,6.5,-6.55436829794885
"M-04",2016,0,59.0013425714286,-165.934851714286,7.4,-6.55436829794885
"M-04",2017,0,59.0013425714286,-165.934851714286,5.1,-6.55436829794885
"M-04",2018,0,59.0013425714286,-165.934851714286,5.5,-6.55436829794885
"M-04",2019,0,59.0013425714286,-165.934851714286,7.4,-6.55436829794885
"M-04",2021,0,59.0013425714286,-165.934851714286,3.7,-6.55436829794885
"M-04",2022,0,59.0013425714286,-165.934851714286,6,-6.55436829794885
"M-04",2023,0,59.0013425714286,-165.934851714286,2.9,-6.55436829794885
"M-05",1988,0,59.001968,-165.299437714286,3.5,-6.55436829794885
"M-05",1989,0,59.001968,-165.299437714286,4.1,-6.55436829794885
"M-05",1990,0,59.001968,-165.299437714286,4.8,-6.55436829794885
"M-05",1991,0,59.001968,-165.299437714286,5.9,-6.55436829794885
"M-05",1992,0,59.001968,-165.299437714286,5.5,-6.55436829794885
"M-05",1993,0,59.001968,-165.299437714286,6,-6.55436829794885
"M-05",1994,0,59.001968,-165.299437714286,3.3,-6.55436829794885
"M-05",1995,0,59.001968,-165.299437714286,5.1,-6.55436829794885
"M-05",1996,0,59.001968,-165.299437714286,5.3,-6.55436829794885
"M-05",1997,0,59.001968,-165.299437714286,6.4,-6.55436829794885
"M-05",1998,0,59.001968,-165.299437714286,4.9,-6.55436829794885
"M-05",1999,0,59.001968,-165.299437714286,1,-6.55436829794885
"M-05",2000,0,59.001968,-165.299437714286,3.3,-6.55436829794885
"M-05",2001,0,59.001968,-165.299437714286,3,-6.55436829794885
"M-05",2002,0,59.001968,-165.299437714286,4.3,-6.55436829794885
"M-05",2003,0,59.001968,-165.299437714286,4.5,-6.55436829794885
"M-05",2004,0,59.001968,-165.299437714286,5.2,-6.55436829794885
"M-05",2005,0,59.001968,-165.299437714286,4.4,-6.55436829794885
"M-05",2006,0,59.001968,-165.299437714286,3.2,-6.55436829794885
"M-05",2007,0,59.001968,-165.299437714286,4.3,-6.55436829794885
"M-05",2008,0,59.001968,-165.299437714286,2.3,-6.55436829794885
"M-05",2009,0,59.001968,-165.299437714286,3.3,-6.55436829794885
"M-05",2010,0,59.001968,-165.299437714286,3.3,-6.55436829794885
"M-05",2011,0,59.001968,-165.299437714286,3.1,-6.55436829794885
"M-05",2012,0,59.001968,-165.299437714286,NA,-6.55436829794885
"M-05",2013,0,59.001968,-165.299437714286,3.6,-6.55436829794885
"M-05",2014,0,59.001968,-165.299437714286,5.4,-6.55436829794885
"M-05",2015,0,59.001968,-165.299437714286,5.3,-6.55436829794885
"M-05",2016,0,59.001968,-165.299437714286,8.4,-6.55436829794885
"M-05",2017,0,59.001968,-165.299437714286,5.1,-6.55436829794885
"M-05",2018,0,59.001968,-165.299437714286,5.7,-6.55436829794885
"M-05",2019,0,59.001968,-165.299437714286,7.6,-6.55436829794885
"M-05",2021,0,59.001968,-165.299437714286,3.8,-6.55436829794885
"M-05",2022,0,59.001968,-165.299437714286,6.6,-6.55436829794885
"M-05",2023,0,59.001968,-165.299437714286,3.2,-6.55436829794885
"M-06",1988,0,58.9952302857143,-164.652718857143,4,-6.55436829794885
"M-06",1989,0,58.9952302857143,-164.652718857143,NA,-6.55436829794885
"M-06",1990,0,58.9952302857143,-164.652718857143,5.2,-6.55436829794885
"M-06",1991,0,58.9952302857143,-164.652718857143,5.6,-6.55436829794885
"M-06",1992,0,58.9952302857143,-164.652718857143,4.4,-6.55436829794885
"M-06",1993,0,58.9952302857143,-164.652718857143,NA,-6.55436829794885
"M-06",1994,0,58.9952302857143,-164.652718857143,3.9,-6.55436829794885
"M-06",1995,0,58.9952302857143,-164.652718857143,4.2,-6.55436829794885
"M-06",1996,0,58.9952302857143,-164.652718857143,5.9,-6.55436829794885
"M-06",1997,0,58.9952302857143,-164.652718857143,5.9,-6.55436829794885
"M-06",1998,0,58.9952302857143,-164.652718857143,5.4,-6.55436829794885
"M-06",1999,0,58.9952302857143,-164.652718857143,NA,-6.55436829794885
"M-06",2000,0,58.9952302857143,-164.652718857143,3.3,-6.55436829794885
"M-06",2001,0,58.9952302857143,-164.652718857143,2.8,-6.55436829794885
"M-06",2002,0,58.9952302857143,-164.652718857143,4.5,-6.55436829794885
"M-06",2003,0,58.9952302857143,-164.652718857143,4.9,-6.55436829794885
"M-06",2004,0,58.9952302857143,-164.652718857143,5.9,-6.55436829794885
"M-06",2005,0,58.9952302857143,-164.652718857143,4.9,-6.55436829794885
"M-06",2006,0,58.9952302857143,-164.652718857143,3.6,-6.55436829794885
"M-06",2007,0,58.9952302857143,-164.652718857143,5.2,-6.55436829794885
"M-06",2008,0,58.9952302857143,-164.652718857143,2.4,-6.55436829794885
"M-06",2009,0,58.9952302857143,-164.652718857143,3.7,-6.55436829794885
"M-06",2010,0,58.9952302857143,-164.652718857143,3.2,-6.55436829794885
"M-06",2011,0,58.9952302857143,-164.652718857143,3.6,-6.55436829794885
"M-06",2012,0,58.9952302857143,-164.652718857143,4,-6.55436829794885
"M-06",2013,0,58.9952302857143,-164.652718857143,4.3,-6.55436829794885
"M-06",2014,0,58.9952302857143,-164.652718857143,5.8,-6.55436829794885
"M-06",2015,0,58.9952302857143,-164.652718857143,5.2,-6.55436829794885
"M-06",2016,0,58.9952302857143,-164.652718857143,8.4,-6.55436829794885
"M-06",2017,0,58.9952302857143,-164.652718857143,6,-6.55436829794885
"M-06",2018,0,58.9952302857143,-164.652718857143,5.9,-6.55436829794885
"M-06",2019,0,58.9952302857143,-164.652718857143,8.2,-6.55436829794885
"M-06",2021,0,58.9952302857143,-164.652718857143,4.1,-6.55436829794885
"M-06",2022,0,58.9952302857143,-164.652718857143,5.2,-6.55436829794885
"M-06",2023,0,58.9952302857143,-164.652718857143,2.9,-6.55436829794885
"M-07",1988,0,59.0006442857143,-164.001519714286,5,-6.55436829794885
"M-07",1989,0,59.0006442857143,-164.001519714286,4,-6.55436829794885
"M-07",1990,0,59.0006442857143,-164.001519714286,5.4,-6.55436829794885
"M-07",1991,0,59.0006442857143,-164.001519714286,6.4,-6.55436829794885
"M-07",1992,0,59.0006442857143,-164.001519714286,4.2,-6.55436829794885
"M-07",1993,0,59.0006442857143,-164.001519714286,5.9,-6.55436829794885
"M-07",1994,0,59.0006442857143,-164.001519714286,4.3,-6.55436829794885
"M-07",1995,0,59.0006442857143,-164.001519714286,4.9,-6.55436829794885
"M-07",1996,0,59.0006442857143,-164.001519714286,6.7,-6.55436829794885
"M-07",1997,0,59.0006442857143,-164.001519714286,5.5,-6.55436829794885
"M-07",1998,0,59.0006442857143,-164.001519714286,5.3,-6.55436829794885
"M-07",1999,0,59.0006442857143,-164.001519714286,0.8,-6.55436829794885
"M-07",2000,0,59.0006442857143,-164.001519714286,3.9,-6.55436829794885
"M-07",2001,0,59.0006442857143,-164.001519714286,3,-6.55436829794885
"M-07",2002,0,59.0006442857143,-164.001519714286,4.4,-6.55436829794885
"M-07",2003,0,59.0006442857143,-164.001519714286,5.7,-6.55436829794885
"M-07",2004,0,59.0006442857143,-164.001519714286,5.9,-6.55436829794885
"M-07",2005,0,59.0006442857143,-164.001519714286,4.7,-6.55436829794885
"M-07",2006,0,59.0006442857143,-164.001519714286,3.6,-6.55436829794885
"M-07",2007,0,59.0006442857143,-164.001519714286,6.4,-6.55436829794885
"M-07",2008,0,59.0006442857143,-164.001519714286,3.2,-6.55436829794885
"M-07",2009,0,59.0006442857143,-164.001519714286,4.4,-6.55436829794885
"M-07",2010,0,59.0006442857143,-164.001519714286,2.4,-6.55436829794885
"M-07",2011,0,59.0006442857143,-164.001519714286,3.7,-6.55436829794885
"M-07",2012,0,59.0006442857143,-164.001519714286,3.8,-6.55436829794885
"M-07",2013,0,59.0006442857143,-164.001519714286,4.1,-6.55436829794885
"M-07",2014,0,59.0006442857143,-164.001519714286,5.4,-6.55436829794885
"M-07",2015,0,59.0006442857143,-164.001519714286,5,-6.55436829794885
"M-07",2016,0,59.0006442857143,-164.001519714286,8.2,-6.55436829794885
"M-07",2017,0,59.0006442857143,-164.001519714286,5.9,-6.55436829794885
"M-07",2018,0,59.0006442857143,-164.001519714286,5.9,-6.55436829794885
"M-07",2019,0,59.0006442857143,-164.001519714286,8.1,-6.55436829794885
"M-07",2021,0,59.0006442857143,-164.001519714286,4.1,-6.55436829794885
"M-07",2022,0,59.0006442857143,-164.001519714286,5.4,-6.55436829794885
"M-07",2023,0,59.0006442857143,-164.001519714286,3,-6.55436829794885
"M-08",1988,0,58.9916288235294,-163.355676470588,4.4,-6.55436829794885
"M-08",1989,0,58.9916288235294,-163.355676470588,4.1,-6.55436829794885
"M-08",1990,0,58.9916288235294,-163.355676470588,5.5,-6.55436829794885
"M-08",1991,0,58.9916288235294,-163.355676470588,6.3,-6.55436829794885
"M-08",1992,0,58.9916288235294,-163.355676470588,4.4,-6.55436829794885
"M-08",1993,0,58.9916288235294,-163.355676470588,NA,-6.55436829794885
"M-08",1994,0,58.9916288235294,-163.355676470588,4.3,-6.55436829794885
"M-08",1995,0,58.9916288235294,-163.355676470588,6.7,-6.55436829794885
"M-08",1996,0,58.9916288235294,-163.355676470588,7.6,-6.55436829794885
"M-08",1997,0,58.9916288235294,-163.355676470588,6.6,-6.55436829794885
"M-08",1998,0,58.9916288235294,-163.355676470588,6.1,-6.55436829794885
"M-08",1999,0,58.9916288235294,-163.355676470588,1.3,-6.55436829794885
"M-08",2000,0,58.9916288235294,-163.355676470588,2.7,-6.55436829794885
"M-08",2001,0,58.9916288235294,-163.355676470588,4.1,-6.55436829794885
"M-08",2002,0,58.9916288235294,-163.355676470588,5.9,-6.55436829794885
"M-08",2003,0,58.9916288235294,-163.355676470588,6.1,-6.55436829794885
"M-08",2004,0,58.9916288235294,-163.355676470588,6.3,-6.55436829794885
"M-08",2005,0,58.9916288235294,-163.355676470588,7,-6.55436829794885
"M-08",2006,0,58.9916288235294,-163.355676470588,4.7,-6.55436829794885
"M-08",2007,0,58.9916288235294,-163.355676470588,6.6,-6.55436829794885
"M-08",2009,0,58.9916288235294,-163.355676470588,4.5,-6.55436829794885
"M-08",2010,0,58.9916288235294,-163.355676470588,3.1,-6.55436829794885
"M-08",2011,0,58.9916288235294,-163.355676470588,4.6,-6.55436829794885
"M-08",2012,0,58.9916288235294,-163.355676470588,4,-6.55436829794885
"M-08",2013,0,58.9916288235294,-163.355676470588,4.8,-6.55436829794885
"M-08",2014,0,58.9916288235294,-163.355676470588,6.9,-6.55436829794885
"M-08",2015,0,58.9916288235294,-163.355676470588,5.1,-6.55436829794885
"M-08",2016,0,58.9916288235294,-163.355676470588,8.7,-6.55436829794885
"M-08",2017,0,58.9916288235294,-163.355676470588,5.8,-6.55436829794885
"M-08",2018,0,58.9916288235294,-163.355676470588,7.2,-6.55436829794885
"M-08",2019,0,58.9916288235294,-163.355676470588,9.3,-6.55436829794885
"M-08",2021,0,58.9916288235294,-163.355676470588,4.3,-6.55436829794885
"M-08",2022,0,58.9916288235294,-163.355676470588,7,-6.55436829794885
"M-08",2023,0,58.9916288235294,-163.355676470588,3.8,-6.55436829794885
"M-18",1988,28.6119436653333,58.9999726075269,-168.536530094086,2.3,3.35387400539169
"M-18",1989,22.1303099478273,58.9999726075269,-168.536530094086,4,3.0970124984806
"M-18",1990,22.3866617209296,58.9999726075269,-168.536530094086,NA,3.10852892463185
"M-18",1991,0,58.9999726075269,-168.536530094086,3.2,-6.55436829794885
"M-18",1993,22927.6081556274,58.9999726075269,-168.536530094086,NA,10.0400971218137
"M-18",1994,1292.43967648396,58.9999726075269,-168.536530094086,2,7.16428803502779
"M-18",1995,626.508540367669,58.9999726075269,-168.536530094086,3,6.44016467883809
"M-18",1996,0,58.9999726075269,-168.536530094086,3.9,-6.55436829794885
"M-18",1997,0,58.9999726075269,-168.536530094086,2.6,-6.55436829794885
"M-18",1998,0,58.9999726075269,-168.536530094086,4.1,-6.55436829794885
"M-18",1999,0,58.9999726075269,-168.536530094086,0.6,-6.55436829794885
"M-18",2000,44.8436465230746,58.9999726075269,-168.536530094086,1.9,3.80321366953477
"M-18",2001,0,58.9999726075269,-168.536530094086,1.2,-6.55436829794885
"M-18",2002,487.075157522133,58.9999726075269,-168.536530094086,3.9,6.18842136206319
"M-18",2003,0,58.9999726075269,-168.536530094086,4.7,-6.55436829794885
"M-18",2004,0,58.9999726075269,-168.536530094086,4.2,-6.55436829794885
"M-18",2005,0,58.9999726075269,-168.536530094086,3,-6.55436829794885
"M-18",2006,171.8277502415,58.9999726075269,-168.536530094086,1.4,5.14650080958938
"M-18",2007,0,58.9999726075269,-168.536530094086,1.5,-6.55436829794885
"M-18",2008,63.7627939792747,58.9999726075269,-168.536530094086,0.7,4.15519218444781
"M-18",2009,22.3775122383894,58.9999726075269,-168.536530094086,2,3.1081201646869
"M-18",2010,0,58.9999726075269,-168.536530094086,1.4,-6.55436829794885
"M-18",2011,0,58.9999726075269,-168.536530094086,3,-6.55436829794885
"M-18",2012,0,58.9999726075269,-168.536530094086,-1.2,-6.55436829794885
"M-18",2013,0,58.9999726075269,-168.536530094086,2.9,-6.55436829794885
"M-18",2014,0,58.9999726075269,-168.536530094086,2.6,-6.55436829794885
"M-18",2015,0,58.9999726075269,-168.536530094086,3,-6.55436829794885
"M-18",2016,0,58.9999726075269,-168.536530094086,5.5,-6.55436829794885
"M-18",2017,0,58.9999726075269,-168.536530094086,4,-6.55436829794885
"M-18",2018,0,58.9999726075269,-168.536530094086,4.9,-6.55436829794885
"M-18",2019,1105.34924558133,58.9999726075269,-168.536530094086,5.5,7.00791791153832
"M-18",2021,0,58.9999726075269,-168.536530094086,3.6,-6.55436829794885
"M-18",2022,0,58.9999726075269,-168.536530094086,3,-6.55436829794885
"M-18",2023,0,58.9999726075269,-168.536530094086,2.3,-6.55436829794885
"M-19",1988,42.8954555250293,59.0026235131018,-169.184162340037,2.2,3.75879908219454
"M-19",1989,0,59.0026235131018,-169.184162340037,3.5,-6.55436829794885
"M-19",1990,258.222567245771,59.0026235131018,-169.184162340037,1.3,5.55382739093502
"M-19",1991,554.532450470611,59.0026235131018,-169.184162340037,2.5,6.31812789483013
"M-19",1992,528.454073128959,59.0026235131018,-169.184162340037,3,6.2699585955415
"M-19",1993,23746.2606361947,59.0026235131018,-169.184162340037,2.1,10.075180410132
"M-19",1994,71358.5557364708,59.0026235131018,-169.184162340037,0.3,11.175472547884
"M-19",1995,13105.0726204995,59.0026235131018,-169.184162340037,1.1,9.48075476582789
"M-19",1996,0,59.0026235131018,-169.184162340037,2.8,-6.55436829794885
"M-19",1997,21.183295043224,59.0026235131018,-169.184162340037,0.9,3.05328011636134
"M-19",1998,102.188332472332,59.0026235131018,-169.184162340037,3,4.62683144138
"M-19",1999,328.012376822921,59.0026235131018,-169.184162340037,-0.3,5.79305568281904
"M-19",2000,103.817494045073,59.0026235131018,-169.184162340037,2,4.6426482077588
"M-19",2001,1204.78659974306,59.0026235131018,-169.184162340037,0.4,7.09405891644602
"M-19",2002,158.033491654087,59.0026235131018,-169.184162340037,2.5,5.06281599301945
"M-19",2003,0,59.0026235131018,-169.184162340037,3.2,-6.55436829794885
"M-19",2004,22.7950606269573,59.0026235131018,-169.184162340037,2.9,3.12660633587083
"M-19",2005,0,59.0026235131018,-169.184162340037,2,-6.55436829794885
"M-19",2006,9110.82989557512,59.0026235131018,-169.184162340037,0.1,9.11721923959858
"M-19",2007,40490.4178182923,59.0026235131018,-169.184162340037,0.5,10.6088206631878
"M-19",2008,9721.88792871626,59.0026235131018,-169.184162340037,0.3,9.18213525640489
"M-19",2009,350.759553513764,59.0026235131018,-169.184162340037,1,5.86010501541604
"M-19",2010,44.5826131504894,59.0026235131018,-169.184162340037,0.5,3.79737588089092
"M-19",2011,0,59.0026235131018,-169.184162340037,2.2,-6.55436829794885
"M-19",2012,46.2810196361509,59.0026235131018,-169.184162340037,-1.3,3.83476269950997
"M-19",2013,20.7175259133758,59.0026235131018,-169.184162340037,1.9,3.03104873055788
"M-19",2014,0,59.0026235131018,-169.184162340037,1,-6.55436829794885
"M-19",2015,226.51955707241,59.0026235131018,-169.184162340037,1.8,5.42283757177862
"M-19",2016,0,59.0026235131018,-169.184162340037,4.8,-6.55436829794885
"M-19",2017,0,59.0026235131018,-169.184162340037,2.8,-6.55436829794885
"M-19",2018,20.3760602280665,59.0026235131018,-169.184162340037,4.2,3.01443057121037
"M-19",2019,0,59.0026235131018,-169.184162340037,4.4,-6.55436829794885
"M-19",2021,23.9580779365994,59.0026235131018,-169.184162340037,3.1,3.17636498082122
"M-19",2022,43.7039330690934,59.0026235131018,-169.184162340037,1.6,3.77747067928306
"M-19",2023,0,59.0026235131018,-169.184162340037,0.7,-6.55436829794885
"M-20",1988,133.300927671582,59.0013189578631,-169.840699736644,1.7,4.89261986809158
"M-20",1989,43964.1242526304,59.0013189578631,-169.840699736644,2.3,10.691129254808
"M-20",1990,85.5251038411552,59.0013189578631,-169.840699736644,0.6,4.44882659358875
"M-20",1991,22141.2642303144,59.0013189578631,-169.840699736644,NA,10.0051983705816
"M-20",1992,9673.32568845591,59.0013189578631,-169.840699736644,-0.7,9.17712759466214
"M-20",1993,1067.2297539841,59.0013189578631,-169.840699736644,1.8,6.97282288937682
"M-20",1994,25132.9855020357,59.0013189578631,-169.840699736644,NA,10.1319364824445
"M-20",1995,66764.2063149515,59.0013189578631,-169.840699736644,-0.6,11.1089224036331
"M-20",1996,841.573143043752,59.0013189578631,-169.840699736644,1.9,6.73527462161926
"M-20",1997,101.557547341274,59.0013189578631,-169.840699736644,-0.1,4.62063962704242
"M-20",1998,18.9049670689347,59.0013189578631,-169.840699736644,2.2,2.93950001046214
"M-20",1999,20.81368000079,59.0013189578631,-169.840699736644,-1.3,3.03567887140279
"M-20",2000,21.7872848167456,59.0013189578631,-169.840699736644,1.4,3.08139188601638
"M-20",2001,251.87772480032,59.0013189578631,-169.840699736644,0.8,5.52894940376082
"M-20",2002,0,59.0013189578631,-169.840699736644,2.3,-6.55436829794885
"M-20",2003,0,59.0013189578631,-169.840699736644,2.5,-6.55436829794885
"M-20",2004,0,59.0013189578631,-169.840699736644,2.1,-6.55436829794885
"M-20",2005,1188.94055669441,59.0013189578631,-169.840699736644,NA,7.08081909867635
"M-20",2006,21112.1039582084,59.0013189578631,-169.840699736644,-0.7,9.95760186974376
"M-20",2007,81807.3059723768,59.0013189578631,-169.840699736644,-1.1,11.3121218510735
"M-20",2008,5842.81805494557,59.0013189578631,-169.840699736644,-0.9,8.67296874678838
"M-20",2009,91.6478199104434,59.0013189578631,-169.840699736644,-0.3,4.51796872321507
"M-20",2010,0,59.0013189578631,-169.840699736644,-1.2,-6.55436829794885
"M-20",2011,0,59.0013189578631,-169.840699736644,0.9,-6.55436829794885
"M-20",2012,69.2404583184252,59.0013189578631,-169.840699736644,-1,4.23760591365427
"M-20",2013,3456.70669267117,59.0013189578631,-169.840699736644,-0.8,8.14807200377187
"M-20",2014,11991.7070617171,59.0013189578631,-169.840699736644,0.7,9.39197073041418
"M-20",2015,4924.89034638534,59.0013189578631,-169.840699736644,0,8.5020575777845
"M-20",2016,153.835304243781,59.0013189578631,-169.840699736644,3.8,5.03589183302155
"M-20",2017,130.726796326105,59.0013189578631,-169.840699736644,1,4.8731205132239
"M-20",2018,14040.3725112087,59.0013189578631,-169.840699736644,3.7,9.54969231077861
"M-20",2019,43.5772650629318,59.0013189578631,-169.840699736644,3.1,3.77456824519483
"M-20",2021,0,59.0013189578631,-169.840699736644,3.5,-6.55436829794885
"M-20",2022,20.1818288803765,59.0013189578631,-169.840699736644,0.9,3.00485318937069
"M-20",2023,40.4563947259631,59.0013189578631,-169.840699736644,0.3,3.70025991550649
"M-21",1988,14404.7093145414,59.0048011476891,-170.483986363284,1,9.57531056667997
"M-21",1989,88322.7332420348,59.0048011476891,-170.483986363284,2.9,11.3887528241873
"M-21",1990,15095.9454508547,59.0048011476891,-170.483986363284,-1.3,9.62218156788061
"M-21",1991,23760.6324199907,59.0048011476891,-170.483986363284,-0.7,10.0757854500514
"M-21",1992,11466.9284297009,59.0048011476891,-170.483986363284,-1.2,9.34722250677733
"M-21",1993,527.783083957712,59.0048011476891,-170.483986363284,1.7,6.26868807130756
"M-21",1994,1677.74384113849,59.0048011476891,-170.483986363284,-1.8,7.42520606681445
"M-21",1995,3018.27671304693,59.0048011476891,-170.483986363284,-1.2,8.01244179443492
"M-21",1996,233.648629145876,59.0048011476891,-170.483986363284,0.7,5.45382449610095
"M-21",1997,86.5394732904057,59.0048011476891,-170.483986363284,-0.1,4.46061710188488
"M-21",1998,0,59.0048011476891,-170.483986363284,1.5,-6.55436829794885
"M-21",1999,20.6675598521783,59.0048011476891,-170.483986363284,-1.5,3.02863420626488
"M-21",2000,21.3032745509857,59.0048011476891,-170.483986363284,1.8,3.05892763210107
"M-21",2001,63.6262575611038,59.0048011476891,-170.483986363284,1.2,4.15304861847232
"M-21",2002,19.8835407430048,59.0048011476891,-170.483986363284,2.3,2.98996389968181
"M-21",2003,40.393719746734,59.0048011476891,-170.483986363284,2.4,3.69870957053338
"M-21",2004,556.688596768012,59.0048011476891,-170.483986363284,2.1,6.32200856912627
"M-21",2005,12732.8936423618,59.0048011476891,-170.483986363284,1.8,9.45194408645284
"M-21",2006,4936.72301258604,59.0048011476891,-170.483986363284,NA,8.50445732071327
"M-21",2007,1197.24329574796,59.0048011476891,-170.483986363284,-1.4,7.08777812879747
"M-21",2008,1029.52062399556,59.0048011476891,-170.483986363284,-1.2,6.93684994234111
"M-21",2009,116.511211550484,59.0048011476891,-170.483986363284,-0.8,4.75799972577292
"M-21",2010,230.051514702056,59.0048011476891,-170.483986363284,-1.5,5.43830945019565
"M-21",2011,4229.71077617583,59.0048011476891,-170.483986363284,0.2,8.34988923191427
"M-21",2012,2326.67287397154,59.0048011476891,-170.483986363284,-1.2,7.7521951869627
"M-21",2013,12656.1825695079,59.0048011476891,-170.483986363284,-1.2,9.44590122793826
"M-21",2014,8630.54344271615,59.0048011476891,-170.483986363284,0.3,9.06306291842261
"M-21",2015,7374.32105594404,59.0048011476891,-170.483986363284,-0.8,8.90575930984575
"M-21",2016,966.730917955876,59.0048011476891,-170.483986363284,3.1,6.87392166483099
"M-21",2017,10817.3707523183,59.0048011476891,-170.483986363284,0.8,9.28890865563915
"M-21",2018,17313.2074909251,59.0048011476891,-170.483986363284,3.3,9.75922501023905
"M-21",2019,23.0001595021565,59.0048011476891,-170.483986363284,3,3.13556305635128
"M-21",2021,22.2400831715059,59.0048011476891,-170.483986363284,2.8,3.10196023028612
"M-21",2022,18.5925166144182,59.0048011476891,-170.483986363284,0.1,2.92283574788174
"M-21",2023,6744.85010119712,59.0048011476891,-170.483986363284,0.1,8.81653475580939
"M-22",1988,7696.09521560887,58.9964758247482,-171.127698675773,-0.5,8.94846854937311
"M-22",1989,982.555995579425,58.9964758247482,-171.127698675773,2,6.89015878423571
"M-22",1990,469.656488412857,58.9964758247482,-171.127698675773,-1.1,6.15200458351443
"M-22",1991,2417.70939627582,58.9964758247482,-171.127698675773,-0.8,7.79057642938165
"M-22",1992,1848.8356684026,58.9964758247482,-171.127698675773,-1.5,7.52231212165628
"M-22",1993,7119.55698187242,58.9964758247482,-171.127698675773,NA,8.8706009808189
"M-22",1994,1997.70937987501,58.9964758247482,-171.127698675773,NA,7.59975720586791
"M-22",1995,7930.03653977186,58.9964758247482,-171.127698675773,-1.3,8.97841310196345
"M-22",1996,674.609417465798,58.9964758247482,-171.127698675773,0.4,6.51413599327792
"M-22",1997,60.1959740760535,58.9964758247482,-171.127698675773,0.8,4.09762912809334
"M-22",1998,38.7237167613712,58.9964758247482,-171.127698675773,1.5,3.65648901814717
"M-22",1999,18.6899993749391,58.9964758247482,-171.127698675773,-1.5,2.92806476928999
"M-22",2000,0,58.9964758247482,-171.127698675773,NA,-6.55436829794885
"M-22",2001,313.494311906185,58.9964758247482,-171.127698675773,1.1,5.74778575802907
"M-22",2002,0,58.9964758247482,-171.127698675773,0.8,-6.55436829794885
"M-22",2003,0,58.9964758247482,-171.127698675773,2.2,-6.55436829794885
"M-22",2004,109.578901356241,58.9964758247482,-171.127698675773,1.2,4.69665784415015
"M-22",2005,401.871851088523,58.9964758247482,-171.127698675773,2.1,5.99613680252998
"M-22",2006,272.08981018067,58.9964758247482,-171.127698675773,-1.2,5.60613742940375
"M-22",2007,0,58.9964758247482,-171.127698675773,-1,-6.55436829794885
"M-22",2008,0,58.9964758247482,-171.127698675773,-1,-6.55436829794885
"M-22",2009,36.437337793417,58.9964758247482,-171.127698675773,-0.8,3.59563308925312
"M-22",2010,2747.77668989616,58.9964758247482,-171.127698675773,-1.4,7.91854790546002
"M-22",2011,3115.16887777493,58.9964758247482,-171.127698675773,-0.8,8.04403910120609
"M-22",2012,1001.24511046496,58.9964758247482,-171.127698675773,-1.3,6.90900103705025
"M-22",2013,1778.30272114299,58.9964758247482,-171.127698675773,-1.4,7.48341546163878
"M-22",2014,29038.6660908265,58.9964758247482,-171.127698675773,0.2,10.2763835834063
"M-22",2015,27793.0534791078,58.9964758247482,-171.127698675773,-1.1,10.2325414448341
"M-22",2016,6221.83388125377,58.9964758247482,-171.127698675773,2.5,8.73582020734445
"M-22",2017,8845.93714214649,58.9964758247482,-171.127698675773,0.5,9.08771371357356
"M-22",2018,9080.9599950916,58.9964758247482,-171.127698675773,3.3,9.11393534913699
"M-22",2019,457.175425507662,58.9964758247482,-171.127698675773,2.8,6.12507029500808
"M-22",2021,5915.23776420167,58.9964758247482,-171.127698675773,2.7,8.68528721314076
"M-22",2022,5399.5268843037,58.9964758247482,-171.127698675773,-0.5,8.59406687840113
"M-22",2023,658.885836770519,58.9964758247482,-171.127698675773,-0.6,6.49055244346753
"M-23",1988,7187.72467518129,59.0006193348757,-171.784855896472,-0.7,8.88013014187182
"M-23",1989,2777.52891691583,59.0006193348757,-171.784855896472,2.8,7.92931744523374
"M-23",1990,1542.1213036119,59.0006193348757,-171.784855896472,-1,7.34091514077067
"M-23",1991,1098.1765776417,59.0006193348757,-171.784855896472,0.3,7.00140772325073
"M-23",1992,1908.16278755835,59.0006193348757,-171.784855896472,-1.3,7.5538969130011
"M-23",1993,4789.7937693489,59.0006193348757,-171.784855896472,1.2,8.47424293233656
"M-23",1994,1614.01159613113,59.0006193348757,-171.784855896472,NA,7.38647891572002
"M-23",1995,1564.69777667888,59.0006193348757,-171.784855896472,-0.9,7.35544888038625
"M-23",1996,1169.57070398393,59.0006193348757,-171.784855896472,1.5,7.06439325822762
"M-23",1997,1099.48000093647,59.0006193348757,-171.784855896472,1.4,7.00259391564431
"M-23",1998,49681.7122479024,59.0006193348757,-171.784855896472,1.7,10.813392210211
"M-23",1999,21.0030208785402,59.0006193348757,-171.784855896472,-0.6,3.04473407059391
"M-23",2000,257.375866880459,59.0006193348757,-171.784855896472,1.1,5.55054306579406
"M-23",2001,848.019672707491,59.0006193348757,-171.784855896472,1.5,6.74290551353616
"M-23",2002,165.794658093629,59.0006193348757,-171.784855896472,1.3,5.11075861139472
"M-23",2003,175.023514061377,59.0006193348757,-171.784855896472,2.7,5.16492846630487
"M-23",2004,634.587134732336,59.0006193348757,-171.784855896472,0.8,6.45297684969944
"M-23",2005,216.236601788357,59.0006193348757,-171.784855896472,2.1,5.37637977165649
"M-23",2006,739.87048901063,59.0006193348757,-171.784855896472,-0.3,6.60647708053073
"M-23",2007,1593.81523447497,59.0006193348757,-171.784855896472,-0.2,7.37388683288357
"M-23",2008,207.424064697224,59.0006193348757,-171.784855896472,0.2,5.33477218399786
"M-23",2009,129.084951294912,59.0006193348757,-171.784855896472,-0.6,4.86048175531156
"M-23",2010,7209.28877000889,59.0006193348757,-171.784855896472,0.8,8.88312577798348
"M-23",2011,23403.801139384,59.0006193348757,-171.784855896472,1.1,10.0606537908473
"M-23",2012,3270.43830988375,59.0006193348757,-171.784855896472,-1,8.09267973000806
"M-23",2013,875.223982541365,59.0006193348757,-171.784855896472,-1.2,6.77448146052359
"M-23",2014,11833.948329466,59.0006193348757,-171.784855896472,0.4,9.3787277772709
"M-23",2015,53.8663708779539,59.0006193348757,-171.784855896472,-1.3,3.98653279952644
"M-23",2016,322.03900848696,59.0006193348757,-171.784855896472,2.2,5.774677104025
"M-23",2017,27830.4180977686,59.0006193348757,-171.784855896472,0.8,10.2338849288458
"M-23",2018,222.890508694917,59.0006193348757,-171.784855896472,3.4,5.4066870467219
"M-23",2019,43213.552327454,59.0006193348757,-171.784855896472,3.2,10.6739094692687
"M-23",2021,29476.9926279208,59.0006193348757,-171.784855896472,3,10.2913653754261
"M-23",2022,2532.46785116621,59.0006193348757,-171.784855896472,0.1,7.83695010378794
"M-23",2023,80.8300300700583,59.0006193348757,-171.784855896472,0.7,4.39236617136216
"M-24",1988,9514.76317386403,59.0014199431248,-172.432959337571,0.5,9.16060003930293
"M-24",1989,8619.53130895517,59.0014199431248,-172.432959337571,2.8,9.061786154861
"M-24",1990,8723.88645403264,59.0014199431248,-172.432959337571,0.3,9.0738202750971
"M-24",1991,42.0351533203679,59.0014199431248,-172.432959337571,1.1,3.73854012505429
"M-24",1992,22.0201122847455,59.0014199431248,-172.432959337571,-0.1,3.09202089120448
"M-24",1993,517.772939420344,59.0014199431248,-172.432959337571,1.9,6.24953955528138
"M-24",1994,153.179413451642,59.0014199431248,-172.432959337571,-0.3,5.03161916680477
"M-24",1995,507.474010071783,59.0014199431248,-172.432959337571,NA,6.22944830374204
"M-24",1996,248.610156443068,59.0014199431248,-172.432959337571,2.3,5.51589176015228
"M-24",1997,0,59.0014199431248,-172.432959337571,2.2,-6.55436829794885
"M-24",1998,18.6298840063108,59.0014199431248,-172.432959337571,2,2.92484338549681
"M-24",1999,19.366848959561,59.0014199431248,-172.432959337571,NA,2.96363630677389
"M-24",2000,102.374358025108,59.0014199431248,-172.432959337571,1.9,4.62865017982085
"M-24",2001,476.190715385783,59.0014199431248,-172.432959337571,1.7,6.16582142670912
"M-24",2002,0,59.0014199431248,-172.432959337571,2.2,-6.55436829794885
"M-24",2003,0,59.0014199431248,-172.432959337571,3.5,-6.55436829794885
"M-24",2004,18.5362222725567,59.0014199431248,-172.432959337571,2.2,2.91980359170047
"M-24",2005,20.9626411965637,59.0014199431248,-172.432959337571,2.7,3.04280978523847
"M-24",2006,78.0375578593275,59.0014199431248,-172.432959337571,0.6,4.35720846776332
"M-24",2007,72.9391076290849,59.0014199431248,-172.432959337571,0.1,4.28964447231775
"M-24",2008,358.490003886651,59.0014199431248,-172.432959337571,0.7,5.88190474836942
"M-24",2009,208.814642780044,59.0014199431248,-172.432959337571,0.4,5.34145380066357
"M-24",2010,1039.29544761678,59.0014199431248,-172.432959337571,1.5,6.94629967838955
"M-24",2011,4868.32879166004,59.0014199431248,-172.432959337571,1.8,8.49050628573081
"M-24",2012,187.504906029468,59.0014199431248,-172.432959337571,-0.6,5.23381260436873
"M-24",2013,0,59.0014199431248,-172.432959337571,0.9,-6.55436829794885
"M-24",2014,160.537102713844,59.0014199431248,-172.432959337571,1.6,5.07853395486074
"M-24",2015,0,59.0014199431248,-172.432959337571,-0.4,-6.55436829794885
"M-24",2016,80.3523869782806,59.0014199431248,-172.432959337571,1.9,4.38643951931438
"M-24",2017,0,59.0014199431248,-172.432959337571,2.7,-6.55436829794885
"M-24",2018,175.435973928806,59.0014199431248,-172.432959337571,3.3,5.16728227164018
"M-24",2019,0,59.0014199431248,-172.432959337571,3.4,-6.55436829794885
"M-24",2021,122.980115225227,59.0014199431248,-172.432959337571,2.5,4.8120342555493
"M-24",2022,0,59.0014199431248,-172.432959337571,0.6,-6.55436829794885
"M-24",2023,0,59.0014199431248,-172.432959337571,2,-6.55436829794885
"M-25",1988,80.2247224096556,59.0007417610194,-173.082483260915,1.5,4.38484947535389
"M-25",1989,238.325826138857,59.0007417610194,-173.082483260915,3.1,5.47364472931235
"M-25",1990,2403.6465683728,59.0007417610194,-173.082483260915,1.1,7.78474285908306
"M-25",1991,9211.09048968195,59.0007417610194,-173.082483260915,1.4,9.12816367961221
"M-25",1992,181965.341170884,59.0007417610194,-173.082483260915,1.4,12.1115715226222
"M-25",1993,7552.76962721715,59.0007417610194,-173.082483260915,2.5,8.92966980154093
"M-25",1994,2947.7196299144,59.0007417610194,-173.082483260915,NA,7.98878762664653
"M-25",1995,34527.839893581,59.0007417610194,-173.082483260915,1.2,10.4495212722834
"M-25",1996,5361.50364888687,59.0007417610194,-173.082483260915,2.9,8.58700001180708
"M-25",1997,702.340868305553,59.0007417610194,-173.082483260915,2.2,6.55442088089849
"M-25",1998,842.458302963539,59.0007417610194,-173.082483260915,2,6.73632585912028
"M-25",1999,17055.2391377544,59.0007417610194,-173.082483260915,NA,9.74421279980378
"M-25",2000,2192.72251554706,59.0007417610194,-173.082483260915,2.2,7.69289985788074
"M-25",2001,1442.77122100019,59.0007417610194,-173.082483260915,2.5,7.27432198910626
"M-25",2002,10563.678106289,59.0007417610194,-173.082483260915,3,9.26517693692611
"M-25",2003,36063.9022266571,59.0007417610194,-173.082483260915,4.1,10.4930477452116
"M-25",2004,2708.90513482085,59.0007417610194,-173.082483260915,2.9,7.90430034857876
"M-25",2005,7502.99143727374,59.0007417610194,-173.082483260915,3,8.92305726807997
"M-25",2006,4431.61355370696,59.0007417610194,-173.082483260915,2,8.39651935136574
"M-25",2007,3439.44145164138,59.0007417610194,-173.082483260915,1.6,8.14306478246165
"M-25",2008,1881.81578904086,59.0007417610194,-173.082483260915,1.2,7.53999319158307
"M-25",2009,484.020358847287,59.0007417610194,-173.082483260915,1,6.18212991134304
"M-25",2010,11028.8018866974,59.0007417610194,-173.082483260915,2.3,9.3082656123072
"M-25",2011,4884.93126645782,59.0007417610194,-173.082483260915,2.4,8.49391078553648
"M-25",2012,2722.68324535028,59.0007417610194,-173.082483260915,0.3,7.90937368326239
"M-25",2013,303.83520259997,59.0007417610194,-173.082483260915,1.6,5.71649014406007
"M-25",2014,186.991717804213,59.0007417610194,-173.082483260915,2.1,5.23107194070751
"M-25",2015,0,59.0007417610194,-173.082483260915,1.8,-6.55436829794885
"M-25",2016,309.258274222195,59.0007417610194,-173.082483260915,3,5.73418137085929
"M-25",2017,60.0470134443519,59.0007417610194,-173.082483260915,3,4.09515152531319
"M-25",2018,40.5664351611746,59.0007417610194,-173.082483260915,3.4,3.70297610390639
"M-25",2019,0,59.0007417610194,-173.082483260915,3.4,-6.55436829794885
"M-25",2021,0,59.0007417610194,-173.082483260915,2.7,-6.55436829794885
"M-25",2022,0,59.0007417610194,-173.082483260915,1.4,-6.55436829794885
"M-25",2023,0,59.0007417610194,-173.082483260915,2.3,-6.55436829794885
"M-26",1988,1130.88019111441,59.00180680966,-173.72005411503,1.9,7.03075279777853
"M-26",1989,30.3216444996406,59.00180680966,-173.72005411503,3,3.41190875557771
"M-26",1990,845.028128411662,59.00180680966,-173.72005411503,2.4,6.73937159987428
"M-26",1991,0,59.00180680966,-173.72005411503,1.8,-6.55436829794885
"M-26",1992,61.5667364690851,59.00180680966,-173.72005411503,1.5,4.12014485949569
"M-26",1993,59.1081864646168,59.00180680966,-173.72005411503,3,4.07939352281098
"M-26",1994,0,59.00180680966,-173.72005411503,1.8,-6.55436829794885
"M-26",1995,7915.09472876351,59.00180680966,-173.72005411503,1.7,8.97652712039616
"M-26",1996,17200.6438518839,59.00180680966,-173.72005411503,3.4,9.75270217813074
"M-26",1997,8339.84895633438,59.00180680966,-173.72005411503,2.9,9.02880055516986
"M-26",1998,12359.2483520112,59.00180680966,-173.72005411503,2.5,9.42216003142624
"M-26",1999,369.375009327825,59.00180680966,-173.72005411503,1.7,5.91181626824726
"M-26",2000,40.6687961434784,59.00180680966,-173.72005411503,2.5,3.70549612992492
"M-26",2001,0,59.00180680966,-173.72005411503,3,-6.55436829794885
"M-26",2002,96.70732303904,59.00180680966,-173.72005411503,3.2,4.57170385256802
"M-26",2003,1489.01875938996,59.00180680966,-173.72005411503,4.2,7.30587358750955
"M-26",2004,35.7493923624357,59.00180680966,-173.72005411503,3.3,3.57657310089302
"M-26",2005,9571.11681052469,59.00180680966,-173.72005411503,3.6,9.16650532552121
"M-26",2006,19.6075707102363,59.00180680966,-173.72005411503,2.2,2.97598836874033
"M-26",2007,0,59.00180680966,-173.72005411503,1.6,-6.55436829794885
"M-26",2008,176.21835581705,59.00180680966,-173.72005411503,1.5,5.17173196429084
"M-26",2009,1663.58824424737,59.00180680966,-173.72005411503,1.9,7.41673299729971
"M-26",2010,0,59.00180680966,-173.72005411503,2.6,-6.55436829794885
"M-26",2011,26310.8079820044,59.00180680966,-173.72005411503,2.5,10.1777351377529
"M-26",2012,2536.06505463829,59.00180680966,-173.72005411503,0.9,7.83836952914112
"M-26",2013,5553.92821043507,59.00180680966,-173.72005411503,2,8.62226099841615
"M-26",2014,20897.5327121902,59.00180680966,-173.72005411503,2.4,9.94738644707227
"M-26",2015,19549.2916811541,59.00180680966,-173.72005411503,2.6,9.88069440644961
"M-26",2016,19.9765556382256,59.00180680966,-173.72005411503,3.3,2.9946306429957
"M-26",2017,0,59.00180680966,-173.72005411503,3.2,-6.55436829794885
"M-26",2018,1256.22054137698,59.00180680966,-173.72005411503,3.5,7.13586405534666
"M-26",2019,646.442414870975,59.00180680966,-173.72005411503,3.6,6.4714863247603
"M-26",2021,19.5775093215531,59.00180680966,-173.72005411503,3,2.97445415163467
"M-26",2022,0,59.00180680966,-173.72005411503,2.7,-6.55436829794885
"M-26",2023,0,59.00180680966,-173.72005411503,2.6,-6.55436829794885
"M-27",1988,0,59.0046160566706,-174.37100918536,2.9,-6.55436829794885
"M-27",1989,67.1881015947653,59.0046160566706,-174.37100918536,3.2,4.20751736449928
"M-27",1990,0,59.0046160566706,-174.37100918536,2.4,-6.55436829794885
"M-27",1991,0,59.0046160566706,-174.37100918536,2,-6.55436829794885
"M-27",1992,80.0376692718783,59.0046160566706,-174.37100918536,1.8,4.38251517974044
"M-27",1993,20.6130215776108,59.0046160566706,-174.37100918536,3,3.02599206595048
"M-27",1994,101.329812900226,59.0046160566706,-174.37100918536,NA,4.61839472287551
"M-27",1995,329.77170626736,59.0046160566706,-174.37100918536,2.5,5.79840493363904
"M-27",1996,39.5354512727853,59.0046160566706,-174.37100918536,4.5,3.67723378464568
"M-27",1997,0,59.0046160566706,-174.37100918536,3,-6.55436829794885
"M-27",1998,156.02065828172,59.0046160566706,-174.37100918536,2.5,5.04999754956382
"M-27",1999,0,59.0046160566706,-174.37100918536,1.6,-6.55436829794885
"M-27",2000,0,59.0046160566706,-174.37100918536,2.5,-6.55436829794885
"M-27",2001,0,59.0046160566706,-174.37100918536,3,-6.55436829794885
"M-27",2002,0,59.0046160566706,-174.37100918536,3.3,-6.55436829794885
"M-27",2003,85.6332175005283,59.0046160566706,-174.37100918536,4.2,4.45008989033201
"M-27",2004,0,59.0046160566706,-174.37100918536,3.3,-6.55436829794885
"M-27",2005,0,59.0046160566706,-174.37100918536,3.9,-6.55436829794885
"M-27",2006,3000.53541528264,59.0046160566706,-174.37100918536,2.5,8.00654649802948
"M-27",2007,0,59.0046160566706,-174.37100918536,2,-6.55436829794885
"M-27",2008,0,59.0046160566706,-174.37100918536,1.7,-6.55436829794885
"M-27",2009,18.9052490596608,59.0046160566706,-174.37100918536,2.3,2.93951492545167
"M-27",2010,0,59.0046160566706,-174.37100918536,2.9,-6.55436829794885
"M-27",2011,65.3774758014614,59.0046160566706,-174.37100918536,2.8,4.18019957159669
"M-27",2012,162.974361561126,59.0046160566706,-174.37100918536,1.4,5.09360163420797
"M-27",2013,81.1882178038943,59.0046160566706,-174.37100918536,2.2,4.39678767358646
"M-27",2014,744.963643842487,59.0046160566706,-174.37100918536,2.7,6.61333732831989
"M-27",2015,0,59.0046160566706,-174.37100918536,2.4,-6.55436829794885
"M-27",2016,40.6494202692674,59.0046160566706,-174.37100918536,3.3,3.70501960210833
"M-27",2017,19.6901321213485,59.0046160566706,-174.37100918536,3.4,2.98018991458716
"M-27",2018,166.503243618664,59.0046160566706,-174.37100918536,3.6,5.11502334206491
"M-27",2019,100.854454568284,59.0046160566706,-174.37100918536,3.7,4.61369255174794
"M-27",2021,19.7660001797193,59.0046160566706,-174.37100918536,3.1,2.98403533338589
"M-27",2022,0,59.0046160566706,-174.37100918536,2.9,-6.55436829794885
"M-27",2023,0,59.0046160566706,-174.37100918536,2.4,-6.55436829794885
"M-28",1988,49.1341909615971,59.0003846065808,-174.984710615165,2.8,3.89458412509011
"M-28",1989,0,59.0003846065808,-174.984710615165,3,-6.55436829794885
"M-28",1990,0,59.0003846065808,-174.984710615165,2.6,-6.55436829794885
"M-28",1991,23.7071872957209,59.0003846065808,-174.984710615165,2.2,3.1658383229831
"M-28",1992,699.928022871071,59.0003846065808,-174.984710615165,3.1,6.55097953961103
"M-28",1993,21.5907195603348,59.0003846065808,-174.984710615165,2.8,3.07232951900537
"M-28",1994,64.1617141618013,59.0003846065808,-174.984710615165,1.8,4.16142887202328
"M-28",1995,0,59.0003846065808,-174.984710615165,2.4,-6.55436829794885
"M-28",1996,0,59.0003846065808,-174.984710615165,4.3,-6.55436829794885
"M-28",1997,138.259203190515,59.0003846065808,-174.984710615165,2.8,4.92914050596588
"M-28",1998,0,59.0003846065808,-174.984710615165,2.7,-6.55436829794885
"M-28",1999,0,59.0003846065808,-174.984710615165,NA,-6.55436829794885
"M-28",2000,0,59.0003846065808,-174.984710615165,2.4,-6.55436829794885
"M-28",2001,0,59.0003846065808,-174.984710615165,3.2,-6.55436829794885
"M-28",2002,0,59.0003846065808,-174.984710615165,3,-6.55436829794885
"M-28",2003,0,59.0003846065808,-174.984710615165,4,-6.55436829794885
"M-28",2004,52.5820507682101,59.0003846065808,-174.984710615165,NA,3.96240190023478
"M-28",2005,0,59.0003846065808,-174.984710615165,3.3,-6.55436829794885
"M-28",2006,0,59.0003846065808,-174.984710615165,2.3,-6.55436829794885
"M-28",2007,0,59.0003846065808,-174.984710615165,2.4,-6.55436829794885
"M-28",2008,0,59.0003846065808,-174.984710615165,1.7,-6.55436829794885
"M-28",2009,0,59.0003846065808,-174.984710615165,2.3,-6.55436829794885
"M-28",2010,0,59.0003846065808,-174.984710615165,2.2,-6.55436829794885
"M-28",2011,1529.30388946735,59.0003846065808,-174.984710615165,2.9,7.33256886771501
"M-28",2012,39.3443323762976,59.0003846065808,-174.984710615165,1.4,3.67238812300821
"M-28",2013,696.246502271266,59.0003846065808,-174.984710615165,2.5,6.54570581264218
"M-28",2014,39.4327745848318,59.0003846065808,-174.984710615165,2.9,3.67463342121887
"M-28",2015,0,59.0003846065808,-174.984710615165,3,-6.55436829794885
"M-28",2016,78.4205311640951,59.0003846065808,-174.984710615165,2.7,4.36210392700672
"M-28",2017,0,59.0003846065808,-174.984710615165,3.2,-6.55436829794885
"M-28",2018,18.4244498361839,59.0003846065808,-174.984710615165,3.6,2.91375585720814
"M-28",2019,0,59.0003846065808,-174.984710615165,3.6,-6.55436829794885
"M-28",2021,0,59.0003846065808,-174.984710615165,3.2,-6.55436829794885
"M-28",2022,0,59.0003846065808,-174.984710615165,3.2,-6.55436829794885
"M-28",2023,0,59.0003846065808,-174.984710615165,2.4,-6.55436829794885
"M-29",1988,0,58.9970531750742,-175.731883175074,2.4,-6.55436829794885
"M-29",1989,0,58.9970531750742,-175.731883175074,2.7,-6.55436829794885
"M-29",1990,97.9957602023372,58.9970531750742,-175.731883175074,1.8,4.58493874442499
"M-29",1991,0,58.9970531750742,-175.731883175074,1,-6.55436829794885
"M-29",1992,18.2861816430202,58.9970531750742,-175.731883175074,2.8,2.90622353666848
"M-29",1993,0,58.9970531750742,-175.731883175074,2.6,-6.55436829794885
"M-29",1994,0,58.9970531750742,-175.731883175074,2.2,-6.55436829794885
"M-29",1995,17.4357484671006,58.9970531750742,-175.731883175074,2.1,2.85860426939231
"M-29",1996,0,58.9970531750742,-175.731883175074,3.3,-6.55436829794885
"M-29",1997,173.213530338357,58.9970531750742,-175.731883175074,NA,5.15453333316567
"M-29",1998,0,58.9970531750742,-175.731883175074,NA,-6.55436829794885
"M-29",1999,42.3130577367075,58.9970531750742,-175.731883175074,NA,3.74512938251553
"M-29",2000,0,58.9970531750742,-175.731883175074,1.9,-6.55436829794885
"M-29",2001,0,58.9970531750742,-175.731883175074,2.2,-6.55436829794885
"M-29",2002,0,58.9970531750742,-175.731883175074,2.4,-6.55436829794885
"M-29",2003,0,58.9970531750742,-175.731883175074,3,-6.55436829794885
"M-29",2004,0,58.9970531750742,-175.731883175074,NA,-6.55436829794885
"M-29",2005,0,58.9970531750742,-175.731883175074,2.8,-6.55436829794885
"M-29",2006,0,58.9970531750742,-175.731883175074,1.9,-6.55436829794885
"M-29",2007,0,58.9970531750742,-175.731883175074,2.3,-6.55436829794885
"M-29",2008,0,58.9970531750742,-175.731883175074,1.7,-6.55436829794885
"M-29",2009,19.1207886313498,58.9970531750742,-175.731883175074,1.3,2.95085061815667
"M-29",2010,0,58.9970531750742,-175.731883175074,2.7,-6.55436829794885
"M-29",2011,0,58.9970531750742,-175.731883175074,2.3,-6.55436829794885
"M-29",2012,52.2313101705572,58.9970531750742,-175.731883175074,1.7,3.95570938748081
"M-29",2013,276.870044505799,58.9970531750742,-175.731883175074,2,5.62355338545973
"M-29",2014,0,58.9970531750742,-175.731883175074,2.3,-6.55436829794885
"M-29",2015,0,58.9970531750742,-175.731883175074,2.8,-6.55436829794885
"M-29",2016,0,58.9970531750742,-175.731883175074,2.6,-6.55436829794885
"M-29",2017,0,58.9970531750742,-175.731883175074,3,-6.55436829794885
"M-29",2018,0,58.9970531750742,-175.731883175074,2.9,-6.55436829794885
"M-29",2019,0,58.9970531750742,-175.731883175074,3.4,-6.55436829794885
"M-29",2021,0,58.9970531750742,-175.731883175074,2.1,-6.55436829794885
"M-29",2022,0,58.9970531750742,-175.731883175074,2.8,-6.55436829794885
"M-29",2023,0,58.9970531750742,-175.731883175074,2.7,-6.55436829794885
"M-30",1988,26.2053425408062,59.0013615811966,-176.311807179487,2.5,3.26601763783801
"M-30",1989,28.9983019436657,59.0013615811966,-176.311807179487,2.5,3.36728637565619
"M-30",1990,0,59.0013615811966,-176.311807179487,2,-6.55436829794885
"M-30",1991,0,59.0013615811966,-176.311807179487,3,-6.55436829794885
"M-30",1992,57.718592455055,59.0013615811966,-176.311807179487,2.8,4.05560401694629
"M-30",1993,0,59.0013615811966,-176.311807179487,2.7,-6.55436829794885
"M-30",1994,127.362813354199,59.0013615811966,-176.311807179487,2.5,4.84705099129965
"M-30",1995,0,59.0013615811966,-176.311807179487,2,-6.55436829794885
"M-30",1996,21.024876706826,59.0013615811966,-176.311807179487,NA,3.04577406310768
"M-30",1997,0,59.0013615811966,-176.311807179487,3.2,-6.55436829794885
"M-30",1998,0,59.0013615811966,-176.311807179487,NA,-6.55436829794885
"M-30",1999,0,59.0013615811966,-176.311807179487,NA,-6.55436829794885
"M-30",2000,0,59.0013615811966,-176.311807179487,2,-6.55436829794885
"M-30",2001,0,59.0013615811966,-176.311807179487,1.7,-6.55436829794885
"M-30",2002,0,59.0013615811966,-176.311807179487,2.7,-6.55436829794885
"M-30",2003,0,59.0013615811966,-176.311807179487,3.3,-6.55436829794885
"M-30",2004,0,59.0013615811966,-176.311807179487,3.2,-6.55436829794885
"M-30",2005,0,59.0013615811966,-176.311807179487,3.2,-6.55436829794885
"M-30",2006,0,59.0013615811966,-176.311807179487,1.8,-6.55436829794885
"M-30",2007,0,59.0013615811966,-176.311807179487,2.4,-6.55436829794885
"M-30",2008,0,59.0013615811966,-176.311807179487,1.6,-6.55436829794885
"M-30",2009,0,59.0013615811966,-176.311807179487,1.5,-6.55436829794885
"M-30",2010,0,59.0013615811966,-176.311807179487,2.7,-6.55436829794885
"M-30",2011,56.1148462784036,59.0013615811966,-176.311807179487,2.4,4.02742579116627
"M-30",2012,100.863497939649,59.0013615811966,-176.311807179487,1.1,4.61378221400746
"M-30",2013,39.0890420696637,59.0013615811966,-176.311807179487,2.1,3.66587859970609
"M-30",2014,0,59.0013615811966,-176.311807179487,2.5,-6.55436829794885
"M-30",2015,0,59.0013615811966,-176.311807179487,2.9,-6.55436829794885
"M-30",2016,0,59.0013615811966,-176.311807179487,2.7,-6.55436829794885
"M-30",2017,0,59.0013615811966,-176.311807179487,3.1,-6.55436829794885
"M-30",2018,0,59.0013615811966,-176.311807179487,3.1,-6.55436829794885
"M-30",2019,20.9206468203814,59.0013615811966,-176.311807179487,3.2,3.04080461625023
"M-30",2021,40.6564556404478,59.0013615811966,-176.311807179487,1.9,3.70519265540151
"M-30",2022,18.4156701560704,59.0013615811966,-176.311807179487,3,2.91327925715042
"M-30",2023,0,59.0013615811966,-176.311807179487,2.2,-6.55436829794885
"M-31",1988,0,59.0003612987013,-176.947248701299,2.6,-6.55436829794885
"M-31",1989,0,59.0003612987013,-176.947248701299,3.5,-6.55436829794885
"M-31",1990,22.8617752805412,59.0003612987013,-176.947248701299,2.1,3.12952859444538
"M-31",1991,0,59.0003612987013,-176.947248701299,2,-6.55436829794885
"M-31",1992,36.3556024894818,59.0003612987013,-176.947248701299,3.1,3.59338748300376
"M-31",1993,35.4610342140552,59.0003612987013,-176.947248701299,3.2,3.56847461849472
"M-31",1994,0,59.0003612987013,-176.947248701299,2.6,-6.55436829794885
"M-31",1995,0,59.0003612987013,-176.947248701299,2.2,-6.55436829794885
"M-31",1996,0,59.0003612987013,-176.947248701299,4.1,-6.55436829794885
"M-31",1997,41.1949939010412,59.0003612987013,-176.947248701299,3.3,3.71835130556307
"M-31",1998,0,59.0003612987013,-176.947248701299,2.8,-6.55436829794885
"M-31",1999,0,59.0003612987013,-176.947248701299,NA,-6.55436829794885
"M-31",2000,0,59.0003612987013,-176.947248701299,1.9,-6.55436829794885
"M-31",2001,0,59.0003612987013,-176.947248701299,2.5,-6.55436829794885
"M-31",2002,0,59.0003612987013,-176.947248701299,2.6,-6.55436829794885
"M-31",2003,0,59.0003612987013,-176.947248701299,3.6,-6.55436829794885
"M-31",2004,0,59.0003612987013,-176.947248701299,3.5,-6.55436829794885
"M-31",2005,0,59.0003612987013,-176.947248701299,3.1,-6.55436829794885
"M-31",2006,0,59.0003612987013,-176.947248701299,2.8,-6.55436829794885
"M-31",2007,0,59.0003612987013,-176.947248701299,2.5,-6.55436829794885
"M-31",2008,0,59.0003612987013,-176.947248701299,2.2,-6.55436829794885
"M-31",2009,0,59.0003612987013,-176.947248701299,1.7,-6.55436829794885
"M-31",2010,0,59.0003612987013,-176.947248701299,2.5,-6.55436829794885
"M-31",2011,0,59.0003612987013,-176.947248701299,2.7,-6.55436829794885
"M-31",2012,0,59.0003612987013,-176.947248701299,1.6,-6.55436829794885
"M-31",2013,0,59.0003612987013,-176.947248701299,2.2,-6.55436829794885
"M-31",2014,0,59.0003612987013,-176.947248701299,3.1,-6.55436829794885
"M-31",2015,0,59.0003612987013,-176.947248701299,3.4,-6.55436829794885
"M-31",2016,0,59.0003612987013,-176.947248701299,3.2,-6.55436829794885
"M-31",2017,0,59.0003612987013,-176.947248701299,3.4,-6.55436829794885
"M-31",2018,0,59.0003612987013,-176.947248701299,3.6,-6.55436829794885
"M-31",2019,0,59.0003612987013,-176.947248701299,3.3,-6.55436829794885
"M-31",2021,0,59.0003612987013,-176.947248701299,2.8,-6.55436829794885
"M-31",2022,0,59.0003612987013,-176.947248701299,3.2,-6.55436829794885
"M-31",2023,0,59.0003612987013,-176.947248701299,2.8,-6.55436829794885
"M-32",1988,0,59.0000299166667,-177.58883575,3,-6.55436829794885
"M-32",1989,0,59.0000299166667,-177.58883575,2.5,-6.55436829794885
"M-32",1990,0,59.0000299166667,-177.58883575,2.5,-6.55436829794885
"M-32",1991,0,59.0000299166667,-177.58883575,2.6,-6.55436829794885
"M-32",1992,0,59.0000299166667,-177.58883575,2.9,-6.55436829794885
"M-32",1993,0,59.0000299166667,-177.58883575,3.1,-6.55436829794885
"M-32",1994,0,59.0000299166667,-177.58883575,2.7,-6.55436829794885
"M-32",1995,0,59.0000299166667,-177.58883575,2.4,-6.55436829794885
"M-32",1996,0,59.0000299166667,-177.58883575,4.3,-6.55436829794885
"M-32",1997,0,59.0000299166667,-177.58883575,3.4,-6.55436829794885
"M-32",1998,18.3235248505252,59.0000299166667,-177.58883575,2.8,2.90826345009226
"M-32",1999,41.8449065052542,59.0000299166667,-177.58883575,NA,3.73400410819981
"M-32",2000,0,59.0000299166667,-177.58883575,1.9,-6.55436829794885
"M-32",2001,0,59.0000299166667,-177.58883575,2.7,-6.55436829794885
"M-32",2002,0,59.0000299166667,-177.58883575,2.8,-6.55436829794885
"M-32",2003,0,59.0000299166667,-177.58883575,3.6,-6.55436829794885
"M-32",2004,0,59.0000299166667,-177.58883575,3.5,-6.55436829794885
"M-32",2005,0,59.0000299166667,-177.58883575,3.4,-6.55436829794885
"M-32",2006,0,59.0000299166667,-177.58883575,2.9,-6.55436829794885
"M-32",2007,0,59.0000299166667,-177.58883575,2.7,-6.55436829794885
"M-32",2008,0,59.0000299166667,-177.58883575,2.2,-6.55436829794885
"M-32",2009,0,59.0000299166667,-177.58883575,2.2,-6.55436829794885
"M-32",2010,0,59.0000299166667,-177.58883575,2.7,-6.55436829794885
"M-32",2011,0,59.0000299166667,-177.58883575,3,-6.55436829794885
"M-32",2012,0,59.0000299166667,-177.58883575,1.7,-6.55436829794885
"M-32",2013,0,59.0000299166667,-177.58883575,2,-6.55436829794885
"M-32",2014,0,59.0000299166667,-177.58883575,3.1,-6.55436829794885
"M-32",2015,0,59.0000299166667,-177.58883575,3.5,-6.55436829794885
"M-32",2016,0,59.0000299166667,-177.58883575,3.2,-6.55436829794885
"M-32",2017,0,59.0000299166667,-177.58883575,3.6,-6.55436829794885
"M-32",2018,0,59.0000299166667,-177.58883575,3.8,-6.55436829794885
"M-32",2019,0,59.0000299166667,-177.58883575,3.5,-6.55436829794885
"M-32",2021,0,59.0000299166667,-177.58883575,2.9,-6.55436829794885
"M-32",2022,0,59.0000299166667,-177.58883575,3.6,-6.55436829794885
"M-32",2023,0,59.0000299166667,-177.58883575,3.3,-6.55436829794885
"N-01",1988,0,59.3333761577608,-167.926629211196,3.2,-6.55436829794885
"N-01",1989,0,59.3333761577608,-167.926629211196,5,-6.55436829794885
"N-01",1990,0,59.3333761577608,-167.926629211196,3.5,-6.55436829794885
"N-01",1991,0,59.3333761577608,-167.926629211196,4.2,-6.55436829794885
"N-01",1993,1258.44134697972,59.3333761577608,-167.926629211196,4.2,7.1376303394546
"N-01",1994,39326.0431503836,59.3333761577608,-167.926629211196,2.5,10.5796422901742
"N-01",1995,0,59.3333761577608,-167.926629211196,3.2,-6.55436829794885
"N-01",1996,0,59.3333761577608,-167.926629211196,4.6,-6.55436829794885
"N-01",1997,0,59.3333761577608,-167.926629211196,3.6,-6.55436829794885
"N-01",1998,0,59.3333761577608,-167.926629211196,3.7,-6.55436829794885
"N-01",1999,0,59.3333761577608,-167.926629211196,0,-6.55436829794885
"N-01",2000,0,59.3333761577608,-167.926629211196,2.3,-6.55436829794885
"N-01",2001,0,59.3333761577608,-167.926629211196,1.4,-6.55436829794885
"N-01",2002,0,59.3333761577608,-167.926629211196,4.3,-6.55436829794885
"N-01",2003,0,59.3333761577608,-167.926629211196,4.7,-6.55436829794885
"N-01",2004,0,59.3333761577608,-167.926629211196,4.4,-6.55436829794885
"N-01",2005,0,59.3333761577608,-167.926629211196,3.1,-6.55436829794885
"N-01",2006,0,59.3333761577608,-167.926629211196,1.9,-6.55436829794885
"N-01",2007,0,59.3333761577608,-167.926629211196,3,-6.55436829794885
"N-01",2008,0,59.3333761577608,-167.926629211196,1.3,-6.55436829794885
"N-01",2009,0,59.3333761577608,-167.926629211196,2.7,-6.55436829794885
"N-01",2010,0,59.3333761577608,-167.926629211196,1.9,-6.55436829794885
"N-01",2011,0,59.3333761577608,-167.926629211196,2.7,-6.55436829794885
"N-01",2012,0,59.3333761577608,-167.926629211196,-0.8,-6.55436829794885
"N-01",2013,0,59.3333761577608,-167.926629211196,2.3,-6.55436829794885
"N-01",2014,0,59.3333761577608,-167.926629211196,3.2,-6.55436829794885
"N-01",2015,0,59.3333761577608,-167.926629211196,3.8,-6.55436829794885
"N-01",2016,0,59.3333761577608,-167.926629211196,5.5,-6.55436829794885
"N-01",2017,0,59.3333761577608,-167.926629211196,4.7,-6.55436829794885
"N-01",2018,0,59.3333761577608,-167.926629211196,5.6,-6.55436829794885
"N-01",2019,0,59.3333761577608,-167.926629211196,6,-6.55436829794885
"N-01",2021,0,59.3333761577608,-167.926629211196,3.8,-6.55436829794885
"N-01",2022,0,59.3333761577608,-167.926629211196,4.6,-6.55436829794885
"N-01",2023,0,59.3333761577608,-167.926629211196,2.7,-6.55436829794885
"N-02",1988,0,59.3352797222222,-167.265581666667,4.9,-6.55436829794885
"N-02",1989,0,59.3352797222222,-167.265581666667,5.7,-6.55436829794885
"N-02",1990,0,59.3352797222222,-167.265581666667,4.8,-6.55436829794885
"N-02",1991,0,59.3352797222222,-167.265581666667,5.4,-6.55436829794885
"N-02",1992,0,59.3352797222222,-167.265581666667,4.5,-6.55436829794885
"N-02",1993,0,59.3352797222222,-167.265581666667,NA,-6.55436829794885
"N-02",1994,0,59.3352797222222,-167.265581666667,NA,-6.55436829794885
"N-02",1995,0,59.3352797222222,-167.265581666667,4.2,-6.55436829794885
"N-02",1996,0,59.3352797222222,-167.265581666667,4.9,-6.55436829794885
"N-02",1997,0,59.3352797222222,-167.265581666667,5.7,-6.55436829794885
"N-02",1998,0,59.3352797222222,-167.265581666667,5.1,-6.55436829794885
"N-02",1999,0,59.3352797222222,-167.265581666667,1.3,-6.55436829794885
"N-02",2000,0,59.3352797222222,-167.265581666667,3,-6.55436829794885
"N-02",2001,0,59.3352797222222,-167.265581666667,2.5,-6.55436829794885
"N-02",2002,0,59.3352797222222,-167.265581666667,5.6,-6.55436829794885
"N-02",2003,0,59.3352797222222,-167.265581666667,5.8,-6.55436829794885
"N-02",2004,0,59.3352797222222,-167.265581666667,5.5,-6.55436829794885
"N-02",2005,0,59.3352797222222,-167.265581666667,4.6,-6.55436829794885
"N-02",2006,0,59.3352797222222,-167.265581666667,3.1,-6.55436829794885
"N-02",2007,0,59.3352797222222,-167.265581666667,4.4,-6.55436829794885
"N-02",2008,0,59.3352797222222,-167.265581666667,2.3,-6.55436829794885
"N-02",2009,0,59.3352797222222,-167.265581666667,3.3,-6.55436829794885
"N-02",2010,0,59.3352797222222,-167.265581666667,3.2,-6.55436829794885
"N-02",2011,0,59.3352797222222,-167.265581666667,4.1,-6.55436829794885
"N-02",2012,0,59.3352797222222,-167.265581666667,1.9,-6.55436829794885
"N-02",2013,0,59.3352797222222,-167.265581666667,3.8,-6.55436829794885
"N-02",2014,0,59.3352797222222,-167.265581666667,3.9,-6.55436829794885
"N-02",2015,0,59.3352797222222,-167.265581666667,5.9,-6.55436829794885
"N-02",2016,0,59.3352797222222,-167.265581666667,6.6,-6.55436829794885
"N-02",2017,0,59.3352797222222,-167.265581666667,5.2,-6.55436829794885
"N-02",2018,0,59.3352797222222,-167.265581666667,6.1,-6.55436829794885
"N-02",2019,0,59.3352797222222,-167.265581666667,6.4,-6.55436829794885
"N-02",2021,0,59.3352797222222,-167.265581666667,4.4,-6.55436829794885
"N-02",2022,0,59.3352797222222,-167.265581666667,5.2,-6.55436829794885
"N-02",2023,0,59.3352797222222,-167.265581666667,2.8,-6.55436829794885
"N-03",1988,0,59.3363154285714,-166.602033714286,4.5,-6.55436829794885
"N-03",1989,0,59.3363154285714,-166.602033714286,5.5,-6.55436829794885
"N-03",1990,0,59.3363154285714,-166.602033714286,5.8,-6.55436829794885
"N-03",1991,0,59.3363154285714,-166.602033714286,7.2,-6.55436829794885
"N-03",1992,0,59.3363154285714,-166.602033714286,4.4,-6.55436829794885
"N-03",1993,0,59.3363154285714,-166.602033714286,5.4,-6.55436829794885
"N-03",1994,0,59.3363154285714,-166.602033714286,NA,-6.55436829794885
"N-03",1995,0,59.3363154285714,-166.602033714286,5.3,-6.55436829794885
"N-03",1996,0,59.3363154285714,-166.602033714286,5.2,-6.55436829794885
"N-03",1997,0,59.3363154285714,-166.602033714286,6.7,-6.55436829794885
"N-03",1998,0,59.3363154285714,-166.602033714286,5.4,-6.55436829794885
"N-03",1999,0,59.3363154285714,-166.602033714286,0.9,-6.55436829794885
"N-03",2000,0,59.3363154285714,-166.602033714286,3.7,-6.55436829794885
"N-03",2001,0,59.3363154285714,-166.602033714286,2.5,-6.55436829794885
"N-03",2002,0,59.3363154285714,-166.602033714286,5.4,-6.55436829794885
"N-03",2003,0,59.3363154285714,-166.602033714286,6.6,-6.55436829794885
"N-03",2004,0,59.3363154285714,-166.602033714286,6.2,-6.55436829794885
"N-03",2005,0,59.3363154285714,-166.602033714286,4.6,-6.55436829794885
"N-03",2006,0,59.3363154285714,-166.602033714286,4.3,-6.55436829794885
"N-03",2007,0,59.3363154285714,-166.602033714286,4.9,-6.55436829794885
"N-03",2008,0,59.3363154285714,-166.602033714286,3.3,-6.55436829794885
"N-03",2009,0,59.3363154285714,-166.602033714286,4.9,-6.55436829794885
"N-03",2010,0,59.3363154285714,-166.602033714286,3.7,-6.55436829794885
"N-03",2011,0,59.3363154285714,-166.602033714286,4.1,-6.55436829794885
"N-03",2012,0,59.3363154285714,-166.602033714286,3.5,-6.55436829794885
"N-03",2013,0,59.3363154285714,-166.602033714286,4.5,-6.55436829794885
"N-03",2014,0,59.3363154285714,-166.602033714286,4.6,-6.55436829794885
"N-03",2015,0,59.3363154285714,-166.602033714286,7,-6.55436829794885
"N-03",2016,0,59.3363154285714,-166.602033714286,7.3,-6.55436829794885
"N-03",2017,0,59.3363154285714,-166.602033714286,4.8,-6.55436829794885
"N-03",2018,0,59.3363154285714,-166.602033714286,5.5,-6.55436829794885
"N-03",2019,0,59.3363154285714,-166.602033714286,7.1,-6.55436829794885
"N-03",2021,0,59.3363154285714,-166.602033714286,3.3,-6.55436829794885
"N-03",2022,0,59.3363154285714,-166.602033714286,6.2,-6.55436829794885
"N-03",2023,0,59.3363154285714,-166.602033714286,3.8,-6.55436829794885
"N-04",1988,0,59.3312254285714,-165.948304571429,4.8,-6.55436829794885
"N-04",1989,0,59.3312254285714,-165.948304571429,5.5,-6.55436829794885
"N-04",1990,0,59.3312254285714,-165.948304571429,6.2,-6.55436829794885
"N-04",1991,0,59.3312254285714,-165.948304571429,6.2,-6.55436829794885
"N-04",1992,0,59.3312254285714,-165.948304571429,5.5,-6.55436829794885
"N-04",1993,0,59.3312254285714,-165.948304571429,6.2,-6.55436829794885
"N-04",1994,0,59.3312254285714,-165.948304571429,4.6,-6.55436829794885
"N-04",1995,0,59.3312254285714,-165.948304571429,6.8,-6.55436829794885
"N-04",1996,0,59.3312254285714,-165.948304571429,6.2,-6.55436829794885
"N-04",1997,0,59.3312254285714,-165.948304571429,5.7,-6.55436829794885
"N-04",1998,0,59.3312254285714,-165.948304571429,NA,-6.55436829794885
"N-04",1999,0,59.3312254285714,-165.948304571429,1.5,-6.55436829794885
"N-04",2000,0,59.3312254285714,-165.948304571429,3.7,-6.55436829794885
"N-04",2001,0,59.3312254285714,-165.948304571429,3.4,-6.55436829794885
"N-04",2002,0,59.3312254285714,-165.948304571429,6.1,-6.55436829794885
"N-04",2003,0,59.3312254285714,-165.948304571429,6.9,-6.55436829794885
"N-04",2004,0,59.3312254285714,-165.948304571429,6.4,-6.55436829794885
"N-04",2005,0,59.3312254285714,-165.948304571429,5.8,-6.55436829794885
"N-04",2006,0,59.3312254285714,-165.948304571429,4.7,-6.55436829794885
"N-04",2007,0,59.3312254285714,-165.948304571429,5.6,-6.55436829794885
"N-04",2008,0,59.3312254285714,-165.948304571429,3.6,-6.55436829794885
"N-04",2009,0,59.3312254285714,-165.948304571429,5.8,-6.55436829794885
"N-04",2010,0,59.3312254285714,-165.948304571429,4.5,-6.55436829794885
"N-04",2011,0,59.3312254285714,-165.948304571429,4,-6.55436829794885
"N-04",2012,0,59.3312254285714,-165.948304571429,4.7,-6.55436829794885
"N-04",2013,0,59.3312254285714,-165.948304571429,5.4,-6.55436829794885
"N-04",2014,0,59.3312254285714,-165.948304571429,5.7,-6.55436829794885
"N-04",2015,0,59.3312254285714,-165.948304571429,7.1,-6.55436829794885
"N-04",2016,0,59.3312254285714,-165.948304571429,8.3,-6.55436829794885
"N-04",2017,0,59.3312254285714,-165.948304571429,5.8,-6.55436829794885
"N-04",2018,0,59.3312254285714,-165.948304571429,5.8,-6.55436829794885
"N-04",2019,0,59.3312254285714,-165.948304571429,8.5,-6.55436829794885
"N-04",2021,0,59.3312254285714,-165.948304571429,3.7,-6.55436829794885
"N-04",2022,0,59.3312254285714,-165.948304571429,6.8,-6.55436829794885
"N-04",2023,0,59.3312254285714,-165.948304571429,3.7,-6.55436829794885
"N-05",1988,0,59.3280397058824,-165.314143235294,4.2,-6.55436829794885
"N-05",1989,0,59.3280397058824,-165.314143235294,5,-6.55436829794885
"N-05",1991,0,59.3280397058824,-165.314143235294,6.8,-6.55436829794885
"N-05",1992,0,59.3280397058824,-165.314143235294,6.7,-6.55436829794885
"N-05",1993,0,59.3280397058824,-165.314143235294,7.4,-6.55436829794885
"N-05",1994,0,59.3280397058824,-165.314143235294,NA,-6.55436829794885
"N-05",1995,0,59.3280397058824,-165.314143235294,7.4,-6.55436829794885
"N-05",1996,0,59.3280397058824,-165.314143235294,5.8,-6.55436829794885
"N-05",1997,0,59.3280397058824,-165.314143235294,8,-6.55436829794885
"N-05",1998,0,59.3280397058824,-165.314143235294,5.5,-6.55436829794885
"N-05",1999,0,59.3280397058824,-165.314143235294,1.5,-6.55436829794885
"N-05",2000,0,59.3280397058824,-165.314143235294,4.2,-6.55436829794885
"N-05",2001,0,59.3280397058824,-165.314143235294,3.5,-6.55436829794885
"N-05",2002,0,59.3280397058824,-165.314143235294,5.3,-6.55436829794885
"N-05",2003,0,59.3280397058824,-165.314143235294,5.4,-6.55436829794885
"N-05",2004,0,59.3280397058824,-165.314143235294,6.4,-6.55436829794885
"N-05",2005,0,59.3280397058824,-165.314143235294,5.7,-6.55436829794885
"N-05",2006,0,59.3280397058824,-165.314143235294,4.3,-6.55436829794885
"N-05",2007,0,59.3280397058824,-165.314143235294,5.1,-6.55436829794885
"N-05",2008,0,59.3280397058824,-165.314143235294,2.8,-6.55436829794885
"N-05",2009,0,59.3280397058824,-165.314143235294,4,-6.55436829794885
"N-05",2010,0,59.3280397058824,-165.314143235294,2.9,-6.55436829794885
"N-05",2011,0,59.3280397058824,-165.314143235294,4.1,-6.55436829794885
"N-05",2012,0,59.3280397058824,-165.314143235294,5.5,-6.55436829794885
"N-05",2013,0,59.3280397058824,-165.314143235294,4.6,-6.55436829794885
"N-05",2014,0,59.3280397058824,-165.314143235294,6.4,-6.55436829794885
"N-05",2015,0,59.3280397058824,-165.314143235294,5.6,-6.55436829794885
"N-05",2016,0,59.3280397058824,-165.314143235294,8.7,-6.55436829794885
"N-05",2017,0,59.3280397058824,-165.314143235294,6.4,-6.55436829794885
"N-05",2018,0,59.3280397058824,-165.314143235294,6.8,-6.55436829794885
"N-05",2019,0,59.3280397058824,-165.314143235294,9.2,-6.55436829794885
"N-05",2021,0,59.3280397058824,-165.314143235294,4.3,-6.55436829794885
"N-05",2022,0,59.3280397058824,-165.314143235294,8.4,-6.55436829794885
"N-05",2023,0,59.3280397058824,-165.314143235294,4.3,-6.55436829794885
"N-06",1988,0,59.3307322857143,-164.657478857143,6.1,-6.55436829794885
"N-06",1989,0,59.3307322857143,-164.657478857143,NA,-6.55436829794885
"N-06",1990,0,59.3307322857143,-164.657478857143,6.3,-6.55436829794885
"N-06",1991,0,59.3307322857143,-164.657478857143,8,-6.55436829794885
"N-06",1992,0,59.3307322857143,-164.657478857143,5,-6.55436829794885
"N-06",1993,0,59.3307322857143,-164.657478857143,7.2,-6.55436829794885
"N-06",1994,0,59.3307322857143,-164.657478857143,6.5,-6.55436829794885
"N-06",1995,0,59.3307322857143,-164.657478857143,5.6,-6.55436829794885
"N-06",1996,0,59.3307322857143,-164.657478857143,6.9,-6.55436829794885
"N-06",1997,0,59.3307322857143,-164.657478857143,8.5,-6.55436829794885
"N-06",1998,0,59.3307322857143,-164.657478857143,6.4,-6.55436829794885
"N-06",1999,0,59.3307322857143,-164.657478857143,2.5,-6.55436829794885
"N-06",2000,0,59.3307322857143,-164.657478857143,5,-6.55436829794885
"N-06",2001,0,59.3307322857143,-164.657478857143,3.5,-6.55436829794885
"N-06",2002,0,59.3307322857143,-164.657478857143,6.1,-6.55436829794885
"N-06",2003,0,59.3307322857143,-164.657478857143,6.7,-6.55436829794885
"N-06",2004,0,59.3307322857143,-164.657478857143,8.2,-6.55436829794885
"N-06",2005,0,59.3307322857143,-164.657478857143,6.8,-6.55436829794885
"N-06",2006,0,59.3307322857143,-164.657478857143,4.3,-6.55436829794885
"N-06",2007,0,59.3307322857143,-164.657478857143,6.5,-6.55436829794885
"N-06",2008,0,59.3307322857143,-164.657478857143,4.4,-6.55436829794885
"N-06",2009,0,59.3307322857143,-164.657478857143,5.4,-6.55436829794885
"N-06",2010,0,59.3307322857143,-164.657478857143,4.3,-6.55436829794885
"N-06",2011,0,59.3307322857143,-164.657478857143,4.8,-6.55436829794885
"N-06",2012,0,59.3307322857143,-164.657478857143,5.2,-6.55436829794885
"N-06",2013,0,59.3307322857143,-164.657478857143,5.8,-6.55436829794885
"N-06",2014,0,59.3307322857143,-164.657478857143,7,-6.55436829794885
"N-06",2015,0,59.3307322857143,-164.657478857143,5.8,-6.55436829794885
"N-06",2016,0,59.3307322857143,-164.657478857143,9.2,-6.55436829794885
"N-06",2017,0,59.3307322857143,-164.657478857143,8.1,-6.55436829794885
"N-06",2018,0,59.3307322857143,-164.657478857143,6.7,-6.55436829794885
"N-06",2019,0,59.3307322857143,-164.657478857143,9.7,-6.55436829794885
"N-06",2021,0,59.3307322857143,-164.657478857143,5.2,-6.55436829794885
"N-06",2022,0,59.3307322857143,-164.657478857143,7.3,-6.55436829794885
"N-06",2023,0,59.3307322857143,-164.657478857143,3.5,-6.55436829794885
"N-07",1988,0,59.3297068571429,-164.007836,7,-6.55436829794885
"N-07",1989,0,59.3297068571429,-164.007836,5.5,-6.55436829794885
"N-07",1990,0,59.3297068571429,-164.007836,6.6,-6.55436829794885
"N-07",1991,0,59.3297068571429,-164.007836,11.7,-6.55436829794885
"N-07",1992,0,59.3297068571429,-164.007836,5.9,-6.55436829794885
"N-07",1993,0,59.3297068571429,-164.007836,7.9,-6.55436829794885
"N-07",1994,0,59.3297068571429,-164.007836,6.3,-6.55436829794885
"N-07",1995,0,59.3297068571429,-164.007836,5.9,-6.55436829794885
"N-07",1996,0,59.3297068571429,-164.007836,7.7,-6.55436829794885
"N-07",1997,0,59.3297068571429,-164.007836,7.8,-6.55436829794885
"N-07",1998,0,59.3297068571429,-164.007836,NA,-6.55436829794885
"N-07",1999,0,59.3297068571429,-164.007836,1.5,-6.55436829794885
"N-07",2000,0,59.3297068571429,-164.007836,3.9,-6.55436829794885
"N-07",2001,0,59.3297068571429,-164.007836,4.4,-6.55436829794885
"N-07",2002,0,59.3297068571429,-164.007836,6.7,-6.55436829794885
"N-07",2003,0,59.3297068571429,-164.007836,7.3,-6.55436829794885
"N-07",2004,0,59.3297068571429,-164.007836,8.8,-6.55436829794885
"N-07",2005,0,59.3297068571429,-164.007836,7.8,-6.55436829794885
"N-07",2006,0,59.3297068571429,-164.007836,5.6,-6.55436829794885
"N-07",2007,0,59.3297068571429,-164.007836,8.2,-6.55436829794885
"N-07",2008,0,59.3297068571429,-164.007836,4.2,-6.55436829794885
"N-07",2009,0,59.3297068571429,-164.007836,6.3,-6.55436829794885
"N-07",2010,0,59.3297068571429,-164.007836,3.5,-6.55436829794885
"N-07",2011,0,59.3297068571429,-164.007836,5.4,-6.55436829794885
"N-07",2012,0,59.3297068571429,-164.007836,5.9,-6.55436829794885
"N-07",2013,0,59.3297068571429,-164.007836,6.4,-6.55436829794885
"N-07",2014,0,59.3297068571429,-164.007836,7.8,-6.55436829794885
"N-07",2015,0,59.3297068571429,-164.007836,6.8,-6.55436829794885
"N-07",2016,0,59.3297068571429,-164.007836,9.9,-6.55436829794885
"N-07",2017,0,59.3297068571429,-164.007836,8.2,-6.55436829794885
"N-07",2018,0,59.3297068571429,-164.007836,7.2,-6.55436829794885
"N-07",2019,0,59.3297068571429,-164.007836,9.5,-6.55436829794885
"N-07",2021,0,59.3297068571429,-164.007836,5,-6.55436829794885
"N-07",2022,0,59.3297068571429,-164.007836,7.7,-6.55436829794885
"N-07",2023,0,59.3297068571429,-164.007836,4.8,-6.55436829794885
"N-18",1988,54.0092455530922,59.3348254899498,-168.56313959799,3.3,3.9891816091798
"N-18",1989,46.1027379340565,59.3348254899498,-168.56313959799,4.1,3.83090322393448
"N-18",1990,0,59.3348254899498,-168.56313959799,NA,-6.55436829794885
"N-18",1991,0,59.3348254899498,-168.56313959799,3.6,-6.55436829794885
"N-18",1993,2179.55242838575,59.3348254899498,-168.56313959799,NA,7.68687547991543
"N-18",1994,17312.4782251623,59.3348254899498,-168.56313959799,1.9,9.75918288742254
"N-18",1995,96209.8208353964,59.3348254899498,-168.56313959799,NA,11.474286733929
"N-18",1996,21.8435794637992,59.3348254899498,-168.56313959799,3.6,3.08397221556665
"N-18",1997,44.873619648069,59.3348254899498,-168.56313959799,3.2,3.80388181683853
"N-18",1998,23.6312749548657,59.3348254899498,-168.56313959799,4,3.16263129698846
"N-18",1999,0,59.3348254899498,-168.56313959799,0.2,-6.55436829794885
"N-18",2000,43.5463270909031,59.3348254899498,-168.56313959799,2.2,3.77385805955295
"N-18",2001,26.140726104257,59.3348254899498,-168.56313959799,0.2,3.26354895371624
"N-18",2002,46.0454536630569,59.3348254899498,-168.56313959799,4.2,3.82965995465016
"N-18",2003,0,59.3348254899498,-168.56313959799,4.7,-6.55436829794885
"N-18",2004,20.5094148120371,59.3348254899498,-168.56313959799,5.2,3.02095346320773
"N-18",2005,0,59.3348254899498,-168.56313959799,2.4,-6.55436829794885
"N-18",2006,22.9753789884604,59.3348254899498,-168.56313959799,1.2,3.13448513613206
"N-18",2007,0,59.3348254899498,-168.56313959799,2,-6.55436829794885
"N-18",2008,0,59.3348254899498,-168.56313959799,1,-6.55436829794885
"N-18",2009,72.4185122384505,59.3348254899498,-168.56313959799,2.5,4.28248162226727
"N-18",2010,0,59.3348254899498,-168.56313959799,1,-6.55436829794885
"N-18",2011,0,59.3348254899498,-168.56313959799,3.3,-6.55436829794885
"N-18",2012,47.0551360779475,59.3348254899498,-168.56313959799,-1.2,3.85135028160482
"N-18",2013,0,59.3348254899498,-168.56313959799,2.7,-6.55436829794885
"N-18",2014,0,59.3348254899498,-168.56313959799,2.8,-6.55436829794885
"N-18",2015,0,59.3348254899498,-168.56313959799,3.2,-6.55436829794885
"N-18",2016,0,59.3348254899498,-168.56313959799,5.4,-6.55436829794885
"N-18",2017,0,59.3348254899498,-168.56313959799,4.6,-6.55436829794885
"N-18",2018,0,59.3348254899498,-168.56313959799,5.3,-6.55436829794885
"N-18",2019,607.81656578571,59.3348254899498,-168.56313959799,5.3,6.40987547805021
"N-18",2021,0,59.3348254899498,-168.56313959799,3.9,-6.55436829794885
"N-18",2022,0,59.3348254899498,-168.56313959799,4.3,-6.55436829794885
"N-18",2023,0,59.3348254899498,-168.56313959799,2.3,-6.55436829794885
"N-19",1988,141.708525482426,59.3367869787894,-169.237825581997,2.3,4.9537823585188
"N-19",1989,0,59.3367869787894,-169.237825581997,3.7,-6.55436829794885
"N-19",1990,0,59.3367869787894,-169.237825581997,NA,-6.55436829794885
"N-19",1991,30.1078572033072,59.3367869787894,-169.237825581997,2.8,3.40483346593359
"N-19",1993,3821.03834356321,59.3367869787894,-169.237825581997,2.7,8.24827785499422
"N-19",1994,24527.4861604721,59.3367869787894,-169.237825581997,0.5,10.1075497098445
"N-19",1995,2810.31361861871,59.3367869787894,-169.237825581997,1.5,7.94105187081236
"N-19",1996,0,59.3367869787894,-169.237825581997,3.2,-6.55436829794885
"N-19",1997,0,59.3367869787894,-169.237825581997,1.7,-6.55436829794885
"N-19",1998,41.2627324197592,59.3367869787894,-169.237825581997,3.4,3.71999423698106
"N-19",1999,382.69906636535,59.3367869787894,-169.237825581997,-0.7,5.94725267345358
"N-19",2000,403.567355650726,59.3367869787894,-169.237825581997,2,6.00034693051411
"N-19",2001,818.144457142884,59.3367869787894,-169.237825581997,-0.6,6.70704065936359
"N-19",2002,10860.8241369691,59.3367869787894,-169.237825581997,2.3,9.29291760909325
"N-19",2003,0,59.3367869787894,-169.237825581997,3.2,-6.55436829794885
"N-19",2004,0,59.3367869787894,-169.237825581997,2.9,-6.55436829794885
"N-19",2005,0,59.3367869787894,-169.237825581997,1.3,-6.55436829794885
"N-19",2006,167.17412980619,59.3367869787894,-169.237825581997,0.2,5.11904447996233
"N-19",2007,1964.97023570435,59.3367869787894,-169.237825581997,-0.5,7.58323310159702
"N-19",2008,380.200931529466,59.3367869787894,-169.237825581997,-0.3,5.94070362522587
"N-19",2009,41.8928185983939,59.3367869787894,-169.237825581997,1.3,3.73514840651847
"N-19",2010,21.9286238343329,59.3367869787894,-169.237825581997,-0.7,3.08785773827718
"N-19",2011,0,59.3367869787894,-169.237825581997,2.1,-6.55436829794885
"N-19",2012,25.5320728377195,59.3367869787894,-169.237825581997,-1.3,3.23999118700464
"N-19",2013,0,59.3367869787894,-169.237825581997,2,-6.55436829794885
"N-19",2014,23.5127075299419,59.3367869787894,-169.237825581997,1.7,3.15760157710026
"N-19",2015,20.9231834426748,59.3367869787894,-169.237825581997,1.4,3.04092585035606
"N-19",2016,0,59.3367869787894,-169.237825581997,4.9,-6.55436829794885
"N-19",2017,0,59.3367869787894,-169.237825581997,3.7,-6.55436829794885
"N-19",2018,102.479180081059,59.3367869787894,-169.237825581997,4.3,4.62967355104409
"N-19",2019,828.444209956888,59.3367869787894,-169.237825581997,4.1,6.71955121472432
"N-19",2021,0,59.3367869787894,-169.237825581997,3.1,-6.55436829794885
"N-19",2022,0,59.3367869787894,-169.237825581997,2.5,-6.55436829794885
"N-19",2023,0,59.3367869787894,-169.237825581997,1.3,-6.55436829794885
"N-20",1988,3531.20038769562,59.3336394923858,-169.869968201354,1.6,8.16939354852275
"N-20",1989,7966.33252865239,59.3336394923858,-169.869968201354,2.5,8.98297968509919
"N-20",1990,40.8983226282653,59.3336394923858,-169.869968201354,1.1,3.7111238652378
"N-20",1991,14567.9068677447,59.3336394923858,-169.869968201354,NA,9.58657632619451
"N-20",1993,11104.2051588423,59.3336394923858,-169.869968201354,2,9.3150792869255
"N-20",1994,6647.93034087797,59.3336394923858,-169.869968201354,NA,8.80206107245734
"N-20",1995,6966.81529520342,59.3336394923858,-169.869968201354,-0.8,8.84891368767755
"N-20",1996,424.004329690015,59.3336394923858,-169.869968201354,1.8,6.04974702488533
"N-20",1997,0,59.3336394923858,-169.869968201354,-0.3,-6.55436829794885
"N-20",1998,0,59.3336394923858,-169.869968201354,2.8,-6.55436829794885
"N-20",1999,112.127263043565,59.3336394923858,-169.869968201354,-1.2,4.7196472021181
"N-20",2000,20268.8158279364,59.3336394923858,-169.869968201354,NA,9.91683888805535
"N-20",2001,1115.04542888878,59.3336394923858,-169.869968201354,-0.2,7.01665170343366
"N-20",2002,20.6277573057317,59.3336394923858,-169.869968201354,1.9,3.02670663593115
"N-20",2003,96.7434906640277,59.3336394923858,-169.869968201354,2.4,4.5720777676972
"N-20",2004,0,59.3336394923858,-169.869968201354,1.1,-6.55436829794885
"N-20",2005,59.7896807657094,59.3336394923858,-169.869968201354,1.1,4.09085689818228
"N-20",2006,1488.57678095865,59.3336394923858,-169.869968201354,-0.7,7.30557671843794
"N-20",2007,44519.8185134932,59.3336394923858,-169.869968201354,-1.5,10.703689760848
"N-20",2008,8726.59078243494,59.3336394923858,-169.869968201354,-1.3,9.07413021825178
"N-20",2009,33.4516572211459,59.3336394923858,-169.869968201354,-0.8,3.51014389304077
"N-20",2010,8535.57425641655,59.3336394923858,-169.869968201354,-1.2,9.05199808231522
"N-20",2011,21.75149500214,59.3336394923858,-169.869968201354,0.7,3.07974795010252
"N-20",2012,90.3027998202697,59.3336394923858,-169.869968201354,-1.4,4.50318423344116
"N-20",2013,912.692476576554,59.3336394923858,-169.869968201354,-0.5,6.81640055653634
"N-20",2014,10730.7048997066,59.3336394923858,-169.869968201354,0.2,9.28086466044694
"N-20",2015,6142.08541530948,59.3336394923858,-169.869968201354,0,8.72291983948622
"N-20",2016,0,59.3336394923858,-169.869968201354,3.9,-6.55436829794885
"N-20",2017,0,59.3336394923858,-169.869968201354,1.3,-6.55436829794885
"N-20",2018,19371.4836408961,59.3336394923858,-169.869968201354,3.8,9.87155742175222
"N-20",2019,4560.63479115961,59.3336394923858,-169.869968201354,3.1,8.42521741361877
"N-20",2021,100.530535696075,59.3336394923858,-169.869968201354,3.1,4.61047568269853
"N-20",2022,81.5017793912817,59.3336394923858,-169.869968201354,0.8,4.40064232344172
"N-20",2023,0,59.3336394923858,-169.869968201354,0.2,-6.55436829794885
"N-21",1988,4622.30821330141,59.332953505618,-170.53919533583,1.2,8.43864978062496
"N-21",1989,1503.91567637841,59.332953505618,-170.53919533583,2.3,7.31582838348297
"N-21",1990,28947.0857055992,59.332953505618,-170.53919533583,-1.1,10.2732248606498
"N-21",1991,16470.2245048526,59.332953505618,-170.53919533583,NA,9.70930954066926
"N-21",1992,7415.77208819266,59.332953505618,-170.53919533583,-1.1,8.91136456633632
"N-21",1993,6765.87890802742,59.332953505618,-170.53919533583,1.3,8.81964766250223
"N-21",1994,3518.73471039605,59.332953505618,-170.53919533583,-1.7,8.16585715135536
"N-21",1995,4001.12150355916,59.332953505618,-170.53919533583,-1.3,8.29433033256452
"N-21",1996,1371.00679458317,59.332953505618,-170.53919533583,0.3,7.22330167404852
"N-21",1997,0,59.332953505618,-170.53919533583,-0.2,-6.55436829794885
"N-21",1998,0,59.332953505618,-170.53919533583,1.9,-6.55436829794885
"N-21",1999,0,59.332953505618,-170.53919533583,-1.5,-6.55436829794885
"N-21",2000,451.015479445207,59.332953505618,-170.53919533583,1.9,6.11150481846166
"N-21",2001,215.092600252196,59.332953505618,-170.53919533583,1,5.37107525408511
"N-21",2002,0,59.332953505618,-170.53919533583,2.9,-6.55436829794885
"N-21",2003,39.7057002960198,59.332953505618,-170.53919533583,2.1,3.68153062192313
"N-21",2004,452.186178520991,59.332953505618,-170.53919533583,0.9,6.11409714328724
"N-21",2005,4098.80778300979,59.332953505618,-170.53919533583,0.8,8.31845177316385
"N-21",2006,1785.42668253297,59.332953505618,-170.53919533583,-1.5,7.48741350098442
"N-21",2007,5877.76208810391,59.332953505618,-170.53919533583,-1.5,8.67893161343489
"N-21",2008,539.734232202987,59.332953505618,-170.53919533583,-1.3,6.29107949393302
"N-21",2009,238.924640827719,59.332953505618,-170.53919533583,-1.4,5.47615415139332
"N-21",2010,9497.46154789352,59.332953505618,-170.53919533583,-1.5,9.15877998632036
"N-21",2011,6099.74489395751,59.332953505618,-170.53919533583,-0.6,8.71600246205721
"N-21",2012,1102.83866463637,59.332953505618,-170.53919533583,-1.4,7.00564403006531
"N-21",2013,2088.39388705673,59.332953505618,-170.53919533583,-1.3,7.64415125624504
"N-21",2014,4678.96079928707,59.332953505618,-170.53919533583,-0.2,8.45083161713606
"N-21",2015,16267.2778446221,59.332953505618,-170.53919533583,-0.9,9.69691096241304
"N-21",2016,1590.27161401223,59.332953505618,-170.53919533583,3.3,7.37166100241784
"N-21",2017,18061.1941717043,59.332953505618,-170.53919533583,0.4,9.80152102608577
"N-21",2018,218334.023688861,59.332953505618,-170.53919533583,3.3,12.2937813943996
"N-21",2019,223.947686891415,59.332953505618,-170.53919533583,2.8,5.41141884199781
"N-21",2021,19.9653825593713,59.332953505618,-170.53919533583,3.7,2.99407121683398
"N-21",2022,0,59.332953505618,-170.53919533583,0.1,-6.55436829794885
"N-21",2023,97.6908761083756,59.332953505618,-170.53919533583,-0.3,4.58182274315296
"N-22",1988,110527.191911719,59.3310363880026,-171.180890662412,-0.2,11.6130168631987
"N-22",1989,7384.64820042993,59.3310363880026,-171.180890662412,1.4,8.90715874960327
"N-22",1990,3294.83258098167,59.3310363880026,-171.180890662412,-1.1,8.10011106778102
"N-22",1991,10572.3027731178,59.3310363880026,-171.180890662412,-0.9,9.26599304914676
"N-22",1992,9630.45089132865,59.3310363880026,-171.180890662412,-1.5,9.17268547307759
"N-22",1993,14996.4917851921,59.3310363880026,-171.180890662412,0.3,9.6155716666904
"N-22",1994,19433.4685433873,59.3310363880026,-171.180890662412,NA,9.87475211455156
"N-22",1995,16391.0545203323,59.3310363880026,-171.180890662412,-1.5,9.70449109578917
"N-22",1996,1024.25989220094,59.3310363880026,-171.180890662412,0.2,6.93172696453094
"N-22",1997,209.87850326232,59.3310363880026,-171.180890662412,0.2,5.34653559168853
"N-22",1998,38.394811731888,59.3310363880026,-171.180890662412,1.3,3.64795942390136
"N-22",1999,58.1994668490611,59.3310363880026,-171.180890662412,-1.6,4.06390065927858
"N-22",2000,606.662065040987,59.3310363880026,-171.180890662412,1.2,6.40797425335007
"N-22",2001,2828.89242360777,59.3310363880026,-171.180890662412,1.1,7.94764104761765
"N-22",2002,148.308258584358,59.3310363880026,-171.180890662412,0.7,4.99930253673891
"N-22",2003,57.6846052218096,59.3310363880026,-171.180890662412,2.1,4.05501501428013
"N-22",2004,2947.961497465,59.3310363880026,-171.180890662412,-0.2,7.98886967566807
"N-22",2005,3511.17091366012,59.3310363880026,-171.180890662412,1.6,8.16370525999433
"N-22",2006,929.40909019838,59.3310363880026,-171.180890662412,-1.4,6.83455052934828
"N-22",2007,355.875726492735,59.3310363880026,-171.180890662412,-1.2,5.87458558808023
"N-22",2008,59.9693971246853,59.3310363880026,-171.180890662412,-1.3,4.09385812737748
"N-22",2009,701.012972256855,59.3310363880026,-171.180890662412,-1.3,6.55252842339848
"N-22",2010,71719.4934996147,59.3310363880026,-171.180890662412,-1.5,11.180517885356
"N-22",2011,7779.26545312904,59.3310363880026,-171.180890662412,-0.9,8.9592173809857
"N-22",2012,654.814695278118,59.3310363880026,-171.180890662412,-1.4,6.48435446211545
"N-22",2013,193.109230493897,59.3310363880026,-171.180890662412,-1.4,5.26326336334451
"N-22",2014,4079.34853074308,59.3310363880026,-171.180890662412,-0.1,8.31369292985787
"N-22",2015,4447.22415864651,59.3310363880026,-171.180890662412,-1,8.40003571612509
"N-22",2016,4087.50898782154,59.3310363880026,-171.180890662412,2.5,8.31569136240804
"N-22",2017,42299.4327191096,59.3310363880026,-171.180890662412,-0.2,10.6525289877107
"N-22",2018,146835.912339998,59.3310363880026,-171.180890662412,3.1,11.8970710094102
"N-22",2019,1306.35571414353,59.3310363880026,-171.180890662412,2.6,7.17499773189082
"N-22",2021,811.800493577209,59.3310363880026,-171.180890662412,2.4,6.69925636638681
"N-22",2022,59.1418226847634,59.3310363880026,-171.180890662412,-0.2,4.07996240921139
"N-22",2023,612.026418234227,59.3310363880026,-171.180890662412,-0.4,6.41677777513157
"N-23",1988,11327.7012945091,59.3335365486187,-171.834846431788,-1,9.33500657250927
"N-23",1989,4188.88240095964,59.3335365486187,-171.834846431788,2,8.34018958717542
"N-23",1990,2039.31768306068,59.3335365486187,-171.834846431788,-1.5,7.62037126001778
"N-23",1991,4885.63122388621,59.3335365486187,-171.834846431788,-0.8,8.49405406433466
"N-23",1992,4046.66971945697,59.3335365486187,-171.834846431788,-1.5,8.30564988220647
"N-23",1993,4872.67809478722,59.3335365486187,-171.834846431788,0.1,8.4913992739394
"N-23",1994,4351.16790499893,59.3335365486187,-171.834846431788,NA,8.37819989919647
"N-23",1995,25423.2791228077,59.3335365486187,-171.834846431788,-1.5,10.1434205901811
"N-23",1996,1025.41927439571,59.3335365486187,-171.834846431788,0.5,6.9328582447103
"N-23",1997,461.918683392188,59.3335365486187,-171.834846431788,NA,6.13539194815014
"N-23",1998,612.601144825454,59.3335365486187,-171.834846431788,1.3,6.41771638751347
"N-23",1999,169.90307547763,59.3335365486187,-171.834846431788,-1.2,5.13523651072678
"N-23",2000,873.725381704088,59.3335365486187,-171.834846431788,0.9,6.77276774737151
"N-23",2001,2132.50447636552,59.3335365486187,-171.834846431788,1.1,7.66505304618385
"N-23",2002,57.1770077360605,59.3335365486187,-171.834846431788,0.9,4.04617675766372
"N-23",2003,32.9294203755806,59.3335365486187,-171.834846431788,2.2,3.49440973400778
"N-23",2004,4512.97640397353,59.3335365486187,-171.834846431788,0.1,8.4147124868647
"N-23",2005,1286.16633240984,59.3335365486187,-171.834846431788,1.6,7.15942234441739
"N-23",2006,387.294427924623,59.3335365486187,-171.834846431788,-1.2,5.95918887592029
"N-23",2007,575.229047684333,59.3335365486187,-171.834846431788,-0.9,6.35477078060588
"N-23",2008,591.909709550128,59.3335365486187,-171.834846431788,-1,6.38335651117036
"N-23",2009,1013.37518155722,59.3335365486187,-171.834846431788,-1.2,6.92104320755654
"N-23",2010,33534.3998463482,59.3335365486187,-171.834846431788,-0.9,10.4203270944973
"N-23",2011,11815.6334066371,59.3335365486187,-171.834846431788,-0.5,9.37717891907211
"N-23",2012,2130.97511109704,59.3335365486187,-171.834846431788,-1.1,7.66433562076586
"N-23",2013,1120.14288140678,59.3335365486187,-171.834846431788,-1.3,7.02121279999735
"N-23",2014,3226.31722183024,59.3335365486187,-171.834846431788,0.1,8.07909702805166
"N-23",2015,1235.71698693757,59.3335365486187,-171.834846431788,-1.3,7.11940778910057
"N-23",2016,13461.2615437178,59.3335365486187,-171.834846431788,2.8,9.50757142997069
"N-23",2017,27411.3924696837,59.3335365486187,-171.834846431788,-0.5,10.2187140414721
"N-23",2018,12561.0010472202,59.3335365486187,-171.834846431788,3.4,9.43835225141538
"N-23",2019,33083.1435671047,59.3335365486187,-171.834846431788,2.8,10.4067792168975
"N-23",2021,474.577092112786,59.3335365486187,-171.834846431788,2.4,6.16242707537242
"N-23",2022,80.0905153787712,59.3335365486187,-171.834846431788,-0.5,4.38317521556253
"N-23",2023,1924.59523976009,59.3335365486187,-171.834846431788,-0.8,7.56247169938767
"N-24",1988,10280.6537585147,59.3322462411953,-172.501359090715,-0.9,9.23801927067443
"N-24",1989,20305.1059566248,59.3322462411953,-172.501359090715,2.6,9.918627728484
"N-24",1990,15533.0439504449,59.3322462411953,-172.501359090715,-0.3,9.65072499314034
"N-24",1991,220.179363368925,59.3322462411953,-172.501359090715,0.2,5.394448969124
"N-24",1992,41.0919838811275,59.3322462411953,-172.501359090715,-1.1,3.71584771358107
"N-24",1993,400.340955917551,59.3322462411953,-172.501359090715,1.2,5.99232013049112
"N-24",1994,65.8862412669881,59.3322462411953,-172.501359090715,-1.2,4.18795124870887
"N-24",1995,257.708652290255,59.3322462411953,-172.501359090715,-0.7,5.55183521729092
"N-24",1996,176.744940450115,59.3322462411953,-172.501359090715,1.9,5.17471573501586
"N-24",1997,36.9377054389251,59.3322462411953,-172.501359090715,NA,3.60927140440607
"N-24",1998,25.2715082988089,59.3322462411953,-172.501359090715,1.6,3.22973394873519
"N-24",1999,189.943954221349,59.3322462411953,-172.501359090715,-0.5,5.24673654716282
"N-24",2000,164.472854602976,59.3322462411953,-172.501359090715,1.5,5.10275419618651
"N-24",2001,80.6554282198462,59.3322462411953,-172.501359090715,1.5,4.39020376192812
"N-24",2002,0,59.3322462411953,-172.501359090715,1.4,-6.55436829794885
"N-24",2003,53.032267401481,59.3322462411953,-172.501359090715,2.6,3.97092739618522
"N-24",2004,56.6332097153077,59.3322462411953,-172.501359090715,1.4,4.03662069908747
"N-24",2005,0,59.3322462411953,-172.501359090715,1.8,-6.55436829794885
"N-24",2006,184.134504360458,59.3322462411953,-172.501359090715,-0.2,5.215674225323
"N-24",2007,157.634021911512,59.3322462411953,-172.501359090715,-0.5,5.06028506199299
"N-24",2008,131.897861556759,59.3322462411953,-172.501359090715,-0.8,4.88203864226213
"N-24",2009,149.893817567199,59.3322462411953,-172.501359090715,-0.2,5.00993665976979
"N-24",2010,21118.1182960394,59.3322462411953,-172.501359090715,-0.4,9.95788670544412
"N-24",2011,1673.06060392467,59.3322462411953,-172.501359090715,0.9,7.42241077609554
"N-24",2012,65.1395264125071,59.3322462411953,-172.501359090715,-0.8,4.1765533882366
"N-24",2013,220.63744396392,59.3322462411953,-172.501359090715,-0.7,5.39652728280436
"N-24",2014,6067.44292141795,59.3322462411953,-172.501359090715,0.8,8.71069276496701
"N-24",2015,119.734183816586,59.3322462411953,-172.501359090715,-0.9,4.78528604283541
"N-24",2016,287.558171568199,59.3322462411953,-172.501359090715,1.9,5.66143012727872
"N-24",2017,181.230127933767,59.3322462411953,-172.501359090715,1,5.1997755054694
"N-24",2018,838.716982546515,59.3322462411953,-172.501359090715,3.3,6.73187502012914
"N-24",2019,119.245838305577,59.3322462411953,-172.501359090715,3.2,4.78119917091059
"N-24",2021,4358.2147946307,59.3322462411953,-172.501359090715,2.4,8.37981812843462
"N-24",2022,38.335782916842,59.3322462411953,-172.501359090715,-0.1,3.64642088151792
"N-24",2023,106.623570553977,59.3322462411953,-172.501359090715,0.9,4.66931795362923
"N-25",1988,6196.22323792956,59.3369149249249,-173.153163834604,1.1,8.73169546004849
"N-25",1989,0,59.3369149249249,-173.153163834604,3,-6.55436829794885
"N-25",1990,39.7942716594074,59.3369149249249,-173.153163834604,0.3,3.68375875421688
"N-25",1991,41.0500426462796,59.3369149249249,-173.153163834604,0.8,3.71482656067642
"N-25",1992,1983.51561347342,59.3369149249249,-173.153163834604,0.2,7.59262682945895
"N-25",1993,640.407016937486,59.3369149249249,-173.153163834604,2.1,6.46210616157839
"N-25",1994,373.242464804405,59.3369149249249,-173.153163834604,NA,5.92223206304067
"N-25",1995,9660.63708630665,59.3369149249249,-173.153163834604,0.1,9.17581502338538
"N-25",1996,493.736418305111,59.3369149249249,-173.153163834604,2.4,6.20200469249377
"N-25",1997,10100.2979590203,59.3369149249249,-173.153163834604,1.7,9.22032034426156
"N-25",1998,2276.50993502682,59.3369149249249,-173.153163834604,1.7,7.7303994443995
"N-25",1999,1855.23139459833,59.3369149249249,-173.153163834604,0.4,7.52576547578075
"N-25",2000,2880.81742207615,59.3369149249249,-173.153163834604,2,7.96582985423155
"N-25",2001,2285.69541566487,59.3369149249249,-173.153163834604,1.9,7.73442621943926
"N-25",2002,1490.15669026407,59.3369149249249,-173.153163834604,2.4,7.3066375101861
"N-25",2003,1227.97468341872,59.3369149249249,-173.153163834604,3.6,7.11312265192234
"N-25",2004,144.33079412163,59.3369149249249,-173.153163834604,2,4.97211771184736
"N-25",2005,811.314631292176,59.3369149249249,-173.153163834604,2.7,6.69865768864713
"N-25",2006,39.4486740541464,59.3369149249249,-173.153163834604,0.5,3.67503652982869
"N-25",2007,105.716298215811,59.3369149249249,-173.153163834604,0.7,4.66077254294572
"N-25",2008,82.024214572828,59.3369149249249,-173.153163834604,0.8,4.40703186247893
"N-25",2009,2326.39784966887,59.3369149249249,-173.153163834604,0.5,7.75207697507597
"N-25",2010,12170.5050343076,59.3369149249249,-173.153163834604,1.6,9.40677080041475
"N-25",2011,6156.94227413086,59.3369149249249,-173.153163834604,2.1,8.725335780483
"N-25",2012,993.584556593418,59.3369149249249,-173.153163834604,-0.1,6.90132060125224
"N-25",2013,58.4912563474213,59.3369149249249,-173.153163834604,0.4,4.06890162212661
"N-25",2014,737.789534592838,59.3369149249249,-173.153163834604,2,6.60366053037739
"N-25",2015,94.7192098551999,59.3369149249249,-173.153163834604,0.4,4.55093186175153
"N-25",2016,19.5227239329254,59.3369149249249,-173.153163834604,1.9,2.97165204893343
"N-25",2017,39.1462305086049,59.3369149249249,-173.153163834604,2.4,3.66734050724876
"N-25",2018,38.4575748003326,59.3369149249249,-173.153163834604,3.3,3.6495927045223
"N-25",2019,140.630723113386,59.3369149249249,-173.153163834604,3.2,4.94614759474591
"N-25",2021,19.6169620932537,59.3369149249249,-173.153163834604,2.3,2.97646718649777
"N-25",2022,37.1666721054957,59.3369149249249,-173.153163834604,0.5,3.61545075855668
"N-25",2023,0,59.3369149249249,-173.153163834604,1.9,-6.55436829794885
"N-26",1988,14540.1512830318,59.3334522102945,-173.802097748417,1.3,9.58466925357114
"N-26",1989,4174.23740805882,59.3334522102945,-173.802097748417,3,8.33668730496064
"N-26",1990,155.592233503894,59.3334522102945,-173.802097748417,1.5,5.04724784861237
"N-26",1991,0,59.3334522102945,-173.802097748417,1.4,-6.55436829794885
"N-26",1992,18.9613005016843,59.3334522102945,-173.802097748417,0.9,2.94247517762963
"N-26",1993,736.808320646099,59.3334522102945,-173.802097748417,2.7,6.60232971032616
"N-26",1994,2504.49962733087,59.3334522102945,-173.802097748417,0.7,7.82584481252724
"N-26",1995,88246.5712976816,59.3334522102945,-173.802097748417,1.3,11.3878901380251
"N-26",1996,23332.4744417901,59.3334522102945,-173.802097748417,3.2,10.0576014830741
"N-26",1997,66436.4034286286,59.3334522102945,-173.802097748417,2.1,11.1040004510728
"N-26",1998,10346.8022820761,59.3334522102945,-173.802097748417,NA,9.24443293031822
"N-26",1999,534.010214160548,59.3334522102945,-173.802097748417,1.1,6.28041763280997
"N-26",2000,0,59.3334522102945,-173.802097748417,2.1,-6.55436829794885
"N-26",2001,0,59.3334522102945,-173.802097748417,2.7,-6.55436829794885
"N-26",2002,485.302586944336,59.3334522102945,-173.802097748417,2.8,6.18477552101
"N-26",2003,0,59.3334522102945,-173.802097748417,4.1,-6.55436829794885
"N-26",2004,38.0279881421401,59.3334522102945,-173.802097748417,NA,3.638359860979
"N-26",2005,49493.1175869065,59.3334522102945,-173.802097748417,2.9,10.809588929011
"N-26",2006,286.462186616135,59.3334522102945,-173.802097748417,1.7,5.6576115141199
"N-26",2007,12354.4188562465,59.3334522102945,-173.802097748417,1.3,9.42176919543828
"N-26",2008,9270.15125294172,59.3334522102945,-173.802097748417,1.2,9.13455512841605
"N-26",2009,37762.1958082769,59.3334522102945,-173.802097748417,1.1,10.5390638079775
"N-26",2010,18921.2338452667,59.3334522102945,-173.802097748417,2.1,9.84804012954169
"N-26",2011,21555.4508497178,59.3334522102945,-173.802097748417,2.3,9.97838406926683
"N-26",2012,0,59.3334522102945,-173.802097748417,0.4,-6.55436829794885
"N-26",2013,240.086345713937,59.3334522102945,-173.802097748417,1,5.48100456313757
"N-26",2014,79.2993093304931,59.3334522102945,-173.802097748417,2.2,4.3732473746579
"N-26",2015,57.5934293827257,59.3334522102945,-173.802097748417,1.3,4.05343321066757
"N-26",2016,0,59.3334522102945,-173.802097748417,2.8,-6.55436829794885
"N-26",2017,0,59.3334522102945,-173.802097748417,2.8,-6.55436829794885
"N-26",2018,39.7551374544742,59.3334522102945,-173.802097748417,3.4,3.68277489254845
"N-26",2019,0,59.3334522102945,-173.802097748417,3.2,-6.55436829794885
"N-26",2021,0,59.3334522102945,-173.802097748417,2.6,-6.55436829794885
"N-26",2022,56.6442910241518,59.3334522102945,-173.802097748417,1.4,4.03681634306325
"N-26",2023,19.4812485571494,59.3334522102945,-173.802097748417,1.8,2.96952547767558
"N-27",1988,175.472279112262,59.3280568552535,-174.437321994857,2.1,5.16748919119047
"N-27",1989,1148.7823428499,59.3280568552535,-174.437321994857,3.1,7.04645906756386
"N-27",1990,239.722163495525,59.3280568552535,-174.437321994857,2.2,5.47948654034359
"N-27",1991,19708.8433378075,59.3280568552535,-174.437321994857,1.7,9.8888227866426
"N-27",1992,556.435849984335,59.3280568552535,-174.437321994857,1.8,6.32155444893846
"N-27",1993,390.092125935774,59.3280568552535,-174.437321994857,2.8,5.96638658168692
"N-27",1994,59.73584629485,59.3280568552535,-174.437321994857,NA,4.08995611668034
"N-27",1995,4313.42458620001,59.3280568552535,-174.437321994857,2.1,8.36948776526463
"N-27",1996,23541.4117025284,59.3280568552535,-174.437321994857,3.3,10.066516409871
"N-27",1997,98217.605681903,59.3280568552535,-174.437321994857,2.2,11.4949407767001
"N-27",1998,19.298408430005,59.3280568552535,-174.437321994857,2,2.96009640737865
"N-27",1999,36.3441685108624,59.3280568552535,-174.437321994857,1.1,3.59307294196224
"N-27",2000,0,59.3280568552535,-174.437321994857,2.2,-6.55436829794885
"N-27",2001,225.876663542726,59.3280568552535,-174.437321994857,3,5.4199954175507
"N-27",2002,515.782154686703,59.3280568552535,-174.437321994857,3.2,6.24568725612143
"N-27",2003,58.2152485838492,59.3280568552535,-174.437321994857,4,4.06417178219941
"N-27",2004,0,59.3280568552535,-174.437321994857,3.1,-6.55436829794885
"N-27",2005,138.159911952815,59.3280568552535,-174.437321994857,3.5,4.92842210254434
"N-27",2006,136.76163925386,59.3280568552535,-174.437321994857,2.3,4.91824996241375
"N-27",2007,0,59.3280568552535,-174.437321994857,1.8,-6.55436829794885
"N-27",2008,19.7141321071701,59.3280568552535,-174.437321994857,1.3,2.98140796826201
"N-27",2009,0,59.3280568552535,-174.437321994857,1.9,-6.55436829794885
"N-27",2010,164.984537537039,59.3280568552535,-174.437321994857,2.4,5.10586038797234
"N-27",2011,67.1505190451313,59.3280568552535,-174.437321994857,2.6,4.20695785668593
"N-27",2012,2087.75845794477,59.3280568552535,-174.437321994857,1.1,7.64384694326454
"N-27",2013,183.634333123049,59.3280568552535,-174.437321994857,1.7,5.21295421415386
"N-27",2014,0,59.3280568552535,-174.437321994857,2.4,-6.55436829794885
"N-27",2015,18.9823506264692,59.3280568552535,-174.437321994857,2.1,2.94358464108785
"N-27",2016,19.5683972872432,59.3280568552535,-174.437321994857,2.9,2.97398864336395
"N-27",2017,0,59.3280568552535,-174.437321994857,3,-6.55436829794885
"N-27",2018,446.498250141156,59.3280568552535,-174.437321994857,3.5,6.10143867024508
"N-27",2019,59.8772448952726,59.3280568552535,-174.437321994857,3.6,4.0923203277967
"N-27",2021,0,59.3280568552535,-174.437321994857,2.9,-6.55436829794885
"N-27",2022,17.611942828325,59.3280568552535,-174.437321994857,2.8,2.86865808597157
"N-27",2023,41.271862137463,59.3280568552535,-174.437321994857,2,3.72021546306911
"N-28",1988,0,59.3313478480553,-175.107131533988,2.2,-6.55436829794885
"N-28",1989,21.5231846363459,59.3313478480553,-175.107131533988,2.8,3.06919686284983
"N-28",1990,2824.98334628028,59.3313478480553,-175.107131533988,2.3,7.94625825247303
"N-28",1991,22495.5685743738,59.3313478480553,-175.107131533988,2.2,10.0210736798409
"N-28",1992,17564.6922664732,59.3313478480553,-175.107131533988,2.4,9.77364612591168
"N-28",1993,4601.55795253369,59.3313478480553,-175.107131533988,2.6,8.43415051990439
"N-28",1994,303.085027628095,59.3313478480553,-175.107131533988,1.5,5.71401808332912
"N-28",1995,21930.1352331477,59.3313478480553,-175.107131533988,2,9.99561707290322
"N-28",1996,17632.0866847359,59.3313478480553,-175.107131533988,4,9.77747570902602
"N-28",1997,3600.35774115844,59.3313478480553,-175.107131533988,2.7,8.1887888875345
"N-28",1998,1100.46583315521,59.3313478480553,-175.107131533988,2.3,7.00349014771813
"N-28",1999,580.935055852142,59.3313478480553,-175.107131533988,NA,6.364641421674
"N-28",2000,0,59.3313478480553,-175.107131533988,1.9,-6.55436829794885
"N-28",2001,0,59.3313478480553,-175.107131533988,2.8,-6.55436829794885
"N-28",2002,19.119018905559,59.3313478480553,-175.107131533988,3,2.95075806570297
"N-28",2003,0,59.3313478480553,-175.107131533988,3.8,-6.55436829794885
"N-28",2004,70.1244033401166,59.3313478480553,-175.107131533988,2.9,4.25029116016785
"N-28",2005,0,59.3313478480553,-175.107131533988,2.9,-6.55436829794885
"N-28",2006,94.8289838872237,59.3313478480553,-175.107131533988,2,4.5520901148893
"N-28",2007,0,59.3313478480553,-175.107131533988,2,-6.55436829794885
"N-28",2008,0,59.3313478480553,-175.107131533988,1.4,-6.55436829794885
"N-28",2009,39.0913050967402,59.3313478480553,-175.107131533988,1.7,3.66593649007701
"N-28",2010,240.922596494533,59.3313478480553,-175.107131533988,1.9,5.48448161563625
"N-28",2011,722.99714210454,59.3313478480553,-175.107131533988,2.3,6.58340723873576
"N-28",2012,39305.6149585969,59.3313478480553,-175.107131533988,1.4,10.5791226981423
"N-28",2013,0,59.3313478480553,-175.107131533988,2,-6.55436829794885
"N-28",2014,0,59.3313478480553,-175.107131533988,2.4,-6.55436829794885
"N-28",2015,19.0295544590173,59.3313478480553,-175.107131533988,2.8,2.94606809044741
"N-28",2016,117.086882327277,59.3313478480553,-175.107131533988,2.4,4.76292840404013
"N-28",2017,60.4402319231852,59.3313478480553,-175.107131533988,3.2,4.10167853288033
"N-28",2018,762.284859590379,59.3313478480553,-175.107131533988,3.3,6.63632218522409
"N-28",2019,81.8795565274394,59.3313478480553,-175.107131533988,3.4,4.40526673445726
"N-28",2021,0,59.3313478480553,-175.107131533988,3,-6.55436829794885
"N-28",2022,0,59.3313478480553,-175.107131533988,2.7,-6.55436829794885
"N-28",2023,0,59.3313478480553,-175.107131533988,2.1,-6.55436829794885
"N-29",1988,223.316733066773,59.3346529083333,-175.771333875,2.2,5.40859746744744
"N-29",1989,21.0823000348565,59.3346529083333,-175.771333875,2.5,3.0485013644711
"N-29",1990,1522.97313174391,59.3346529083333,-175.771333875,1.7,7.32842064600968
"N-29",1991,528.239544588034,59.3346529083333,-175.771333875,1.3,6.26955255927493
"N-29",1992,642.836068648263,59.3346529083333,-175.771333875,2.3,6.46589195906085
"N-29",1993,85.7270878624779,59.3346529083333,-175.771333875,2.2,4.45118546274213
"N-29",1994,20.8021374927815,59.3346529083333,-175.771333875,2,3.03512419199474
"N-29",1995,0,59.3346529083333,-175.771333875,1.9,-6.55436829794885
"N-29",1996,8055.26102040256,59.3346529083333,-175.771333875,2.6,8.99408087661782
"N-29",1997,2783.7790960211,59.3346529083333,-175.771333875,NA,7.93156518210488
"N-29",1998,142.444981912907,59.3346529083333,-175.771333875,2.3,4.95896582928098
"N-29",1999,254.552215132778,59.3346529083333,-175.771333875,NA,5.53951157612057
"N-29",2000,0,59.3346529083333,-175.771333875,1.8,-6.55436829794885
"N-29",2001,58.6850551738459,59.3346529083333,-175.771333875,1.8,4.07220936053854
"N-29",2002,0,59.3346529083333,-175.771333875,2.5,-6.55436829794885
"N-29",2003,0,59.3346529083333,-175.771333875,3,-6.55436829794885
"N-29",2004,52.7745973801466,59.3346529083333,-175.771333875,2.4,3.96605694479677
"N-29",2005,0,59.3346529083333,-175.771333875,2.8,-6.55436829794885
"N-29",2006,0,59.3346529083333,-175.771333875,2,-6.55436829794885
"N-29",2007,0,59.3346529083333,-175.771333875,2,-6.55436829794885
"N-29",2008,0,59.3346529083333,-175.771333875,1.6,-6.55436829794885
"N-29",2009,76.8218385208646,59.3346529083333,-175.771333875,1.2,4.34150749016124
"N-29",2010,25.0029232092704,59.3346529083333,-175.771333875,2.6,3.21904969340509
"N-29",2011,41.7781505847966,59.3346529083333,-175.771333875,2.1,3.73240757098437
"N-29",2012,1454.15937302008,59.3346529083333,-175.771333875,1.7,7.28218424132013
"N-29",2013,0,59.3346529083333,-175.771333875,1.7,-6.55436829794885
"N-29",2014,20.3515416363637,59.3346529083333,-175.771333875,2.1,3.01322662699233
"N-29",2015,77.8516977361809,59.3346529083333,-175.771333875,2.7,4.35482399533395
"N-29",2016,0,59.3346529083333,-175.771333875,1.7,-6.55436829794885
"N-29",2017,36.652552145804,59.3346529083333,-175.771333875,2.9,3.6015219088838
"N-29",2018,0,59.3346529083333,-175.771333875,2.8,-6.55436829794885
"N-29",2019,0,59.3346529083333,-175.771333875,3.2,-6.55436829794885
"N-29",2021,0,59.3346529083333,-175.771333875,1.8,-6.55436829794885
"N-29",2022,0,59.3346529083333,-175.771333875,2.2,-6.55436829794885
"N-29",2023,0,59.3346529083333,-175.771333875,2.1,-6.55436829794885
"N-30",1988,0,59.3373555027933,-176.381050879888,2.9,-6.55436829794885
"N-30",1989,22.3121701196649,59.3373555027933,-176.381050879888,2.3,3.10519608922716
"N-30",1990,19.7028802195599,59.3373555027933,-176.381050879888,1.7,2.98083709419549
"N-30",1991,96.6314886747985,59.3373555027933,-176.381050879888,1,4.57091939288835
"N-30",1992,493.044177298476,59.3373555027933,-176.381050879888,2.1,6.20060166708866
"N-30",1993,423.509895510217,59.3373555027933,-176.381050879888,2,6.0485802419339
"N-30",1994,0,59.3373555027933,-176.381050879888,2.2,-6.55436829794885
"N-30",1995,36.2749475614089,59.3373555027933,-176.381050879888,1.9,3.59116660490496
"N-30",1996,232.88952714377,59.3373555027933,-176.381050879888,2.4,5.45057032266112
"N-30",1997,37.4743587558721,59.3373555027933,-176.381050879888,NA,3.62369492803808
"N-30",1998,78.8759764335702,59.3373555027933,-176.381050879888,NA,4.36789475229212
"N-30",1999,0,59.3373555027933,-176.381050879888,0.2,-6.55436829794885
"N-30",2000,0,59.3373555027933,-176.381050879888,1.1,-6.55436829794885
"N-30",2001,95.1269113125378,59.3373555027933,-176.381050879888,1.3,4.55522687674557
"N-30",2002,0,59.3373555027933,-176.381050879888,2,-6.55436829794885
"N-30",2003,0,59.3373555027933,-176.381050879888,2.7,-6.55436829794885
"N-30",2004,0,59.3373555027933,-176.381050879888,2.6,-6.55436829794885
"N-30",2005,0,59.3373555027933,-176.381050879888,2.5,-6.55436829794885
"N-30",2006,0,59.3373555027933,-176.381050879888,1.7,-6.55436829794885
"N-30",2007,0,59.3373555027933,-176.381050879888,2.1,-6.55436829794885
"N-30",2008,0,59.3373555027933,-176.381050879888,1.3,-6.55436829794885
"N-30",2009,73.7079601029859,59.3373555027933,-176.381050879888,1,4.30013011788827
"N-30",2010,216.02164768477,59.3373555027933,-176.381050879888,2.6,5.37538521478944
"N-30",2011,21.5288224382159,59.3373555027933,-176.381050879888,2.2,3.06945875210358
"N-30",2012,56.5202322321146,59.3373555027933,-176.381050879888,1.2,4.03462385877004
"N-30",2013,0,59.3373555027933,-176.381050879888,1.7,-6.55436829794885
"N-30",2014,0,59.3373555027933,-176.381050879888,1.8,-6.55436829794885
"N-30",2015,0,59.3373555027933,-176.381050879888,2.7,-6.55436829794885
"N-30",2016,0,59.3373555027933,-176.381050879888,2.1,-6.55436829794885
"N-30",2017,20.4824887283738,59.3373555027933,-176.381050879888,2.7,3.01963982735541
"N-30",2018,24.5554478269131,59.3373555027933,-176.381050879888,2.6,3.20099172175279
"N-30",2019,117.125813748078,59.3373555027933,-176.381050879888,3,4.76326084500901
"N-30",2021,19.7429787945918,59.3373555027933,-176.381050879888,1.6,2.98287004240175
"N-30",2022,18.8035369418624,59.3373555027933,-176.381050879888,2.4,2.93412070863987
"N-30",2023,0,59.3373555027933,-176.381050879888,2,-6.55436829794885
"N-31",1988,0,59.3314071101871,-177.06011012474,2.5,-6.55436829794885
"N-31",1989,0,59.3314071101871,-177.06011012474,2.4,-6.55436829794885
"N-31",1990,0,59.3314071101871,-177.06011012474,1.7,-6.55436829794885
"N-31",1991,18.1331370514748,59.3314071101871,-177.06011012474,2.1,2.89781956144243
"N-31",1992,0,59.3314071101871,-177.06011012474,2.6,-6.55436829794885
"N-31",1993,0,59.3314071101871,-177.06011012474,3.2,-6.55436829794885
"N-31",1994,57.852158104925,59.3314071101871,-177.06011012474,2.4,4.0579153702531
"N-31",1995,19.9501531010144,59.3314071101871,-177.06011012474,2.2,2.9933081869821
"N-31",1996,0,59.3314071101871,-177.06011012474,3.9,-6.55436829794885
"N-31",1997,39.4055508105952,59.3314071101871,-177.06011012474,3.3,3.67394282329325
"N-31",1998,0,59.3314071101871,-177.06011012474,NA,-6.55436829794885
"N-31",1999,0,59.3314071101871,-177.06011012474,0.9,-6.55436829794885
"N-31",2000,0,59.3314071101871,-177.06011012474,2.2,-6.55436829794885
"N-31",2001,0,59.3314071101871,-177.06011012474,1.7,-6.55436829794885
"N-31",2002,0,59.3314071101871,-177.06011012474,2.5,-6.55436829794885
"N-31",2003,0,59.3314071101871,-177.06011012474,3.4,-6.55436829794885
"N-31",2004,0,59.3314071101871,-177.06011012474,3.3,-6.55436829794885
"N-31",2005,0,59.3314071101871,-177.06011012474,2.8,-6.55436829794885
"N-31",2006,0,59.3314071101871,-177.06011012474,2,-6.55436829794885
"N-31",2007,0,59.3314071101871,-177.06011012474,2.5,-6.55436829794885
"N-31",2008,0,59.3314071101871,-177.06011012474,2.2,-6.55436829794885
"N-31",2009,0,59.3314071101871,-177.06011012474,1.5,-6.55436829794885
"N-31",2010,0,59.3314071101871,-177.06011012474,2.5,-6.55436829794885
"N-31",2011,71.5630346753527,59.3314071101871,-177.06011012474,2.6,4.2705985618618
"N-31",2012,107.364563233022,59.3314071101871,-177.06011012474,1.6,4.67624343838861
"N-31",2013,202.911234429346,59.3314071101871,-177.06011012474,1.8,5.31277563183206
"N-31",2014,459.218655599776,59.3314071101871,-177.06011012474,3,6.12952957114393
"N-31",2015,20.9445653887597,59.3314071101871,-177.06011012474,3.1,3.04194718511994
"N-31",2016,59.8763366380456,59.3314071101871,-177.06011012474,2,4.09230515938809
"N-31",2017,0,59.3314071101871,-177.06011012474,3.2,-6.55436829794885
"N-31",2018,0,59.3314071101871,-177.06011012474,3.6,-6.55436829794885
"N-31",2019,41.9756454581757,59.3314071101871,-177.06011012474,3.2,3.73712350109871
"N-31",2021,0,59.3314071101871,-177.06011012474,2.4,-6.55436829794885
"N-31",2022,0,59.3314071101871,-177.06011012474,2.9,-6.55436829794885
"N-31",2023,0,59.3314071101871,-177.06011012474,2.7,-6.55436829794885
"O-01",1988,0,59.6650054954955,-167.968893783784,4,-6.55436829794885
"O-01",1989,0,59.6650054954955,-167.968893783784,5.3,-6.55436829794885
"O-01",1990,0,59.6650054954955,-167.968893783784,3.8,-6.55436829794885
"O-01",1991,0,59.6650054954955,-167.968893783784,4,-6.55436829794885
"O-01",1993,20.269342044472,59.6650054954955,-167.968893783784,5,3.00917974596237
"O-01",1994,637.772792539995,59.6650054954955,-167.968893783784,2.8,6.45798432795456
"O-01",1995,0,59.6650054954955,-167.968893783784,3.8,-6.55436829794885
"O-01",1996,0,59.6650054954955,-167.968893783784,5,-6.55436829794885
"O-01",1997,0,59.6650054954955,-167.968893783784,3.6,-6.55436829794885
"O-01",1998,0,59.6650054954955,-167.968893783784,3.9,-6.55436829794885
"O-01",1999,0,59.6650054954955,-167.968893783784,-0.1,-6.55436829794885
"O-01",2000,0,59.6650054954955,-167.968893783784,2.6,-6.55436829794885
"O-01",2001,0,59.6650054954955,-167.968893783784,1.2,-6.55436829794885
"O-01",2002,0,59.6650054954955,-167.968893783784,4.6,-6.55436829794885
"O-01",2003,0,59.6650054954955,-167.968893783784,4.4,-6.55436829794885
"O-01",2004,0,59.6650054954955,-167.968893783784,5,-6.55436829794885
"O-01",2005,0,59.6650054954955,-167.968893783784,3.7,-6.55436829794885
"O-01",2006,0,59.6650054954955,-167.968893783784,1.8,-6.55436829794885
"O-01",2007,0,59.6650054954955,-167.968893783784,2.5,-6.55436829794885
"O-01",2008,0,59.6650054954955,-167.968893783784,0,-6.55436829794885
"O-01",2009,0,59.6650054954955,-167.968893783784,3.5,-6.55436829794885
"O-01",2010,0,59.6650054954955,-167.968893783784,1.4,-6.55436829794885
"O-01",2011,0,59.6650054954955,-167.968893783784,3,-6.55436829794885
"O-01",2012,0,59.6650054954955,-167.968893783784,0.6,-6.55436829794885
"O-01",2013,0,59.6650054954955,-167.968893783784,2.9,-6.55436829794885
"O-01",2014,0,59.6650054954955,-167.968893783784,2.2,-6.55436829794885
"O-01",2015,0,59.6650054954955,-167.968893783784,3.9,-6.55436829794885
"O-01",2016,0,59.6650054954955,-167.968893783784,4.5,-6.55436829794885
"O-01",2017,0,59.6650054954955,-167.968893783784,5.2,-6.55436829794885
"O-01",2018,0,59.6650054954955,-167.968893783784,6.2,-6.55436829794885
"O-01",2019,0,59.6650054954955,-167.968893783784,7.2,-6.55436829794885
"O-01",2021,0,59.6650054954955,-167.968893783784,4.1,-6.55436829794885
"O-01",2022,0,59.6650054954955,-167.968893783784,5.3,-6.55436829794885
"O-01",2023,0,59.6650054954955,-167.968893783784,3,-6.55436829794885
"O-02",1988,0,59.6591851428571,-167.289194285714,4.5,-6.55436829794885
"O-02",1989,0,59.6591851428571,-167.289194285714,5.7,-6.55436829794885
"O-02",1990,0,59.6591851428571,-167.289194285714,5.8,-6.55436829794885
"O-02",1991,0,59.6591851428571,-167.289194285714,5.2,-6.55436829794885
"O-02",1992,0,59.6591851428571,-167.289194285714,3.9,-6.55436829794885
"O-02",1993,0,59.6591851428571,-167.289194285714,NA,-6.55436829794885
"O-02",1994,0,59.6591851428571,-167.289194285714,NA,-6.55436829794885
"O-02",1995,0,59.6591851428571,-167.289194285714,5.2,-6.55436829794885
"O-02",1996,0,59.6591851428571,-167.289194285714,4.9,-6.55436829794885
"O-02",1997,0,59.6591851428571,-167.289194285714,5.4,-6.55436829794885
"O-02",1998,0,59.6591851428571,-167.289194285714,5.2,-6.55436829794885
"O-02",1999,0,59.6591851428571,-167.289194285714,0.9,-6.55436829794885
"O-02",2000,0,59.6591851428571,-167.289194285714,3.7,-6.55436829794885
"O-02",2001,0,59.6591851428571,-167.289194285714,2.2,-6.55436829794885
"O-02",2002,0,59.6591851428571,-167.289194285714,6,-6.55436829794885
"O-02",2003,0,59.6591851428571,-167.289194285714,5.7,-6.55436829794885
"O-02",2004,0,59.6591851428571,-167.289194285714,6.4,-6.55436829794885
"O-02",2005,0,59.6591851428571,-167.289194285714,5,-6.55436829794885
"O-02",2006,0,59.6591851428571,-167.289194285714,2.8,-6.55436829794885
"O-02",2007,0,59.6591851428571,-167.289194285714,3.6,-6.55436829794885
"O-02",2008,0,59.6591851428571,-167.289194285714,2.3,-6.55436829794885
"O-02",2009,0,59.6591851428571,-167.289194285714,4.2,-6.55436829794885
"O-02",2010,0,59.6591851428571,-167.289194285714,3.2,-6.55436829794885
"O-02",2011,0,59.6591851428571,-167.289194285714,4.2,-6.55436829794885
"O-02",2012,0,59.6591851428571,-167.289194285714,0.9,-6.55436829794885
"O-02",2013,0,59.6591851428571,-167.289194285714,4.3,-6.55436829794885
"O-02",2014,0,59.6591851428571,-167.289194285714,3.2,-6.55436829794885
"O-02",2015,0,59.6591851428571,-167.289194285714,4.5,-6.55436829794885
"O-02",2016,0,59.6591851428571,-167.289194285714,5.4,-6.55436829794885
"O-02",2017,0,59.6591851428571,-167.289194285714,6.4,-6.55436829794885
"O-02",2018,0,59.6591851428571,-167.289194285714,6.8,-6.55436829794885
"O-02",2019,0,59.6591851428571,-167.289194285714,5.9,-6.55436829794885
"O-02",2021,0,59.6591851428571,-167.289194285714,4.6,-6.55436829794885
"O-02",2022,0,59.6591851428571,-167.289194285714,4.8,-6.55436829794885
"O-02",2023,0,59.6591851428571,-167.289194285714,4,-6.55436829794885
"O-03",1988,0,59.6588917142857,-166.632232857143,5.7,-6.55436829794885
"O-03",1989,0,59.6588917142857,-166.632232857143,5.7,-6.55436829794885
"O-03",1990,0,59.6588917142857,-166.632232857143,5.8,-6.55436829794885
"O-03",1991,0,59.6588917142857,-166.632232857143,8,-6.55436829794885
"O-03",1992,0,59.6588917142857,-166.632232857143,4.8,-6.55436829794885
"O-03",1993,0,59.6588917142857,-166.632232857143,NA,-6.55436829794885
"O-03",1994,0,59.6588917142857,-166.632232857143,NA,-6.55436829794885
"O-03",1995,0,59.6588917142857,-166.632232857143,5.9,-6.55436829794885
"O-03",1996,0,59.6588917142857,-166.632232857143,5.4,-6.55436829794885
"O-03",1997,0,59.6588917142857,-166.632232857143,7.4,-6.55436829794885
"O-03",1998,0,59.6588917142857,-166.632232857143,6.1,-6.55436829794885
"O-03",1999,0,59.6588917142857,-166.632232857143,0.5,-6.55436829794885
"O-03",2000,0,59.6588917142857,-166.632232857143,4.1,-6.55436829794885
"O-03",2001,0,59.6588917142857,-166.632232857143,2.9,-6.55436829794885
"O-03",2002,0,59.6588917142857,-166.632232857143,5.9,-6.55436829794885
"O-03",2003,0,59.6588917142857,-166.632232857143,6.7,-6.55436829794885
"O-03",2004,0,59.6588917142857,-166.632232857143,7.1,-6.55436829794885
"O-03",2005,0,59.6588917142857,-166.632232857143,4.2,-6.55436829794885
"O-03",2006,0,59.6588917142857,-166.632232857143,4.3,-6.55436829794885
"O-03",2007,0,59.6588917142857,-166.632232857143,5.1,-6.55436829794885
"O-03",2008,0,59.6588917142857,-166.632232857143,3.4,-6.55436829794885
"O-03",2009,0,59.6588917142857,-166.632232857143,4.6,-6.55436829794885
"O-03",2010,0,59.6588917142857,-166.632232857143,4.1,-6.55436829794885
"O-03",2011,0,59.6588917142857,-166.632232857143,5.3,-6.55436829794885
"O-03",2012,0,59.6588917142857,-166.632232857143,3.7,-6.55436829794885
"O-03",2013,0,59.6588917142857,-166.632232857143,6.4,-6.55436829794885
"O-03",2014,0,59.6588917142857,-166.632232857143,5.5,-6.55436829794885
"O-03",2015,0,59.6588917142857,-166.632232857143,7.2,-6.55436829794885
"O-03",2016,0,59.6588917142857,-166.632232857143,7.1,-6.55436829794885
"O-03",2017,0,59.6588917142857,-166.632232857143,5.6,-6.55436829794885
"O-03",2018,0,59.6588917142857,-166.632232857143,5.4,-6.55436829794885
"O-03",2019,0,59.6588917142857,-166.632232857143,7.7,-6.55436829794885
"O-03",2021,0,59.6588917142857,-166.632232857143,3.7,-6.55436829794885
"O-03",2022,0,59.6588917142857,-166.632232857143,6.8,-6.55436829794885
"O-03",2023,0,59.6588917142857,-166.632232857143,3,-6.55436829794885
"O-04",1988,0,59.6318402857143,-165.947458,5.6,-6.55436829794885
"O-04",1989,0,59.6318402857143,-165.947458,6,-6.55436829794885
"O-04",1990,0,59.6318402857143,-165.947458,6.8,-6.55436829794885
"O-04",1991,0,59.6318402857143,-165.947458,7.4,-6.55436829794885
"O-04",1992,0,59.6318402857143,-165.947458,7.7,-6.55436829794885
"O-04",1993,0,59.6318402857143,-165.947458,NA,-6.55436829794885
"O-04",1994,0,59.6318402857143,-165.947458,5.5,-6.55436829794885
"O-04",1995,0,59.6318402857143,-165.947458,7.1,-6.55436829794885
"O-04",1996,0,59.6318402857143,-165.947458,NA,-6.55436829794885
"O-04",1997,0,59.6318402857143,-165.947458,6.3,-6.55436829794885
"O-04",1998,0,59.6318402857143,-165.947458,6.6,-6.55436829794885
"O-04",1999,0,59.6318402857143,-165.947458,1.5,-6.55436829794885
"O-04",2000,0,59.6318402857143,-165.947458,4.4,-6.55436829794885
"O-04",2001,0,59.6318402857143,-165.947458,3.5,-6.55436829794885
"O-04",2002,0,59.6318402857143,-165.947458,7.1,-6.55436829794885
"O-04",2003,0,59.6318402857143,-165.947458,7.7,-6.55436829794885
"O-04",2004,0,59.6318402857143,-165.947458,7.5,-6.55436829794885
"O-04",2005,0,59.6318402857143,-165.947458,5.9,-6.55436829794885
"O-04",2006,0,59.6318402857143,-165.947458,5.5,-6.55436829794885
"O-04",2007,0,59.6318402857143,-165.947458,5.7,-6.55436829794885
"O-04",2008,0,59.6318402857143,-165.947458,3.6,-6.55436829794885
"O-04",2009,0,59.6318402857143,-165.947458,6.2,-6.55436829794885
"O-04",2010,0,59.6318402857143,-165.947458,4.8,-6.55436829794885
"O-04",2011,0,59.6318402857143,-165.947458,4.8,-6.55436829794885
"O-04",2012,0,59.6318402857143,-165.947458,4.9,-6.55436829794885
"O-04",2013,0,59.6318402857143,-165.947458,6.4,-6.55436829794885
"O-04",2014,0,59.6318402857143,-165.947458,6,-6.55436829794885
"O-04",2015,0,59.6318402857143,-165.947458,8,-6.55436829794885
"O-04",2016,0,59.6318402857143,-165.947458,8.4,-6.55436829794885
"O-04",2017,0,59.6318402857143,-165.947458,6.5,-6.55436829794885
"O-04",2018,0,59.6318402857143,-165.947458,6.5,-6.55436829794885
"O-04",2019,0,59.6318402857143,-165.947458,8.8,-6.55436829794885
"O-04",2021,0,59.6318402857143,-165.947458,4.3,-6.55436829794885
"O-04",2022,0,59.6318402857143,-165.947458,7.6,-6.55436829794885
"O-04",2023,0,59.6318402857143,-165.947458,4.6,-6.55436829794885
"O-18",1988,0,59.6621403361344,-168.611709983193,3.2,-6.55436829794885
"O-18",1989,0,59.6621403361344,-168.611709983193,4.2,-6.55436829794885
"O-18",1990,0,59.6621403361344,-168.611709983193,NA,-6.55436829794885
"O-18",1991,0,59.6621403361344,-168.611709983193,NA,-6.55436829794885
"O-18",1993,1096.1838460402,59.6621403361344,-168.611709983193,4.6,6.99959149512186
"O-18",1994,31613.2456918572,59.6621403361344,-168.611709983193,0.3,10.3613315242534
"O-18",1995,2015.3993476427,59.6621403361344,-168.611709983193,NA,7.60857334866093
"O-18",1996,0,59.6621403361344,-168.611709983193,3.6,-6.55436829794885
"O-18",1997,0,59.6621403361344,-168.611709983193,2.8,-6.55436829794885
"O-18",1998,0,59.6621403361344,-168.611709983193,4.1,-6.55436829794885
"O-18",1999,0,59.6621403361344,-168.611709983193,-0.2,-6.55436829794885
"O-18",2000,21.6229175335397,59.6621403361344,-168.611709983193,2.4,3.07381959758387
"O-18",2001,0,59.6621403361344,-168.611709983193,0.7,-6.55436829794885
"O-18",2002,0,59.6621403361344,-168.611709983193,4.3,-6.55436829794885
"O-18",2003,0,59.6621403361344,-168.611709983193,3.9,-6.55436829794885
"O-18",2004,0,59.6621403361344,-168.611709983193,5.3,-6.55436829794885
"O-18",2005,0,59.6621403361344,-168.611709983193,3.2,-6.55436829794885
"O-18",2006,0,59.6621403361344,-168.611709983193,0.6,-6.55436829794885
"O-18",2007,0,59.6621403361344,-168.611709983193,1.5,-6.55436829794885
"O-18",2008,0,59.6621403361344,-168.611709983193,1.4,-6.55436829794885
"O-18",2009,0,59.6621403361344,-168.611709983193,2.4,-6.55436829794885
"O-18",2010,0,59.6621403361344,-168.611709983193,0.1,-6.55436829794885
"O-18",2011,0,59.6621403361344,-168.611709983193,3.7,-6.55436829794885
"O-18",2012,0,59.6621403361344,-168.611709983193,-1,-6.55436829794885
"O-18",2013,0,59.6621403361344,-168.611709983193,2.7,-6.55436829794885
"O-18",2014,0,59.6621403361344,-168.611709983193,1.4,-6.55436829794885
"O-18",2015,0,59.6621403361344,-168.611709983193,2.7,-6.55436829794885
"O-18",2016,19.3094292822202,59.6621403361344,-168.611709983193,3.3,2.96066727797463
"O-18",2017,0,59.6621403361344,-168.611709983193,3.9,-6.55436829794885
"O-18",2018,0,59.6621403361344,-168.611709983193,5.9,-6.55436829794885
"O-18",2019,645.400745935326,59.6621403361344,-168.611709983193,5.1,6.46987364158522
"O-18",2021,0,59.6621403361344,-168.611709983193,3.7,-6.55436829794885
"O-18",2022,0,59.6621403361344,-168.611709983193,4.5,-6.55436829794885
"O-18",2023,0,59.6621403361344,-168.611709983193,2.3,-6.55436829794885
"O-19",1988,232.449645616134,59.6695622439586,-169.265680529344,2,5.44867974910767
"O-19",1989,0,59.6695622439586,-169.265680529344,3.9,-6.55436829794885
"O-19",1990,0,59.6695622439586,-169.265680529344,2,-6.55436829794885
"O-19",1991,0,59.6695622439586,-169.265680529344,2.5,-6.55436829794885
"O-19",1993,18602.9708182585,59.6695622439586,-169.265680529344,3.3,9.8310766448995
"O-19",1994,23331.3487012157,59.6695622439586,-169.265680529344,0.7,10.0575532341125
"O-19",1995,10319.658924201,59.6695622439586,-169.265680529344,1.9,9.24180612648649
"O-19",1996,0,59.6695622439586,-169.265680529344,2.9,-6.55436829794885
"O-19",1997,45.4302519166482,59.6695622439586,-169.265680529344,1.8,3.81620956658164
"O-19",1998,0,59.6695622439586,-169.265680529344,3.6,-6.55436829794885
"O-19",1999,3591.53592119781,59.6695622439586,-169.265680529344,-1.3,8.18633561964536
"O-19",2000,39.7198626820948,59.6695622439586,-169.265680529344,1.9,3.68188722949195
"O-19",2001,901.703179206691,59.6695622439586,-169.265680529344,-1.2,6.80428697539329
"O-19",2002,64.6854547185757,59.6695622439586,-169.265680529344,2.2,4.16955837723968
"O-19",2003,0,59.6695622439586,-169.265680529344,2.8,-6.55436829794885
"O-19",2004,0,59.6695622439586,-169.265680529344,3.2,-6.55436829794885
"O-19",2005,21.980166370243,59.6695622439586,-169.265680529344,1.3,3.09020529632628
"O-19",2006,0,59.6695622439586,-169.265680529344,-0.5,-6.55436829794885
"O-19",2007,0,59.6695622439586,-169.265680529344,-0.9,-6.55436829794885
"O-19",2008,0,59.6695622439586,-169.265680529344,-0.1,-6.55436829794885
"O-19",2009,223.760779931528,59.6695622439586,-169.265680529344,1.3,5.41058389785119
"O-19",2010,0,59.6695622439586,-169.265680529344,-1.1,-6.55436829794885
"O-19",2011,0,59.6695622439586,-169.265680529344,2.4,-6.55436829794885
"O-19",2012,157.365056055155,59.6695622439586,-169.265680529344,-1.3,5.05857735229504
"O-19",2013,0,59.6695622439586,-169.265680529344,1.8,-6.55436829794885
"O-19",2014,0,59.6695622439586,-169.265680529344,1,-6.55436829794885
"O-19",2015,0,59.6695622439586,-169.265680529344,1.8,-6.55436829794885
"O-19",2016,0,59.6695622439586,-169.265680529344,4.4,-6.55436829794885
"O-19",2017,0,59.6695622439586,-169.265680529344,2.4,-6.55436829794885
"O-19",2018,59.1074807307684,59.6695622439586,-169.265680529344,4.4,4.07938158333012
"O-19",2019,152.912414861373,59.6695622439586,-169.265680529344,4.1,5.02987461729866
"O-19",2021,0,59.6695622439586,-169.265680529344,3.1,-6.55436829794885
"O-19",2022,0,59.6695622439586,-169.265680529344,2.4,-6.55436829794885
"O-19",2023,0,59.6695622439586,-169.265680529344,0.7,-6.55436829794885
"O-20",1988,663.423384776801,59.6673704950115,-169.921825533384,1.5,6.49741552204354
"O-20",1989,12298.8473970709,59.6673704950115,-169.921825533384,2.5,9.41726094518808
"O-20",1990,76.3060052326073,59.6673704950115,-169.921825533384,1.1,4.33477030071514
"O-20",1991,9410.68724267625,59.6673704950115,-169.921825533384,NA,9.14960141444549
"O-20",1993,12228.093681298,59.6673704950115,-169.921825533384,2.4,9.41149146063668
"O-20",1994,16290.9067533216,59.6673704950115,-169.921825533384,NA,9.69836245063777
"O-20",1995,8257.76706549879,59.6673704950115,-169.921825533384,-0.6,9.018909671345
"O-20",1996,86.6147383419839,59.6673704950115,-169.921825533384,1.8,4.46148642891758
"O-20",1997,0,59.6673704950115,-169.921825533384,0.5,-6.55436829794885
"O-20",1998,54.6700202749065,59.6673704950115,-169.921825533384,3,4.00134152845263
"O-20",1999,1054.31354622169,59.6673704950115,-169.921825533384,-1.3,6.96064651757509
"O-20",2000,454.906582072886,59.6673704950115,-169.921825533384,1.2,6.12009521379444
"O-20",2001,244.330102167252,59.6673704950115,-169.921825533384,-0.8,5.49852601639434
"O-20",2002,20.1974040435349,59.6673704950115,-169.921825533384,1.7,3.00562457923794
"O-20",2003,0,59.6673704950115,-169.921825533384,1.8,-6.55436829794885
"O-20",2004,0,59.6673704950115,-169.921825533384,1,-6.55436829794885
"O-20",2005,81.9483546775857,59.6673704950115,-169.921825533384,0.9,4.40610660304632
"O-20",2006,898.309116330493,59.6673704950115,-169.921825533384,-1.1,6.80051582167689
"O-20",2007,11225.3349669414,59.6673704950115,-169.921825533384,-1.4,9.32592868016351
"O-20",2008,11830.2858749143,59.6673704950115,-169.921825533384,-0.9,9.37841824229008
"O-20",2009,1149.06986739611,59.6673704950115,-169.921825533384,-0.8,7.04670932229312
"O-20",2010,6261.41327941882,59.6673704950115,-169.921825533384,-1.4,8.74216142950467
"O-20",2011,0,59.6673704950115,-169.921825533384,1,-6.55436829794885
"O-20",2012,537.115847982479,59.6673704950115,-169.921825533384,-1.4,6.28621645402708
"O-20",2013,2341.10114051376,59.6673704950115,-169.921825533384,-0.1,7.7583772787464
"O-20",2014,563.583238237186,59.6673704950115,-169.921825533384,0.2,6.33431756552937
"O-20",2015,20.1395841703608,59.6673704950115,-169.921825533384,0.9,3.00275793829271
"O-20",2016,62.7575329663696,59.6673704950115,-169.921825533384,3.7,4.13930130644597
"O-20",2017,22406.7898135502,59.6673704950115,-169.921825533384,0.5,10.0171193721358
"O-20",2018,30573.0803808436,59.6673704950115,-169.921825533384,3.6,10.3278752212112
"O-20",2019,7560.01817897703,59.6673704950115,-169.921825533384,3.4,8.93062906214099
"O-20",2021,495.210500385836,59.6673704950115,-169.921825533384,3.1,6.20498580078138
"O-20",2022,0,59.6673704950115,-169.921825533384,0.9,-6.55436829794885
"O-20",2023,0,59.6673704950115,-169.921825533384,-0.1,-6.55436829794885
"O-21",1988,21711.858434559,59.6679084938582,-170.582451326075,0.5,9.98561392748681
"O-21",1989,4597.9129243123,59.6679084938582,-170.582451326075,2.7,8.43335807709272
"O-21",1990,1867.96547011047,59.6679084938582,-170.582451326075,-0.9,7.53260589592966
"O-21",1991,8466.55384212291,59.6679084938582,-170.582451326075,-0.3,9.04387900669349
"O-21",1992,5681.46104161552,59.6679084938582,-170.582451326075,-1.2,8.64496395489385
"O-21",1993,19820.2466444952,59.6679084938582,-170.582451326075,1.1,9.89445932386909
"O-21",1994,17115.6022968064,59.6679084938582,-170.582451326075,-1.7,9.74774582470315
"O-21",1995,6595.03887642801,59.6679084938582,-170.582451326075,-1.5,8.79407317586968
"O-21",1996,1765.54111439902,59.6679084938582,-170.582451326075,0.1,7.47621330926174
"O-21",1997,21.3270412841636,59.6679084938582,-170.582451326075,-0.1,3.06004257331741
"O-21",1998,0,59.6679084938582,-170.582451326075,2.2,-6.55436829794885
"O-21",1999,58.0056332010143,59.6679084938582,-170.582451326075,-1.6,4.06056467699073
"O-21",2000,2279.03525197646,59.6679084938582,-170.582451326075,1.2,7.73150812207737
"O-21",2001,775.557640882566,59.6679084938582,-170.582451326075,0,6.65358414317809
"O-21",2002,19.9184080182406,59.6679084938582,-170.582451326075,2.1,2.99171581338052
"O-21",2003,38.8598133995264,59.6679084938582,-170.582451326075,1.9,3.65999728290662
"O-21",2004,21.1898449573982,59.6679084938582,-170.582451326075,0.1,3.05358924964988
"O-21",2005,19718.6824125186,59.6679084938582,-170.582451326075,0,9.88932188335321
"O-21",2006,1264.07540531325,59.6679084938582,-170.582451326075,-1.5,7.14209735545083
"O-21",2007,1878.99723308839,59.6679084938582,-170.582451326075,-1.5,7.5384942846556
"O-21",2008,546.774551564724,59.6679084938582,-170.582451326075,-1.5,6.30403916724735
"O-21",2009,57.89499848217,59.6679084938582,-170.582451326075,-1.3,4.05865559276007
"O-21",2010,3355.59614686205,59.6679084938582,-170.582451326075,-1.5,8.11838514703103
"O-21",2011,3670.04504273625,59.6679084938582,-170.582451326075,0.2,8.20795960217236
"O-21",2012,871.626319097672,59.6679084938582,-170.582451326075,-1.5,6.77036243250851
"O-21",2013,343.790787913842,59.6679084938582,-170.582451326075,-1.5,5.84003743939342
"O-21",2014,11697.4054716165,59.6679084938582,-170.582451326075,-0.5,9.36712246335828
"O-21",2015,3866.10018020264,59.6679084938582,-170.582451326075,-0.8,8.26000194087267
"O-21",2016,1856.54009509987,59.6679084938582,-170.582451326075,3.5,7.52647063748337
"O-21",2017,16491.5704449312,59.6679084938582,-170.582451326075,-0.2,9.71060473355854
"O-21",2018,60231.6122791921,59.6679084938582,-170.582451326075,2.8,11.0059526380261
"O-21",2019,3121.60381001631,59.6679084938582,-170.582451326075,2.7,8.04610264653914
"O-21",2021,218.913285178669,59.6679084938582,-170.582451326075,3.5,5.38868219761495
"O-21",2022,18.9111567153696,59.6679084938582,-170.582451326075,0,2.93982734070073
"O-21",2023,18.7758442592915,59.6679084938582,-170.582451326075,-0.6,2.93264699681673
"O-22",1988,43806.0842405689,59.667255157397,-171.248059140226,-0.3,10.6875280288237
"O-22",1989,9211.72620836228,59.667255157397,-171.248059140226,0.8,9.1282326938778
"O-22",1990,8448.16291902503,59.667255157397,-171.248059140226,-1.1,9.04170445922594
"O-22",1991,22364.2228060002,59.667255157397,-171.248059140226,-0.8,10.0152178284727
"O-22",1992,21479.7516971367,59.667255157397,-171.248059140226,-1.6,9.97486605512187
"O-22",1993,45459.6648015467,59.667255157397,-171.248059140226,NA,10.7245807552201
"O-22",1994,29485.7861264408,59.667255157397,-171.248059140226,NA,10.2916636482805
"O-22",1995,26803.0535173355,59.667255157397,-171.248059140226,-1.5,10.1962711503465
"O-22",1996,11614.9457857762,59.667255157397,-171.248059140226,0.1,9.36004810017982
"O-22",1997,283.492117787744,59.667255157397,-171.248059140226,-0.1,5.64718934220214
"O-22",1998,225.770018889159,59.667255157397,-171.248059140226,1.1,5.41952317237643
"O-22",1999,61.0949799068838,59.667255157397,-171.248059140226,-1.6,4.11245300665381
"O-22",2000,9236.01894595971,59.667255157397,-171.248059140226,0.1,9.13086637595504
"O-22",2001,16142.4991422325,59.667255157397,-171.248059140226,0.9,9.68921085957044
"O-22",2002,98.8480718605229,59.667255157397,-171.248059140226,1.9,4.59359844836512
"O-22",2003,225.442552195268,59.667255157397,-171.248059140226,2,5.41807168495953
"O-22",2004,27031.1585394798,59.667255157397,-171.248059140226,-0.2,10.2047455522736
"O-22",2005,8121.37096465399,59.667255157397,-171.248059140226,0,9.00225443224108
"O-22",2006,413.788832323749,59.667255157397,-171.248059140226,-1.5,6.02535921792401
"O-22",2007,1343.00206829559,59.667255157397,-171.248059140226,-1.4,7.20266379680105
"O-22",2008,804.171852414056,59.667255157397,-171.248059140226,-1.4,6.68981476373957
"O-22",2009,1815.5844041464,59.667255157397,-171.248059140226,-1.5,7.50416346488345
"O-22",2010,23740.4727826509,59.667255157397,-171.248059140226,-1.5,10.0749366429656
"O-22",2011,11441.2304932024,59.667255157397,-171.248059140226,-1.1,9.344978944196
"O-22",2012,1323.85180489191,59.667255157397,-171.248059140226,-1.5,7.18830187595182
"O-22",2013,849.387123150441,59.667255157397,-171.248059140226,-1.5,6.74451673419101
"O-22",2014,2226.55283256829,59.667255157397,-171.248059140226,-0.2,7.70821049295816
"O-22",2015,1201.98644850965,59.667255157397,-171.248059140226,-1.1,7.09173202551988
"O-22",2016,222.685230881639,59.667255157397,-171.248059140226,3.3,5.40576564774253
"O-22",2017,26990.6860898468,59.667255157397,-171.248059140226,-0.8,10.2032471785935
"O-22",2018,134435.272831771,59.667255157397,-171.248059140226,2.9,11.8088381298946
"O-22",2019,922.385834819834,59.667255157397,-171.248059140226,2.7,6.82696515565681
"O-22",2021,137.659221216174,59.667255157397,-171.248059140226,2.4,4.9247915631297
"O-22",2022,940.315574086773,59.667255157397,-171.248059140226,-0.2,6.84621705029589
"O-22",2023,11269.1540630972,59.667255157397,-171.248059140226,-1,9.3298246696191
"O-23",1988,7569.89854975852,59.6646854577295,-171.898885338164,-0.7,8.93193513282247
"O-23",1989,13389.895635493,59.6646854577295,-171.898885338164,1.5,9.50225575078226
"O-23",1990,4438.02461251003,59.6646854577295,-171.898885338164,-1.5,8.39796497017026
"O-23",1991,23783.2006413516,59.6646854577295,-171.898885338164,-1,10.0767348148902
"O-23",1992,10566.9238293946,59.6646854577295,-171.898885338164,-1.5,9.26548414281676
"O-23",1993,9689.25499684804,59.6646854577295,-171.898885338164,-0.1,9.17877296517364
"O-23",1994,34045.3274761772,59.6646854577295,-171.898885338164,NA,10.4354481186153
"O-23",1995,38282.5209782247,59.6646854577295,-171.898885338164,-1.5,10.552748736868
"O-23",1996,2469.28334482098,59.6646854577295,-171.898885338164,0.4,7.8116838203626
"O-23",1997,872.007737365438,59.6646854577295,-171.898885338164,-0.1,6.77079992987156
"O-23",1998,133.650040675474,59.6646854577295,-171.898885338164,1.1,4.89523540068071
"O-23",1999,486.785097206663,59.6646854577295,-171.898885338164,-1.6,6.18782567192295
"O-23",2000,284.713565627926,59.6646854577295,-171.898885338164,0.3,5.65148864309113
"O-23",2001,7834.07639849892,59.6646854577295,-171.898885338164,0.8,8.96623844810303
"O-23",2002,54.7568676441365,59.6646854577295,-171.898885338164,1.1,4.00292880063092
"O-23",2003,95.735430471311,59.6646854577295,-171.898885338164,1.8,4.56160332728675
"O-23",2004,15397.2303791205,59.6646854577295,-171.898885338164,-0.1,9.64194301919242
"O-23",2005,2511.58483627148,59.6646854577295,-171.898885338164,0.5,7.82866980866978
"O-23",2006,2725.83393957531,59.6646854577295,-171.898885338164,-1.4,7.91053021551604
"O-23",2007,4410.41234346196,59.6646854577295,-171.898885338164,-0.7,8.39172378883418
"O-23",2008,6649.77055322191,59.6646854577295,-171.898885338164,-1.2,8.80233784390471
"O-23",2009,9979.06621060552,59.6646854577295,-171.898885338164,-1.3,9.20824494154323
"O-23",2010,39617.5749203272,59.6646854577295,-171.898885338164,-1.4,10.5870281458476
"O-23",2011,7032.38637636998,59.6646854577295,-171.898885338164,-0.2,8.8582815857756
"O-23",2012,2992.33785657064,59.6646854577295,-171.898885338164,-1.3,8.00381072853877
"O-23",2013,860.515517345612,59.6646854577295,-171.898885338164,-1.4,6.75753330311342
"O-23",2014,804.238180270761,59.6646854577295,-171.898885338164,0,6.68989723989672
"O-23",2015,581.150456212083,59.6646854577295,-171.898885338164,-1.3,6.36501213421162
"O-23",2016,1512.32512534787,59.6646854577295,-171.898885338164,2.6,7.32140450513385
"O-23",2017,36604.5254809248,59.6646854577295,-171.898885338164,-0.3,10.5079271976647
"O-23",2018,20899.3869435098,59.6646854577295,-171.898885338164,3.2,9.94747517280659
"O-23",2019,16155.8144548899,59.6646854577295,-171.898885338164,2.6,9.69003538015711
"O-23",2021,1343.95274409052,59.6646854577295,-171.898885338164,2,7.20337141929075
"O-23",2022,5649.33299656898,59.6646854577295,-171.898885338164,-0.7,8.63929301551124
"O-23",2023,608.071365945484,59.6646854577295,-171.898885338164,-1,6.41029459491137
"O-24",1988,1305.87148475099,59.6662169945877,-172.572409581344,-0.8,7.17462699165015
"O-24",1989,15747.6324656397,59.6662169945877,-172.572409581344,1.7,9.66444540373152
"O-24",1990,6694.66702292515,59.6662169945877,-172.572409581344,-1,8.80906673439073
"O-24",1991,66439.4750875358,59.6662169945877,-172.572409581344,-0.8,11.1040466845785
"O-24",1992,17717.6528748307,59.6662169945877,-172.572409581344,-1.4,9.78231683947746
"O-24",1993,27766.9478867566,59.6662169945877,-172.572409581344,0.2,10.2316017186897
"O-24",1994,8951.10580113652,59.6662169945877,-172.572409581344,-1.3,9.09953251590974
"O-24",1995,5159.04059507852,59.6662169945877,-172.572409581344,NA,8.54850618599934
"O-24",1996,703.455750299163,59.6662169945877,-172.572409581344,0.7,6.55600699933716
"O-24",1997,87.0429810198524,59.6662169945877,-172.572409581344,0.6,4.46641838961553
"O-24",1998,0,59.6662169945877,-172.572409581344,1.5,-6.55436829794885
"O-24",1999,60.6854415574607,59.6662169945877,-172.572409581344,-0.9,4.10572728979936
"O-24",2000,493.354563623245,59.6662169945877,-172.572409581344,0.6,6.20123099765458
"O-24",2001,10850.8850113837,59.6662169945877,-172.572409581344,1.3,9.29200205473425
"O-24",2002,82.580821484264,59.6662169945877,-172.572409581344,NA,4.41379471028346
"O-24",2003,111.554010801133,59.6662169945877,-172.572409581344,2.4,4.7145216393976
"O-24",2004,5263.32887330906,59.6662169945877,-172.572409581344,0.6,8.56851924173362
"O-24",2005,89517.24582302,59.6662169945877,-172.572409581344,1.5,11.4021865923667
"O-24",2006,9240.27878811998,59.6662169945877,-172.572409581344,-1.1,9.13132749015015
"O-24",2007,305.38883430582,59.6662169945877,-172.572409581344,-0.2,5.72159049374227
"O-24",2008,60.4976997694046,59.6662169945877,-172.572409581344,-1.2,4.102628879832
"O-24",2009,76.8594987776073,59.6662169945877,-172.572409581344,-1.1,4.34199758948384
"O-24",2010,10549.6628845392,59.6662169945877,-172.572409581344,-1.1,9.26384931929099
"O-24",2011,45.587664650434,59.6662169945877,-172.572409581344,0.8,3.81966840131846
"O-24",2012,44.0205567324546,59.6662169945877,-172.572409581344,-1.2,3.7846890686006
"O-24",2013,107.616687544605,59.6662169945877,-172.572409581344,-1.3,4.67858895537224
"O-24",2014,25414.3947765073,59.6662169945877,-172.572409581344,0.4,10.1430710719907
"O-24",2015,11368.6054603249,59.6662169945877,-172.572409581344,-1.3,9.33861105366224
"O-24",2016,0,59.6662169945877,-172.572409581344,1.3,-6.55436829794885
"O-24",2017,35673.5788759834,59.6662169945877,-172.572409581344,0.6,10.4821656461745
"O-24",2018,51031.6617345963,59.6662169945877,-172.572409581344,3.3,10.8402015653058
"O-24",2019,18856.2212863155,59.6662169945877,-172.572409581344,2.8,9.84459825565131
"O-24",2021,19.9419905089867,59.6662169945877,-172.572409581344,2.3,2.99289898312665
"O-24",2022,19.5175628064458,59.6662169945877,-172.572409581344,-0.5,2.9713876681876
"O-24",2023,4328.80157890918,59.6662169945877,-172.572409581344,-0.1,8.3730463400058
"O-25",1988,829.802782997074,59.6688177186387,-173.235584305501,0,6.72118977763661
"O-25",1989,42.5311610498531,59.6688177186387,-173.235584305501,2.5,3.75027048644292
"O-25",1990,0,59.6688177186387,-173.235584305501,0.9,-6.55436829794885
"O-25",1991,0,59.6688177186387,-173.235584305501,0.6,-6.55436829794885
"O-25",1992,0,59.6688177186387,-173.235584305501,-1.1,-6.55436829794885
"O-25",1993,86.5414887753359,59.6688177186387,-173.235584305501,1.6,4.46064039100628
"O-25",1994,259.366204361031,59.6688177186387,-173.235584305501,NA,5.55824646934958
"O-25",1995,317.48161928756,59.6688177186387,-173.235584305501,-0.5,5.76042440956672
"O-25",1996,655.591100463684,59.6688177186387,-173.235584305501,2.2,6.48553944403733
"O-25",1997,0,59.6688177186387,-173.235584305501,1.1,-6.55436829794885
"O-25",1998,0,59.6688177186387,-173.235584305501,1.8,-6.55436829794885
"O-25",1999,17.7956751512258,59.6688177186387,-173.235584305501,0.1,2.87903546835752
"O-25",2000,230.34969290024,59.6688177186387,-173.235584305501,1.4,5.43960473956766
"O-25",2001,20.3778186812815,59.6688177186387,-173.235584305501,1.6,3.01451686141862
"O-25",2002,19.8342093069213,59.6688177186387,-173.235584305501,1.7,2.98747997626864
"O-25",2003,0,59.6688177186387,-173.235584305501,2.9,-6.55436829794885
"O-25",2004,1184.29782400947,59.6688177186387,-173.235584305501,1.7,7.0769065266614
"O-25",2005,1944.58810922653,59.6688177186387,-173.235584305501,1.6,7.57280619681895
"O-25",2006,77.2006538838634,59.6688177186387,-173.235584305501,0.1,4.34642637073482
"O-25",2007,19.7604726200862,59.6688177186387,-173.235584305501,0.4,2.9837556645431
"O-25",2008,19.3977992220785,59.6688177186387,-173.235584305501,-0.7,2.96523301908858
"O-25",2009,39.7204416938301,59.6688177186387,-173.235584305501,0.3,3.68190180624828
"O-25",2010,6615.57133021321,59.6688177186387,-173.235584305501,-0.2,8.79718165694225
"O-25",2011,10840.6985620619,59.6688177186387,-173.235584305501,0.9,9.29106284725788
"O-25",2012,285.350069252526,59.6688177186387,-173.235584305501,-0.7,5.65372172961167
"O-25",2013,954.821189373594,59.6688177186387,-173.235584305501,-0.2,6.86152557794589
"O-25",2014,59.8564813741426,59.6688177186387,-173.235584305501,1.2,4.09197350776271
"O-25",2015,41.1601249585511,59.6688177186387,-173.235584305501,-0.7,3.71750454001013
"O-25",2016,41.3190839750052,59.6688177186387,-173.235584305501,1.3,3.72135893500498
"O-25",2017,56.8373143375117,59.6688177186387,-173.235584305501,1,4.04021810417117
"O-25",2018,838.97083122087,59.6688177186387,-173.235584305501,3.3,6.73217763691317
"O-25",2019,21272.905310039,59.6688177186387,-173.235584305501,2.9,9.96518955771585
"O-25",2021,9789.70672159648,59.6688177186387,-173.235584305501,2.2,9.18908692358667
"O-25",2022,0,59.6688177186387,-173.235584305501,0.4,-6.55436829794885
"O-25",2023,173.511303352296,59.6688177186387,-173.235584305501,1.3,5.15625095251408
"O-26",1988,4827.22841887697,59.6693153206841,-173.868826231962,1.4,8.48202805059463
"O-26",1989,0,59.6693153206841,-173.868826231962,2.9,-6.55436829794885
"O-26",1990,124.82542122119,59.6693153206841,-173.868826231962,0.7,4.82692753779749
"O-26",1991,0,59.6693153206841,-173.868826231962,0.7,-6.55436829794885
"O-26",1992,57.3875487893369,59.6693153206841,-173.868826231962,-0.1,4.04985217113045
"O-26",1993,244.362886412418,59.6693153206841,-173.868826231962,1.8,5.49866018674234
"O-26",1994,42223.6061613614,59.6693153206841,-173.868826231962,0,10.6507347650575
"O-26",1995,1455.86873915785,59.6693153206841,-173.868826231962,NA,7.28335905104409
"O-26",1996,875.039229779398,59.6693153206841,-173.868826231962,2.7,6.77427034660569
"O-26",1997,305.641278318332,59.6693153206841,-173.868826231962,2,5.72241677986181
"O-26",1998,51.888339787095,59.6693153206841,-173.868826231962,NA,3.94912153891075
"O-26",1999,21.8500795863391,59.6693153206841,-173.868826231962,0.9,3.08426972779642
"O-26",2000,147.469940264937,59.6693153206841,-173.868826231962,1.9,4.99363401555565
"O-26",2001,100.791446254814,59.6693153206841,-173.868826231962,2.4,4.6130676203664
"O-26",2002,88.1049663052074,59.6693153206841,-173.868826231962,2,4.47854506365178
"O-26",2003,150.032872514607,59.6693153206841,-173.868826231962,3.1,5.01086391060591
"O-26",2004,222.693932377513,59.6693153206841,-173.868826231962,2.2,5.40580472204576
"O-26",2005,44.766997666136,59.6693153206841,-173.868826231962,2.7,3.80150301472243
"O-26",2006,0,59.6693153206841,-173.868826231962,0.7,-6.55436829794885
"O-26",2007,78.4953021371013,59.6693153206841,-173.868826231962,0.9,4.36305691715624
"O-26",2008,298.511885605948,59.6693153206841,-173.868826231962,0.1,5.69881451973814
"O-26",2009,56.7267438964283,59.6693153206841,-173.868826231962,0.9,4.03827087359287
"O-26",2010,363.812584566918,59.6693153206841,-173.868826231962,1.8,5.8966427712497
"O-26",2011,109.571190668459,59.6693153206841,-173.868826231962,2.1,4.69658747605203
"O-26",2012,0,59.6693153206841,-173.868826231962,0.3,-6.55436829794885
"O-26",2013,60.4513135563277,59.6693153206841,-173.868826231962,0.7,4.10186186037594
"O-26",2014,162.167488641866,59.6693153206841,-173.868826231962,2.2,5.0886384619304
"O-26",2015,79.0841406696724,59.6693153206841,-173.868826231962,1.2,4.37053036193362
"O-26",2016,363.644114544898,59.6693153206841,-173.868826231962,2.3,5.89617959765948
"O-26",2017,399.109573544477,59.6693153206841,-173.868826231962,2,5.98923956724139
"O-26",2018,19.208100585106,59.6693153206841,-173.868826231962,3.2,2.9554062220315
"O-26",2019,0,59.6693153206841,-173.868826231962,2.9,-6.55436829794885
"O-26",2021,103.334916095489,59.6693153206841,-173.868826231962,2.1,4.63798910494464
"O-26",2022,0,59.6693153206841,-173.868826231962,0.6,-6.55436829794885
"O-26",2023,40.9288071788372,59.6693153206841,-173.868826231962,0.9,3.71186893575809
"O-27",1988,7860.24569394511,59.6633873359988,-174.451121689619,2,8.96957332485615
"O-27",1989,3680.9888326788,59.6633873359988,-174.451121689619,2.9,8.21093708642112
"O-27",1990,6346.64547691516,59.6633873359988,-174.451121689619,1.5,8.75568190530221
"O-27",1991,560.500618860383,59.6633873359988,-174.451121689619,1.2,6.3288328870059
"O-27",1992,4284.19705400842,59.6633873359988,-174.451121689619,0.7,8.36268876053423
"O-27",1993,9114.56819079773,59.6633873359988,-174.451121689619,2.7,9.11762946873851
"O-27",1994,1211.00136940029,59.6633873359988,-174.451121689619,NA,7.09920405014196
"O-27",1995,15690.854066373,59.6633873359988,-174.451121689619,0.9,9.66083336879485
"O-27",1996,22857.7672303697,59.6633873359988,-174.451121689619,4,10.0370463234094
"O-27",1997,66715.5401890821,59.6633873359988,-174.451121689619,2.3,11.1081932124523
"O-27",1998,18063.3322967345,59.6633873359988,-174.451121689619,1.7,9.80163940133235
"O-27",1999,18678.6036225406,59.6633873359988,-174.451121689619,0.7,9.83513403267871
"O-27",2000,815.772312368935,59.6633873359988,-174.451121689619,1.9,6.70413703250765
"O-27",2001,3212.2388934899,59.6633873359988,-174.451121689619,2.6,8.07472389087683
"O-27",2002,15991.8413279102,59.6633873359988,-174.451121689619,2.5,9.67983404320244
"O-27",2003,1196.91352546539,59.6633873359988,-174.451121689619,3.9,7.08750264985683
"O-27",2004,11027.6479012733,59.6633873359988,-174.451121689619,3,9.30816097304864
"O-27",2005,72313.105471066,59.6633873359988,-174.451121689619,2.9,11.1887606765708
"O-27",2006,12960.5067942398,59.6633873359988,-174.451121689619,1.8,9.46966218349866
"O-27",2007,2384.62861798141,59.6633873359988,-174.451121689619,1.4,7.77679927257476
"O-27",2008,22124.5793605278,59.6633873359988,-174.451121689619,1.1,10.0044445220993
"O-27",2009,2694.03530768435,59.6633873359988,-174.451121689619,1.3,7.89879599146028
"O-27",2010,343.130044000081,59.6633873359988,-174.451121689619,2.1,5.83811366201585
"O-27",2011,11200.9914536598,59.6633873359988,-174.451121689619,2.4,9.32375770313454
"O-27",2012,36711.4018586107,59.6633873359988,-174.451121689619,0.6,10.5108427019246
"O-27",2013,115847.874961303,59.6633873359988,-174.451121689619,1.1,11.6600331989647
"O-27",2014,58495.3586900042,59.6633873359988,-174.451121689619,2.3,10.9767027157819
"O-27",2015,67352.8806964494,59.6633873359988,-174.451121689619,1.8,11.1177009740978
"O-27",2016,9741.57717598705,59.6633873359988,-174.451121689619,2.6,9.18415845741256
"O-27",2017,373.388596849162,59.6633873359988,-174.451121689619,2.6,5.92262350533864
"O-27",2018,175949.056732475,59.6633873359988,-174.451121689619,3.2,12.0779497898304
"O-27",2019,21992.6951979739,59.6633873359988,-174.451121689619,3.3,9.99846570549182
"O-27",2021,3936.44189217274,59.6633873359988,-174.451121689619,2.5,8.27803288294122
"O-27",2022,18.8525748993332,59.6633873359988,-174.451121689619,1.6,2.93672502833968
"O-27",2023,0,59.6633873359988,-174.451121689619,1.4,-6.55436829794885
"O-28",1988,24036.4955601858,59.6645550229583,-175.10983069039,1.8,10.0873286618946
"O-28",1989,23726.4070559733,59.6645550229583,-175.10983069039,2.7,10.0743439886224
"O-28",1990,63876.8219964079,59.6645550229583,-175.10983069039,2.2,11.0647118737959
"O-28",1991,88737.5585735568,59.6645550229583,-175.10983069039,1.6,11.3934385284701
"O-28",1992,25708.0070497202,59.6645550229583,-175.10983069039,1.8,10.1545578361007
"O-28",1993,10445.003804729,59.6645550229583,-175.10983069039,2.5,9.25387917457562
"O-28",1994,6028.99978780303,59.6645550229583,-175.10983069039,1.4,8.70433663946551
"O-28",1995,101936.693570251,59.6645550229583,-175.10983069039,1.7,11.5321072622789
"O-28",1996,49404.5294022153,59.6645550229583,-175.10983069039,4,10.8077974160977
"O-28",1997,60192.3563441568,59.6645550229583,-175.10983069039,2.6,11.0053006758636
"O-28",1998,95977.2265397067,59.6645550229583,-175.10983069039,1.8,11.4718662335989
"O-28",1999,40356.1600966824,59.6645550229583,-175.10983069039,1.3,10.6054993639131
"O-28",2000,59470.1579437068,59.6645550229583,-175.10983069039,1.6,10.9932299424951
"O-28",2001,2790.73173363398,59.6645550229583,-175.10983069039,2.8,7.93405962076637
"O-28",2002,11412.532884149,59.6645550229583,-175.10983069039,2.5,9.34246753107887
"O-28",2003,6028.67084029761,59.6645550229583,-175.10983069039,3.9,8.70428207711463
"O-28",2004,9055.8937592991,59.6645550229583,-175.10983069039,2.9,9.11117122608061
"O-28",2005,2358.55884303519,59.6645550229583,-175.10983069039,3.3,7.76580665546854
"O-28",2006,13840.9633628307,59.6645550229583,-175.10983069039,1.9,9.53538793676463
"O-28",2007,1382.97472258142,59.6645550229583,-175.10983069039,1.7,7.23199308383957
"O-28",2008,10608.7204462101,59.6645550229583,-175.10983069039,1.3,9.26943175970428
"O-28",2009,2329.72776891633,59.6645550229583,-175.10983069039,1.7,7.75350731353816
"O-28",2010,12228.9034995446,59.6645550229583,-175.10983069039,1.7,9.4115576844782
"O-28",2011,117596.178567968,59.6645550229583,-175.10983069039,2.5,11.6750118308566
"O-28",2012,67809.1778760853,59.6645550229583,-175.10983069039,1,11.1244528526695
"O-28",2013,33855.6115744527,59.6645550229583,-175.10983069039,1.6,10.4298600843379
"O-28",2014,88090.8912555565,59.6645550229583,-175.10983069039,2.3,11.386124431773
"O-28",2015,56893.2240061122,59.6645550229583,-175.10983069039,2.5,10.9489315520418
"O-28",2016,36975.2537032759,59.6645550229583,-175.10983069039,2.5,10.5180041875459
"O-28",2017,22621.5122618285,59.6645550229583,-175.10983069039,2.6,10.0266566654555
"O-28",2018,24689.4822251497,59.6645550229583,-175.10983069039,3.2,10.1141326687561
"O-28",2019,11147.8673790526,59.6645550229583,-175.10983069039,3.4,9.31900361986867
"O-28",2021,806.123068652666,59.6645550229583,-175.10983069039,2.8,6.69223818781844
"O-28",2022,1679.81674111914,59.6645550229583,-175.10983069039,2.8,7.42644083142113
"O-28",2023,97.4838059930592,59.6645550229583,-175.10983069039,1.7,4.57970087806787
"O-29",1988,45.5719461630224,59.6700299755202,-175.865847796818,2,3.81932355569203
"O-29",1989,39192.2932456796,59.6700299755202,-175.865847796818,2.5,10.5762354419052
"O-29",1990,88429.5744743307,59.6700299755202,-175.865847796818,1.7,11.3899617616543
"O-29",1991,196.363972774001,59.6700299755202,-175.865847796818,1.6,5.27997719229178
"O-29",1992,2018.36209400123,59.6700299755202,-175.865847796818,2.4,7.61004232239303
"O-29",1993,34.9332205050904,59.6700299755202,-175.865847796818,2.1,3.55347901268089
"O-29",1994,0,59.6700299755202,-175.865847796818,2.2,-6.55436829794885
"O-29",1995,4452.78195370254,59.6700299755202,-175.865847796818,1.6,8.40128465773928
"O-29",1996,28730.7227200325,59.6700299755202,-175.865847796818,2.4,10.2657223568041
"O-29",1997,4732.17656842548,59.6700299755202,-175.865847796818,NA,8.46214083899516
"O-29",1998,20.7937714583436,59.6700299755202,-175.865847796818,NA,3.03472196677402
"O-29",1999,1608.54632268676,59.6700299755202,-175.865847796818,1.9,7.38308703014826
"O-29",2000,39.5472542605238,59.6700299755202,-175.865847796818,1.7,3.67753227121709
"O-29",2001,0,59.6700299755202,-175.865847796818,2.2,-6.55436829794885
"O-29",2002,0,59.6700299755202,-175.865847796818,2.1,-6.55436829794885
"O-29",2003,62.8010994054223,59.6700299755202,-175.865847796818,3.2,4.13999525240382
"O-29",2004,168.724670632527,59.6700299755202,-175.865847796818,2.3,5.12827665758178
"O-29",2005,0,59.6700299755202,-175.865847796818,2.7,-6.55436829794885
"O-29",2006,0,59.6700299755202,-175.865847796818,2.1,-6.55436829794885
"O-29",2007,0,59.6700299755202,-175.865847796818,2,-6.55436829794885
"O-29",2008,156.599266851845,59.6700299755202,-175.865847796818,1.4,5.05369919436369
"O-29",2009,0,59.6700299755202,-175.865847796818,1.5,-6.55436829794885
"O-29",2010,358.353037985091,59.6700299755202,-175.865847796818,2.2,5.88152261350555
"O-29",2011,8416.44980500765,59.6700299755202,-175.865847796818,2.3,9.03794354914024
"O-29",2012,7429.39509754942,59.6700299755202,-175.865847796818,1.7,8.91319991253311
"O-29",2013,143.962997971121,59.6700299755202,-175.865847796818,1.7,4.96956619858499
"O-29",2014,20.1900455445781,59.6700299755202,-175.865847796818,2,3.00526020959867
"O-29",2015,0,59.6700299755202,-175.865847796818,2.5,-6.55436829794885
"O-29",2016,0,59.6700299755202,-175.865847796818,1.6,-6.55436829794885
"O-29",2017,0,59.6700299755202,-175.865847796818,3.1,-6.55436829794885
"O-29",2018,184.276389354615,59.6700299755202,-175.865847796818,2.7,5.21644447347174
"O-29",2019,88.7917666293295,59.6700299755202,-175.865847796818,3.2,4.48630996362741
"O-29",2021,19.9551620968173,59.6700299755202,-175.865847796818,2.3,2.99355921311096
"O-29",2022,19.3735771303317,59.6700299755202,-175.865847796818,1.9,2.96398362749148
"O-29",2023,0,59.6700299755202,-175.865847796818,2,-6.55436829794885
"O-30",1988,251.854291389726,59.6697424811594,-176.54101257971,2.1,5.52885636509192
"O-30",1989,40.8345537849701,59.6697424811594,-176.54101257971,1.8,3.70956349841227
"O-30",1990,7359.67389438179,59.6697424811594,-176.54101257971,1.4,8.90377109638353
"O-30",1991,38.7733357955545,59.6697424811594,-176.54101257971,1.1,3.65776951117381
"O-30",1992,375.809438901916,59.6697424811594,-176.54101257971,2,5.9290859923199
"O-30",1993,605.386793736846,59.6697424811594,-176.54101257971,1.6,6.40586993425567
"O-30",1994,331.976435953722,59.6697424811594,-176.54101257971,1.7,5.80506827945115
"O-30",1995,34.2984834681282,59.6697424811594,-176.54101257971,1.7,3.53514265300732
"O-30",1996,1934.32510262223,59.6697424811594,-176.54101257971,2.3,7.56751449656281
"O-30",1997,920.060130309213,59.6697424811594,-176.54101257971,NA,6.82444057453457
"O-30",1998,364.038155827209,59.6697424811594,-176.54101257971,NA,5.89726259719047
"O-30",1999,506.647911585591,59.6697424811594,-176.54101257971,-0.3,6.2278191182733
"O-30",2000,0,59.6697424811594,-176.54101257971,0.6,-6.55436829794885
"O-30",2001,80.5943313105273,59.6697424811594,-176.54101257971,1,4.38944598302125
"O-30",2002,249.030302616006,59.6697424811594,-176.54101257971,NA,5.51758030400287
"O-30",2003,0,59.6697424811594,-176.54101257971,2.9,-6.55436829794885
"O-30",2004,17.4931839171625,59.6697424811594,-176.54101257971,2.3,2.86189270768981
"O-30",2005,0,59.6697424811594,-176.54101257971,2.5,-6.55436829794885
"O-30",2006,18.2909287878884,59.6697424811594,-176.54101257971,1.7,2.90648308561982
"O-30",2007,19.6308810681801,59.6697424811594,-176.54101257971,1.9,2.97717642117271
"O-30",2008,19.2656268487535,59.6697424811594,-176.54101257971,1.2,2.9583964209364
"O-30",2009,0,59.6697424811594,-176.54101257971,1,-6.55436829794885
"O-30",2010,36.9954459153517,59.6697424811594,-176.54101257971,2.7,3.61083330899527
"O-30",2011,327.143311409067,59.6697424811594,-176.54101257971,2.5,5.79040268854105
"O-30",2012,403.939742858462,59.6697424811594,-176.54101257971,1,6.00126924047661
"O-30",2013,475.984317685061,59.6697424811594,-176.54101257971,1.6,6.16538789909183
"O-30",2014,0,59.6697424811594,-176.54101257971,2.2,-6.55436829794885
"O-30",2015,0,59.6697424811594,-176.54101257971,2.7,-6.55436829794885
"O-30",2016,0,59.6697424811594,-176.54101257971,1.8,-6.55436829794885
"O-30",2017,20.5384844402237,59.6697424811594,-176.54101257971,2.7,3.02236974111537
"O-30",2018,24.8629843511653,59.6697424811594,-176.54101257971,2.6,3.21343739269659
"O-30",2019,39.0460576934645,59.6697424811594,-176.54101257971,2.4,3.66477838190167
"O-30",2021,41.7010594991007,59.6697424811594,-176.54101257971,1.6,3.73056068053638
"O-30",2022,58.183267119089,59.6697424811594,-176.54101257971,2.3,4.06362227891848
"O-30",2023,0,59.6697424811594,-176.54101257971,1.8,-6.55436829794885
"O-31",1988,0,59.6680328672316,-177.143738644068,2.6,-6.55436829794885
"O-31",1989,0,59.6680328672316,-177.143738644068,2.7,-6.55436829794885
"O-31",1990,0,59.6680328672316,-177.143738644068,2.4,-6.55436829794885
"O-31",1991,0,59.6680328672316,-177.143738644068,2.1,-6.55436829794885
"O-31",1992,19.0457112695696,59.6680328672316,-177.143738644068,2.1,2.946916704522
"O-31",1993,0,59.6680328672316,-177.143738644068,2.9,-6.55436829794885
"O-31",1994,20.149607535194,59.6680328672316,-177.143738644068,2.4,3.00325547404279
"O-31",1995,121.1358098017,59.6680328672316,-177.143738644068,2.2,4.79692406559577
"O-31",1996,0,59.6680328672316,-177.143738644068,4,-6.55436829794885
"O-31",1997,537.902250815113,59.6680328672316,-177.143738644068,3,6.2876795008178
"O-31",1998,104.398443800646,59.6680328672316,-177.143738644068,2.7,4.64822840804063
"O-31",1999,16.7962286738761,59.6680328672316,-177.143738644068,1.4,2.82123914783244
"O-31",2000,0,59.6680328672316,-177.143738644068,1.3,-6.55436829794885
"O-31",2001,42.1938428806225,59.6680328672316,-177.143738644068,1.2,3.74230805272941
"O-31",2002,0,59.6680328672316,-177.143738644068,NA,-6.55436829794885
"O-31",2003,0,59.6680328672316,-177.143738644068,3.4,-6.55436829794885
"O-31",2004,0,59.6680328672316,-177.143738644068,3.4,-6.55436829794885
"O-31",2005,0,59.6680328672316,-177.143738644068,3,-6.55436829794885
"O-31",2006,0,59.6680328672316,-177.143738644068,2.6,-6.55436829794885
"O-31",2007,0,59.6680328672316,-177.143738644068,2.3,-6.55436829794885
"O-31",2008,0,59.6680328672316,-177.143738644068,2.2,-6.55436829794885
"O-31",2009,0,59.6680328672316,-177.143738644068,1.7,-6.55436829794885
"O-31",2010,0,59.6680328672316,-177.143738644068,2.4,-6.55436829794885
"O-31",2011,19.4950101280623,59.6680328672316,-177.143738644068,3,2.97023157757053
"O-31",2012,71.9965531572509,59.6680328672316,-177.143738644068,2.1,4.27663802194499
"O-31",2013,14901.5798578818,59.6680328672316,-177.143738644068,1.8,9.60922261259543
"O-31",2014,20580.0085826193,59.6680328672316,-177.143738644068,2.8,9.93207549561248
"O-31",2015,0,59.6680328672316,-177.143738644068,3.1,-6.55436829794885
"O-31",2016,20.5502741493051,59.6680328672316,-177.143738644068,2.1,3.02294356679176
"O-31",2017,0,59.6680328672316,-177.143738644068,3.1,-6.55436829794885
"O-31",2018,0,59.6680328672316,-177.143738644068,3.7,-6.55436829794885
"O-31",2019,0,59.6680328672316,-177.143738644068,3.3,-6.55436829794885
"O-31",2021,0,59.6680328672316,-177.143738644068,1.8,-6.55436829794885
"O-31",2022,18.3438657237262,59.6680328672316,-177.143738644068,3,2.90937284431542
"O-31",2023,19.8096388011014,59.6680328672316,-177.143738644068,3.2,2.98624050304521
"P-01",1988,0,60.0032729411765,-167.989878823529,5.3,-6.55436829794885
"P-01",1989,0,60.0032729411765,-167.989878823529,5.1,-6.55436829794885
"P-01",1990,0,60.0032729411765,-167.989878823529,NA,-6.55436829794885
"P-01",1991,0,60.0032729411765,-167.989878823529,6.7,-6.55436829794885
"P-01",1993,0,60.0032729411765,-167.989878823529,5.1,-6.55436829794885
"P-01",1994,0,60.0032729411765,-167.989878823529,3.7,-6.55436829794885
"P-01",1995,0,60.0032729411765,-167.989878823529,NA,-6.55436829794885
"P-01",1996,0,60.0032729411765,-167.989878823529,6.2,-6.55436829794885
"P-01",1997,0,60.0032729411765,-167.989878823529,5.6,-6.55436829794885
"P-01",1998,0,60.0032729411765,-167.989878823529,4.8,-6.55436829794885
"P-01",1999,0,60.0032729411765,-167.989878823529,0.1,-6.55436829794885
"P-01",2000,0,60.0032729411765,-167.989878823529,3.6,-6.55436829794885
"P-01",2001,0,60.0032729411765,-167.989878823529,2.2,-6.55436829794885
"P-01",2002,0,60.0032729411765,-167.989878823529,6.1,-6.55436829794885
"P-01",2003,0,60.0032729411765,-167.989878823529,5,-6.55436829794885
"P-01",2004,0,60.0032729411765,-167.989878823529,5.5,-6.55436829794885
"P-01",2005,0,60.0032729411765,-167.989878823529,4.3,-6.55436829794885
"P-01",2006,0,60.0032729411765,-167.989878823529,2.2,-6.55436829794885
"P-01",2007,0,60.0032729411765,-167.989878823529,3.4,-6.55436829794885
"P-01",2008,0,60.0032729411765,-167.989878823529,2.5,-6.55436829794885
"P-01",2009,0,60.0032729411765,-167.989878823529,3.8,-6.55436829794885
"P-01",2010,0,60.0032729411765,-167.989878823529,0.6,-6.55436829794885
"P-01",2011,0,60.0032729411765,-167.989878823529,5,-6.55436829794885
"P-01",2012,0,60.0032729411765,-167.989878823529,3.3,-6.55436829794885
"P-01",2013,0,60.0032729411765,-167.989878823529,2.8,-6.55436829794885
"P-01",2014,0,60.0032729411765,-167.989878823529,5.9,-6.55436829794885
"P-01",2015,0,60.0032729411765,-167.989878823529,5.5,-6.55436829794885
"P-01",2016,0,60.0032729411765,-167.989878823529,5.6,-6.55436829794885
"P-01",2017,0,60.0032729411765,-167.989878823529,4.7,-6.55436829794885
"P-01",2018,0,60.0032729411765,-167.989878823529,7,-6.55436829794885
"P-01",2019,21.5798211478668,60.0032729411765,-167.989878823529,7.2,3.07182465185989
"P-01",2021,0,60.0032729411765,-167.989878823529,5.1,-6.55436829794885
"P-01",2022,0,60.0032729411765,-167.989878823529,5.1,-6.55436829794885
"P-01",2023,0,60.0032729411765,-167.989878823529,3.9,-6.55436829794885
"P-18",1988,52.5158083472655,60.0049899541284,-168.644187278287,3.2,3.96114134868032
"P-18",1989,0,60.0049899541284,-168.644187278287,4.2,-6.55436829794885
"P-18",1990,0,60.0049899541284,-168.644187278287,4.8,-6.55436829794885
"P-18",1991,0,60.0049899541284,-168.644187278287,3.5,-6.55436829794885
"P-18",1993,1362.78079045659,60.0049899541284,-168.644187278287,4.9,7.21728363487881
"P-18",1994,59238.7437144777,60.0049899541284,-168.644187278287,-0.5,10.9893310854828
"P-18",1995,216.998821155933,60.0049899541284,-168.644187278287,3.7,5.37989848274713
"P-18",1996,0,60.0049899541284,-168.644187278287,3.6,-6.55436829794885
"P-18",1997,0,60.0049899541284,-168.644187278287,2.4,-6.55436829794885
"P-18",1998,0,60.0049899541284,-168.644187278287,4.1,-6.55436829794885
"P-18",1999,162.554336716019,60.0049899541284,-168.644187278287,-0.1,5.09102108505197
"P-18",2000,323.834574105038,60.0049899541284,-168.644187278287,2.3,5.78023720858827
"P-18",2001,25.6055425907083,60.0049899541284,-168.644187278287,-0.2,3.24286444230766
"P-18",2002,0,60.0049899541284,-168.644187278287,4.3,-6.55436829794885
"P-18",2003,0,60.0049899541284,-168.644187278287,3.6,-6.55436829794885
"P-18",2004,0,60.0049899541284,-168.644187278287,5.3,-6.55436829794885
"P-18",2005,0,60.0049899541284,-168.644187278287,3,-6.55436829794885
"P-18",2006,0,60.0049899541284,-168.644187278287,0.4,-6.55436829794885
"P-18",2007,0,60.0049899541284,-168.644187278287,1.7,-6.55436829794885
"P-18",2008,0,60.0049899541284,-168.644187278287,1.7,-6.55436829794885
"P-18",2009,0,60.0049899541284,-168.644187278287,2.6,-6.55436829794885
"P-18",2010,0,60.0049899541284,-168.644187278287,-0.3,-6.55436829794885
"P-18",2011,0,60.0049899541284,-168.644187278287,3.6,-6.55436829794885
"P-18",2012,0,60.0049899541284,-168.644187278287,-0.6,-6.55436829794885
"P-18",2013,0,60.0049899541284,-168.644187278287,3.6,-6.55436829794885
"P-18",2014,0,60.0049899541284,-168.644187278287,2.2,-6.55436829794885
"P-18",2015,0,60.0049899541284,-168.644187278287,3.4,-6.55436829794885
"P-18",2016,0,60.0049899541284,-168.644187278287,2.9,-6.55436829794885
"P-18",2017,0,60.0049899541284,-168.644187278287,4.3,-6.55436829794885
"P-18",2018,0,60.0049899541284,-168.644187278287,6.1,-6.55436829794885
"P-18",2019,62099.2492549817,60.0049899541284,-168.644187278287,5,11.0364892014859
"P-18",2021,0,60.0049899541284,-168.644187278287,3.9,-6.55436829794885
"P-18",2022,0,60.0049899541284,-168.644187278287,4.1,-6.55436829794885
"P-18",2023,0,60.0049899541284,-168.644187278287,2,-6.55436829794885
"P-19",1988,833.046756750665,59.9953753954802,-169.320783073446,1.8,6.7250914803894
"P-19",1989,0,59.9953753954802,-169.320783073446,3.2,-6.55436829794885
"P-19",1990,0,59.9953753954802,-169.320783073446,2.7,-6.55436829794885
"P-19",1991,0,59.9953753954802,-169.320783073446,NA,-6.55436829794885
"P-19",1993,11022.4659850919,59.9953753954802,-169.320783073446,3.6,9.30769096045512
"P-19",1994,16451.3380304712,59.9953753954802,-169.320783073446,-1.5,9.70816217867517
"P-19",1995,26818.240980977,59.9953753954802,-169.320783073446,1.2,10.1968376216853
"P-19",1996,0,59.9953753954802,-169.320783073446,NA,-6.55436829794885
"P-19",1997,92.3096027085966,59.9953753954802,-169.320783073446,0.7,4.52516359906089
"P-19",1998,0,59.9953753954802,-169.320783073446,3.3,-6.55436829794885
"P-19",1999,6763.79925225585,59.9953753954802,-169.320783073446,-1.4,8.81934024124274
"P-19",2000,26907.0397268387,59.9953753954802,-169.320783073446,2,10.2001432841535
"P-19",2001,7155.81462076321,59.9953753954802,-169.320783073446,-1.3,8.8756807378484
"P-19",2002,0,59.9953753954802,-169.320783073446,2.3,-6.55436829794885
"P-19",2003,0,59.9953753954802,-169.320783073446,3.2,-6.55436829794885
"P-19",2004,0,59.9953753954802,-169.320783073446,3.2,-6.55436829794885
"P-19",2005,0,59.9953753954802,-169.320783073446,0.7,-6.55436829794885
"P-19",2006,0,59.9953753954802,-169.320783073446,-1,-6.55436829794885
"P-19",2007,0,59.9953753954802,-169.320783073446,0.2,-6.55436829794885
"P-19",2008,0,59.9953753954802,-169.320783073446,0.4,-6.55436829794885
"P-19",2009,0,59.9953753954802,-169.320783073446,0.1,-6.55436829794885
"P-19",2010,131.571743005997,59.9953753954802,-169.320783073446,-1.2,4.879563099074
"P-19",2011,0,59.9953753954802,-169.320783073446,2.5,-6.55436829794885
"P-19",2012,94.5257520778019,59.9953753954802,-169.320783073446,-1.2,4.54888736945231
"P-19",2013,0,59.9953753954802,-169.320783073446,1.2,-6.55436829794885
"P-19",2014,0,59.9953753954802,-169.320783073446,0.7,-6.55436829794885
"P-19",2015,0,59.9953753954802,-169.320783073446,1.2,-6.55436829794885
"P-19",2016,0,59.9953753954802,-169.320783073446,3.8,-6.55436829794885
"P-19",2017,0,59.9953753954802,-169.320783073446,2.5,-6.55436829794885
"P-19",2018,0,59.9953753954802,-169.320783073446,3.9,-6.55436829794885
"P-19",2019,125.23896064763,59.9953753954802,-169.320783073446,3.9,4.83023496679589
"P-19",2021,0,59.9953753954802,-169.320783073446,2.9,-6.55436829794885
"P-19",2022,0,59.9953753954802,-169.320783073446,2.4,-6.55436829794885
"P-19",2023,0,59.9953753954802,-169.320783073446,-0.2,-6.55436829794885
"P-20",1988,76.5603880716265,60.000661916271,-169.96687920587,1.6,4.3380984139712
"P-20",1989,397.061417323514,60.000661916271,-169.96687920587,2.2,5.98409455835096
"P-20",1990,43.3246174342761,60.000661916271,-169.96687920587,1.2,3.76875387031176
"P-20",1991,309.459232892174,60.000661916271,-169.96687920587,NA,5.73483096538276
"P-20",1993,25085.949897589,60.000661916271,-169.96687920587,2.9,10.1300632601168
"P-20",1994,16458.3106181056,60.000661916271,-169.96687920587,NA,9.70858591988309
"P-20",1995,5441.98470290063,60.000661916271,-169.96687920587,-0.6,8.60189937005341
"P-20",1996,21.1302642259625,60.000661916271,-169.96687920587,1.3,3.05077371996613
"P-20",1997,66.8624507156686,60.000661916271,-169.96687920587,-0.1,4.20265883022104
"P-20",1998,22.479276150985,60.000661916271,-169.96687920587,2.9,3.1126571648003
"P-20",1999,2107.17685655872,60.000661916271,-169.96687920587,-1.4,7.65310502362798
"P-20",2000,14527.7339100413,60.000661916271,-169.96687920587,1,9.58381488302118
"P-20",2001,239.190510958173,60.000661916271,-169.96687920587,-1,5.4772663042849
"P-20",2002,0,60.000661916271,-169.96687920587,1.5,-6.55436829794885
"P-20",2003,82.0335069436243,60.000661916271,-169.96687920587,1.6,4.40714514223709
"P-20",2004,0,60.000661916271,-169.96687920587,1.4,-6.55436829794885
"P-20",2005,169.212515033792,60.000661916271,-169.96687920587,0.7,5.13116382507829
"P-20",2006,19328.1690572944,60.000661916271,-169.96687920587,-1.3,9.86931892112075
"P-20",2007,9536.56564971312,60.000661916271,-169.96687920587,-1.4,9.16288885414729
"P-20",2008,14005.5396853419,60.000661916271,-169.96687920587,-0.9,9.5472083238078
"P-20",2009,6733.91171983989,60.000661916271,-169.96687920587,-1.1,8.81491170146765
"P-20",2010,11513.4859568718,60.000661916271,-169.96687920587,-1.3,9.35127444285797
"P-20",2011,63.4197315786045,60.000661916271,-169.96687920587,0.7,4.14979748812835
"P-20",2012,1507.05822444947,60.000661916271,-169.96687920587,-1.4,7.31791577868694
"P-20",2013,20.5156517897322,60.000661916271,-169.96687920587,-0.9,3.02125749902528
"P-20",2014,0,60.000661916271,-169.96687920587,-0.3,-6.55436829794885
"P-20",2015,0,60.000661916271,-169.96687920587,0.5,-6.55436829794885
"P-20",2016,21.7236016585246,60.000661916271,-169.96687920587,2.7,3.07846484678146
"P-20",2017,24613.0893423441,60.000661916271,-169.96687920587,0.3,10.1110337253501
"P-20",2018,42683.8738784635,60.000661916271,-169.96687920587,3.5,10.6615765003177
"P-20",2019,1050.89535281268,60.000661916271,-169.96687920587,3.1,6.95739915168132
"P-20",2021,0,60.000661916271,-169.96687920587,2.9,-6.55436829794885
"P-20",2022,19.9708458908806,60.000661916271,-169.96687920587,1,2.99434480010435
"P-20",2023,0,60.000661916271,-169.96687920587,-1,-6.55436829794885
"P-21",1988,38896.4813251525,60.0029480476312,-170.628820694091,0.4,10.568659107756
"P-21",1989,1326.16332416215,60.0029480476312,-170.628820694091,1.6,7.19004640740534
"P-21",1990,616.907319879849,60.0029480476312,-170.628820694091,-0.4,6.42472110982547
"P-21",1991,2821.3156011263,60.0029480476312,-170.628820694091,-0.1,7.94495908505233
"P-21",1992,9819.42651136215,60.0029480476312,-170.628820694091,-0.9,9.19211814458484
"P-21",1993,54910.2523734728,60.0029480476312,-170.628820694091,1,10.913455382323
"P-21",1994,10768.2704606377,60.0029480476312,-170.628820694091,-2,9.28435930087108
"P-21",1995,16952.2550674648,60.0029480476312,-170.628820694091,-1.4,9.73815623028122
"P-21",1996,169.987895431562,60.0029480476312,-170.628820694091,0,5.13573560750955
"P-21",1997,74.7236166137081,60.0029480476312,-170.628820694091,-0.5,4.3138152501004
"P-21",1998,1627.48605513241,60.0029480476312,-170.628820694091,2.2,7.39479268066724
"P-21",1999,649.168718551724,60.0029480476312,-170.628820694091,-1.6,6.47569484326083
"P-21",2000,15977.061082547,60.0029480476312,-170.628820694091,0.6,9.67890937929563
"P-21",2001,2200.00546557327,60.0029480476312,-170.628820694091,-0.3,7.6962157709121
"P-21",2002,41.8643629642889,60.0029480476312,-170.628820694091,1.4,3.73446895032848
"P-21",2003,9804.24482064979,60.0029480476312,-170.628820694091,1.5,9.1905708610739
"P-21",2004,270.973826957705,60.0029480476312,-170.628820694091,0.3,5.60202749139474
"P-21",2005,153.86394885565,60.0029480476312,-170.628820694091,-0.4,5.0360780170734
"P-21",2006,158.854969130362,60.0029480476312,-170.628820694091,-1.6,5.06800060549848
"P-21",2007,904.377083477125,60.0029480476312,-170.628820694091,-1.5,6.80724797559155
"P-21",2008,233.598428327754,60.0029480476312,-170.628820694091,-1.5,5.45360961829037
"P-21",2009,459.205510860042,60.0029480476312,-170.628820694091,-1.4,6.1295009466816
"P-21",2010,2480.01653264417,60.0029480476312,-170.628820694091,-1.5,7.81602107966758
"P-21",2011,625.933381380605,60.0029480476312,-170.628820694091,-0.3,6.4392462207288
"P-21",2012,710.145384228227,60.0029480476312,-170.628820694091,-1.5,6.56547172064729
"P-21",2013,76.968546391405,60.0029480476312,-170.628820694091,-1.4,4.34341534933668
"P-21",2014,1740.12949288255,60.0029480476312,-170.628820694091,-0.7,7.46171562889811
"P-21",2015,8368.35996440998,60.0029480476312,-170.628820694091,-1,9.03221337230956
"P-21",2016,8265.86455364917,60.0029480476312,-170.628820694091,3,9.01988978123726
"P-21",2017,32284.8115459236,60.0029480476312,-170.628820694091,-0.9,10.382352211945
"P-21",2018,42169.5699591943,60.0029480476312,-170.628820694091,2.8,10.6494541826642
"P-21",2019,2565.70904732346,60.0029480476312,-170.628820694091,2.7,7.84999070607586
"P-21",2021,19.8052905501336,60.0029480476312,-170.628820694091,3.3,2.98602099295142
"P-21",2022,0,60.0029480476312,-170.628820694091,0,-6.55436829794885
"P-21",2023,1164.05953388228,60.0029480476312,-170.628820694091,-1.5,7.05966999613351
"P-22",1988,119856.07264518,59.9992360268542,-171.303430414322,-0.4,11.6940469191712
"P-22",1989,28697.4437233738,59.9992360268542,-171.303430414322,0.6,10.2645633785259
"P-22",1990,15562.7905730764,59.9992360268542,-171.303430414322,-1,9.65263821588781
"P-22",1991,38081.9618252058,59.9992360268542,-171.303430414322,-0.5,10.5474960434873
"P-22",1992,13425.893101157,59.9992360268542,-171.303430414322,-1.5,9.50494054844512
"P-22",1993,72976.7088143463,59.9992360268542,-171.303430414322,NA,11.1978956313946
"P-22",1994,8357.8642608942,59.9992360268542,-171.303430414322,NA,9.03095837261985
"P-22",1995,38561.7970474174,59.9992360268542,-171.303430414322,-1.5,10.56001738849
"P-22",1996,1049.38333094322,59.9992360268542,-171.303430414322,0,6.95595932363162
"P-22",1997,431.651068079668,59.9992360268542,-171.303430414322,-1,6.06762084777206
"P-22",1998,149.752180675562,59.9992360268542,-171.303430414322,1,5.00899130720747
"P-22",1999,267.433521306088,59.9992360268542,-171.303430414322,-1.6,5.58887634120087
"P-22",2000,6492.61267554657,59.9992360268542,-171.303430414322,-0.5,8.77842051741847
"P-22",2001,1109.76413963035,59.9992360268542,-171.303430414322,0.7,7.01190406795678
"P-22",2002,41.8883832898368,59.9992360268542,-171.303430414322,2,3.73504253174684
"P-22",2003,14061.1220310973,59.9992360268542,-171.303430414322,NA,9.55116906650955
"P-22",2004,10813.6751964781,59.9992360268542,-171.303430414322,-0.2,9.28856696569975
"P-22",2005,1997.13316158584,59.9992360268542,-171.303430414322,-0.8,7.59946872496963
"P-22",2006,780.912324123524,59.9992360268542,-171.303430414322,-1.6,6.66046470584798
"P-22",2007,3201.35819386345,59.9992360268542,-171.303430414322,-1.2,8.07133087909711
"P-22",2008,1245.61858163226,59.9992360268542,-171.303430414322,-1.4,7.12738868133679
"P-22",2009,6990.81575724781,59.9992360268542,-171.303430414322,-1.5,8.8523527355664
"P-22",2010,18589.5598099205,59.9992360268542,-171.303430414322,-1.5,9.83035547816705
"P-22",2011,11154.2472165727,59.9992360268542,-171.303430414322,-1.1,9.31957574829641
"P-22",2012,1077.21767583493,59.9992360268542,-171.303430414322,-1.5,6.98213809167236
"P-22",2013,315.113442231063,59.9992360268542,-171.303430414322,-1.6,5.75293722668275
"P-22",2014,1768.683572484,59.9992360268542,-171.303430414322,-0.5,7.47799160954507
"P-22",2015,2644.80728872921,59.9992360268542,-171.303430414322,-1.3,7.88035402130334
"P-22",2016,103.603238189655,59.9992360268542,-171.303430414322,2.9,4.64058232950503
"P-22",2017,60377.9034838433,59.9992360268542,-171.303430414322,-0.8,11.0083785042111
"P-22",2018,85764.6148295562,59.9992360268542,-171.303430414322,2.7,11.359361802438
"P-22",2019,503.918549137724,59.9992360268542,-171.303430414322,2.4,6.22241747177298
"P-22",2021,118.712691147849,59.9992360268542,-171.303430414322,2.3,4.7767182080245
"P-22",2022,306.265875478266,59.9992360268542,-171.303430414322,-0.2,5.72445824797073
"P-22",2023,10695.1283383528,59.9992360268542,-171.303430414322,-1.2,9.27754375442419
"P-23",1988,149.827940017007,59.993356405959,-171.957621230912,-0.2,5.00949707256155
"P-23",1989,41.0011974318666,59.993356405959,-171.957621230912,1.5,3.71363599914641
"P-23",1990,5565.53092287738,59.993356405959,-171.957621230912,-1.4,8.62434791892959
"P-23",1991,6026.16258287629,59.993356405959,-171.957621230912,0,8.70386593584135
"P-23",1992,3876.59101754715,59.993356405959,-171.957621230912,-1.4,8.26271180999643
"P-23",1993,14402.0188399591,59.993356405959,-171.957621230912,1.1,9.57512377182359
"P-23",1994,3450.60480887614,59.993356405959,-171.957621230912,NA,8.14630521422857
"P-23",1995,4806.66240668935,59.993356405959,-171.957621230912,-1,8.47775853213697
"P-23",1996,401.869416217024,59.993356405959,-171.957621230912,0.6,5.99613074370739
"P-23",1997,44.7350533689172,59.993356405959,-171.957621230912,NA,3.8007892147181
"P-23",1998,508.086463470707,59.993356405959,-171.957621230912,0.7,6.23065443921449
"P-23",1999,257.531031181843,59.993356405959,-171.957621230912,-1.4,5.55114575124462
"P-23",2000,184.022264319254,59.993356405959,-171.957621230912,0.3,5.21506448954716
"P-23",2001,63.353272439979,59.993356405959,-171.957621230912,0.5,4.14874903696389
"P-23",2002,19.6367821014152,59.993356405959,-171.957621230912,2.3,2.9774769537168
"P-23",2003,40.9235436488517,59.993356405959,-171.957621230912,2.1,3.71174032987641
"P-23",2004,28454.534609052,59.993356405959,-171.957621230912,0.4,10.2560628656129
"P-23",2005,75.261893385056,59.993356405959,-171.957621230912,0.1,4.32099286162028
"P-23",2006,3575.60503182399,59.993356405959,-171.957621230912,-1.3,8.18189007870095
"P-23",2007,9742.16550976997,59.993356405959,-171.957621230912,-1.1,9.18421884967975
"P-23",2008,879.457177014972,59.993356405959,-171.957621230912,-1.5,6.77930649188954
"P-23",2009,1181.38135575201,59.993356405959,-171.957621230912,-1.4,7.07444087853028
"P-23",2010,79373.5484736997,59.993356405959,-171.957621230912,-1.3,11.2819204670213
"P-23",2011,18191.0872215485,59.993356405959,-171.957621230912,-1,9.80868711828814
"P-23",2012,1373.66241706938,59.993356405959,-171.957621230912,-1.5,7.22523678560824
"P-23",2013,334.914770515028,59.993356405959,-171.957621230912,-1.5,5.81388033454947
"P-23",2014,239.298378259374,59.993356405959,-171.957621230912,0,5.4777171680917
"P-23",2015,22506.1250258288,59.993356405959,-171.957621230912,-0.7,10.021542837783
"P-23",2016,41.9472373513017,59.993356405959,-171.957621230912,1.8,3.73644651901551
"P-23",2017,38880.557993609,59.993356405959,-171.957621230912,-0.5,10.5682496467808
"P-23",2018,462.456630502997,59.993356405959,-171.957621230912,3.1,6.13655585961808
"P-23",2019,109.441146034619,59.993356405959,-171.957621230912,2.5,4.69539993602425
"P-23",2021,21.9871130346569,59.993356405959,-171.957621230912,1.8,3.09052126832449
"P-23",2022,0,59.993356405959,-171.957621230912,1.1,-6.55436829794885
"P-23",2023,6227.40706407546,59.993356405959,-171.957621230912,-1.5,8.73671555220019
"P-24",1988,1190.40076155258,59.9959562520695,-172.619699066639,-0.1,7.08204649995973
"P-24",1989,737.564601645496,59.9959562520695,-172.619699066639,1.5,6.6033556103458
"P-24",1990,548.110577253688,59.9959562520695,-172.619699066639,-0.6,6.3064796476995
"P-24",1991,983.160979759323,59.9959562520695,-172.619699066639,-0.6,6.89077431875074
"P-24",1992,1848.45441765686,59.9959562520695,-172.619699066639,-1.3,7.52210588928362
"P-24",1993,24316.3848944539,59.9959562520695,-172.619699066639,NA,10.0989057361555
"P-24",1994,2642.33120575713,59.9959562520695,-172.619699066639,-1.9,7.87941737785358
"P-24",1995,3708.92037422858,59.9959562520695,-172.619699066639,-1,8.21849649290782
"P-24",1996,649.949048761349,59.9959562520695,-172.619699066639,0.7,6.4768961640534
"P-24",1997,217.396113439498,59.9959562520695,-172.619699066639,NA,5.3817276467552
"P-24",1998,173.337374083347,59.9959562520695,-172.619699066639,1,5.15524804913386
"P-24",1999,40.9958858559585,59.9959562520695,-172.619699066639,-1.4,3.71350644840539
"P-24",2000,6509.57640479969,59.9959562520695,-172.619699066639,0.3,8.78102988343492
"P-24",2001,3872.25081100005,59.9959562520695,-172.619699066639,0.3,8.26159158958106
"P-24",2002,26918.4717321603,59.9959562520695,-172.619699066639,2,10.2005680643211
"P-24",2003,19.6222094275258,59.9959562520695,-172.619699066639,2.2,2.97673462096719
"P-24",2004,99.165952325861,59.9959562520695,-172.619699066639,0.4,4.59680909132976
"P-24",2005,321.23583721126,59.9959562520695,-172.619699066639,0.1,5.77217998123894
"P-24",2006,2163.32224634337,59.9959562520695,-172.619699066639,-1.3,7.67940105425214
"P-24",2007,7557.52343586539,59.9959562520695,-172.619699066639,-0.7,8.93029901606235
"P-24",2008,3036.32663629816,59.9959562520695,-172.619699066639,-1.5,8.01840418939066
"P-24",2009,11924.3924584913,59.9959562520695,-172.619699066639,-1.2,9.38634148699085
"P-24",2010,81.2835011458812,59.9959562520695,-172.619699066639,-1,4.39796057534995
"P-24",2011,351.02089674067,59.9959562520695,-172.619699066639,-1,5.86084981296174
"P-24",2012,878.538356308114,59.9959562520695,-172.619699066639,-1.4,6.77826118854864
"P-24",2013,1767.87710931763,59.9959562520695,-172.619699066639,-1.4,7.47753553789608
"P-24",2014,0,59.9959562520695,-172.619699066639,0.2,-6.55436829794885
"P-24",2015,22.4505089173398,59.9959562520695,-172.619699066639,-0.8,3.11137670399655
"P-24",2016,21.8020347212774,59.9959562520695,-172.619699066639,1.6,3.0820686087401
"P-24",2017,3481.13062369113,59.9959562520695,-172.619699066639,-0.3,8.15511282089639
"P-24",2018,8215.31467365323,59.9959562520695,-172.619699066639,3.5,9.01375550782426
"P-24",2019,460.418816271491,59.9959562520695,-172.619699066639,2.5,6.13213963798729
"P-24",2021,0,59.9959562520695,-172.619699066639,1.7,-6.55436829794885
"P-24",2022,0,59.9959562520695,-172.619699066639,0.5,-6.55436829794885
"P-24",2023,379.316830617966,59.9959562520695,-172.619699066639,-1.3,5.93837557434939
"P-25",1988,465.093527465525,60.0043922506878,-173.297880410935,-0.4,6.1422415811885
"P-25",1989,1188.92842398064,60.0043922506878,-173.297880410935,1.8,7.08080889399363
"P-25",1992,8144.9323693223,60.0043922506878,-173.297880410935,NA,9.00515139248308
"P-25",1993,1629.13773457933,60.0043922506878,-173.297880410935,0,7.39580703065107
"P-25",1994,149.72081706949,60.0043922506878,-173.297880410935,NA,5.00878185054071
"P-25",1995,9450.45914840842,60.0043922506878,-173.297880410935,-1.2,9.15381875710866
"P-25",1996,945.222193530334,60.0043922506878,-173.297880410935,0.6,6.85142153168318
"P-25",1997,257.658645160151,60.0043922506878,-173.297880410935,0.7,5.55164115432191
"P-25",1998,99.273896165538,60.0043922506878,-173.297880410935,1.2,4.59789700086092
"P-25",2000,20113.6904668261,60.0043922506878,-173.297880410935,0.3,9.90915605073597
"P-25",2001,5664.13457599542,60.0043922506878,-173.297880410935,0.9,8.64190964636309
"P-25",2002,1224.30271232997,60.0043922506878,-173.297880410935,1.6,7.1101279095043
"P-25",2003,94.2207157679726,60.0043922506878,-173.297880410935,2,4.54565518209943
"P-25",2004,847.953013991511,60.0043922506878,-173.297880410935,0.5,6.74282690542577
"P-25",2005,2495.93111407525,60.0043922506878,-173.297880410935,0.7,7.82241770106207
"P-25",2006,60445.1080964682,60.0043922506878,-173.297880410935,-1.4,11.0094909515354
"P-25",2007,9123.68359959664,60.0043922506878,-173.297880410935,-1,9.11862906105024
"P-25",2008,6514.92125324321,60.0043922506878,-173.297880410935,-1.2,8.78185062105034
"P-25",2009,209.25544432833,60.0043922506878,-173.297880410935,-1.1,5.34356253181961
"P-25",2010,99.5249445881938,60.0043922506878,-173.297880410935,-1.1,4.60042261880688
"P-25",2011,748.278010275983,60.0043922506878,-173.297880410935,0.2,6.61777648329027
"P-25",2012,12969.9489453531,60.0043922506878,-173.297880410935,-1.1,9.47039045072145
"P-25",2013,10235.7983925439,60.0043922506878,-173.297880410935,-1.3,9.23364664027191
"P-25",2014,5329.61604831064,60.0043922506878,-173.297880410935,0.3,8.581034745765
"P-25",2015,5085.77882985324,60.0043922506878,-173.297880410935,-1.1,8.53420373894077
"P-25",2016,688.206123207993,60.0043922506878,-173.297880410935,1.2,6.53409045972296
"P-25",2017,5389.48439972275,60.0043922506878,-173.297880410935,-0.2,8.59220526484524
"P-25",2018,245.101830850609,60.0043922506878,-173.297880410935,3.5,5.50167956964892
"P-25",2019,38.0367493465335,60.0043922506878,-173.297880410935,2.4,3.638590214142
"P-25",2021,37.48360992968,60.0043922506878,-173.297880410935,1.9,3.62394175496161
"P-25",2022,109.084800480099,60.0043922506878,-173.297880410935,0.1,4.69213861870868
"P-25",2023,1687.45703717766,60.0043922506878,-173.297880410935,-0.8,7.4309788067754
"P-26",1988,443.025958690589,60.00277833365,-173.949260799924,0.1,6.09363157981127
"P-26",1989,3070.50555068761,60.00277833365,-173.949260799924,2.2,8.02959796524372
"P-26",1990,630.828240454512,60.00277833365,-173.949260799924,-0.5,6.44703588051545
"P-26",1991,114.329619321267,60.00277833365,-173.949260799924,0.1,4.73909812800555
"P-26",1992,19.8736918025719,60.00277833365,-173.949260799924,-0.9,2.98946848113347
"P-26",1993,2854.14189457742,60.00277833365,-173.949260799924,1.7,7.95652701347515
"P-26",1994,171.877764944773,60.00277833365,-173.949260799924,-0.5,5.14679183947993
"P-26",1995,1321.42302867507,60.00277833365,-173.949260799924,0.8,7.1864655644625
"P-26",1996,736.322241056728,60.00277833365,-173.949260799924,2.3,6.60166978420692
"P-26",1997,39.7450297640784,60.00277833365,-173.949260799924,1.5,3.68252062067077
"P-26",1998,5318.7701769503,60.00277833365,-173.949260799924,1.7,8.57899765357451
"P-26",1999,0,60.00277833365,-173.949260799924,0.2,-6.55436829794885
"P-26",2000,99.9446951512804,60.00277833365,-173.949260799924,1.3,4.60463123111133
"P-26",2001,134.355963918829,60.00277833365,-173.949260799924,1.6,4.9005033227635
"P-26",2002,0,60.00277833365,-173.949260799924,1.9,-6.55436829794885
"P-26",2003,92.070837823978,60.00277833365,-173.949260799924,1.6,4.52257372206842
"P-26",2004,269.57010111177,60.00277833365,-173.949260799924,1.8,5.59683375400091
"P-26",2005,1324.58960622979,60.00277833365,-173.949260799924,1.6,7.18885903425673
"P-26",2006,130.526760525265,60.00277833365,-173.949260799924,0.2,4.87158917591391
"P-26",2007,0,60.00277833365,-173.949260799924,0.5,-6.55436829794885
"P-26",2008,19.4845311870671,60.00277833365,-173.949260799924,-0.1,2.96969395319731
"P-26",2009,35.795372513376,60.00277833365,-173.949260799924,0.4,3.57785840324131
"P-26",2010,918.245386470517,60.00277833365,-173.949260799924,0.6,6.82246621107825
"P-26",2011,2875.03954359001,60.00277833365,-173.949260799924,1.4,7.96382220268543
"P-26",2012,46.4665756476685,60.00277833365,-173.949260799924,-0.1,3.83876389353073
"P-26",2013,101.285682989263,60.00277833365,-173.949260799924,-0.8,4.6179591264644
"P-26",2014,4851.62348133656,60.00277833365,-173.949260799924,1.9,8.48706895982468
"P-26",2015,242.858874225686,60.00277833365,-173.949260799924,-0.2,5.49248637311293
"P-26",2016,84.43337565014,60.00277833365,-173.949260799924,1.3,4.43597963335486
"P-26",2017,172269.204478442,60.00277833365,-173.949260799924,1.2,12.0568136828189
"P-26",2018,1658.9674493096,60.00277833365,-173.949260799924,3.2,7.41395152762242
"P-26",2019,203.560939425238,60.00277833365,-173.949260799924,2.6,5.31597241153381
"P-26",2021,20.2653416074267,60.00277833365,-173.949260799924,1.9,3.00898237641773
"P-26",2022,0,60.00277833365,-173.949260799924,0.5,-6.55436829794885
"P-26",2023,486.887798140701,60.00277833365,-173.949260799924,0.4,6.18803662702817
"P-27",1988,457.609547571116,60.0018866578947,-174.59874872807,1.6,6.12601941585589
"P-27",1989,282.771600952151,60.0018866578947,-174.59874872807,2.5,5.64464454345521
"P-27",1990,685.814768081091,60.0018866578947,-174.59874872807,0.4,6.53060965007839
"P-27",1991,85.805780972106,60.0018866578947,-174.59874872807,0.7,4.4521029756276
"P-27",1992,123.907610896731,60.0018866578947,-174.59874872807,0.4,4.81954770590218
"P-27",1993,177.860512137429,60.0018866578947,-174.59874872807,2.2,5.18100760898748
"P-27",1994,801.510079166947,60.0018866578947,-174.59874872807,NA,6.68649932384805
"P-27",1995,10666.2627616767,60.0018866578947,-174.59874872807,0.8,9.274841159798
"P-27",1996,3236.83129688345,60.0018866578947,-174.59874872807,3.5,8.08235057534827
"P-27",1997,8554.13689467809,60.0018866578947,-174.59874872807,2,9.05417045870056
"P-27",1998,9324.01665099847,60.0018866578947,-174.59874872807,1.4,9.14034893868664
"P-27",1999,3194.66798798568,60.0018866578947,-174.59874872807,0.5,8.06923889099426
"P-27",2000,1287.02815142279,60.0018866578947,-174.59874872807,1.9,7.16009218736694
"P-27",2001,2562.8438431243,60.0018866578947,-174.59874872807,2.1,7.84887335271421
"P-27",2002,3021.53905161902,60.0018866578947,-174.59874872807,2,8.01352207154213
"P-27",2003,295.000648952397,60.0018866578947,-174.59874872807,2.1,5.68698238287259
"P-27",2004,326.205958319851,60.0018866578947,-174.59874872807,2.4,5.78753332083796
"P-27",2005,56.971124836371,60.0018866578947,-174.59874872807,2.4,4.04256955039616
"P-27",2006,419.734649146502,60.0018866578947,-174.59874872807,1,6.03962611620186
"P-27",2007,950.887145177001,60.0018866578947,-174.59874872807,0.9,6.85739688329221
"P-27",2008,611.631064846215,60.0018866578947,-174.59874872807,0.5,6.41613159352087
"P-27",2009,112.11358582289,60.0018866578947,-174.59874872807,1,4.71952521678788
"P-27",2010,860.490568428804,60.0018866578947,-174.59874872807,1.2,6.75750430975223
"P-27",2011,24896.9017099686,60.0018866578947,-174.59874872807,1.8,10.1224987025834
"P-27",2012,268.338341818738,60.0018866578947,-174.59874872807,0.4,5.59225396001888
"P-27",2013,116.475398541818,60.0018866578947,-174.59874872807,0.5,4.75769230406142
"P-27",2014,0,60.0018866578947,-174.59874872807,2.1,-6.55436829794885
"P-27",2015,0,60.0018866578947,-174.59874872807,0.6,-6.55436829794885
"P-27",2016,0,60.0018866578947,-174.59874872807,1.7,-6.55436829794885
"P-27",2017,0,60.0018866578947,-174.59874872807,1.9,-6.55436829794885
"P-27",2018,292.857196360187,60.0018866578947,-174.59874872807,3.1,5.67968996779401
"P-27",2019,1998.78113531919,60.0018866578947,-174.59874872807,2.7,7.60029355379722
"P-27",2021,99.6205264146065,60.0018866578947,-174.59874872807,2.1,4.60138252481406
"P-27",2022,59.005413278332,60.0018866578947,-174.59874872807,1.1,4.07765332126599
"P-27",2023,813.308612713753,60.0018866578947,-174.59874872807,1.1,6.70111238567916
"P-28",1988,56578.9649034124,59.998937917924,-175.260598267954,1.2,10.9433925754645
"P-28",1989,58351.5276150076,59.998937917924,-175.260598267954,2.9,10.9742408419796
"P-28",1990,81809.200264254,59.998937917924,-175.260598267954,1.9,11.3121450063393
"P-28",1991,9471.6366477589,59.998937917924,-175.260598267954,1,9.15605714605179
"P-28",1992,7781.9118035923,59.998937917924,-175.260598267954,1.4,8.95955750306783
"P-28",1993,2540.54620291457,59.998937917924,-175.260598267954,NA,7.84013493787504
"P-28",1994,1990.14875440072,59.998937917924,-175.260598267954,1,7.59596538134484
"P-28",1995,6141.65816553268,59.998937917924,-175.260598267954,1.1,8.72285027605466
"P-28",1996,25777.9127586657,59.998937917924,-175.260598267954,3.9,10.1572733648626
"P-28",1997,36204.936821939,59.998937917924,-175.260598267954,2.3,10.4969508041405
"P-28",1998,46177.7243683252,59.998937917924,-175.260598267954,1.5,10.7402528351001
"P-28",1999,3080.0650400197,59.998937917924,-175.260598267954,1.2,8.03270645492367
"P-28",2000,6078.13732775783,59.998937917924,-175.260598267954,1.6,8.71245380171895
"P-28",2001,41065.7271453738,59.998937917924,-175.260598267954,2.6,10.6229291978714
"P-28",2002,39044.1418411525,59.998937917924,-175.260598267954,2.1,10.5724481636108
"P-28",2003,898.955354131152,59.998937917924,-175.260598267954,3.9,6.80123495546624
"P-28",2004,265.134078103731,59.998937917924,-175.260598267954,2.8,5.58024102355072
"P-28",2005,134.099976010586,59.998937917924,-175.260598267954,3,4.89859622940271
"P-28",2006,635.990408460925,59.998937917924,-175.260598267954,1.6,6.45518572102964
"P-28",2007,1131.89852704106,59.998937917924,-175.260598267954,1.1,7.0316528722804
"P-28",2008,477.994149997189,59.998937917924,-175.260598267954,0.9,6.16960147278173
"P-28",2009,751.779113147028,59.998937917924,-175.260598267954,1.3,6.62244444229946
"P-28",2010,6332.60016546414,59.998937917924,-175.260598267954,1.6,8.75346642428109
"P-28",2011,83588.8419300045,59.998937917924,-175.260598267954,1.7,11.3336653374625
"P-28",2012,6671.99241486986,59.998937917924,-175.260598267954,0.8,8.8056740205897
"P-28",2013,12003.5863963294,59.998937917924,-175.260598267954,1,9.39296086910064
"P-28",2014,215.356312736156,59.998937917924,-175.260598267954,2.3,5.3723005366417
"P-28",2015,0,59.998937917924,-175.260598267954,2,-6.55436829794885
"P-28",2016,20.2620964947254,59.998937917924,-175.260598267954,2.2,3.00882224368543
"P-28",2017,54.289702044692,59.998937917924,-175.260598267954,2.2,3.99436078682082
"P-28",2018,20.4729400220607,59.998937917924,-175.260598267954,2.9,3.01917356230235
"P-28",2019,40.8690868563681,59.998937917924,-175.260598267954,3.1,3.71040879415629
"P-28",2021,891.494560088,59.998937917924,-175.260598267954,2.3,6.79290093249221
"P-28",2022,5689.54650759177,59.998937917924,-175.260598267954,1.7,8.64638607431098
"P-28",2023,788.248276190805,59.998937917924,-175.260598267954,1.6,6.66981491792761
"P-29",1988,67241.8999581333,59.9984963206714,-175.927117570671,1.8,11.1160518646661
"P-29",1989,94078.3978817869,59.9984963206714,-175.927117570671,2.7,11.4518837488048
"P-29",1990,306858.389026502,59.9984963206714,-175.927117570671,1.7,12.6341416512609
"P-29",1991,34350.8732994909,59.9984963206714,-175.927117570671,1.2,10.4443827623444
"P-29",1992,53608.4769255147,59.9984963206714,-175.927117570671,1.6,10.8894625127104
"P-29",1993,2033.96466576407,59.9984963206714,-175.927117570671,2.2,7.61774290471246
"P-29",1994,632.659426248387,59.9984963206714,-175.927117570671,1.9,6.44993449677737
"P-29",1995,5563.7924710398,59.9984963206714,-175.927117570671,1.4,8.62403550974794
"P-29",1996,92737.5811290509,59.9984963206714,-175.927117570671,2.8,11.4375290906759
"P-29",1997,66628.4962152669,59.9984963206714,-175.927117570671,NA,11.1068876574883
"P-29",1998,94637.5130062599,59.9984963206714,-175.927117570671,1.7,11.4578092348896
"P-29",1999,3643.11396334654,59.9984963206714,-175.927117570671,1.6,8.20059447019035
"P-29",2000,92.9811446765546,59.9984963206714,-175.927117570671,1.4,4.53241204073146
"P-29",2001,98.0579243601622,59.9984963206714,-175.927117570671,2.3,4.58557288968065
"P-29",2002,1803.80236753867,59.9984963206714,-175.927117570671,2.3,7.49765293163688
"P-29",2003,76.0894558216941,59.9984963206714,-175.927117570671,3.6,4.33192841147981
"P-29",2004,54.3225836310198,59.9984963206714,-175.927117570671,2.5,3.99496625654297
"P-29",2005,56.0530977392443,59.9984963206714,-175.927117570671,3.1,4.02632481747399
"P-29",2006,4965.53229971627,59.9984963206714,-175.927117570671,1.9,8.51027606790193
"P-29",2007,176.327899048226,59.9984963206714,-175.927117570671,1.9,5.17235339962501
"P-29",2008,2787.09119522046,59.9984963206714,-175.927117570671,1.2,7.93275425947461
"P-29",2009,36.8740844345621,59.9984963206714,-175.927117570671,1.8,3.60754759942231
"P-29",2010,5014.65833894216,59.9984963206714,-175.927117570671,2,8.52012085419109
"P-29",2011,50035.2171553571,59.9984963206714,-175.927117570671,2.3,10.8204824080418
"P-29",2012,15448.0066634551,59.9984963206714,-175.927117570671,NA,9.64523534762822
"P-29",2013,13114.0700587131,59.9984963206714,-175.927117570671,1.3,9.48144109167002
"P-29",2014,20337.4112479739,59.9984963206714,-175.927117570671,2,9.92021745757122
"P-29",2015,19.9738359998245,59.9984963206714,-175.927117570671,2.3,2.99449450192448
"P-29",2016,31.2524867914286,59.9984963206714,-175.927117570671,1.5,3.44214450990425
"P-29",2017,0,59.9984963206714,-175.927117570671,2.9,-6.55436829794885
"P-29",2018,0,59.9984963206714,-175.927117570671,2.7,-6.55436829794885
"P-29",2019,8702.81088996416,59.9984963206714,-175.927117570671,3.1,9.07140150687229
"P-29",2021,0,59.9984963206714,-175.927117570671,2.5,-6.55436829794885
"P-29",2022,4261.45073330711,59.9984963206714,-175.927117570671,1.9,8.35736526314564
"P-29",2023,224.631024841098,59.9984963206714,-175.927117570671,1.8,5.41446550525798
"P-30",1988,400.300070522325,60.0019779254695,-176.711458389084,2,5.99221799920259
"P-30",1989,19.0549365535444,60.0019779254695,-176.711458389084,1.9,2.94740092698049
"P-30",1990,1885.14833261908,60.0019779254695,-176.711458389084,1.3,7.54176254314611
"P-30",1991,3247.80680390583,60.0019779254695,-176.711458389084,0.9,8.0857356563697
"P-30",1992,35.4908276311656,60.0019779254695,-176.711458389084,1.9,3.56931440542431
"P-30",1993,186.219956207888,60.0019779254695,-176.711458389084,1.6,5.22693618150552
"P-30",1994,238.286996059061,60.0019779254695,-176.711458389084,1.9,5.47348178846786
"P-30",1995,4086.42162886816,60.0019779254695,-176.711458389084,1.6,8.31542530715703
"P-30",1996,33248.8841750546,60.0019779254695,-176.711458389084,2.9,10.4117765297009
"P-30",1997,25863.1227160259,60.0019779254695,-176.711458389084,2.5,10.1605734547702
"P-30",1998,55405.020798177,60.0019779254695,-176.711458389084,2.4,10.9224255224543
"P-30",1999,10649.7875339671,60.0019779254695,-176.711458389084,0.3,9.27329535477683
"P-30",2000,41479.7553327372,60.0019779254695,-176.711458389084,0.4,10.6329607982139
"P-30",2001,15751.8874478111,60.0019779254695,-176.711458389084,1.4,9.66471556542442
"P-30",2002,92.0779234703294,60.0019779254695,-176.711458389084,1.5,4.52265067655599
"P-30",2003,0,60.0019779254695,-176.711458389084,2.2,-6.55436829794885
"P-30",2004,18.0285715899385,60.0019779254695,-176.711458389084,2.1,2.89203678607769
"P-30",2005,0,60.0019779254695,-176.711458389084,2,-6.55436829794885
"P-30",2006,56.4579245456727,60.0019779254695,-176.711458389084,1.7,4.03352088233588
"P-30",2007,0,60.0019779254695,-176.711458389084,1.8,-6.55436829794885
"P-30",2008,0,60.0019779254695,-176.711458389084,1,-6.55436829794885
"P-30",2009,73.2028297865157,60.0019779254695,-176.711458389084,0.9,4.29325352950527
"P-30",2010,3756.90517215918,60.0019779254695,-176.711458389084,2.4,8.23135118395037
"P-30",2011,118638.835626954,60.0019779254695,-176.711458389084,1.7,11.6838391744276
"P-30",2012,246533.887287185,60.0019779254695,-176.711458389084,0.9,12.4152547425735
"P-30",2013,102727.601858588,60.0019779254695,-176.711458389084,1.4,11.5398361356789
"P-30",2014,168841.044189482,60.0019779254695,-176.711458389084,1.9,12.0367129928017
"P-30",2015,0,60.0019779254695,-176.711458389084,2.4,-6.55436829794885
"P-30",2016,0,60.0019779254695,-176.711458389084,1.6,-6.55436829794885
"P-30",2017,0,60.0019779254695,-176.711458389084,2.6,-6.55436829794885
"P-30",2018,0,60.0019779254695,-176.711458389084,2.1,-6.55436829794885
"P-30",2019,110015.134694493,60.0019779254695,-176.711458389084,1.9,11.6083732363845
"P-30",2021,0,60.0019779254695,-176.711458389084,1.9,-6.55436829794885
"P-30",2022,96.054255687136,60.0019779254695,-176.711458389084,2,4.56492801884782
"P-30",2023,41.8319356603976,60.0019779254695,-176.711458389084,1.7,3.73369409641628
"P-31",1988,41.6704047686038,60.0018145041322,-177.219367024793,2.1,3.7298253285765
"P-31",1989,615.823571824829,60.0018145041322,-177.219367024793,1.9,6.42296282529163
"P-31",1990,190.792777058713,60.0018145041322,-177.219367024793,1.1,5.25119536516008
"P-31",1991,326.788952658929,60.0018145041322,-177.219367024793,0.9,5.78931891500324
"P-31",1992,327.85342658923,60.0018145041322,-177.219367024793,1.9,5.7925709813883
"P-31",1993,148.651042637648,60.0018145041322,-177.219367024793,1.6,5.00161114210631
"P-31",1994,2338.88325433064,60.0018145041322,-177.219367024793,1.9,7.75742946148358
"P-31",1995,43.1830987091661,60.0018145041322,-177.219367024793,1.6,3.76548215770341
"P-31",1996,2680.650243315,60.0018145041322,-177.219367024793,2.9,7.89381520334833
"P-31",1997,3939.17531890737,60.0018145041322,-177.219367024793,2.8,8.27872703192859
"P-31",1998,6587.43789233506,60.0018145041322,-177.219367024793,2.5,8.79291998084774
"P-31",1999,6539.88833835744,60.0018145041322,-177.219367024793,0.5,8.7856755883825
"P-31",2000,6438.6306242234,60.0018145041322,-177.219367024793,0.3,8.7700713816447
"P-31",2001,1534.72532083368,60.0018145041322,-177.219367024793,0.8,7.33610762770265
"P-31",2002,841.211972791217,60.0018145041322,-177.219367024793,NA,6.73484536937133
"P-31",2003,56.6430172497247,60.0018145041322,-177.219367024793,2.4,4.03679385612402
"P-31",2004,17.7521003876621,60.0018145041322,-177.219367024793,2.1,2.87658404661934
"P-31",2005,0,60.0018145041322,-177.219367024793,2.2,-6.55436829794885
"P-31",2006,0,60.0018145041322,-177.219367024793,1.7,-6.55436829794885
"P-31",2007,0,60.0018145041322,-177.219367024793,1.6,-6.55436829794885
"P-31",2008,0,60.0018145041322,-177.219367024793,1,-6.55436829794885
"P-31",2009,193.317404932673,60.0018145041322,-177.219367024793,0.9,5.26434078868585
"P-31",2010,2777.18446758162,60.0018145041322,-177.219367024793,2,7.92919342473647
"P-31",2011,1906.16825785067,60.0018145041322,-177.219367024793,1.6,7.55285110529505
"P-31",2012,40.1299560899076,60.0018145041322,-177.219367024793,0.6,3.69215857122708
"P-31",2013,487.763598524219,60.0018145041322,-177.219367024793,1.4,6.18983377842672
"P-31",2014,60.5024507801857,60.0018145041322,-177.219367024793,1.8,4.10270740699
"P-31",2015,0,60.0018145041322,-177.219367024793,2.5,-6.55436829794885
"P-31",2016,0,60.0018145041322,-177.219367024793,1.7,-6.55436829794885
"P-31",2017,0,60.0018145041322,-177.219367024793,2.5,-6.55436829794885
"P-31",2018,0,60.0018145041322,-177.219367024793,2.1,-6.55436829794885
"P-31",2019,78.4693753873524,60.0018145041322,-177.219367024793,2.6,4.36272657175597
"P-31",2021,21.8040892832014,60.0018145041322,-177.219367024793,1.9,3.08216283531056
"P-31",2022,18.815258457592,60.0018145041322,-177.219367024793,2,2.93474383485781
"P-31",2023,19.6904124330545,60.0018145041322,-177.219367024793,1.8,2.98020414960804
"P-32",1988,97.3692006812289,60.0031309455371,-177.901107897126,2,4.57852456929977
"P-32",1989,59.9216396544705,60.0031309455371,-177.901107897126,1.8,4.09306146501354
"P-32",1990,0,60.0031309455371,-177.901107897126,1.1,-6.55436829794885
"P-32",1991,84.0413103601936,60.0031309455371,-177.901107897126,0.9,4.43132541045761
"P-32",1992,363.876945997579,60.0031309455371,-177.901107897126,1.7,5.8968196631143
"P-32",1993,17.6191168046775,60.0031309455371,-177.901107897126,1.8,2.86906530600372
"P-32",1994,302.766900167199,60.0031309455371,-177.901107897126,1.6,5.71296790595009
"P-32",1995,55.4756613487958,60.0031309455371,-177.901107897126,1.6,4.01597005677104
"P-32",1996,85.5424793908182,60.0031309455371,-177.901107897126,3.2,4.44902973272415
"P-32",1997,0,60.0031309455371,-177.901107897126,2.4,-6.55436829794885
"P-32",1998,0,60.0031309455371,-177.901107897126,2,-6.55436829794885
"P-32",1999,89.2706869075296,60.0031309455371,-177.901107897126,0.2,4.49168912991657
"P-32",2000,88.9611933344086,60.0031309455371,-177.901107897126,0.5,4.48821625021857
"P-32",2001,21.4094978938293,60.0031309455371,-177.901107897126,0.8,3.06390115519567
"P-32",2002,96.2390927393807,60.0031309455371,-177.901107897126,NA,4.56685043970514
"P-32",2003,0,60.0031309455371,-177.901107897126,2.7,-6.55436829794885
"P-32",2004,0,60.0031309455371,-177.901107897126,2.3,-6.55436829794885
"P-32",2005,0,60.0031309455371,-177.901107897126,2.2,-6.55436829794885
"P-32",2006,0,60.0031309455371,-177.901107897126,1.9,-6.55436829794885
"P-32",2007,0,60.0031309455371,-177.901107897126,1.7,-6.55436829794885
"P-32",2008,0,60.0031309455371,-177.901107897126,1,-6.55436829794885
"P-32",2009,19.5560539378094,60.0031309455371,-177.901107897126,1.2,2.9733577104776
"P-32",2010,0,60.0031309455371,-177.901107897126,2.1,-6.55436829794885
"P-32",2011,308.365947569326,60.0031309455371,-177.901107897126,2.4,5.73129183664772
"P-32",2012,56682.7571506396,60.0031309455371,-177.901107897126,0.9,10.9452253618956
"P-32",2013,30736.4816599847,60.0031309455371,-177.901107897126,1.6,10.3332056020851
"P-32",2014,25800.8602167944,60.0031309455371,-177.901107897126,1.9,10.1581631672775
"P-32",2015,712.118948119922,60.0031309455371,-177.901107897126,2.1,6.56824695892317
"P-32",2016,0,60.0031309455371,-177.901107897126,1.8,-6.55436829794885
"P-32",2017,0,60.0031309455371,-177.901107897126,2.7,-6.55436829794885
"P-32",2018,0,60.0031309455371,-177.901107897126,2.3,-6.55436829794885
"P-32",2019,0,60.0031309455371,-177.901107897126,2.7,-6.55436829794885
"P-32",2021,0,60.0031309455371,-177.901107897126,1.9,-6.55436829794885
"P-32",2022,0,60.0031309455371,-177.901107897126,1.9,-6.55436829794885
"P-32",2023,0,60.0031309455371,-177.901107897126,2,-6.55436829794885
"Q-01",1988,0,60.3292855882353,-167.980547352941,5.6,-6.55436829794885
"Q-01",1989,0,60.3292855882353,-167.980547352941,5.5,-6.55436829794885
"Q-01",1990,0,60.3292855882353,-167.980547352941,5.1,-6.55436829794885
"Q-01",1991,0,60.3292855882353,-167.980547352941,6.4,-6.55436829794885
"Q-01",1993,0,60.3292855882353,-167.980547352941,6.7,-6.55436829794885
"Q-01",1994,0,60.3292855882353,-167.980547352941,NA,-6.55436829794885
"Q-01",1995,0,60.3292855882353,-167.980547352941,4.8,-6.55436829794885
"Q-01",1996,0,60.3292855882353,-167.980547352941,5.5,-6.55436829794885
"Q-01",1997,0,60.3292855882353,-167.980547352941,6.4,-6.55436829794885
"Q-01",1998,0,60.3292855882353,-167.980547352941,5.6,-6.55436829794885
"Q-01",1999,0,60.3292855882353,-167.980547352941,0.2,-6.55436829794885
"Q-01",2000,0,60.3292855882353,-167.980547352941,3.4,-6.55436829794885
"Q-01",2001,0,60.3292855882353,-167.980547352941,1.6,-6.55436829794885
"Q-01",2002,0,60.3292855882353,-167.980547352941,6.7,-6.55436829794885
"Q-01",2003,0,60.3292855882353,-167.980547352941,5.6,-6.55436829794885
"Q-01",2004,0,60.3292855882353,-167.980547352941,6.7,-6.55436829794885
"Q-01",2005,0,60.3292855882353,-167.980547352941,5.2,-6.55436829794885
"Q-01",2006,0,60.3292855882353,-167.980547352941,1.9,-6.55436829794885
"Q-01",2007,0,60.3292855882353,-167.980547352941,4.6,-6.55436829794885
"Q-01",2008,0,60.3292855882353,-167.980547352941,2.7,-6.55436829794885
"Q-01",2009,0,60.3292855882353,-167.980547352941,4.1,-6.55436829794885
"Q-01",2010,0,60.3292855882353,-167.980547352941,0.6,-6.55436829794885
"Q-01",2011,0,60.3292855882353,-167.980547352941,5.9,-6.55436829794885
"Q-01",2012,0,60.3292855882353,-167.980547352941,3.5,-6.55436829794885
"Q-01",2013,0,60.3292855882353,-167.980547352941,3.8,-6.55436829794885
"Q-01",2014,0,60.3292855882353,-167.980547352941,5.8,-6.55436829794885
"Q-01",2015,0,60.3292855882353,-167.980547352941,5.6,-6.55436829794885
"Q-01",2016,0,60.3292855882353,-167.980547352941,6.1,-6.55436829794885
"Q-01",2017,0,60.3292855882353,-167.980547352941,6.6,-6.55436829794885
"Q-01",2018,0,60.3292855882353,-167.980547352941,7.5,-6.55436829794885
"Q-01",2019,0,60.3292855882353,-167.980547352941,8,-6.55436829794885
"Q-01",2021,0,60.3292855882353,-167.980547352941,5.1,-6.55436829794885
"Q-01",2022,0,60.3292855882353,-167.980547352941,6.5,-6.55436829794885
"Q-01",2023,0,60.3292855882353,-167.980547352941,4.1,-6.55436829794885
"Q-02",1988,0,60.3361835294118,-167.285956470588,5.7,-6.55436829794885
"Q-02",1989,0,60.3361835294118,-167.285956470588,5.8,-6.55436829794885
"Q-02",1990,0,60.3361835294118,-167.285956470588,5.5,-6.55436829794885
"Q-02",1991,0,60.3361835294118,-167.285956470588,7.3,-6.55436829794885
"Q-02",1992,0,60.3361835294118,-167.285956470588,3.2,-6.55436829794885
"Q-02",1993,0,60.3361835294118,-167.285956470588,NA,-6.55436829794885
"Q-02",1994,0,60.3361835294118,-167.285956470588,NA,-6.55436829794885
"Q-02",1995,0,60.3361835294118,-167.285956470588,5.1,-6.55436829794885
"Q-02",1996,0,60.3361835294118,-167.285956470588,5.9,-6.55436829794885
"Q-02",1997,0,60.3361835294118,-167.285956470588,6.8,-6.55436829794885
"Q-02",1998,0,60.3361835294118,-167.285956470588,5.9,-6.55436829794885
"Q-02",1999,0,60.3361835294118,-167.285956470588,0.7,-6.55436829794885
"Q-02",2002,0,60.3361835294118,-167.285956470588,7,-6.55436829794885
"Q-02",2003,0,60.3361835294118,-167.285956470588,6.6,-6.55436829794885
"Q-02",2004,0,60.3361835294118,-167.285956470588,7.3,-6.55436829794885
"Q-02",2005,0,60.3361835294118,-167.285956470588,4.9,-6.55436829794885
"Q-02",2006,0,60.3361835294118,-167.285956470588,2.4,-6.55436829794885
"Q-02",2007,0,60.3361835294118,-167.285956470588,5.1,-6.55436829794885
"Q-02",2008,0,60.3361835294118,-167.285956470588,3.4,-6.55436829794885
"Q-02",2009,0,60.3361835294118,-167.285956470588,5.1,-6.55436829794885
"Q-02",2010,0,60.3361835294118,-167.285956470588,0.9,-6.55436829794885
"Q-02",2011,0,60.3361835294118,-167.285956470588,6.5,-6.55436829794885
"Q-02",2012,0,60.3361835294118,-167.285956470588,4.2,-6.55436829794885
"Q-02",2013,0,60.3361835294118,-167.285956470588,4.7,-6.55436829794885
"Q-02",2014,0,60.3361835294118,-167.285956470588,6.2,-6.55436829794885
"Q-02",2015,0,60.3361835294118,-167.285956470588,6,-6.55436829794885
"Q-02",2016,0,60.3361835294118,-167.285956470588,6.2,-6.55436829794885
"Q-02",2017,0,60.3361835294118,-167.285956470588,7.7,-6.55436829794885
"Q-02",2018,0,60.3361835294118,-167.285956470588,7.7,-6.55436829794885
"Q-02",2019,21.7945993228068,60.3361835294118,-167.285956470588,8.9,3.0817275313587
"Q-02",2021,0,60.3361835294118,-167.285956470588,5.3,-6.55436829794885
"Q-02",2022,0,60.3361835294118,-167.285956470588,7.6,-6.55436829794885
"Q-02",2023,0,60.3361835294118,-167.285956470588,4.6,-6.55436829794885
"Q-18",1988,78.2829105737275,60.326772125182,-168.679946593886,3.6,4.36034751217251
"Q-18",1989,0,60.326772125182,-168.679946593886,4.9,-6.55436829794885
"Q-18",1990,0,60.326772125182,-168.679946593886,5.5,-6.55436829794885
"Q-18",1991,0,60.326772125182,-168.679946593886,4.2,-6.55436829794885
"Q-18",1993,2092.82590325205,60.326772125182,-168.679946593886,1.4,7.64627121886785
"Q-18",1994,42396.8762382366,60.326772125182,-168.679946593886,1,10.6548299984641
"Q-18",1995,23.7861821860626,60.326772125182,-168.679946593886,4.2,3.16916469159771
"Q-18",1996,0,60.326772125182,-168.679946593886,NA,-6.55436829794885
"Q-18",1997,0,60.326772125182,-168.679946593886,4.1,-6.55436829794885
"Q-18",1998,0,60.326772125182,-168.679946593886,4.8,-6.55436829794885
"Q-18",1999,12319.2605232222,60.326772125182,-168.679946593886,0.3,9.41891932840214
"Q-18",2000,22.7270202783047,60.326772125182,-168.679946593886,2.8,3.12361718679128
"Q-18",2001,52.6249804247856,60.326772125182,-168.679946593886,0.7,3.96321797681207
"Q-18",2002,0,60.326772125182,-168.679946593886,5.4,-6.55436829794885
"Q-18",2003,0,60.326772125182,-168.679946593886,4,-6.55436829794885
"Q-18",2004,0,60.326772125182,-168.679946593886,6.8,-6.55436829794885
"Q-18",2005,0,60.326772125182,-168.679946593886,3.7,-6.55436829794885
"Q-18",2006,0,60.326772125182,-168.679946593886,1.4,-6.55436829794885
"Q-18",2007,0,60.326772125182,-168.679946593886,2.3,-6.55436829794885
"Q-18",2008,0,60.326772125182,-168.679946593886,1.7,-6.55436829794885
"Q-18",2009,0,60.326772125182,-168.679946593886,2.3,-6.55436829794885
"Q-18",2010,0,60.326772125182,-168.679946593886,0.7,-6.55436829794885
"Q-18",2011,0,60.326772125182,-168.679946593886,4,-6.55436829794885
"Q-18",2012,0,60.326772125182,-168.679946593886,-0.1,-6.55436829794885
"Q-18",2013,0,60.326772125182,-168.679946593886,4.2,-6.55436829794885
"Q-18",2014,0,60.326772125182,-168.679946593886,3.7,-6.55436829794885
"Q-18",2015,0,60.326772125182,-168.679946593886,4.2,-6.55436829794885
"Q-18",2016,0,60.326772125182,-168.679946593886,3,-6.55436829794885
"Q-18",2017,0,60.326772125182,-168.679946593886,5.1,-6.55436829794885
"Q-18",2018,0,60.326772125182,-168.679946593886,5.7,-6.55436829794885
"Q-18",2019,0,60.326772125182,-168.679946593886,6.1,-6.55436829794885
"Q-18",2021,0,60.326772125182,-168.679946593886,4.3,-6.55436829794885
"Q-18",2022,0,60.326772125182,-168.679946593886,4.9,-6.55436829794885
"Q-18",2023,0,60.326772125182,-168.679946593886,1.9,-6.55436829794885
"Q-19",1988,10173.5629747909,60.3240322377902,-169.327512113691,2.4,9.22754790931701
"Q-19",1989,90.2770522623499,60.3240322377902,-169.327512113691,4,4.50289907259113
"Q-19",1990,0,60.3240322377902,-169.327512113691,2.7,-6.55436829794885
"Q-19",1991,0,60.3240322377902,-169.327512113691,3.1,-6.55436829794885
"Q-19",1993,9352.3991541208,60.3240322377902,-169.327512113691,3,9.14338833563951
"Q-19",1994,22703.8213131757,60.3240322377902,-169.327512113691,-1.3,10.0302885918049
"Q-19",1995,115480.083478242,60.3240322377902,-169.327512113691,1.4,11.6568533689872
"Q-19",1996,21.4033983213881,60.3240322377902,-169.327512113691,NA,3.06361623325269
"Q-19",1997,22.1652931553069,60.3240322377902,-169.327512113691,0.3,3.09859193135318
"Q-19",1998,21.0565571060819,60.3240322377902,-169.327512113691,3.6,3.04727963260075
"Q-19",1999,7037.99764096714,60.3240322377902,-169.327512113691,-1.1,8.85907918500985
"Q-19",2000,11953.5335163788,60.3240322377902,-169.327512113691,1.9,9.38878232451673
"Q-19",2001,5509.91432186707,60.3240322377902,-169.327512113691,-1.3,8.61430461087744
"Q-19",2002,0,60.3240322377902,-169.327512113691,2.7,-6.55436829794885
"Q-19",2003,0,60.3240322377902,-169.327512113691,3.4,-6.55436829794885
"Q-19",2004,0,60.3240322377902,-169.327512113691,4.4,-6.55436829794885
"Q-19",2005,21.5305782802225,60.3240322377902,-169.327512113691,0.3,3.06954030112015
"Q-19",2006,181.80313867052,60.3240322377902,-169.327512113691,-0.8,5.20293227797727
"Q-19",2007,0,60.3240322377902,-169.327512113691,0.8,-6.55436829794885
"Q-19",2008,0,60.3240322377902,-169.327512113691,0.2,-6.55436829794885
"Q-19",2009,21.5909517098277,60.3240322377902,-169.327512113691,-0.4,3.07234027051995
"Q-19",2010,608.874578901212,60.3240322377902,-169.327512113691,-0.9,6.41161463906974
"Q-19",2011,0,60.3240322377902,-169.327512113691,3.1,-6.55436829794885
"Q-19",2012,22.7152879760524,60.3240322377902,-169.327512113691,-1.1,3.12310085882409
"Q-19",2013,0,60.3240322377902,-169.327512113691,1.4,-6.55436829794885
"Q-19",2014,0,60.3240322377902,-169.327512113691,0.9,-6.55436829794885
"Q-19",2015,0,60.3240322377902,-169.327512113691,1.4,-6.55436829794885
"Q-19",2016,0,60.3240322377902,-169.327512113691,1.2,-6.55436829794885
"Q-19",2017,0,60.3240322377902,-169.327512113691,4,-6.55436829794885
"Q-19",2018,0,60.3240322377902,-169.327512113691,4.4,-6.55436829794885
"Q-19",2019,21917.5702612254,60.3240322377902,-169.327512113691,3.5,9.99504395413642
"Q-19",2021,0,60.3240322377902,-169.327512113691,2.6,-6.55436829794885
"Q-19",2022,0,60.3240322377902,-169.327512113691,2.7,-6.55436829794885
"Q-19",2023,0,60.3240322377902,-169.327512113691,-1.1,-6.55436829794885
"Q-20",1988,51602.3861092095,60.3305957511945,-170.023170422934,1.2,10.8513232204204
"Q-20",1989,46822.5822955366,60.3305957511945,-170.023170422934,2,10.7541209236193
"Q-20",1990,22.4025508060441,60.3305957511945,-170.023170422934,1.3,3.109238384553
"Q-20",1991,704.470921568664,60.3305957511945,-170.023170422934,NA,6.55744907641741
"Q-20",1993,50306.7211830974,60.3305957511945,-170.023170422934,2.3,10.8258939973956
"Q-20",1994,21274.0067895253,60.3305957511945,-170.023170422934,NA,9.96524133488878
"Q-20",1995,14930.9477064016,60.3305957511945,-170.023170422934,-0.6,9.6111914605343
"Q-20",1996,1702.2589910569,60.3305957511945,-170.023170422934,0.8,7.43971230268124
"Q-20",1997,65.3945215173244,60.3305957511945,-170.023170422934,-0.3,4.18046025958984
"Q-20",1998,121.244491394665,60.3305957511945,-170.023170422934,2.8,4.79782084081068
"Q-20",1999,3317.34978302873,60.3305957511945,-170.023170422934,-1.5,8.10692191423166
"Q-20",2000,41266.5569067073,60.3305957511945,-170.023170422934,0.6,10.6278077252926
"Q-20",2001,650.034957007359,60.3305957511945,-170.023170422934,-1.2,6.47702833192248
"Q-20",2002,42.9124640323747,60.3305957511945,-170.023170422934,1.6,3.75919550115451
"Q-20",2003,10664.433492905,60.3305957511945,-170.023170422934,1.2,9.27466964467162
"Q-20",2004,0,60.3305957511945,-170.023170422934,1.6,-6.55436829794885
"Q-20",2005,765.22527389867,60.3305957511945,-170.023170422934,-0.5,6.64017212689567
"Q-20",2006,1326.30521212001,60.3305957511945,-170.023170422934,-1.4,7.19015339288224
"Q-20",2007,1104.04945153235,60.3305957511945,-170.023170422934,-1.2,7.00674130857816
"Q-20",2008,6942.99000170268,60.3305957511945,-170.023170422934,-1.3,8.84548800177984
"Q-20",2009,35467.702441315,60.3305957511945,-170.023170422934,-1.3,10.4763778111134
"Q-20",2010,14070.1905034566,60.3305957511945,-170.023170422934,-1.5,9.55181379090656
"Q-20",2011,20069.4615818778,60.3305957511945,-170.023170422934,1.2,9.90695468536665
"Q-20",2012,2517.39594453226,60.3305957511945,-170.023170422934,-1.3,7.83098085649828
"Q-20",2013,2775.66111050685,60.3305957511945,-170.023170422934,-1.3,7.92864474881516
"Q-20",2014,62.3018594364752,60.3305957511945,-170.023170422934,-0.3,4.13201412614673
"Q-20",2015,0,60.3305957511945,-170.023170422934,0.4,-6.55436829794885
"Q-20",2016,87.8042200710429,60.3305957511945,-170.023170422934,1.3,4.47512578050099
"Q-20",2017,57285.5507096693,60.3305957511945,-170.023170422934,0.2,10.955803726643
"Q-20",2018,26686.3537566636,60.3305957511945,-170.023170422934,3.2,10.1919076718348
"Q-20",2019,5675.55769088638,60.3305957511945,-170.023170422934,2.9,8.64392435992274
"Q-20",2021,0,60.3305957511945,-170.023170422934,2.4,-6.55436829794885
"Q-20",2022,40.7386298040762,60.3305957511945,-170.023170422934,1.3,3.70721172857218
"Q-20",2023,386.299866730513,60.3305957511945,-170.023170422934,-1.5,5.95661761062592
"Q-21",1988,50067.2200274501,60.3312947430578,-170.660758070539,0.4,10.8211218105014
"Q-21",1989,3018.10630849191,60.3312947430578,-170.660758070539,1.3,8.01238533530234
"Q-21",1990,98.8409298268128,60.3312947430578,-170.660758070539,0,4.59352619416008
"Q-21",1991,3457.82463717629,60.3312947430578,-170.660758070539,0.2,8.1483953645323
"Q-21",1992,4079.16254098075,60.3312947430578,-170.660758070539,-1.4,8.31364733582832
"Q-21",1993,45596.570440347,60.3312947430578,-170.660758070539,0.9,10.7275878142604
"Q-21",1994,17331.3525580316,60.3312947430578,-170.660758070539,-2,9.76027250902376
"Q-21",1995,15352.836537776,60.3312947430578,-170.660758070539,-1.4,9.63905561942213
"Q-21",1996,3323.45813436061,60.3312947430578,-170.660758070539,-0.2,8.10876155498355
"Q-21",1997,575.936739854316,60.3312947430578,-170.660758070539,-1.1,6.35600030030861
"Q-21",1998,99772.6036230054,60.3312947430578,-170.660758070539,2.2,11.5106489260898
"Q-21",1999,1744.75723771469,60.3312947430578,-170.660758070539,-1.6,7.46437152226192
"Q-21",2000,20446.7427944848,60.3312947430578,-170.660758070539,0.5,9.92557894187035
"Q-21",2001,949.811298163041,60.3312947430578,-170.660758070539,-0.8,6.85626483047161
"Q-21",2002,18.2543629489647,60.3312947430578,-170.660758070539,0.9,2.90448211639822
"Q-21",2003,74493.8527905641,60.3312947430578,-170.660758070539,1.1,11.218471907199
"Q-21",2004,3895.49527275621,60.3312947430578,-170.660758070539,0.4,8.26757647177627
"Q-21",2005,200.514122017127,60.3312947430578,-170.660758070539,-1.2,5.30089177939764
"Q-21",2006,327.985120339878,60.3312947430578,-170.660758070539,-1.6,5.79297258382902
"Q-21",2007,2806.25569913366,60.3312947430578,-170.660758070539,-1.4,7.93960688975575
"Q-21",2008,445.653168402957,60.3312947430578,-170.660758070539,-1.5,6.09954419521343
"Q-21",2009,3683.75738375725,60.3312947430578,-170.660758070539,-1.4,8.21168892499287
"Q-21",2010,10197.1377500992,60.3312947430578,-170.660758070539,-1.6,9.22986248679332
"Q-21",2011,11481.1195407963,60.3312947430578,-170.660758070539,-0.5,9.34845931011342
"Q-21",2012,833.774583331106,60.3312947430578,-170.660758070539,-1.4,6.7259647898026
"Q-21",2013,696.683987257547,60.3312947430578,-170.660758070539,-1.5,6.5463339618708
"Q-21",2014,0,60.3312947430578,-170.660758070539,-0.4,-6.55436829794885
"Q-21",2015,18476.4437917186,60.3312947430578,-170.660758070539,-1,9.82425196822924
"Q-21",2016,1588.5309313902,60.3312947430578,-170.660758070539,1.7,7.37056582194548
"Q-21",2017,82994.2186299419,60.3312947430578,-170.660758070539,-0.8,11.3265262464482
"Q-21",2018,146342.672748859,60.3312947430578,-170.660758070539,2.8,11.8937062339675
"Q-21",2019,13979.1425096681,60.3312947430578,-170.660758070539,2.6,9.5453217788306
"Q-21",2021,21.1566564346078,60.3312947430578,-170.660758070539,2.8,3.05202188059953
"Q-21",2022,18.7711327951798,60.3312947430578,-170.660758070539,0.3,2.93239605215005
"Q-21",2023,1069.09845518107,60.3312947430578,-170.660758070539,-1.6,6.97457233889918
"Q-22",1988,54176.0253267388,60.3329563641945,-171.355322236002,-0.7,10.8999937787053
"Q-22",1989,4581.64027866414,60.3329563641945,-171.355322236002,0.7,8.42981266321785
"Q-22",1990,22271.3298974052,60.3329563641945,-171.355322236002,-0.8,10.0110555393935
"Q-22",1991,25047.9801708666,60.3329563641945,-171.355322236002,-0.5,10.1285485282067
"Q-22",1992,17987.1645946374,60.3329563641945,-171.355322236002,-1.5,9.79741378360251
"Q-22",1993,71671.3721864159,60.3329563641945,-171.355322236002,0.1,11.1798466945682
"Q-22",1994,15011.7070382814,60.3329563641945,-171.355322236002,-2.1,9.61658573974682
"Q-22",1995,15148.4962793208,60.3329563641945,-171.355322236002,-1.5,9.62565664451592
"Q-22",1996,402.347637205622,60.3329563641945,-171.355322236002,-0.4,5.99732002301834
"Q-22",1997,792.118000202032,60.3329563641945,-171.355322236002,-1.2,6.67471216843201
"Q-22",1998,1815.79719419226,60.3329563641945,-171.355322236002,1,7.50428065988126
"Q-22",1999,615.638465548174,60.3329563641945,-171.355322236002,-1.6,6.42266219751039
"Q-22",2000,3028.40182476258,60.3329563641945,-171.355322236002,-0.4,8.01579077895498
"Q-22",2001,3065.89199642817,60.3329563641945,-171.355322236002,0.3,8.02809429702397
"Q-22",2002,41.126838903187,60.3329563641945,-171.355322236002,0.8,3.71669554418132
"Q-22",2003,28225.2856772242,60.3329563641945,-171.355322236002,2.1,10.2479735608388
"Q-22",2004,16266.0991656448,60.3329563641945,-171.355322236002,-0.2,9.69683850274343
"Q-22",2005,1286.70794014806,60.3329563641945,-171.355322236002,-1.4,7.15984335771954
"Q-22",2006,7795.95694407754,60.3329563641945,-171.355322236002,-1.6,8.96136072043356
"Q-22",2007,9922.21536943034,60.3329563641945,-171.355322236002,-1.5,9.20253164238165
"Q-22",2008,3387.60992171232,60.3329563641945,-171.355322236002,-1.6,8.12788033419592
"Q-22",2009,19991.6659598331,60.3329563641945,-171.355322236002,-1.5,9.90307083490715
"Q-22",2010,30357.7186457363,60.3329563641945,-171.355322236002,-1.5,10.3208061321685
"Q-22",2011,21645.9571763521,60.3329563641945,-171.355322236002,-0.6,9.98257404627053
"Q-22",2012,1309.68823947641,60.3329563641945,-171.355322236002,-1.6,7.17754548993074
"Q-22",2013,1670.77431950755,60.3329563641945,-171.355322236002,-1.3,7.42104331455594
"Q-22",2014,15644.9816532092,60.3329563641945,-171.355322236002,-0.6,9.65790557442079
"Q-22",2015,14372.1040386695,60.3329563641945,-171.355322236002,-1.3,9.57304448626323
"Q-22",2016,138560.469587796,60.3329563641945,-171.355322236002,1.7,11.8390621231242
"Q-22",2017,126902.181837095,60.3329563641945,-171.355322236002,-1,11.7511718581327
"Q-22",2018,217500.047034952,60.3329563641945,-171.355322236002,2.5,12.2899543523101
"Q-22",2019,5820.67089297316,60.3329563641945,-171.355322236002,2.2,8.66917105241375
"Q-22",2021,81.5672596282529,60.3329563641945,-171.355322236002,2.3,4.40144540779651
"Q-22",2022,359.0376038276,60.3329563641945,-171.355322236002,0,5.88343109486268
"Q-22",2023,9908.8057537432,60.3329563641945,-171.355322236002,-1.6,9.2011792545523
"Q-23",1988,832.037495589905,60.33664068793,-172.064378711695,-0.5,6.72387921793863
"Q-23",1989,3132.8909511014,60.33664068793,-172.064378711695,1.4,8.04971193829813
"Q-23",1990,0,60.33664068793,-172.064378711695,-1.1,-6.55436829794885
"Q-23",1991,70.6218005597729,60.33664068793,-172.064378711695,-0.2,4.25735904850385
"Q-23",1992,3510.77810906033,60.33664068793,-172.064378711695,-1.1,8.16359338095914
"Q-23",1993,1060.28798286422,60.33664068793,-172.064378711695,0.4,6.96629717507384
"Q-23",1994,2190.22831147029,60.33664068793,-172.064378711695,-2,7.69176171929609
"Q-23",1995,623.901528779273,60.33664068793,-172.064378711695,-1.3,6.43599483169302
"Q-23",1996,537.355032440277,60.33664068793,-172.064378711695,-0.2,6.28666166633051
"Q-23",1997,42.6417635434393,60.33664068793,-172.064378711695,-1,3.75286752906876
"Q-23",1998,79.3893855750097,60.33664068793,-172.064378711695,0.9,4.37438261164249
"Q-23",1999,37.4522845281331,60.33664068793,-172.064378711695,-1.5,3.62310572802968
"Q-23",2000,0,60.33664068793,-172.064378711695,-0.1,-6.55436829794885
"Q-23",2001,411.877736531804,60.33664068793,-172.064378711695,-0.8,6.02073000636231
"Q-23",2002,472.486278239153,60.33664068793,-172.064378711695,1,6.15801171933837
"Q-23",2003,20.2997037634461,60.33664068793,-172.064378711695,0.8,3.01067643354428
"Q-23",2004,317.951647630165,60.33664068793,-172.064378711695,0.2,5.76190379802913
"Q-23",2005,21.0661042592802,60.33664068793,-172.064378711695,-1.3,3.04773290443338
"Q-23",2006,19.7733159024445,60.33664068793,-172.064378711695,-1.6,2.98440535475534
"Q-23",2007,511.285146664508,60.33664068793,-172.064378711695,-1.3,6.23693023643016
"Q-23",2008,5272.39461736303,60.33664068793,-172.064378711695,-1.6,8.57024019499308
"Q-23",2009,1594.45725368161,60.33664068793,-172.064378711695,-0.7,7.37428957050669
"Q-23",2010,36537.1057705472,60.33664068793,-172.064378711695,-1.5,10.5060836586105
"Q-23",2011,1336.52069921697,60.33664068793,-172.064378711695,-0.4,7.19782608845284
"Q-23",2012,1101.6552580516,60.33664068793,-172.064378711695,-1.4,7.00457040027886
"Q-23",2013,837.916670256762,60.33664068793,-172.064378711695,-1.5,6.7309203560141
"Q-23",2014,226.290863943876,60.33664068793,-172.064378711695,-0.5,5.42182747263291
"Q-23",2015,147.935359547797,60.33664068793,-172.064378711695,-0.6,4.99678504352677
"Q-23",2016,1479.29159863668,60.33664068793,-172.064378711695,0.4,7.29931956514181
"Q-23",2017,45898.2468473143,60.33664068793,-172.064378711695,-1.1,10.7341822312941
"Q-23",2018,7428.69864526146,60.33664068793,-172.064378711695,3.4,8.9131061653584
"Q-23",2019,4683.15677356334,60.33664068793,-172.064378711695,2.1,8.45172798983129
"Q-23",2021,2571.52504539609,60.33664068793,-172.064378711695,2.1,7.85225495848423
"Q-23",2022,286725.85399373,60.33664068793,-172.064378711695,0.1,12.5662818306361
"Q-23",2023,2839.4347429534,60.33664068793,-172.064378711695,-1.1,7.95136077864059
"Q-25",1988,97.6316364440663,60.3121520683931,-173.392695441567,0.4,4.5812161689116
"Q-25",1989,3949.76184207237,60.3121520683931,-173.392695441567,3.5,8.28141092342937
"Q-25",1992,0,60.3121520683931,-173.392695441567,NA,-6.55436829794885
"Q-25",1993,41.63549898615,60.3121520683931,-173.392695441567,1.2,3.72898734255798
"Q-25",1994,20.8905236482825,60.3121520683931,-173.392695441567,NA,3.03936379909927
"Q-25",1995,84.7703945537083,60.3121520683931,-173.392695441567,NA,4.43996315779711
"Q-25",1997,152.684055045035,60.3121520683931,-173.392695441567,NA,5.02838011226781
"Q-25",1998,76.4923381413574,60.3121520683931,-173.392695441567,1.3,4.33720919533009
"Q-25",1999,689.616500621114,60.3121520683931,-173.392695441567,-1.3,6.53613771162068
"Q-25",2000,363.5086917072,60.3121520683931,-173.392695441567,0.6,5.89580712489243
"Q-25",2001,0,60.3121520683931,-173.392695441567,1.3,-6.55436829794885
"Q-25",2002,656.285039633898,60.3121520683931,-173.392695441567,2.2,6.48659737581512
"Q-25",2003,0,60.3121520683931,-173.392695441567,2.5,-6.55436829794885
"Q-25",2004,27.7095706982371,60.3121520683931,-173.392695441567,1.8,3.3218292506988
"Q-25",2006,17161.0164215633,60.3121520683931,-173.392695441567,-1,9.75039568628553
"Q-25",2007,1910.19453367212,60.3121520683931,-173.392695441567,0.3,7.55496111135621
"Q-25",2008,9824.74610110224,60.3121520683931,-173.392695441567,-1.3,9.19265973920467
"Q-25",2009,1411.26880241347,60.3121520683931,-173.392695441567,-0.8,7.25224544754577
"Q-25",2010,253.678449031139,60.3121520683931,-173.392695441567,0,5.53607312925705
"Q-25",2011,0,60.3121520683931,-173.392695441567,-0.9,-6.55436829794885
"Q-25",2012,128.969194046182,60.3121520683931,-173.392695441567,-1.4,4.85958461042041
"Q-25",2013,1204.29188659812,60.3121520683931,-173.392695441567,-0.8,7.09364820955547
"Q-25",2014,566.359510346729,60.3121520683931,-173.392695441567,0.6,6.33923156794712
"Q-25",2015,40.7068560172237,60.3121520683931,-173.392695441567,0.2,3.70643150908663
"Q-25",2016,0,60.3121520683931,-173.392695441567,1.2,-6.55436829794885
"Q-25",2017,5548.16917379653,60.3121520683931,-173.392695441567,0.1,8.6212235303633
"Q-25",2018,13112.4628214787,60.3121520683931,-173.392695441567,3.9,9.48131852594093
"Q-25",2019,43.0957709667731,60.3121520683931,-173.392695441567,2.8,3.76345791027757
"Q-25",2021,0,60.3121520683931,-173.392695441567,2.9,-6.55436829794885
"Q-25",2022,0,60.3121520683931,-173.392695441567,2.4,-6.55436829794885
"Q-25",2023,18.9263460682957,60.3121520683931,-173.392695441567,-0.9,2.94063015322873
"Q-26",1988,10670.9700246093,60.3368765086983,-174.076047487702,-1.3,9.27528238499602
"Q-26",1989,16161.5470917163,60.3368765086983,-174.076047487702,1.7,9.69039015146931
"Q-26",1990,13478.6220020305,60.3368765086983,-174.076047487702,-0.7,9.50886025951229
"Q-26",1991,5512.31643052421,60.3368765086983,-174.076047487702,NA,8.61474047692461
"Q-26",1992,4409.90330227666,60.3368765086983,-174.076047487702,-1.3,8.39160836416188
"Q-26",1993,118217.216072439,60.3368765086983,-174.076047487702,1.3,11.6802790374436
"Q-26",1994,718.025190488177,60.3368765086983,-174.076047487702,-1.2,6.57650663572925
"Q-26",1995,16147.580313066,60.3368765086983,-174.076047487702,NA,9.68952557978873
"Q-26",1996,21681.7389578633,60.3368765086983,-174.076047487702,1.9,9.98422572824241
"Q-26",1997,883.827659252566,60.3368765086983,-174.076047487702,1.2,6.78426369907377
"Q-26",1998,153.229924887433,60.3368765086983,-174.076047487702,1.6,5.03194886280603
"Q-26",1999,229.587121087507,60.3368765086983,-174.076047487702,-0.3,5.43628877195324
"Q-26",2000,2679.70722157751,60.3368765086983,-174.076047487702,1.1,7.8934633532143
"Q-26",2001,143776.503483813,60.3368765086983,-174.076047487702,1.5,11.8760153236299
"Q-26",2002,1190.65604155323,60.3368765086983,-174.076047487702,1.7,7.0822609255005
"Q-26",2003,1681.68323655766,60.3368765086983,-174.076047487702,1.4,7.42755134402651
"Q-26",2004,476.123183320832,60.3368765086983,-174.076047487702,1.6,6.16567959981105
"Q-26",2005,75102.3562535553,60.3368765086983,-174.076047487702,1.2,11.2266072311002
"Q-26",2006,11373.5329957666,60.3368765086983,-174.076047487702,-0.9,9.33904439328959
"Q-26",2007,8004.15601136652,60.3368765086983,-174.076047487702,-0.2,8.98771636508147
"Q-26",2008,12017.1769607539,60.3368765086983,-174.076047487702,-0.4,9.39409243715795
"Q-26",2009,6272.39446025804,60.3368765086983,-174.076047487702,0.5,8.74391367932085
"Q-26",2010,59165.4523571201,60.3368765086983,-174.076047487702,-0.2,10.9880930995434
"Q-26",2011,4934.48302382759,60.3368765086983,-174.076047487702,0.6,8.50400347786115
"Q-26",2012,8450.34054446975,60.3368765086983,-174.076047487702,-0.9,9.04196218915978
"Q-26",2013,41989.3331292951,60.3368765086983,-174.076047487702,-1.1,10.6451709258074
"Q-26",2014,11345.9961314345,60.3368765086983,-174.076047487702,0.8,9.33662032241994
"Q-26",2015,835.781243571135,60.3368765086983,-174.076047487702,-0.8,6.72836861212612
"Q-26",2016,7053.13599447938,60.3368765086983,-174.076047487702,1.1,8.86122782069361
"Q-26",2017,50102.2318794245,60.3368765086983,-174.076047487702,0.4,10.8218208629917
"Q-26",2018,225674.171403884,60.3368765086983,-174.076047487702,3.3,12.3268475248346
"Q-26",2019,48922.6035630944,60.3368765086983,-174.076047487702,2.5,10.7979948383216
"Q-26",2021,199.674456105158,60.3368765086983,-174.076047487702,2.1,5.29669545189132
"Q-26",2022,40.6126015897198,60.3368765086983,-174.076047487702,0,3.70411346192161
"Q-26",2023,4439.44601992961,60.3368765086983,-174.076047487702,-0.1,8.39828519808981
"Q-27",1988,929.552920123982,60.3309184979269,-174.7093356879,0.6,6.83470527130078
"Q-27",1989,4507.47874194031,60.3309184979269,-174.7093356879,2.4,8.41349355480653
"Q-27",1990,476.513933697561,60.3309184979269,-174.7093356879,-0.1,6.16649995254259
"Q-27",1991,372.343977693058,60.3309184979269,-174.7093356879,-0.3,5.91982192234254
"Q-27",1992,1294.8649205198,60.3309184979269,-174.7093356879,-0.2,7.16616275985113
"Q-27",1993,14571.918062051,60.3309184979269,-174.7093356879,1.7,9.58685163285469
"Q-27",1994,4530.20523044144,60.3309184979269,-174.7093356879,NA,8.41852283649252
"Q-27",1995,63605.3865594892,60.3309184979269,-174.7093356879,-0.3,11.0604534624596
"Q-27",1996,30807.8954182197,60.3309184979269,-174.7093356879,3.2,10.3355263270764
"Q-27",1997,4505.86280197935,60.3309184979269,-174.7093356879,1.6,8.41313498868322
"Q-27",1998,3187.37135215199,60.3309184979269,-174.7093356879,1.6,8.06695227526904
"Q-27",1999,640.112210368167,60.3309184979269,-174.7093356879,0.5,6.46164571410893
"Q-27",2000,854.170897126877,60.3309184979269,-174.7093356879,1.4,6.75013295447441
"Q-27",2001,1686.71991270283,60.3309184979269,-174.7093356879,1.7,7.4305418860831
"Q-27",2002,2441.5639082893,60.3309184979269,-174.7093356879,1.7,7.80039464217354
"Q-27",2003,0,60.3309184979269,-174.7093356879,1,-6.55436829794885
"Q-27",2004,0,60.3309184979269,-174.7093356879,2.2,-6.55436829794885
"Q-27",2005,0,60.3309184979269,-174.7093356879,2,-6.55436829794885
"Q-27",2006,147.674449815312,60.3309184979269,-174.7093356879,0.8,4.99501982952836
"Q-27",2007,878.439532331415,60.3309184979269,-174.7093356879,0.5,6.77814869559439
"Q-27",2008,651.60232949116,60.3309184979269,-174.7093356879,-0.6,6.47943663695257
"Q-27",2009,442.431024319955,60.3309184979269,-174.7093356879,0.8,6.09228779336385
"Q-27",2010,30098.91216711,60.3309184979269,-174.7093356879,1,10.3122443567631
"Q-27",2011,23303.7886561575,60.3309184979269,-174.7093356879,1.1,10.0563712907048
"Q-27",2012,3945.88635515708,60.3309184979269,-174.7093356879,0,8.28042924700916
"Q-27",2013,48098.4173254488,60.3309184979269,-174.7093356879,0.2,10.7810045813192
"Q-27",2014,366.771430736486,60.3309184979269,-174.7093356879,1.5,5.90474273169646
"Q-27",2015,0,60.3309184979269,-174.7093356879,0.7,-6.55436829794885
"Q-27",2016,21.5921265187529,60.3309184979269,-174.7093356879,1.3,3.07239467754717
"Q-27",2017,502.609473546288,60.3309184979269,-174.7093356879,1.7,6.21981630698415
"Q-27",2018,322.015297459694,60.3309184979269,-174.7093356879,3.2,5.77460347382886
"Q-27",2019,679.896321939479,60.3309184979269,-174.7093356879,2.4,6.52194241307101
"Q-27",2021,98274.422411617,60.3309184979269,-174.7093356879,1.9,11.4955190874949
"Q-27",2022,99.4198861210515,60.3309184979269,-174.7093356879,1,4.59936647703419
"Q-27",2023,4969.61455977648,60.3309184979269,-174.7093356879,0.8,8.51109784923593
"Q-28",1988,11214.7939261159,60.3340979880909,-175.385493231685,0.8,9.32498919890533
"Q-28",1989,73564.0860245915,60.3340979880909,-175.385493231685,2.6,11.2059122433582
"Q-28",1990,26606.2769108537,60.3340979880909,-175.385493231685,1.3,10.1889024945413
"Q-28",1991,673.062207255371,60.3340979880909,-175.385493231685,0.5,6.51183987367073
"Q-28",1992,7527.57104109001,60.3340979880909,-175.385493231685,0.8,8.92632788700793
"Q-28",1993,1231.58582605328,60.3340979880909,-175.385493231685,1.8,7.11605906355711
"Q-28",1994,4214.7212526182,60.3340979880909,-175.385493231685,0.3,8.34633907384679
"Q-28",1995,109367.977367703,60.3340979880909,-175.385493231685,0.5,11.6024734276939
"Q-28",1996,3512.02843521204,60.3340979880909,-175.385493231685,3.7,8.16394945673883
"Q-28",1997,42622.0707842123,60.3340979880909,-175.385493231685,2.2,10.6601275250266
"Q-28",1998,16837.3126183545,60.3340979880909,-175.385493231685,1.5,9.73135277639551
"Q-28",1999,41.2726567723576,60.3340979880909,-175.385493231685,0.7,3.7202347158915
"Q-28",2000,1745.41409284814,60.3340979880909,-175.385493231685,1.4,7.46474792476085
"Q-28",2001,818.113586148465,60.3340979880909,-175.385493231685,2.2,6.70700292577894
"Q-28",2002,57.6609962238063,60.3340979880909,-175.385493231685,1.7,4.05460566333533
"Q-28",2003,18.7817743083273,60.3340979880909,-175.385493231685,3.3,2.9329627569584
"Q-28",2004,35.9322861468714,60.3340979880909,-175.385493231685,2.6,3.58167585293153
"Q-28",2005,18.8702379941148,60.3340979880909,-175.385493231685,2.5,2.93766142525173
"Q-28",2006,0,60.3340979880909,-175.385493231685,1.3,-6.55436829794885
"Q-28",2007,118.779401114524,60.3340979880909,-175.385493231685,1,4.77727998814851
"Q-28",2008,174.128202698133,60.3340979880909,-175.385493231685,0.4,5.15980000220031
"Q-28",2009,919.777789418719,60.3340979880909,-175.385493231685,1.1,6.82413365569931
"Q-28",2010,28216.0009790763,60.3340979880909,-175.385493231685,1.5,10.2476445570789
"Q-28",2011,102955.83107993,60.3340979880909,-175.385493231685,1.6,11.5420553646036
"Q-28",2012,2396.58045420941,60.3340979880909,-175.385493231685,0.8,7.78179878371247
"Q-28",2013,4990.12655518535,60.3340979880909,-175.385493231685,0.6,8.51521683552438
"Q-28",2014,311.339182181758,60.3340979880909,-175.385493231685,1.7,5.74088750923589
"Q-28",2015,87.8568053851693,60.3340979880909,-175.385493231685,1.2,4.47572448431792
"Q-28",2016,41.0749889112593,60.3340979880909,-175.385493231685,1.4,3.71543405878676
"Q-28",2017,164.236246476333,60.3340979880909,-175.385493231685,1.9,5.1013145882359
"Q-28",2018,68.8295524044445,60.3340979880909,-175.385493231685,2.9,4.23165388033549
"Q-28",2019,20.5904028581002,60.3340979880909,-175.385493231685,2.6,3.02489423687861
"Q-28",2021,427.581727042599,60.3340979880909,-175.385493231685,2,6.05814877455006
"Q-28",2022,57.9637007482346,60.3340979880909,-175.385493231685,1.1,4.05984153021557
"Q-28",2023,213.228957489948,60.3340979880909,-175.385493231685,1.3,5.36237318388412
"Q-29",1988,10246.9584758607,60.3348352880534,-176.034308985244,1.3,9.23473634542647
"Q-29",1989,75592.9741977214,60.3348352880534,-176.034308985244,2.5,11.2331186427926
"Q-29",1990,18576.332005396,60.3348352880534,-176.034308985244,1.4,9.82964365324245
"Q-29",1991,5791.90629447247,60.3348352880534,-176.034308985244,0.9,8.66421700133409
"Q-29",1992,811.197134812443,60.3348352880534,-176.034308985244,1.6,6.69851285607806
"Q-29",1993,103.935639472253,60.3348352880534,-176.034308985244,2,4.64378555590336
"Q-29",1994,1857.26446422371,60.3348352880534,-176.034308985244,1.7,7.52686073263566
"Q-29",1995,27032.1342400644,60.3348352880534,-176.034308985244,1.1,10.2047816470241
"Q-29",1996,6446.25666722067,60.3348352880534,-176.034308985244,2.8,8.77125510052866
"Q-29",1997,6856.55296135746,60.3348352880534,-176.034308985244,2,8.83296031833283
"Q-29",1998,1670.3537751516,60.3348352880534,-176.034308985244,1.9,7.42079157682676
"Q-29",1999,1453.24332727694,60.3348352880534,-176.034308985244,1,7.28155409477999
"Q-29",2000,1034.83787442065,60.3348352880534,-176.034308985244,1.3,6.94200142630387
"Q-29",2001,338.899055449922,60.3348352880534,-176.034308985244,2.2,5.82570649298785
"Q-29",2002,274.709897026861,60.3348352880534,-176.034308985244,1.9,5.61572080415198
"Q-29",2003,115.708796724375,60.3348352880534,-176.034308985244,3.5,4.75108896743234
"Q-29",2004,94.0151850175655,60.3348352880534,-176.034308985244,2.6,4.54347145708355
"Q-29",2005,1607.51888890161,60.3348352880534,-176.034308985244,3,7.38244809228927
"Q-29",2006,390.796016103574,60.3348352880534,-176.034308985244,1.6,5.96818936944509
"Q-29",2007,379.14855649514,60.3348352880534,-176.034308985244,1.2,5.93793185339221
"Q-29",2008,20.1809267384851,60.3348352880534,-176.034308985244,0.7,3.0048084908246
"Q-29",2009,565.876029952147,60.3348352880534,-176.034308985244,1.4,6.33837754210051
"Q-29",2010,4635.00226977932,60.3348352880534,-176.034308985244,1.8,8.44139227490608
"Q-29",2011,83248.2060164002,60.3348352880534,-176.034308985244,1.6,11.329581875362
"Q-29",2012,22514.8290218348,60.3348352880534,-176.034308985244,1.3,10.0219295019819
"Q-29",2013,557.604480876867,60.3348352880534,-176.034308985244,1,6.32365244898658
"Q-29",2014,0,60.3348352880534,-176.034308985244,1.9,-6.55436829794885
"Q-29",2015,827.280882989244,60.3348352880534,-176.034308985244,2.1,6.71814599937406
"Q-29",2016,289.186228375201,60.3348352880534,-176.034308985244,1.7,5.6670757931672
"Q-29",2017,37.0058130083036,60.3348352880534,-176.034308985244,2.7,3.61111348514991
"Q-29",2018,42.6669894350836,60.3348352880534,-176.034308985244,2.6,3.75345891153398
"Q-29",2019,78942.2823681087,60.3348352880534,-176.034308985244,3.1,11.2764722795304
"Q-29",2021,5678.09249903976,60.3348352880534,-176.034308985244,2.3,8.64437087844627
"Q-29",2022,2152.88188650485,60.3348352880534,-176.034308985244,1.3,7.67456329728289
"Q-29",2023,1620.75023887055,60.3348352880534,-176.034308985244,1.6,7.39064530997011
"Q-30",1988,31343.991119012,60.33489745468,-176.719647550869,1.4,10.3527779022725
"Q-30",1989,972297.982684789,60.33489745468,-176.719647550869,2.1,13.7874176044732
"Q-30",1990,38108.2136897233,60.33489745468,-176.719647550869,1.7,10.5481851576519
"Q-30",1991,324245.551597099,60.33489745468,-176.719647550869,1,12.6892563874231
"Q-30",1992,99515.1961687868,60.33489745468,-176.719647550869,1.8,11.508065651108
"Q-30",1993,67750.4358811543,60.33489745468,-176.719647550869,1.5,11.123586193408
"Q-30",1994,17695.357806867,60.33489745468,-176.719647550869,1.6,9.78105769383086
"Q-30",1995,4364.5419689386,60.33489745468,-176.719647550869,1.5,8.38126885634632
"Q-30",1996,68264.7510669131,60.33489745468,-176.719647550869,3.2,11.1311488434006
"Q-30",1997,95017.9708045617,60.33489745468,-176.719647550869,2,11.4618213340422
"Q-30",1998,20964.790845458,60.33489745468,-176.719647550869,2.4,9.9505997511055
"Q-30",1999,18827.1616928481,60.33489745468,-176.719647550869,0.2,9.84305595266605
"Q-30",2000,26572.7929810067,60.33489745468,-176.719647550869,0.8,10.1876432046535
"Q-30",2001,21206.7398907438,60.33489745468,-176.719647550869,1.4,9.96207439665205
"Q-30",2002,17839.2674854736,60.33489745468,-176.719647550869,1.5,9.789157424877
"Q-30",2003,7397.50212615985,60.33489745468,-176.719647550869,2.3,8.90889786417177
"Q-30",2004,4302.51864959411,60.33489745468,-176.719647550869,2,8.36695619361256
"Q-30",2005,3544.60074075987,60.33489745468,-176.719647550869,2.5,8.17318120830807
"Q-30",2006,37134.3042964665,60.33489745468,-176.719647550869,1.9,10.5222965038292
"Q-30",2007,2951.7552612198,60.33489745468,-176.719647550869,1.5,7.99015575857735
"Q-30",2008,2637.96209521026,60.33489745468,-176.719647550869,0.9,7.87776250417948
"Q-30",2009,2081.96244130342,60.33489745468,-176.719647550869,1.2,7.6410668932056
"Q-30",2010,3537.5065511392,60.33489745468,-176.719647550869,2.1,8.17117779637192
"Q-30",2011,11092.8115602157,60.33489745468,-176.719647550869,1.6,9.31405269868532
"Q-30",2012,5193.98323559755,60.33489745468,-176.719647550869,1.1,8.55525643871036
"Q-30",2013,19.187363616836,60.33489745468,-176.719647550869,1.2,2.9543261240155
"Q-30",2014,59.5531922639435,60.33489745468,-176.719647550869,1.8,4.08689380994219
"Q-30",2015,21.1153468999636,60.33489745468,-176.719647550869,2.3,3.05006754856908
"Q-30",2016,0,60.33489745468,-176.719647550869,1.5,-6.55436829794885
"Q-30",2017,0,60.33489745468,-176.719647550869,2.6,-6.55436829794885
"Q-30",2018,65.0000815643705,60.33489745468,-176.719647550869,2.2,4.17441043034163
"Q-30",2019,5834.26769434088,60.33489745468,-176.719647550869,1.9,8.67150427864433
"Q-30",2021,0,60.33489745468,-176.719647550869,1.7,-6.55436829794885
"Q-30",2022,0,60.33489745468,-176.719647550869,1.9,-6.55436829794885
"Q-30",2023,0,60.33489745468,-176.719647550869,1.7,-6.55436829794885
"Q-31",1988,2979.06060499432,60.3318262831461,-177.380876746067,1.8,7.99936377454295
"Q-31",1989,1779.80363485359,60.3318262831461,-177.380876746067,1.7,7.4842591197244
"Q-31",1990,0,60.3318262831461,-177.380876746067,0.8,-6.55436829794885
"Q-31",1991,11334.440651433,60.3318262831461,-177.380876746067,0.8,9.33560134031998
"Q-31",1992,42.2707644251503,60.3318262831461,-177.380876746067,1.6,3.74412938298561
"Q-31",1993,103.332592594819,60.3318262831461,-177.380876746067,1.7,4.63796661985572
"Q-31",1994,20.2089025131026,60.3318262831461,-177.380876746067,1.4,3.00619368146596
"Q-31",1995,40.0530576162706,60.3318262831461,-177.380876746067,1.3,3.69024056484039
"Q-31",1996,0,60.3318262831461,-177.380876746067,3.1,-6.55436829794885
"Q-31",1997,0,60.3318262831461,-177.380876746067,2.5,-6.55436829794885
"Q-31",1998,37.4779654119392,60.3318262831461,-177.380876746067,2.5,3.62379116305368
"Q-31",1999,158.312265223663,60.3318262831461,-177.380876746067,0.5,5.06457843886335
"Q-31",2000,61.9281508471611,60.3318262831461,-177.380876746067,0.8,4.12599784796714
"Q-31",2001,0,60.3318262831461,-177.380876746067,0.8,-6.55436829794885
"Q-31",2002,319.169858231073,60.3318262831461,-177.380876746067,NA,5.76572789321099
"Q-31",2003,0,60.3318262831461,-177.380876746067,2.7,-6.55436829794885
"Q-31",2004,52.7034278710347,60.3318262831461,-177.380876746067,1.9,3.96470751493566
"Q-31",2005,0,60.3318262831461,-177.380876746067,1.9,-6.55436829794885
"Q-31",2006,128.628933189888,60.3318262831461,-177.380876746067,1.7,4.85694284204837
"Q-31",2007,19.458137895272,60.3318262831461,-177.380876746067,1.6,2.96833855735344
"Q-31",2008,0,60.3318262831461,-177.380876746067,0.7,-6.55436829794885
"Q-31",2009,230.494695155482,60.3318262831461,-177.380876746067,1,5.4402340251476
"Q-31",2010,104.078928042032,60.3318262831461,-177.380876746067,2,4.64516321548297
"Q-31",2011,7915.57149091278,60.3318262831461,-177.380876746067,2,8.97658735311878
"Q-31",2012,0,60.3318262831461,-177.380876746067,0.7,-6.55436829794885
"Q-31",2013,0,60.3318262831461,-177.380876746067,1.5,-6.55436829794885
"Q-31",2014,0,60.3318262831461,-177.380876746067,1.7,-6.55436829794885
"Q-31",2015,0,60.3318262831461,-177.380876746067,2.1,-6.55436829794885
"Q-31",2016,0,60.3318262831461,-177.380876746067,1.5,-6.55436829794885
"Q-31",2017,0,60.3318262831461,-177.380876746067,2.4,-6.55436829794885
"Q-31",2018,0,60.3318262831461,-177.380876746067,2.6,-6.55436829794885
"Q-31",2019,0,60.3318262831461,-177.380876746067,2.3,-6.55436829794885
"Q-31",2021,0,60.3318262831461,-177.380876746067,1.5,-6.55436829794885
"Q-31",2022,69.3437313330434,60.3318262831461,-177.380876746067,1.6,4.23909628440842
"Q-31",2023,41.1122319595618,60.3318262831461,-177.380876746067,1.8,3.71634032523647
"R-22",1988,25577.6793742212,60.6635760917942,-171.433897470097,0.2,10.1494754063667
"R-22",1989,7062.19649272882,60.6635760917942,-171.433897470097,0.3,8.86251160167065
"R-22",1990,11797.3608410183,60.6635760917942,-171.433897470097,-1,9.37563124859282
"R-22",1991,40344.8608759807,60.6635760917942,-171.433897470097,NA,10.605219337211
"R-22",1992,34832.1935179806,60.6635760917942,-171.433897470097,-1.6,10.45829738009
"R-22",1993,45672.0817225063,60.6635760917942,-171.433897470097,0.4,10.7292425181537
"R-22",1994,8034.15625489473,60.6635760917942,-171.433897470097,-1.4,8.99145744116138
"R-22",1995,20829.0513777668,60.6635760917942,-171.433897470097,-1.5,9.9441040604246
"R-22",1996,11759.4323246869,60.6635760917942,-171.433897470097,-0.7,9.37241106966144
"R-22",1997,2914.08211643261,60.6635760917942,-171.433897470097,-1.2,7.97731065494911
"R-22",1998,7243.70015216153,60.6635760917942,-171.433897470097,1.4,8.88788762213644
"R-22",1999,1085.56663062857,60.6635760917942,-171.433897470097,NA,6.98985868151309
"R-22",2000,5017.94162546315,60.6635760917942,-171.433897470097,-1,8.52077537758839
"R-22",2001,12086.2474206136,60.6635760917942,-171.433897470097,-0.6,9.39982362619288
"R-22",2002,103.903721099251,60.6635760917942,-171.433897470097,0.8,4.64347841546727
"R-22",2003,18406.223245675,60.6635760917942,-171.433897470097,1,9.82044418364599
"R-22",2004,24080.0972375458,60.6635760917942,-171.433897470097,0,10.0891409966497
"R-22",2005,2106.21798770211,60.6635760917942,-171.433897470097,-1.1,7.65264987130521
"R-22",2006,1117.47430655582,60.6635760917942,-171.433897470097,-1.6,7.01882760852292
"R-22",2007,3358.21309209356,60.6635760917942,-171.433897470097,-1.6,8.11916471766251
"R-22",2008,1540.08762174647,60.6635760917942,-171.433897470097,-1.6,7.33959551557276
"R-22",2009,107553.749716967,60.6635760917942,-171.433897470097,-1.5,11.5857460121987
"R-22",2010,81639.1010861045,60.6635760917942,-171.433897470097,-1.6,11.3100636236001
"R-22",2011,22111.1443163152,60.6635760917942,-171.433897470097,-0.9,10.0038370925088
"R-22",2012,6124.94217013621,60.6635760917942,-171.433897470097,-1.5,8.72012482623065
"R-22",2013,18891.5585025717,60.6635760917942,-171.433897470097,-1.5,9.84647053657011
"R-22",2014,13079.9367863252,60.6635760917942,-171.433897470097,-1.1,9.47883490100976
"R-22",2015,33789.1125619048,60.6635760917942,-171.433897470097,-1.3,10.4278939581685
"R-22",2016,123174.181460271,60.6635760917942,-171.433897470097,-0.4,11.7213547536102
"R-22",2017,34108.1831785993,60.6635760917942,-171.433897470097,-1.2,10.43729265214
"R-22",2018,83623.3978161903,60.6635760917942,-171.433897470097,2.7,11.3340786551256
"R-22",2019,88107.1693465311,60.6635760917942,-171.433897470097,2.2,11.3863092021468
"R-22",2021,468.417768923393,60.6635760917942,-171.433897470097,2,6.14936360613057
"R-22",2022,257.80069576108,60.6635760917942,-171.433897470097,0.2,5.55219231251602
"R-22",2023,14807.9955477102,60.6635760917942,-171.433897470097,-1.1,9.60292264974171
"R-23",1988,17365.8880570071,60.6627053309301,-172.108725887527,-0.8,9.76226318649169
"R-23",1989,35157.6520654281,60.6627053309301,-172.108725887527,0.9,10.4675976114978
"R-23",1990,46585.2248597792,60.6627053309301,-172.108725887527,-1.2,10.7490387373088
"R-23",1991,64922.817429872,60.6627053309301,-172.108725887527,-1,11.0809544411072
"R-23",1992,28693.2356971057,60.6627053309301,-172.108725887527,-1.5,10.2644167335965
"R-23",1993,56937.0179918308,60.6627053309301,-172.108725887527,-0.8,10.9497010134084
"R-23",1994,22016.4933452445,60.6627053309301,-172.108725887527,-1.4,9.99954721364219
"R-23",1995,10595.0414067001,60.6627053309301,-172.108725887527,-1.3,9.26814151322204
"R-23",1996,12515.3230750666,60.6627053309301,-172.108725887527,-0.8,9.43470913233106
"R-23",1997,1755.9249289526,60.6627053309301,-172.108725887527,-0.9,7.47075183301637
"R-23",1998,13242.8550950316,60.6627053309301,-172.108725887527,0.5,9.49121355538316
"R-23",1999,3584.02998949225,60.6627053309301,-172.108725887527,-1.7,8.18424353894879
"R-23",2000,11792.1651984945,60.6627053309301,-172.108725887527,-1.2,9.37519074444942
"R-23",2001,5088.67204679645,60.6627053309301,-172.108725887527,-1.2,8.53477246078069
"R-23",2002,537.669655773547,60.6627053309301,-172.108725887527,0.5,6.28724699709037
"R-23",2003,13588.8632423768,60.6627053309301,-172.108725887527,0.7,9.5170059618054
"R-23",2004,21393.7711946877,60.6627053309301,-172.108725887527,-0.2,9.97085515952923
"R-23",2005,5964.67905496146,60.6627053309301,-172.108725887527,-1.4,8.69361076710293
"R-23",2006,575.125269678986,60.6627053309301,-172.108725887527,-1.6,6.35459035315469
"R-23",2007,1079.11903183384,60.6627053309301,-172.108725887527,-1.5,6.9839015954646
"R-23",2008,1376.48293325468,60.6627053309301,-172.108725887527,-1.6,7.2272879602876
"R-23",2009,21092.4831862388,60.6627053309301,-172.108725887527,-1.5,9.95667207640201
"R-23",2010,65561.0172080976,60.6627053309301,-172.108725887527,-0.7,11.0907365701376
"R-23",2011,12849.6239681207,60.6627053309301,-172.108725887527,-1.1,9.4610699375251
"R-23",2012,14110.682520215,60.6627053309301,-172.108725887527,-1.3,9.55468751596815
"R-23",2013,5784.43503010299,60.6627053309301,-172.108725887527,-1.6,8.66292621984114
"R-23",2014,7260.62107807901,60.6627053309301,-172.108725887527,0.2,8.8902208482148
"R-23",2015,38552.7880545002,60.6627053309301,-172.108725887527,-1.2,10.5597837363835
"R-23",2016,27139.2370702926,60.6627053309301,-172.108725887527,-0.7,10.2087358745639
"R-23",2017,36318.7266112318,60.6627053309301,-172.108725887527,-1.3,10.5000888110423
"R-23",2018,252881.95785676,60.6627053309301,-172.108725887527,2.6,12.4406780947266
"R-23",2019,49352.6886559599,60.6627053309301,-172.108725887527,2,10.8067475536058
"R-23",2021,62.6224187436252,60.6627053309301,-172.108725887527,1.9,4.13714607820715
"R-23",2022,33962.2689376374,60.6627053309301,-172.108725887527,-0.2,10.4330054921812
"R-23",2023,1676.88457058857,60.6627053309301,-172.108725887527,-1.2,7.42469377768206
"R-24",1988,85.9921401701516,60.6692986541298,-172.766007345133,2.9,4.45427245685083
"R-24",1989,23.261310155396,60.6692986541298,-172.766007345133,3.5,3.14685268263558
"R-24",1990,2397.75265552481,60.6692986541298,-172.766007345133,2.5,7.78228777795449
"R-24",1991,386757.176769974,60.6692986541298,-172.766007345133,2.1,12.8655523285575
"R-24",1992,82049.4588609627,60.6692986541298,-172.766007345133,1.6,11.3150775186154
"R-24",1993,835.711918185209,60.6692986541298,-172.766007345133,2.7,6.72828566201967
"R-24",1994,0,60.6692986541298,-172.766007345133,NA,-6.55436829794885
"R-24",1995,0,60.6692986541298,-172.766007345133,NA,-6.55436829794885
"R-24",1996,0,60.6692986541298,-172.766007345133,3.2,-6.55436829794885
"R-24",1997,203.9637656419,60.6692986541298,-172.766007345133,3.1,5.31794933969515
"R-24",1998,79.8508168758082,60.6692986541298,-172.766007345133,3.2,4.38017793635696
"R-24",1999,705.734256947633,60.6692986541298,-172.766007345133,-0.1,6.55924077763225
"R-24",2000,323.953769789375,60.6692986541298,-172.766007345133,2,5.78060521509166
"R-24",2001,207.791931705595,60.6692986541298,-172.766007345133,2.9,5.33654410311853
"R-24",2002,0,60.6692986541298,-172.766007345133,NA,-6.55436829794885
"R-24",2003,61.8429107071881,60.6692986541298,-172.766007345133,4.4,4.12462049543916
"R-24",2004,32.3938448409317,60.6692986541298,-172.766007345133,3.6,3.4780123850669
"R-24",2005,336.165433552679,60.6692986541298,-172.766007345133,2.8,5.8176076362066
"R-24",2006,63.6332902283851,60.6692986541298,-172.766007345133,0.4,4.15315914078738
"R-24",2007,21.2174194139237,60.6692986541298,-172.766007345133,2.3,3.05488962161415
"R-24",2008,875.634992070395,60.6692986541298,-172.766007345133,-0.3,6.77495095449659
"R-24",2009,610.102780745396,60.6692986541298,-172.766007345133,0.5,6.41362976983616
"R-24",2010,44.0594169111458,60.6692986541298,-172.766007345133,2.5,3.78557142410628
"R-24",2011,3197.60134945773,60.6692986541298,-172.766007345133,1.6,8.07015667471591
"R-24",2012,1681.32216458897,60.6692986541298,-172.766007345133,0,7.42733661248656
"R-24",2013,3032.64275427134,60.6692986541298,-172.766007345133,0.8,8.017190184009
"R-24",2014,43.1502309283907,60.6692986541298,-172.766007345133,4.5,3.76472076697816
"R-24",2015,22.3910442384128,60.6692986541298,-172.766007345133,3.1,3.108724657696
"R-24",2016,0,60.6692986541298,-172.766007345133,3.9,-6.55436829794885
"R-24",2017,1285.2802949411,60.6692986541298,-172.766007345133,4,7.15873320973877
"R-24",2018,551635.066477116,60.6692986541298,-172.766007345133,6,13.2206419977554
"R-24",2019,1220.51203837098,60.6692986541298,-172.766007345133,4.6,7.10702691988528
"R-24",2021,0,60.6692986541298,-172.766007345133,3.1,-6.55436829794885
"R-24",2022,22.1041393055249,60.6692986541298,-172.766007345133,3.7,3.09582930479021
"R-24",2023,103.292605468275,60.6692986541298,-172.766007345133,1.1,4.63757957532957
"R-25",1988,101.034824221975,60.6716839577434,-173.468253493792,-0.8,4.61547934457397
"R-25",1989,1539.5318041467,60.6716839577434,-173.468253493792,2.3,7.33923455078136
"R-25",1990,8148.41414890141,60.6716839577434,-173.468253493792,-1,9.00557877908775
"R-25",1991,2166.24681747951,60.6716839577434,-173.468253493792,0.4,7.68075202919408
"R-25",1992,20.7867882661119,60.6716839577434,-173.468253493792,NA,3.03438610241277
"R-25",1993,88.580339159228,60.6716839577434,-173.468253493792,0.5,4.48392600167563
"R-25",1994,152.932736412532,60.6716839577434,-173.468253493792,NA,5.03000750390412
"R-25",1995,2444.64115069422,60.6716839577434,-173.468253493792,-1,7.80165420495535
"R-25",1996,223.235359429909,60.6716839577434,-173.468253493792,1.7,5.40823301671393
"R-25",1997,127.17256565855,60.6716839577434,-173.468253493792,1,4.84555614525247
"R-25",1998,2118.36064543393,60.6716839577434,-173.468253493792,1.4,7.65839846023683
"R-25",1999,783.477257229274,60.6716839577434,-173.468253493792,-1.1,6.66374385161264
"R-25",2000,29968.0500207112,60.6716839577434,-173.468253493792,0.8,10.3078871413333
"R-25",2001,42.510414075877,60.6716839577434,-173.468253493792,2.7,3.74978257733183
"R-25",2002,0,60.6716839577434,-173.468253493792,1.9,-6.55436829794885
"R-25",2003,0,60.6716839577434,-173.468253493792,2.4,-6.55436829794885
"R-25",2004,0,60.6716839577434,-173.468253493792,1.9,-6.55436829794885
"R-25",2005,22.4064389944261,60.6716839577434,-173.468253493792,1.8,3.10941191853879
"R-25",2006,337.497655182543,60.6716839577434,-173.468253493792,-0.9,5.82156278161137
"R-25",2007,5273.06682488925,60.6716839577434,-173.468253493792,-0.4,8.57036768250973
"R-25",2008,5109.55839478686,60.6716839577434,-173.468253493792,-1.4,8.5388685383267
"R-25",2009,22399.6584911231,60.6716839577434,-173.468253493792,-0.6,10.016801055362
"R-25",2010,420.140393849729,60.6716839577434,-173.468253493792,-0.4,6.04059231554883
"R-25",2011,274.0452998645,60.6716839577434,-173.468253493792,-0.4,5.61329861647285
"R-25",2012,6682.63966032611,60.6716839577434,-173.468253493792,-1.4,8.80726856027927
"R-25",2013,10531.4939778973,60.6716839577434,-173.468253493792,-1,9.26212560850939
"R-25",2014,2343.26150682861,60.6716839577434,-173.468253493792,0.6,7.75929965189182
"R-25",2015,16516.8740141048,60.6716839577434,-173.468253493792,0,9.71213789104971
"R-25",2016,15455.1685526664,60.6716839577434,-173.468253493792,1.4,9.64569885266481
"R-25",2017,46439.6797110413,60.6716839577434,-173.468253493792,-0.2,10.7459095696152
"R-25",2018,34635.7263388945,60.6716839577434,-173.468253493792,4.7,10.4526410225869
"R-25",2019,745.03052664054,60.6716839577434,-173.468253493792,2.9,6.61342710406746
"R-25",2021,1125.93724577645,60.6716839577434,-173.468253493792,2.6,7.02637233977263
"R-25",2022,280.567116620492,60.6716839577434,-173.468253493792,3.2,5.63681804628158
"R-25",2023,1604.34650747313,60.6716839577434,-173.468253493792,-1.2,7.38047267971381
"R-26",1988,60687.0238179524,60.6704204342681,-174.134119924269,-1.2,11.0134852020055
"R-26",1989,40302.1591618365,60.6704204342681,-174.134119924269,2.1,10.6041603590465
"R-26",1990,8025.56226220591,60.6704204342681,-174.134119924269,-0.9,8.99038718678848
"R-26",1991,18324.3339107159,60.6704204342681,-174.134119924269,-1.4,9.81598525513377
"R-26",1992,32306.8880450055,60.6704204342681,-174.134119924269,-1.2,10.3830357827167
"R-26",1993,59041.7712945421,60.6704204342681,-174.134119924269,0.5,10.9860004845422
"R-26",1994,36848.0203543041,60.6704204342681,-174.134119924269,-2,10.5145572130879
"R-26",1995,27448.2274405457,60.6704204342681,-174.134119924269,-1.5,10.220056922613
"R-26",1996,21448.8539784215,60.6704204342681,-174.134119924269,1.8,9.97342656173443
"R-26",1997,51905.2088652455,60.6704204342681,-174.134119924269,1.2,10.8571744550425
"R-26",1998,196.624953289114,60.6704204342681,-174.134119924269,1.4,5.28130536540307
"R-26",1999,393.453878653532,60.6704204342681,-174.134119924269,-0.1,5.97496747191543
"R-26",2000,72863.0999484617,60.6704204342681,-174.134119924269,0.4,11.1963376358431
"R-26",2001,71506.0559111904,60.6704204342681,-174.134119924269,1,11.1775374430668
"R-26",2002,521.088106244477,60.6704204342681,-174.134119924269,1.8,6.2559218698433
"R-26",2003,24955.4718947473,60.6704204342681,-174.134119924269,1.2,10.1248484486094
"R-26",2004,35422.8623688299,60.6704204342681,-174.134119924269,NA,10.4751127604883
"R-26",2005,5966.53063304221,60.6704204342681,-174.134119924269,0.8,8.69392114261423
"R-26",2006,909.659048764954,60.6704204342681,-174.134119924269,-1.2,6.81307142290786
"R-26",2007,19008.5764327279,60.6704204342681,-174.134119924269,-1.1,9.85264562240577
"R-26",2008,15458.5157236509,60.6704204342681,-174.134119924269,-1.2,9.64591540211646
"R-26",2009,11999.4986672738,60.6704204342681,-174.134119924269,-1.3,9.39262026883203
"R-26",2010,50421.5714957924,60.6704204342681,-174.134119924269,-0.8,10.8281743965995
"R-26",2011,20317.1621557972,60.6704204342681,-174.134119924269,0.6,9.91922130433495
"R-26",2012,10101.7436737776,60.6704204342681,-174.134119924269,-0.9,9.22046346985077
"R-26",2013,20080.2108919878,60.6704204342681,-174.134119924269,-1.2,9.90749014724926
"R-26",2014,13277.8900017365,60.6704204342681,-174.134119924269,0.5,9.49385563223246
"R-26",2015,16780.0784022079,60.6704204342681,-174.134119924269,-0.8,9.72794773722621
"R-26",2016,60636.3297514184,60.6704204342681,-174.134119924269,0.9,11.0126495167594
"R-26",2017,72831.951568668,60.6704204342681,-174.134119924269,0.2,11.1959100526227
"R-26",2018,172936.068468142,60.6704204342681,-174.134119924269,3.4,12.0606772669875
"R-26",2019,3697.44341896224,60.6704204342681,-174.134119924269,2.4,8.21539727705497
"R-26",2021,251.626047099398,60.6704204342681,-174.134119924269,2.3,5.52794970400692
"R-26",2022,5664.5028670779,60.6704204342681,-174.134119924269,-0.5,8.64197466583112
"R-26",2023,59610.7088797799,60.6704204342681,-174.134119924269,-0.5,10.9955905399904
"R-27",1988,23980.9100488769,60.6649640388534,-174.812322862383,-0.4,10.0850134375655
"R-27",1989,32757.7361136964,60.6649640388534,-174.812322862383,2.1,10.3968944738477
"R-27",1990,3605.11835240909,60.6649640388534,-174.812322862383,-0.4,8.1901102742132
"R-27",1991,756.65615962383,60.6649640388534,-174.812322862383,-1.2,6.62891081755804
"R-27",1992,2818.64523757278,60.6649640388534,-174.812322862383,-0.2,7.94401214145428
"R-27",1993,49277.5637079183,60.6649640388534,-174.812322862383,0.9,10.8052241881353
"R-27",1994,18721.8729059606,60.6649640388534,-174.812322862383,NA,9.83744786947687
"R-27",1995,74877.4844548803,60.6649640388534,-174.812322862383,-1.3,11.2236085352508
"R-27",1996,41743.5819697648,60.6649640388534,-174.812322862383,3,10.6393010272972
"R-27",1997,71242.9057024631,60.6649640388534,-174.812322862383,NA,11.1738505440716
"R-27",1998,888.596095190174,60.6649640388534,-174.812322862383,1.6,6.78964439854678
"R-27",1999,769.01327374316,60.6649640388534,-174.812322862383,0.1,6.64511008196957
"R-27",2000,4582.44063656972,60.6649640388534,-174.812322862383,1.2,8.4299873359791
"R-27",2001,23988.99366939,60.6649640388534,-174.812322862383,1.4,10.0853504663892
"R-27",2002,593.92504137445,60.6649640388534,-174.812322862383,1.6,6.38675551583483
"R-27",2003,516.551366602198,60.6649640388534,-174.812322862383,1.2,6.24717749143796
"R-27",2004,278.495365209824,60.6649640388534,-174.812322862383,1.3,5.62940653000779
"R-27",2005,0,60.6649640388534,-174.812322862383,1.3,-6.55436829794885
"R-27",2006,675.968381891417,60.6649640388534,-174.812322862383,-0.1,6.51614840902983
"R-27",2007,3149.88186953754,60.6649640388534,-174.812322862383,-0.4,8.05512068142526
"R-27",2008,295.930721999203,60.6649640388534,-174.812322862383,-1.6,5.69013019115762
"R-27",2009,1426.71792964793,60.6649640388534,-174.812322862383,0.1,7.26313292927021
"R-27",2010,207349.802216105,60.6649640388534,-174.812322862383,1,12.2421625186762
"R-27",2011,17496.5929931147,60.6649640388534,-174.812322862383,0.9,9.7697615362306
"R-27",2012,40893.0220692206,60.6649640388534,-174.812322862383,-0.5,10.6187147527406
"R-27",2013,12456.9527044639,60.6649640388534,-174.812322862383,-0.7,9.43003431047954
"R-27",2014,1302.47850959688,60.6649640388534,-174.812322862383,0.7,7.17202536735064
"R-27",2015,5154.46109318561,60.6649640388534,-174.812322862383,-0.2,8.54761812662479
"R-27",2016,390.840255326716,60.6649640388534,-174.812322862383,1,5.96830256547662
"R-27",2017,206184.726205423,60.6649640388534,-174.812322862383,0.7,12.2365277820087
"R-27",2018,142185.608746199,60.6649640388534,-174.812322862383,3,11.8648885969276
"R-27",2019,64456.702531819,60.6649640388534,-174.812322862383,2.4,11.0737490208896
"R-27",2021,898.186083733321,60.6649640388534,-174.812322862383,1.8,6.80037885231307
"R-27",2022,164.008633275096,60.6649640388534,-174.812322862383,0.7,5.0999277500729
"R-27",2023,2730.87498988283,60.6649640388534,-174.812322862383,0,7.91237786734279
"R-28",1988,11469.7716949179,60.666386672437,-175.451940825159,0.7,9.34747042952673
"R-28",1989,7742.58558463691,60.666386672437,-175.451940825159,2.5,8.95449114956516
"R-28",1990,41.5911752295043,60.666386672437,-175.451940825159,0.4,3.72792224546787
"R-28",1991,339.631854726161,60.666386672437,-175.451940825159,-0.3,5.82786644318211
"R-28",1992,123.489407070792,60.666386672437,-175.451940825159,0.2,4.81616691001506
"R-28",1993,345.172664601471,60.666386672437,-175.451940825159,1.6,5.84404889406149
"R-28",1994,763.388169375098,60.666386672437,-175.451940825159,-0.2,6.63776850812121
"R-28",1995,77900.3894886379,60.666386672437,-175.451940825159,-0.9,11.2631862499787
"R-28",1996,2327.79516779265,60.666386672437,-175.451940825159,3.2,7.75267743032376
"R-28",1997,1318.77394743521,60.666386672437,-175.451940825159,1.9,7.18445883595287
"R-28",1998,633.895522892577,60.666386672437,-175.451940825159,1.6,6.45188639670592
"R-28",1999,20.7529524482625,60.666386672437,-175.451940825159,0.6,3.0327571319239
"R-28",2000,650.274631780241,60.666386672437,-175.451940825159,0.6,6.47739697374864
"R-28",2001,194.787057687525,60.666386672437,-175.451940825159,1.9,5.27191425994059
"R-28",2002,151.086499879657,60.666386672437,-175.451940825159,1.7,5.01786194392531
"R-28",2003,0,60.666386672437,-175.451940825159,2.7,-6.55436829794885
"R-28",2004,310.212080517685,60.666386672437,-175.451940825159,1.9,5.73726078428787
"R-28",2005,239.759675930736,60.666386672437,-175.451940825159,1.9,5.47964301013831
"R-28",2006,58.7582449377103,60.666386672437,-175.451940825159,0.6,4.07345571513871
"R-28",2007,314.839523281996,60.666386672437,-175.451940825159,0.8,5.75206758166779
"R-28",2008,130.105206736552,60.666386672437,-175.451940825159,-1.2,4.86835434977398
"R-28",2009,36.9759725912357,60.666386672437,-175.451940825159,1,3.61030681983769
"R-28",2010,13893.5431423533,60.666386672437,-175.451940825159,1.4,9.53917959154725
"R-28",2011,6249.1890800247,60.666386672437,-175.451940825159,1.3,8.74020721496717
"R-28",2012,474.496400871344,60.666386672437,-175.451940825159,0.3,6.16225703374737
"R-28",2013,441.718089145832,60.666386672437,-175.451940825159,0.1,6.09067509473307
"R-28",2014,976.947221764639,60.666386672437,-175.451940825159,0.9,6.88443408735186
"R-28",2015,18.8759816199563,60.666386672437,-175.451940825159,0.8,2.93796573082984
"R-28",2016,20.5319802124576,60.666386672437,-175.451940825159,1.4,3.02205302802662
"R-28",2017,442.725416631296,60.666386672437,-175.451940825159,1.5,6.09295296702457
"R-28",2018,152.218200488413,60.666386672437,-175.451940825159,2.9,5.0253243751609
"R-28",2019,1581.49648240223,60.666386672437,-175.451940825159,2.3,7.36612771886514
"R-28",2021,57.8372717193802,60.666386672437,-175.451940825159,1.7,4.05765802575376
"R-28",2022,95.820410992079,60.666386672437,-175.451940825159,1.1,4.56249058044854
"R-28",2023,2943.50046381844,60.666386672437,-175.451940825159,0.4,7.98735526977964
"R-29",1988,2813.82987170837,60.6711893734283,-176.199898285834,0.8,7.94230228406138
"R-29",1989,672.929331036756,60.6711893734283,-176.199898285834,NA,6.51164243418595
"R-29",1990,10535.6051815317,60.6711893734283,-176.199898285834,0.9,9.26251590459142
"R-29",1991,8625.44877181384,60.6711893734283,-176.199898285834,0.2,9.06247243713979
"R-29",1992,464.382315620444,60.6711893734283,-176.199898285834,0.8,6.14071123521955
"R-29",1993,2583.66573504671,60.6711893734283,-176.199898285834,2,7.85696504814187
"R-29",1994,129.923375375438,60.6711893734283,-176.199898285834,1.2,4.86695581582878
"R-29",1995,6275.69484067603,60.6711893734283,-176.199898285834,0.7,8.74443971633986
"R-29",1996,18565.771648253,60.6711893734283,-176.199898285834,2.6,9.82907500711964
"R-29",1997,1352.56530212329,60.6711893734283,-176.199898285834,2.1,7.20975934481263
"R-29",1998,143.018949863223,60.6711893734283,-176.199898285834,1.4,4.96298709385467
"R-29",1999,20.7051341557863,60.6711893734283,-176.199898285834,0.5,3.0304504635187
"R-29",2000,59.1753571398096,60.6711893734283,-176.199898285834,1.2,4.08052925248598
"R-29",2001,130.675182083604,60.6711893734283,-176.199898285834,1.9,4.87272561429317
"R-29",2002,200.464003575772,60.6711893734283,-176.199898285834,1.6,5.30064180024678
"R-29",2003,93.4751613637731,60.6711893734283,-176.199898285834,NA,4.53771097975468
"R-29",2004,231.052990286416,60.6711893734283,-176.199898285834,2.4,5.44265324195295
"R-29",2005,171.885088373416,60.6711893734283,-176.199898285834,2.8,5.1468344465732
"R-29",2006,96.662514517374,60.6711893734283,-176.199898285834,1.7,4.57124041045991
"R-29",2007,0,60.6711893734283,-176.199898285834,1,-6.55436829794885
"R-29",2008,39.512303557358,60.6711893734283,-176.199898285834,0.1,3.67664814164412
"R-29",2009,963.998089285556,60.6711893734283,-176.199898285834,1.2,6.87109078959756
"R-29",2010,23879.8331985341,60.6711893734283,-176.199898285834,1.7,10.0807896421231
"R-29",2011,139658.843614921,60.6711893734283,-176.199898285834,1.3,11.8469579065592
"R-29",2012,6990.40449424351,60.6711893734283,-176.199898285834,0.9,8.85229390480438
"R-29",2013,12070.1568712548,60.6711893734283,-176.199898285834,0.8,9.39849142876422
"R-29",2014,425.454597638422,60.6711893734283,-176.199898285834,1.4,6.05316158549303
"R-29",2015,84.4166009135011,60.6711893734283,-176.199898285834,2,4.43578094272874
"R-29",2016,0,60.6711893734283,-176.199898285834,1.8,-6.55436829794885
"R-29",2017,0,60.6711893734283,-176.199898285834,2.3,-6.55436829794885
"R-29",2018,50.8080381492908,60.6711893734283,-176.199898285834,2.6,3.92808259769962
"R-29",2019,5553.65059153874,60.6711893734283,-176.199898285834,2.5,8.62221101113626
"R-29",2021,4280.51475601937,60.6711893734283,-176.199898285834,1.9,8.36182888408462
"R-29",2022,2557.78620650875,60.6711893734283,-176.199898285834,1.5,7.84689795695297
"R-29",2023,99.934878994628,60.6711893734283,-176.199898285834,1.1,4.60453301180253
"R-30",1988,3030.62308059086,60.668686932398,-176.810021158588,1.5,8.01652398435304
"R-30",1989,9377.66684235788,60.668686932398,-176.810021158588,NA,9.14608642540902
"R-30",1990,4971.07580631985,60.668686932398,-176.810021158588,1.4,8.51139184212404
"R-30",1991,398.740938248933,60.668686932398,-176.810021158588,0.9,5.98831549938516
"R-30",1992,76.9153359530171,60.668686932398,-176.810021158588,1.9,4.34272379600429
"R-30",1993,8536.60685845559,60.668686932398,-176.810021158588,2.2,9.05211905126009
"R-30",1994,416.042749855631,60.668686932398,-176.810021158588,1.5,6.03079144149327
"R-30",1995,9138.67326826932,60.668686932398,-176.810021158588,0.9,9.12027065307584
"R-30",1996,18492.9172144004,60.668686932398,-176.810021158588,2.3,9.82514316147981
"R-30",1997,19309.9253575387,60.668686932398,-176.810021158588,2.1,9.86837458367124
"R-30",1998,3548.27866147529,60.668686932398,-176.810021158588,2.2,8.17421828207172
"R-30",1999,548.037808994719,60.668686932398,-176.810021158588,0.4,6.30634687722619
"R-30",2000,794.22945415272,60.668686932398,-176.810021158588,1.3,6.67737419736062
"R-30",2001,1019.37388467792,60.668686932398,-176.810021158588,1.1,6.92694527607049
"R-30",2002,89.7303943376021,60.668686932398,-176.810021158588,1.8,4.49682542433496
"R-30",2003,18.1125014120735,60.668686932398,-176.810021158588,2.9,2.89668099573788
"R-30",2004,334.924638886608,60.668686932398,-176.810021158588,2.3,5.81390979931219
"R-30",2005,3945.58609045391,60.668686932398,-176.810021158588,2.6,8.28035314851245
"R-30",2006,92.5528872807989,60.668686932398,-176.810021158588,1.9,4.5277956199211
"R-30",2007,0,60.668686932398,-176.810021158588,1.2,-6.55436829794885
"R-30",2008,187.064218479596,60.668686932398,-176.810021158588,0.7,5.23145958393035
"R-30",2009,1473.16688339158,60.668686932398,-176.810021158588,1.2,7.29517067149239
"R-30",2010,5600.79236295071,60.668686932398,-176.810021158588,2,8.6306636143267
"R-30",2011,19209.8611541827,60.668686932398,-176.810021158588,1.5,9.86317910207042
"R-30",2012,96.3742753107567,60.668686932398,-176.810021158588,0.7,4.56825408677608
"R-30",2013,839.595618777461,60.668686932398,-176.810021158588,1.2,6.73292206561954
"R-30",2014,39.1374386594299,60.668686932398,-176.810021158588,1.6,3.66711590026516
"R-30",2015,0,60.668686932398,-176.810021158588,2.2,-6.55436829794885
"R-30",2016,0,60.668686932398,-176.810021158588,1.4,-6.55436829794885
"R-30",2017,41.7893530228526,60.668686932398,-176.810021158588,2.5,3.73267566697629
"R-30",2018,44.0685445237144,60.668686932398,-176.810021158588,2.3,3.78577856194342
"R-30",2019,530.449139770078,60.668686932398,-176.810021158588,2.5,6.2737267654971
"R-30",2021,18.4220494881321,60.668686932398,-176.810021158588,1.9,2.91362557820757
"R-30",2022,34.7610067066542,60.668686932398,-176.810021158588,1.6,3.54853722282904
"R-30",2023,81.0282919745242,60.668686932398,-176.810021158588,1.6,4.39481594982174
"R-31",1988,30220.9816610703,60.6662124176752,-177.50959280045,1.7,10.3162917662358
"R-31",1989,220.695269807677,60.6662124176752,-177.50959280045,1.8,5.39678933213429
"R-31",1990,3238.59574388378,60.6662124176752,-177.50959280045,0.7,8.08289554211476
"R-31",1991,81.7218750274877,60.6662124176752,-177.50959280045,NA,4.40333913758226
"R-31",1992,19.9948966052376,60.6662124176752,-177.50959280045,1.5,2.99554828099288
"R-31",1993,0,60.6662124176752,-177.50959280045,1.6,-6.55436829794885
"R-31",1994,19.4810921967399,60.6662124176752,-177.50959280045,1.3,2.96951745202933
"R-31",1995,330.710988933997,60.6662124176752,-177.50959280045,1.4,5.80124915425777
"R-31",1996,104.494142027223,60.6662124176752,-177.50959280045,1.8,4.64914463901443
"R-31",1997,3509.74881748046,60.6662124176752,-177.50959280045,2.3,8.1633001576212
"R-31",1998,17.6475068643667,60.6662124176752,-177.50959280045,2.3,2.87067520060477
"R-31",1999,19.5284472285017,60.6662124176752,-177.50959280045,0.7,2.9719451453048
"R-31",2000,40.7180897470995,60.6662124176752,-177.50959280045,0.2,3.70670742789666
"R-31",2001,0,60.6662124176752,-177.50959280045,0.8,-6.55436829794885
"R-31",2002,37.8236331367682,60.6662124176752,-177.50959280045,1.4,3.6329717671107
"R-31",2003,15.8730784543665,60.6662124176752,-177.50959280045,2.2,2.76471419540035
"R-31",2004,0,60.6662124176752,-177.50959280045,1.6,-6.55436829794885
"R-31",2005,43.92697302267,60.6662124176752,-177.50959280045,2,3.78256096528273
"R-31",2006,35361.231489603,60.6662124176752,-177.50959280045,1.7,10.4733713836065
"R-31",2007,0,60.6662124176752,-177.50959280045,1.4,-6.55436829794885
"R-31",2008,0,60.6662124176752,-177.50959280045,0.7,-6.55436829794885
"R-31",2009,461.557090958272,60.6662124176752,-177.50959280045,1.1,6.13460883862548
"R-31",2010,552.910984385733,60.6662124176752,-177.50959280045,2,6.31519959524758
"R-31",2011,8459.19231316129,60.6662124176752,-177.50959280045,1.9,9.04300914510869
"R-31",2012,40.2997363891066,60.6662124176752,-177.50959280045,0.6,3.6963802593858
"R-31",2013,398.323585983851,60.6662124176752,-177.50959280045,1.2,5.98726827974505
"R-31",2014,73.1932792425644,60.6662124176752,-177.50959280045,1.6,4.29312305666347
"R-31",2015,0,60.6662124176752,-177.50959280045,2.2,-6.55436829794885
"R-31",2016,0,60.6662124176752,-177.50959280045,1.5,-6.55436829794885
"R-31",2017,0,60.6662124176752,-177.50959280045,2.4,-6.55436829794885
"R-31",2018,0,60.6662124176752,-177.50959280045,2.4,-6.55436829794885
"R-31",2019,0,60.6662124176752,-177.50959280045,1.7,-6.55436829794885
"R-31",2021,103.108380478179,60.6662124176752,-177.50959280045,1.8,4.63579448213916
"R-31",2022,39.6129174735686,60.6662124176752,-177.50959280045,1.5,3.67919120814295
"R-31",2023,55.0013089289584,60.6662124176752,-177.50959280045,1.5,4.00738287147101
"R-32",1988,79.3501126094904,60.6672382251407,-178.175957373358,2.3,4.37388781025744
"R-32",1989,5454.50067241431,60.6672382251407,-178.175957373358,2.4,8.60419661936194
"R-32",1990,146114.759643094,60.6672382251407,-178.175957373358,1.6,11.8921476266323
"R-32",1991,448847.558741246,60.6672382251407,-178.175957373358,1.4,13.0144385994234
"R-32",1992,20.2675796694596,60.6672382251407,-178.175957373358,2,3.00909280047471
"R-32",1993,17.2280506248496,60.6672382251407,-178.175957373358,2,2.84662155134588
"R-32",1994,58.2717982793731,60.6672382251407,-178.175957373358,1.3,4.065142676716
"R-32",1995,116.903087083856,60.6672382251407,-178.175957373358,2,4.76135745597909
"R-32",1996,670.606965757516,60.6672382251407,-178.175957373358,2.2,6.50818534460041
"R-32",1997,0,60.6672382251407,-178.175957373358,3.2,-6.55436829794885
"R-32",1998,70.5375176424341,60.6672382251407,-178.175957373358,2.5,4.25616491937191
"R-32",1999,0,60.6672382251407,-178.175957373358,0.2,-6.55436829794885
"R-32",2000,39.160714989093,60.6672382251407,-178.175957373358,1.3,3.66771043494362
"R-32",2001,249.314835684779,60.6672382251407,-178.175957373358,0.5,5.51872220928853
"R-32",2002,58.5420108593171,60.6672382251407,-178.175957373358,2.1,4.06976895295163
"R-32",2003,0,60.6672382251407,-178.175957373358,2.8,-6.55436829794885
"R-32",2004,0,60.6672382251407,-178.175957373358,2.6,-6.55436829794885
"R-32",2005,0,60.6672382251407,-178.175957373358,2.5,-6.55436829794885
"R-32",2006,0,60.6672382251407,-178.175957373358,2.1,-6.55436829794885
"R-32",2007,723.445436817202,60.6672382251407,-178.175957373358,2.4,6.58402709582646
"R-32",2008,0,60.6672382251407,-178.175957373358,1.6,-6.55436829794885
"R-32",2009,56.631225524892,60.6672382251407,-178.175957373358,1.2,4.03658566354387
"R-32",2010,178.941737086167,60.6672382251407,-178.175957373358,2.5,5.18706821892497
"R-32",2011,60649.345913718,60.6672382251407,-178.175957373358,2.3,11.0128641531865
"R-32",2012,120831.450279241,60.6672382251407,-178.175957373358,1.3,11.7021518923754
"R-32",2013,124336.204878234,60.6672382251407,-178.175957373358,1.4,11.7307445166784
"R-32",2014,19115.7628111134,60.6672382251407,-178.175957373358,2.1,9.85826862623611
"R-32",2015,2178.63595363074,60.6672382251407,-178.175957373358,2.3,7.68645490416729
"R-32",2016,20.4667608184942,60.6672382251407,-178.175957373358,2.4,3.01887171477092
"R-32",2017,0,60.6672382251407,-178.175957373358,2.8,-6.55436829794885
"R-32",2018,0,60.6672382251407,-178.175957373358,3.1,-6.55436829794885
"R-32",2019,0,60.6672382251407,-178.175957373358,3,-6.55436829794885
"R-32",2021,0,60.6672382251407,-178.175957373358,2.1,-6.55436829794885
"R-32",2022,0,60.6672382251407,-178.175957373358,2,-6.55436829794885
"R-32",2023,0,60.6672382251407,-178.175957373358,2.7,-6.55436829794885
"S-22",1988,75053.2030437226,60.988918760846,-171.488161716377,-0.5,11.2259525339196
"S-22",1989,34096.964257621,60.988918760846,-171.488161716377,0.3,10.4369636763653
"S-22",1990,22305.3367823108,60.988918760846,-171.488161716377,0.6,10.0125813102447
"S-22",1991,26980.8585844312,60.988918760846,-171.488161716377,NA,10.2028830050252
"S-22",1992,5098.2891855532,60.988918760846,-171.488161716377,-1.5,8.53666058790831
"S-22",1993,32960.147507505,60.988918760846,-171.488161716377,0.6,10.4030545025626
"S-22",1994,33019.8377011535,60.988918760846,-171.488161716377,-1.4,10.4048638454161
"S-22",1995,13112.6580941695,60.988918760846,-171.488161716377,-1.3,9.48133341797291
"S-22",1996,7787.05499810078,60.988918760846,-171.488161716377,-0.6,8.96021820121438
"S-22",1997,5973.32162965372,60.988918760846,-171.488161716377,-1.3,8.69505867691108
"S-22",1998,33150.8756500464,60.988918760846,-171.488161716377,2,10.4088244529994
"S-22",1999,15781.6029003002,60.988918760846,-171.488161716377,-1.6,9.66660025743113
"S-22",2000,18467.831347534,60.988918760846,-171.488161716377,-1.3,9.82378572854018
"S-22",2001,8631.6265817236,60.988918760846,-171.488161716377,-1.2,9.06318841120001
"S-22",2002,724.662567264448,60.988918760846,-171.488161716377,0.4,6.58570808693608
"S-22",2003,12182.6832830578,60.988918760846,-171.488161716377,0.2,9.40777093626411
"S-22",2004,16195.6992603995,60.988918760846,-171.488161716377,0.1,9.69250109613919
"S-22",2005,11411.2691871642,60.988918760846,-171.488161716377,-0.9,9.34235679608173
"S-22",2006,605.452190424395,60.988918760846,-171.488161716377,-1.6,6.40597795280259
"S-22",2007,47995.7105759619,60.988918760846,-171.488161716377,-1.3,10.778866952563
"S-22",2008,7332.55228269879,60.988918760846,-171.488161716377,-1.6,8.90007912528177
"S-22",2009,185391.200632103,60.988918760846,-171.488161716377,-1.6,12.1302234771367
"S-22",2010,266474.807763608,60.988918760846,-171.488161716377,-1.4,12.4930349934955
"S-22",2011,30996.1989300534,60.988918760846,-171.488161716377,-1.1,10.3416199067272
"S-22",2012,23064.9515071931,60.988918760846,-171.488161716377,-1.5,10.0460695552821
"S-22",2013,14496.2827854281,60.988918760846,-171.488161716377,-1.6,9.58164763414121
"S-22",2014,5332.74562558112,60.988918760846,-171.488161716377,-1.1,8.5816217782856
"S-22",2015,7261.16206992728,60.988918760846,-171.488161716377,-1,8.89029535583372
"S-22",2016,52046.4770777191,60.988918760846,-171.488161716377,-0.5,10.8598924156852
"S-22",2017,20349.3726180528,60.988918760846,-171.488161716377,-1.3,9.92080543078757
"S-22",2018,67549.6157667798,60.988918760846,-171.488161716377,2.7,11.1206176763206
"S-22",2019,51873.2617820334,60.988918760846,-171.488161716377,2.1,10.8565587766046
"S-22",2021,329.383572967058,60.988918760846,-171.488161716377,1.7,5.79722726980009
"S-22",2022,559.744290967219,60.988918760846,-171.488161716377,0.1,6.32748259997707
"S-22",2023,11598.0060342578,60.988918760846,-171.488161716377,-0.2,9.35858859149014
"S-23",1988,24343.5670489512,60.9961327581846,-172.16176447239,-0.9,10.1000229651969
"S-23",1989,20359.2134377369,60.9961327581846,-172.16176447239,0.8,9.92128890713204
"S-23",1990,79894.0362092897,60.9961327581846,-172.16176447239,-0.5,11.288456506106
"S-23",1991,26767.232135821,60.9961327581846,-172.16176447239,-0.2,10.1949337901098
"S-23",1992,10493.5749574337,60.9961327581846,-172.16176447239,-1.4,9.25851857572801
"S-23",1993,84959.1485596246,60.9961327581846,-172.16176447239,-0.7,11.3499258315235
"S-23",1994,27707.0137962041,60.9961327581846,-172.16176447239,-1.2,10.2294409171541
"S-23",1995,16579.2749428103,60.9961327581846,-172.16176447239,-1.3,9.71590878278461
"S-23",1996,7303.52086232416,60.9961327581846,-172.16176447239,0.3,8.89611201572815
"S-23",1997,4652.12621262888,60.9961327581846,-172.16176447239,-1.4,8.44507995017338
"S-23",1998,16390.6278230563,60.9961327581846,-172.16176447239,0.5,9.7044650631265
"S-23",1999,9358.15821477988,60.9961327581846,-172.16176447239,-1.6,9.14400393033836
"S-23",2000,11801.0631122729,60.9961327581846,-172.16176447239,-1.1,9.37594502131302
"S-23",2001,3411.3090680209,60.9961327581846,-172.16176447239,-1.2,8.13485180492591
"S-23",2002,3798.21130992305,60.9961327581846,-172.16176447239,0.4,8.24228590186394
"S-23",2003,3778.21107519459,60.9961327581846,-172.16176447239,0.3,8.23700629292665
"S-23",2004,18693.4305932401,60.9961327581846,-172.16176447239,-0.4,9.83592751211641
"S-23",2005,12892.856649469,60.9961327581846,-172.16176447239,-1.5,9.46442879931109
"S-23",2006,3765.80051368532,60.9961327581846,-172.16176447239,-1.7,8.233716115579
"S-23",2007,2178.64189179737,60.9961327581846,-172.16176447239,-1.6,7.68645762979689
"S-23",2008,5860.31512557488,60.9961327581846,-172.16176447239,-1.6,8.67595889979076
"S-23",2009,11398.6275933672,60.9961327581846,-172.16176447239,-1.5,9.34124836550577
"S-23",2010,27058.4450709619,60.9961327581846,-172.16176447239,-1.4,10.2057544904258
"S-23",2011,11104.8097498458,60.9961327581846,-172.16176447239,-1.2,9.31513373246742
"S-23",2012,23501.0086254942,60.9961327581846,-172.16176447239,-1.3,10.0647986800331
"S-23",2013,6933.23804634569,60.9961327581846,-172.16176447239,-1.5,8.84408243898174
"S-23",2014,4144.83271249527,60.9961327581846,-172.16176447239,-1.1,8.3296180514195
"S-23",2015,5574.9446661768,60.9961327581846,-172.16176447239,-1,8.62603792633696
"S-23",2016,14913.1608444222,60.9961327581846,-172.16176447239,-0.8,9.60999947570031
"S-23",2017,13685.0461763525,60.9961327581846,-172.16176447239,-1.4,9.52405909974674
"S-23",2018,121868.595523604,60.9961327581846,-172.16176447239,2.4,11.7106986690532
"S-23",2019,26428.684330348,60.9961327581846,-172.16176447239,1.9,10.1822052808315
"S-23",2021,82.2628682903383,60.9961327581846,-172.16176447239,1.7,4.40993713956396
"S-23",2022,13524.4642153606,60.9961327581846,-172.16176447239,-0.4,9.51225559382088
"S-23",2023,11880.4300925889,60.9961327581846,-172.16176447239,-1.2,9.38264791519224
"S-24",1988,31555.5520263559,60.9997018590969,-172.816727554052,-0.5,10.3595048730893
"S-24",1989,3398.69121596145,60.9997018590969,-172.816727554052,1.5,8.13114611896528
"S-24",1990,82246.1163179092,60.9997018590969,-172.816727554052,-0.1,11.3174714668059
"S-24",1991,10917.59246696,60.9997018590969,-172.816727554052,-1.1,9.29813088535407
"S-24",1992,15838.7636143853,60.9997018590969,-172.816727554052,-0.9,9.67021569757316
"S-24",1993,29591.0415521425,60.9997018590969,-172.816727554052,-0.9,10.2952269923575
"S-24",1994,12739.5430310886,60.9997018590969,-172.816727554052,-1.4,9.45246617142019
"S-24",1995,85954.3448898256,60.9997018590969,-172.816727554052,-1.2,11.3615715774639
"S-24",1996,1572.00676244509,60.9997018590969,-172.816727554052,1.3,7.36010918056283
"S-24",1997,45677.9962521755,60.9997018590969,-172.816727554052,-1.2,10.7293720096576
"S-24",1998,9427.80507675657,60.9997018590969,-172.816727554052,1.3,9.15141873994199
"S-24",1999,7750.46248071079,60.9997018590969,-172.816727554052,-1.3,8.95550797921308
"S-24",2000,6239.11188718349,60.9997018590969,-172.816727554052,-0.6,8.738593353681
"S-24",2001,8440.42263522971,60.9997018590969,-172.816727554052,2.3,9.0407878302984
"S-24",2002,8289.488072074,60.9997018590969,-172.816727554052,1.8,9.02274366552823
"S-24",2003,27585.5402385735,60.9997018590969,-172.816727554052,2.5,10.2250470616368
"S-24",2004,32321.5016600535,60.9997018590969,-172.816727554052,0.2,10.3834880178635
"S-24",2005,9608.80487389312,60.9997018590969,-172.816727554052,-1.1,9.17043527965751
"S-24",2006,2449.90039117503,60.9997018590969,-172.816727554052,-1.3,7.80380322724883
"S-24",2007,3555.2051807169,60.9997018590969,-172.816727554052,-0.8,8.17616845717281
"S-24",2008,1504.14027351401,60.9997018590969,-172.816727554052,-1.5,7.31597771376615
"S-24",2009,16101.0916751532,60.9997018590969,-172.816727554052,-1,9.68664244301785
"S-24",2010,32830.7144275834,60.9997018590969,-172.816727554052,-1.3,10.3991198150543
"S-24",2011,9841.26103503582,60.9997018590969,-172.816727554052,-1.2,9.19433928048724
"S-24",2012,30713.8795557723,60.9997018590969,-172.816727554052,-1.5,10.3324699805611
"S-24",2013,6853.92753043448,60.9997018590969,-172.816727554052,-1.6,8.8325773368011
"S-24",2014,6820.60234710837,60.9997018590969,-172.816727554052,0.5,8.82770327638974
"S-24",2015,8490.6664226709,60.9997018590969,-172.816727554052,-0.2,9.04672293893873
"S-24",2016,50458.486739687,60.9997018590969,-172.816727554052,-1.1,10.8289062606596
"S-24",2017,74603.0409113885,60.9997018590969,-172.816727554052,-0.4,11.2199365673344
"S-24",2018,250637.016265215,60.9997018590969,-172.816727554052,3.8,12.4317610267726
"S-24",2019,68998.1983637623,60.9997018590969,-172.816727554052,2.3,11.1418356932049
"S-24",2021,0,60.9997018590969,-172.816727554052,1.7,-6.55436829794885
"S-24",2022,2787.50806591211,60.9997018590969,-172.816727554052,0.4,7.93290382017304
"S-24",2023,28714.0974705441,60.9997018590969,-172.816727554052,-1.1,10.2651435318005
"S-25",1988,30026.0790493606,61.0037188769054,-173.499684905091,-1.1,10.3098216320873
"S-25",1989,836.358662039002,61.0037188769054,-173.499684905091,1,6.72905924513536
"S-25",1990,18021.6264504423,61.0037188769054,-173.499684905091,-0.2,9.7993278641701
"S-25",1991,17199.7772498384,61.0037188769054,-173.499684905091,-1.5,9.7526517949118
"S-25",1992,16605.4868377748,61.0037188769054,-173.499684905091,-1.2,9.71748853787459
"S-25",1993,40136.7751505145,61.0037188769054,-173.499684905091,-0.6,10.6000483145517
"S-25",1994,36853.7064857618,61.0037188769054,-173.499684905091,-1.4,10.5147115142554
"S-25",1995,26667.6913992367,61.0037188769054,-173.499684905091,-1.5,10.1912081051145
"S-25",1996,4021.14574578335,61.0037188769054,-173.499684905091,1.4,8.29932250649246
"S-25",1997,2005.96960511109,61.0037188769054,-173.499684905091,-0.8,7.60388352624069
"S-25",1998,14154.7904356701,61.0037188769054,-173.499684905091,0.6,9.5578084930615
"S-25",1999,6628.07575118516,61.0037188769054,-173.499684905091,-1.7,8.79907002227275
"S-25",2000,8645.53993087155,61.0037188769054,-173.499684905091,-1.2,9.06479901671824
"S-25",2001,14596.0213694894,61.0037188769054,-173.499684905091,0,9.58850435917278
"S-25",2002,5761.86085445071,61.0037188769054,-173.499684905091,1,8.65901601364636
"S-25",2003,4720.29417769692,61.0037188769054,-173.499684905091,1.2,8.45962670407176
"S-25",2004,14623.7988671755,61.0037188769054,-173.499684905091,0.7,9.59040563735462
"S-25",2005,50812.692840041,61.0037188769054,-173.499684905091,0.2,10.8359014894351
"S-25",2006,4990.34261347233,61.0037188769054,-173.499684905091,-1.5,8.51526013173054
"S-25",2007,14441.3358936117,61.0037188769054,-173.499684905091,-1.6,9.57785002017339
"S-25",2008,2508.03566094007,61.0037188769054,-173.499684905091,-1.6,7.82725568825518
"S-25",2009,5074.95664628674,61.0037188769054,-173.499684905091,-1.5,8.53207354184015
"S-25",2010,40518.6252881207,61.0037188769054,-173.499684905091,-1.4,10.6095170661793
"S-25",2011,14188.4468894282,61.0037188769054,-173.499684905091,-0.3,9.56018341345677
"S-25",2012,12410.4762058783,61.0037188769054,-173.499684905091,-1.6,9.42629636494879
"S-25",2013,10613.6791141095,61.0037188769054,-173.499684905091,-1.5,9.26989906476186
"S-25",2014,5749.19958499206,61.0037188769054,-173.499684905091,0.4,8.65681616915784
"S-25",2015,12678.3250580799,61.0037188769054,-173.499684905091,-1,9.44764923836314
"S-25",2016,42978.8203139978,61.0037188769054,-173.499684905091,-0.9,10.6684627556253
"S-25",2017,72525.1813642226,61.0037188769054,-173.499684905091,-0.4,11.1916891293326
"S-25",2018,95879.6699221766,61.0037188769054,-173.499684905091,2.5,11.4708492607792
"S-25",2019,9113.1850762761,61.0037188769054,-173.499684905091,2.2,9.11747770957347
"S-25",2021,85.1337249057023,61.0037188769054,-173.499684905091,1.5,4.44423997953954
"S-25",2022,55413.8300747257,61.0037188769054,-173.499684905091,-0.8,10.9225845076138
"S-25",2023,22102.6547260844,61.0037188769054,-173.499684905091,-1.1,10.0034530680652
"S-26",1988,46320.9289664374,60.9986189779736,-174.177480232851,-1.5,10.7433491981919
"S-26",1989,17388.779942319,60.9986189779736,-174.177480232851,1.6,9.76358052819365
"S-26",1990,4897.1348259932,60.9986189779736,-174.177480232851,-1.2,8.49640587444682
"S-26",1991,27901.8123370565,60.9986189779736,-174.177480232851,-1.5,10.2364469750491
"S-26",1992,81214.7703563536,60.9986189779736,-174.177480232851,-1.3,11.3048524280804
"S-26",1993,35932.7378754895,60.9986189779736,-174.177480232851,0.4,10.4894041170949
"S-26",1994,51208.8349596277,60.9986189779736,-174.177480232851,-2.1,10.8436673817518
"S-26",1995,31553.4195869691,60.9986189779736,-174.177480232851,-1.6,10.3594372934968
"S-26",1996,14257.0423394905,60.9986189779736,-174.177480232851,1.5,9.56500636275524
"S-26",1997,12991.4302896686,60.9986189779736,-174.177480232851,1.1,9.47204532018483
"S-26",1998,2505.60868411793,60.9986189779736,-174.177480232851,1.4,7.82628753995181
"S-26",1999,2128.88113155809,60.9986189779736,-174.177480232851,-1.6,7.66335249918219
"S-26",2000,21534.7750844995,60.9986189779736,-174.177480232851,-0.4,9.97742441936988
"S-26",2001,29654.5657387653,60.9986189779736,-174.177480232851,0.8,10.2973714284033
"S-26",2002,1257.00206827407,60.9986189779736,-174.177480232851,0.6,7.13648598675355
"S-26",2003,5727.75132447637,60.9986189779736,-174.177480232851,1.2,8.65307854226861
"S-26",2004,5073.98995827281,60.9986189779736,-174.177480232851,0.9,8.53188304172556
"S-26",2005,36781.6069419774,60.9986189779736,-174.177480232851,0.7,10.5127532265622
"S-26",2006,2513.4004014042,60.9986189779736,-174.177480232851,-1.6,7.82939242340273
"S-26",2007,2763.51237033069,60.9986189779736,-174.177480232851,-1.6,7.92425826283413
"S-26",2008,6980.2578909274,60.9986189779736,-174.177480232851,-1.7,8.85084134618516
"S-26",2009,17204.7112527241,60.9986189779736,-174.177480232851,-1.6,9.75293861809831
"S-26",2010,22992.8314464772,60.9986189779736,-174.177480232851,-1.2,10.0429378320172
"S-26",2011,24932.6012698794,60.9986189779736,-174.177480232851,0.3,10.123931571139
"S-26",2012,12947.4537781077,60.9986189779736,-174.177480232851,-1.5,9.4686545383183
"S-26",2013,5282.88913351934,60.9986189779736,-174.177480232851,-1.5,8.5722286809553
"S-26",2014,12574.9523902453,60.9986189779736,-174.177480232851,0.4,9.43946232212838
"S-26",2015,9825.97266436178,60.9986189779736,-174.177480232851,-0.9,9.19278457566465
"S-26",2016,45239.1547622123,60.9986189779736,-174.177480232851,0.4,10.719718278113
"S-26",2017,166492.511708529,60.9986189779736,-174.177480232851,-0.2,12.0227056212199
"S-26",2018,201017.515559971,60.9986189779736,-174.177480232851,3,12.2111473324173
"S-26",2019,288.528526268864,60.9986189779736,-174.177480232851,2.2,5.66479889390798
"S-26",2021,41.3018239127021,60.9986189779736,-174.177480232851,1.8,3.72094113597326
"S-26",2022,36191.1796220129,60.9986189779736,-174.177480232851,-0.8,10.4965707506176
"S-26",2023,17395.4697458025,60.9986189779736,-174.177480232851,-0.8,9.76396517372019
"S-27",1988,17828.4655824737,61.0033032848116,-174.882614040849,-1.3,9.7885517288297
"S-27",1989,9883.2145177885,61.0033032848116,-174.882614040849,2,9.19859323794731
"S-27",1990,2676.07782898186,61.0033032848116,-174.882614040849,-0.9,7.89210803697695
"S-27",1991,1356.38248160657,61.0033032848116,-174.882614040849,-1.5,7.21257754457258
"S-27",1992,17481.0182673041,61.0033032848116,-174.882614040849,-1,9.76887098224417
"S-27",1993,802.34473447898,61.0033032848116,-174.882614040849,0.8,6.6875401336499
"S-27",1994,28295.1229742187,61.0033032848116,-174.882614040849,-1.4,10.2504447860363
"S-27",1995,63618.6564061037,61.0033032848116,-174.882614040849,-1.5,11.0606620684127
"S-27",1996,7313.56172488204,61.0033032848116,-174.882614040849,2.3,8.8974858688375
"S-27",1997,6686.4831232803,61.0033032848116,-174.882614040849,NA,8.80784353625991
"S-27",1998,319.126977026265,61.0033032848116,-174.882614040849,1.5,5.76559353248353
"S-27",1999,1975.25198155081,61.0033032848116,-174.882614040849,-0.5,7.58845197565292
"S-27",2000,14450.5530268042,61.0033032848116,-174.882614040849,0.1,9.57848806309416
"S-27",2001,10045.9052109013,61.0033032848116,-174.882614040849,1,9.21492053049648
"S-27",2002,298.022552582946,61.0033032848116,-174.882614040849,0.7,5.69717394120507
"S-27",2003,7649.21546596156,61.0033032848116,-174.882614040849,1.5,8.94235855423998
"S-27",2004,937.372890748102,61.0033032848116,-174.882614040849,1,6.84308268446263
"S-27",2005,27634.1661266904,61.0033032848116,-174.882614040849,1,10.226808240802
"S-27",2006,1590.53061836945,61.0033032848116,-174.882614040849,-1.5,7.37182385701048
"S-27",2007,5340.27975403162,61.0033032848116,-174.882614040849,-1.3,8.58303358560803
"S-27",2008,2963.72566849551,61.0033032848116,-174.882614040849,-1.6,7.99420290808026
"S-27",2009,6826.57220713366,61.0033032848116,-174.882614040849,-1.2,8.82857816212329
"S-27",2010,53837.0324736728,61.0033032848116,-174.882614040849,-0.5,10.8937168717452
"S-27",2011,15967.6954858583,61.0033032848116,-174.882614040849,0.7,9.67832301726767
"S-27",2012,21387.9138263869,61.0033032848116,-174.882614040849,-1.4,9.97058133357101
"S-27",2013,10624.7715760829,61.0033032848116,-174.882614040849,-1.5,9.2709436288552
"S-27",2014,2819.63841787289,61.0033032848116,-174.882614040849,0.6,7.94436444008608
"S-27",2015,1780.13107374536,61.0033032848116,-174.882614040849,-0.6,7.48444307738518
"S-27",2016,3332.72667910872,61.0033032848116,-174.882614040849,0.9,8.11154649771964
"S-27",2017,54096.547886121,61.0033032848116,-174.882614040849,0.6,10.8985256792514
"S-27",2018,327586.158715406,61.0033032848116,-174.882614040849,2.6,12.6995063838516
"S-27",2019,124.226576361328,61.0033032848116,-174.882614040849,2.2,4.82211858888424
"S-27",2021,337.670365842236,61.0033032848116,-174.882614040849,1.7,5.82207438740316
"S-27",2022,57.6431277099505,61.0033032848116,-174.882614040849,0,4.05429573387077
"S-27",2023,659.600193594426,61.0033032848116,-174.882614040849,-0.2,6.49163604289056
"S-28",1988,33554.5076080467,60.9999894463957,-175.546734514133,-1,10.4209265307442
"S-28",1989,10136.7092013801,60.9999894463957,-175.546734514133,2.2,9.22391882858668
"S-28",1990,392.456715280974,60.9999894463957,-175.546734514133,-0.1,5.97242987972081
"S-28",1991,276.564291397853,60.9999894463957,-175.546734514133,-1.3,5.62244846100551
"S-28",1992,625.633921687631,60.9999894463957,-175.546734514133,0.1,6.43876768630788
"S-28",1993,7675.07564068186,60.9999894463957,-175.546734514133,1.2,8.94573361339051
"S-28",1994,39217.0020819931,60.9999894463957,-175.546734514133,-1.1,10.5768656946356
"S-28",1995,15746.575030392,60.9999894463957,-175.546734514133,-1.2,9.66437825264333
"S-28",1996,5670.0445214477,60.9999894463957,-175.546734514133,2.6,8.64295249992173
"S-28",1997,361.561001697592,60.9999894463957,-175.546734514133,1.8,5.89043471155812
"S-28",1998,89.5801835711135,60.9999894463957,-175.546734514133,1.6,4.4951500249491
"S-28",1999,68.9332702481841,60.9999894463957,-175.546734514133,-0.1,4.23315959453877
"S-28",2000,362.262063348708,60.9999894463957,-175.546734514133,0.4,5.89237181233865
"S-28",2001,489.94957754285,60.9999894463957,-175.546734514133,NA,6.19430538901259
"S-28",2002,1210.44126000053,60.9999894463957,-175.546734514133,1.2,7.09874142613078
"S-28",2003,19.4390315088519,60.9999894463957,-175.546734514133,2.7,2.96735622421595
"S-28",2004,189.447836894006,60.9999894463957,-175.546734514133,1.5,5.24412123550956
"S-28",2005,95.3774390688003,60.9999894463957,-175.546734514133,1.3,4.55785699154564
"S-28",2006,38.1072241852383,60.9999894463957,-175.546734514133,-0.5,3.64044123976927
"S-28",2007,18.7554136704479,60.9999894463957,-175.546734514133,0,2.93155835540734
"S-28",2008,823.206884986981,60.9999894463957,-175.546734514133,-0.7,6.71320927784722
"S-28",2009,2098.32049656165,60.9999894463957,-175.546734514133,-0.1,7.64889321876951
"S-28",2010,66466.9272791202,60.9999894463957,-175.546734514133,1,11.1044597902061
"S-28",2011,16900.1800078001,60.9999894463957,-175.546734514133,1.1,9.73507963645603
"S-28",2012,3112.14439218028,60.9999894463957,-175.546734514133,-1.3,8.04306774026173
"S-28",2013,39.5136649883793,60.9999894463957,-175.546734514133,-1.2,3.67668259568469
"S-28",2014,308.685423754323,60.9999894463957,-175.546734514133,0.6,5.73232732495218
"S-28",2015,116.873698228531,60.9999894463957,-175.546734514133,0.7,4.76110603240474
"S-28",2016,173.195444467584,60.9999894463957,-175.546734514133,1.2,5.15442891484268
"S-28",2017,963.5934196829,60.9999894463957,-175.546734514133,1.4,6.87067091950696
"S-28",2018,2681.98737468147,60.9999894463957,-175.546734514133,2.7,7.89431388730923
"S-28",2019,1004.25377788419,60.9999894463957,-175.546734514133,1.9,6.91200145297827
"S-28",2021,671.667772330938,60.9999894463957,-175.546734514133,1.5,6.50976595177951
"S-28",2022,215.79105324273,60.9999894463957,-175.546734514133,0.6,5.37431719181224
"S-28",2023,1585.34848791331,60.9999894463957,-175.546734514133,0.2,7.36856042648614
"S-29",1988,644.925707764095,61.0009977075781,-176.283139233558,0.3,6.46913733622169
"S-29",1989,8418.22598419726,61.0009977075781,-176.283139233558,2.1,9.03815456346781
"S-29",1990,16653.8110142473,61.0009977075781,-176.283139233558,0.3,9.72039444446078
"S-29",1991,514.990128281729,61.0009977075781,-176.283139233558,-0.2,6.24415049696372
"S-29",1992,121.066688882744,61.0009977075781,-176.283139233558,0.8,4.79635330263083
"S-29",1993,491.830454156646,61.0009977075781,-176.283139233558,1.9,6.19813694679224
"S-29",1994,742.447225587214,61.0009977075781,-176.283139233558,0.7,6.60995370932131
"S-29",1995,1180.32531548944,61.0009977075781,-176.283139233558,-0.6,7.07354657690305
"S-29",1996,2309.07561847594,61.0009977075781,-176.283139233558,2.3,7.74460317491219
"S-29",1997,976.955636214244,61.0009977075781,-176.283139233558,1.7,6.88444270030547
"S-29",1998,586.843553119364,61.0009977075781,-176.283139233558,1.6,6.37476069125487
"S-29",1999,118.396282175941,61.0009977075781,-176.283139233558,0.3,4.77404934775202
"S-29",2000,821.320407929189,61.0009977075781,-176.283139233558,0.5,6.71091503241068
"S-29",2001,1519.85868123165,61.0009977075781,-176.283139233558,1.5,7.32637357349534
"S-29",2002,36.7192384510917,61.0009977075781,-176.283139233558,1.5,3.6033396029846
"S-29",2003,0,61.0009977075781,-176.283139233558,3.4,-6.55436829794885
"S-29",2004,362.294888549275,61.0009977075781,-176.283139233558,1.8,5.89246241963043
"S-29",2005,236.704944337147,61.0009977075781,-176.283139233558,2.2,5.46682042033715
"S-29",2006,18.3919848418653,61.0009977075781,-176.283139233558,0.8,2.91199237891206
"S-29",2007,79.1139098022065,61.0009977075781,-176.283139233558,0.9,4.37090670787372
"S-29",2008,37.9539679190041,61.0009977075781,-176.283139233558,-0.3,3.63641157019391
"S-29",2009,911.289124481068,61.0009977075781,-176.283139233558,0.9,6.81486177985071
"S-29",2010,94408.5704305517,61.0009977075781,-176.283139233558,1.7,11.4553871515539
"S-29",2011,77154.3933499689,61.0009977075781,-176.283139233558,1.1,11.2535638201851
"S-29",2012,2125.05274404003,61.0009977075781,-176.283139233558,-0.1,7.66155257182049
"S-29",2013,295.077064255017,61.0009977075781,-176.283139233558,0.3,5.68724138243333
"S-29",2014,1119.7910001442,61.0009977075781,-176.283139233558,1,7.02089861142151
"S-29",2015,20.6476960984026,61.0009977075781,-176.283139233558,1.1,3.02767270254035
"S-29",2016,311.712923590713,61.0009977075781,-176.283139233558,1.5,5.74208721546296
"S-29",2017,147598.095757855,61.0009977075781,-176.283139233558,1.9,11.9022482993428
"S-29",2018,19.9041378989781,61.0009977075781,-176.283139233558,2.5,2.99099917916531
"S-29",2019,98.9880723309315,61.0009977075781,-176.283139233558,2.1,4.59501374564696
"S-29",2021,728.742841135838,61.0009977075781,-176.283139233558,1.6,6.59132286801849
"S-29",2022,121.362566918698,61.0009977075781,-176.283139233558,1.2,4.79879421848733
"S-29",2023,1430.74242806694,61.0009977075781,-176.283139233558,0.6,7.26594976419732
"S-30",1988,3042.81536331097,61.0036816191182,-176.980129785106,0.5,8.02053894012943
"S-30",1989,2901.52147366852,61.0036816191182,-176.980129785106,2,7.97299101522474
"S-30",1990,101.400456791932,61.0036816191182,-176.980129785106,1.2,4.6190916380658
"S-30",1991,428.746449864648,61.0036816191182,-176.980129785106,0.4,6.06086903927648
"S-30",1992,19.0844258296173,61.0036816191182,-176.980129785106,1.1,2.94894720769336
"S-30",1993,332.352291127162,61.0036816191182,-176.980129785106,2.1,5.80619980842787
"S-30",1994,2541.65854164046,61.0036816191182,-176.980129785106,1.4,7.8405726762883
"S-30",1995,3798.90363418169,61.0036816191182,-176.980129785106,0.4,8.24246816157861
"S-30",1996,9164.71742133682,61.0036816191182,-176.980129785106,2.5,9.12311648279495
"S-30",1997,154.356774956607,61.0036816191182,-176.980129785106,2.1,5.03927586802567
"S-30",1998,18.3107678072533,61.0036816191182,-176.980129785106,2,2.90756705055667
"S-30",1999,313.158367135192,61.0036816191182,-176.980129785106,0.2,5.74671357470408
"S-30",2000,309.0974545928,61.0036816191182,-176.980129785106,0.9,5.73366122077449
"S-30",2001,667.939866452576,61.0036816191182,-176.980129785106,1.7,6.50420028095359
"S-30",2002,37.6344730783374,61.0036816191182,-176.980129785106,1.5,3.62795830134689
"S-30",2003,511.628379549397,61.0036816191182,-176.980129785106,3,6.23760132334694
"S-30",2004,127.464090740717,61.0036816191182,-176.980129785106,2.3,4.847845854467
"S-30",2005,43.1053750545328,61.0036816191182,-176.980129785106,2.7,3.76368073261741
"S-30",2006,0,61.0036816191182,-176.980129785106,1.5,-6.55436829794885
"S-30",2007,0,61.0036816191182,-176.980129785106,1.1,-6.55436829794885
"S-30",2008,19.74388157737,61.0036816191182,-176.980129785106,0.5,2.98291576483532
"S-30",2009,586.530028996288,61.0036816191182,-176.980129785106,1.2,6.37422629475166
"S-30",2010,77473.9810933729,61.0036816191182,-176.980129785106,1.9,11.2576974495236
"S-30",2011,103324.994469019,61.0036816191182,-176.980129785106,1.1,11.5456345996306
"S-30",2012,814.773830502872,61.0036816191182,-176.980129785106,0.4,6.70291231372078
"S-30",2013,34260.6556452879,61.0036816191182,-176.980129785106,0.8,10.4417529505958
"S-30",2014,75.9251912115901,61.0036816191182,-176.980129785106,1.4,4.32976728293002
"S-30",2015,0,61.0036816191182,-176.980129785106,1.7,-6.55436829794885
"S-30",2016,82.1038836927884,61.0036816191182,-176.980129785106,1.5,4.40800266205262
"S-30",2017,0,61.0036816191182,-176.980129785106,2.3,-6.55436829794885
"S-30",2018,0,61.0036816191182,-176.980129785106,2.3,-6.55436829794885
"S-30",2019,21.1231393484984,61.0036816191182,-176.980129785106,2.3,3.0504364975526
"S-30",2021,4486.9486293747,61.0036816191182,-176.980129785106,1.6,8.40892847448028
"S-30",2022,558.863432287267,61.0036816191182,-176.980129785106,1.6,6.32590768394311
"S-30",2023,1841.7730506911,61.0036816191182,-176.980129785106,1.2,7.51848477423432
"S-31",1988,754.894318779103,60.9968522302854,-177.627544039671,1.4,6.62657965052331
"S-31",1989,43514.5601248447,60.9968522302854,-177.627544039671,2.2,10.6808509093077
"S-31",1990,151.809977370678,60.9968522302854,-177.627544039671,1.4,5.02263896920787
"S-31",1991,68.2531126040263,60.9968522302854,-177.627544039671,NA,4.22324390051662
"S-31",1992,0,60.9968522302854,-177.627544039671,1.5,-6.55436829794885
"S-31",1993,45.5532142084116,60.9968522302854,-177.627544039671,1.7,3.81891244268171
"S-31",1994,1382.92528169432,60.9968522302854,-177.627544039671,0.8,7.2319573335694
"S-31",1995,2344.92466899903,60.9968522302854,-177.627544039671,1.2,7.76000916348865
"S-31",1996,56590.7982079108,60.9968522302854,-177.627544039671,1.9,10.9436017003034
"S-31",1997,33.5240726275141,60.9968522302854,-177.627544039671,2.2,3.51230623918682
"S-31",1998,53.44356616297,60.9968522302854,-177.627544039671,2.1,3.97865290146005
"S-31",1999,17.1649926842261,60.9968522302854,-177.627544039671,0.4,2.84295494994079
"S-31",2000,144.110494119197,60.9968522302854,-177.627544039671,0.9,4.97059020604801
"S-31",2001,1155.3379470543,60.9968522302854,-177.627544039671,0.8,7.05214940744753
"S-31",2002,18.7063882547581,60.9968522302854,-177.627544039671,1.7,2.92894119794932
"S-31",2003,165.262751742202,60.9968522302854,-177.627544039671,2.2,5.10754525795283
"S-31",2004,61.7513530839675,60.9968522302854,-177.627544039671,2,4.12313894560655
"S-31",2005,702.300242146452,60.9968522302854,-177.627544039671,1.9,6.55436303540836
"S-31",2006,74.1055481748756,60.9968522302854,-177.627544039671,1.3,4.30550961771295
"S-31",2007,0,60.9968522302854,-177.627544039671,1.3,-6.55436829794885
"S-31",2008,39.2052779823026,60.9968522302854,-177.627544039671,0.7,3.66884769811083
"S-31",2009,254.870273982728,60.9968522302854,-177.627544039671,1.2,5.54076027290988
"S-31",2010,3103.52817987423,60.9968522302854,-177.627544039671,2.1,8.04029532463737
"S-31",2011,28361.1414618811,60.9968522302854,-177.627544039671,1.5,10.25277527905
"S-31",2012,2070.66079360908,60.9968522302854,-177.627544039671,0.7,7.63562374693
"S-31",2013,700.984580740854,60.9968522302854,-177.627544039671,1.3,6.55248792196069
"S-31",2014,58.1442541470967,60.9968522302854,-177.627544039671,1.5,4.06295155168224
"S-31",2015,0,60.9968522302854,-177.627544039671,2.1,-6.55436829794885
"S-31",2016,60.9436803957262,60.9968522302854,-177.627544039671,1.4,4.10997352912083
"S-31",2017,0,60.9968522302854,-177.627544039671,2.3,-6.55436829794885
"S-31",2018,21.0395190261381,60.9968522302854,-177.627544039671,2,3.0464702018934
"S-31",2019,368.499338961036,60.9968522302854,-177.627544039671,1.5,5.90944278175774
"S-31",2021,0,60.9968522302854,-177.627544039671,1.5,-6.55436829794885
"S-31",2022,52.2093763146362,60.9968522302854,-177.627544039671,1.5,3.95528937380737
"S-31",2023,273.886611514661,60.9968522302854,-177.627544039671,1.4,5.6127193929371
"T-25",1988,25048.9937652145,61.3357471613585,-173.580912043082,-1.3,10.1285889934968
"T-25",1989,12053.7451852191,61.3357471613585,-173.580912043082,0.4,9.39713081250971
"T-25",1990,11942.6679286868,61.3357471613585,-173.580912043082,-1.3,9.38787292582666
"T-25",1991,15786.963174168,61.3357471613585,-173.580912043082,-1.6,9.66693985305439
"T-25",1992,19208.8926875091,61.3357471613585,-173.580912043082,-1.5,9.86312868572397
"T-25",1993,0,61.3357471613585,-173.580912043082,-1.4,-6.55436829794885
"T-25",1994,25028.9957701763,61.3357471613585,-173.580912043082,-1.4,10.1277903194626
"T-25",1995,12518.1646269924,61.3357471613585,-173.580912043082,-1.5,9.43493615236507
"T-25",1996,18860.9988222832,61.3357471613585,-173.580912043082,0.8,9.84485159010272
"T-25",1997,76995.0032458292,61.3357471613585,-173.580912043082,-1.3,11.2514958243121
"T-25",1998,9339.82793289495,61.3357471613585,-173.580912043082,-0.3,9.14204326090363
"T-25",1999,6937.69437424082,61.3357471613585,-173.580912043082,-1.7,8.84472498080927
"T-25",2000,14908.4073975327,61.3357471613585,-173.580912043082,-1.5,9.60968068317826
"T-25",2001,10422.704941277,61.3357471613585,-173.580912043082,-0.9,9.25174200952623
"T-25",2002,11010.5388887885,61.3357471613585,-173.580912043082,0,9.30660830323291
"T-25",2003,16783.9131522101,61.3357471613585,-173.580912043082,-0.1,9.72817624101947
"T-25",2004,69243.6669105942,61.3357471613585,-173.580912043082,-1.2,11.1453869878763
"T-25",2005,26117.7513061612,61.3357471613585,-173.580912043082,-0.6,10.1703705433201
"T-25",2006,4999.40787066744,61.3357471613585,-173.580912043082,-1.6,8.51707504334693
"T-25",2007,5555.81377522101,61.3357471613585,-173.580912043082,-1.6,8.62260044182053
"T-25",2008,4649.28171216577,61.3357471613585,-173.580912043082,-1.7,8.44446832240608
"T-25",2009,2599.77329770669,61.3357471613585,-173.580912043082,-1.6,7.86318007471284
"T-25",2010,40115.3089275932,61.3357471613585,-173.580912043082,-1.4,10.5995133447021
"T-25",2011,30703.1007514372,61.3357471613585,-173.580912043082,-1,10.3321189765263
"T-25",2012,5760.50162060719,61.3357471613585,-173.580912043082,-1.6,8.65878008398925
"T-25",2013,13370.2171339854,61.3357471613585,-173.580912043082,-1.6,9.5007850168485
"T-25",2014,6689.07440554621,61.3357471613585,-173.580912043082,-0.6,8.80823100149133
"T-25",2015,7285.02811153116,61.3357471613585,-173.580912043082,-1.4,8.89357677289881
"T-25",2016,31352.6284969918,61.3357471613585,-173.580912043082,-1.3,10.3530534315657
"T-25",2017,46565.1012048648,61.3357471613585,-173.580912043082,-1.6,10.7486066689423
"T-25",2018,33441.0194482915,61.3357471613585,-173.580912043082,2.5,10.4175385952067
"T-25",2019,22048.6336427048,61.3357471613585,-173.580912043082,0.8,10.0010059772169
"T-25",2021,144.148028359043,61.3357471613585,-173.580912043082,0.2,4.97085062415416
"T-25",2022,456.362097728167,61.3357471613585,-173.580912043082,-0.7,6.12328968843566
"T-25",2023,18474.9294929025,61.3357471613585,-173.580912043082,-1.3,9.82417000652847
"T-26",1988,37859.1385699951,61.3340635591118,-174.317720557003,-1.6,10.5416277090768
"T-26",1989,16461.6606078615,61.3340635591118,-174.317720557003,-0.8,9.70878944311552
"T-26",1990,15507.3347738454,61.3340635591118,-174.317720557003,-1.5,9.64906849401396
"T-26",1991,23742.6267830891,61.3340635591118,-174.317720557003,-1.5,10.075027369996
"T-26",1992,26195.0752385359,61.3340635591118,-174.317720557003,-1.4,10.173326758443
"T-26",1993,32041.4702103803,61.3340635591118,-174.317720557003,-0.7,10.3747863312842
"T-26",1994,39066.1814740465,61.3340635591118,-174.317720557003,-2.1,10.5730124842214
"T-26",1995,49520.6087657952,61.3340635591118,-174.317720557003,-1.5,10.8101442293681
"T-26",1996,14669.0034617388,61.3340635591118,-174.317720557003,0.9,9.59349203554524
"T-26",1997,20025.5507666491,61.3340635591118,-174.317720557003,-1,9.90476434661411
"T-26",1998,12077.2256147174,61.3340635591118,-174.317720557003,0.5,9.3990768953534
"T-26",1999,8959.23440802627,61.3340635591118,-174.317720557003,-1.8,9.10044021571449
"T-26",2000,6863.51596571081,61.3340635591118,-174.317720557003,-1.3,8.83397532832191
"T-26",2001,18898.1329764932,61.3340635591118,-174.317720557003,0,9.84681848720083
"T-26",2002,3872.66770993732,61.3340635591118,-174.317720557003,-0.3,8.26169924695235
"T-26",2003,19907.0053691355,61.3340635591118,-174.317720557003,1,9.89882704889151
"T-26",2004,69897.6214317381,61.3340635591118,-174.317720557003,NA,11.1547869198556
"T-26",2005,23440.9086470184,61.3340635591118,-174.317720557003,0.1,10.0622380684876
"T-26",2006,6219.92414903529,61.3340635591118,-174.317720557003,-1.6,8.73551321989272
"T-26",2007,13547.7836459585,61.3340635591118,-174.317720557003,-1.5,9.51397834946584
"T-26",2008,9775.66810562579,61.3340635591118,-174.317720557003,-1.7,9.18765187657525
"T-26",2009,13531.7889050946,61.3340635591118,-174.317720557003,-1.6,9.51279703532125
"T-26",2010,51182.7382367646,61.3340635591118,-174.317720557003,-1.4,10.8431576381882
"T-26",2011,31242.1576163941,61.3340635591118,-174.317720557003,-0.6,10.34952371297
"T-26",2012,34332.5387702808,61.3340635591118,-174.317720557003,-1.6,10.4438488771359
"T-26",2013,16064.4027475263,61.3340635591118,-174.317720557003,-1.6,9.68436118224768
"T-26",2014,9598.98413662,61.3340635591118,-174.317720557003,-0.4,9.16941270109134
"T-26",2015,8919.61683978468,61.3340635591118,-174.317720557003,-1.5,9.09600842910524
"T-26",2016,44529.5015350525,61.3340635591118,-174.317720557003,-1.4,10.7039072363162
"T-26",2017,49047.6286689648,61.3340635591118,-174.317720557003,-1.6,10.8005471476763
"T-26",2018,58867.5703540177,61.3340635591118,-174.317720557003,2.1,10.9830456539812
"T-26",2019,32152.199322877,61.3340635591118,-174.317720557003,1.7,10.3782361797883
"T-26",2021,184.810532124904,61.3340635591118,-174.317720557003,0.5,5.21933885412216
"T-26",2022,10906.4648802666,61.3340635591118,-174.317720557003,-1.3,9.29711113123332
"T-26",2023,4309.26202144852,61.3340635591118,-174.317720557003,-1,8.36852227413883
"T-27",1988,24145.3327209881,61.3338089475703,-174.992548998721,-1.4,10.0918464373036
"T-27",1989,18210.4215863149,61.3338089475703,-174.992548998721,1.1,9.80974940200687
"T-27",1990,4087.34961754433,61.3338089475703,-174.992548998721,-1.5,8.31565237207697
"T-27",1991,2794.43174437392,61.3338089475703,-174.992548998721,-1.5,7.93538456296697
"T-27",1992,24168.3445635457,61.3338089475703,-174.992548998721,-1,10.0927990388953
"T-27",1993,16287.0313420689,61.3338089475703,-174.992548998721,-0.2,9.69812453435707
"T-27",1994,19979.4982025294,61.3338089475703,-174.992548998721,-1.4,9.90246200816579
"T-27",1995,72694.0157917791,61.3338089475703,-174.992548998721,-1.2,11.1940143659903
"T-27",1996,12573.7795058576,61.3338089475703,-174.992548998721,2,9.43936904631149
"T-27",1997,4713.8815896414,61.3338089475703,-174.992548998721,-0.2,8.45826726637088
"T-27",1998,3228.66455708346,61.3338089475703,-174.992548998721,1,8.07982432191599
"T-27",1999,1908.50991574902,61.3338089475703,-174.992548998721,-1.5,7.55407881381347
"T-27",2000,6258.06170244036,61.3338089475703,-174.992548998721,-0.9,8.74162601147779
"T-27",2001,3296.10952499771,61.3338089475703,-174.992548998721,1,8.10049855213751
"T-27",2002,4699.56563108289,61.3338089475703,-174.992548998721,-0.8,8.45522566749031
"T-27",2003,4944.39960474561,61.3338089475703,-174.992548998721,1.8,8.50601111005257
"T-27",2004,28334.065288533,61.3338089475703,-174.992548998721,0.7,10.2518201304369
"T-27",2005,42059.8374660989,61.3338089475703,-174.992548998721,0.9,10.6468486187686
"T-27",2006,2189.10420307463,61.3338089475703,-174.992548998721,-1.7,7.69124834987934
"T-27",2007,6160.78137949667,61.3338089475703,-174.992548998721,-1.4,8.72595912692435
"T-27",2008,2084.39758694649,61.3338089475703,-174.992548998721,-1.7,7.64223584847562
"T-27",2009,4312.73544702958,61.3338089475703,-174.992548998721,-1.6,8.36932798641941
"T-27",2010,31824.5216777696,61.3338089475703,-174.992548998721,-1.2,10.3679924382906
"T-27",2011,24290.9901036102,61.3338089475703,-174.992548998721,0.6,10.0978608415621
"T-27",2012,9470.06099293904,61.3338089475703,-174.992548998721,-1.3,9.1558907771638
"T-27",2013,23416.3350683331,61.3338089475703,-174.992548998721,-1.6,10.0611891984519
"T-27",2014,10711.8743627476,61.3338089475703,-174.992548998721,-0.5,9.27910829158212
"T-27",2015,1934.84844294356,61.3338089475703,-174.992548998721,-1.5,7.56778501424994
"T-27",2016,55153.3428633003,61.3338089475703,-174.992548998721,0.4,10.9178726626832
"T-27",2017,78351.5682719305,61.3338089475703,-174.992548998721,0.1,11.2689612819908
"T-27",2018,30301.1845052999,61.3338089475703,-174.992548998721,2.3,10.3189421303085
"T-27",2019,117.407187945719,61.3338089475703,-174.992548998721,1.6,4.76566025928436
"T-27",2021,185.011699273684,61.3338089475703,-174.992548998721,1.2,5.22042675853944
"T-27",2022,7568.75940432995,61.3338089475703,-174.992548998721,-0.6,8.93178463794771
"T-27",2023,6305.07533810762,61.3338089475703,-174.992548998721,-0.4,8.74911042310519
"T-28",1988,46663.2376551915,61.3285838743383,-175.660627851769,-1.1,10.7507119619203
"T-28",1989,15327.5718045785,61.3285838743383,-175.660627851769,2,9.63740865721216
"T-28",1990,2662.0592411125,61.3285838743383,-175.660627851769,-0.3,7.88685578794954
"T-28",1991,2314.22799158948,61.3285838743383,-175.660627851769,-1.4,7.74683204522116
"T-28",1992,7647.78195705469,61.3285838743383,-175.660627851769,-0.4,8.94217113070783
"T-28",1993,8928.41820618809,61.3285838743383,-175.660627851769,0.9,9.09699468509251
"T-28",1994,167068.038416015,61.3285838743383,-175.660627851769,-1.4,12.0261564326152
"T-28",1995,58158.3443047194,61.3285838743383,-175.660627851769,-1.2,10.9709246683469
"T-28",1996,9749.78581017269,61.3285838743383,-175.660627851769,1.2,9.18500074160555
"T-28",1997,3194.82970884392,61.3285838743383,-175.660627851769,1.7,8.06928951180794
"T-28",1998,600.614360726271,61.3285838743383,-175.660627851769,NA,6.39795543660302
"T-28",1999,1759.5861226847,61.3285838743383,-175.660627851769,NA,7.47283471202667
"T-28",2000,7772.36294118598,61.3285838743383,-175.660627851769,-0.5,8.95832969116219
"T-28",2001,16862.0430677202,61.3285838743383,-175.660627851769,1.1,9.73282048705121
"T-28",2002,598.410542577638,61.3285838743383,-175.660627851769,0.4,6.39427942388628
"T-28",2003,1291.36443876325,61.3285838743383,-175.660627851769,2.6,7.16345574546579
"T-28",2004,7726.29434912943,61.3285838743383,-175.660627851769,1.2,8.95238482530623
"T-28",2005,18931.179615618,61.3285838743383,-175.660627851769,1,9.84856563208816
"T-28",2006,632.741762381895,61.3285838743383,-175.660627851769,-1.4,6.45006463091834
"T-28",2007,1945.97624202984,61.3285838743383,-175.660627851769,-0.4,7.57351978575917
"T-28",2008,667.013731343505,61.3285838743383,-175.660627851769,-1.2,6.50281276713509
"T-28",2009,1151.10930207924,61.3285838743383,-175.660627851769,-1.7,7.04848260388759
"T-28",2010,46002.2343603744,61.3285838743383,-175.660627851769,-0.3,10.7364452782957
"T-28",2011,54105.8519123261,61.3285838743383,-175.660627851769,0.9,10.8986976537363
"T-28",2012,6150.88698259186,61.3285838743383,-175.660627851769,-1,8.72435180670497
"T-28",2013,2648.95707988942,61.3285838743383,-175.660627851769,-1.4,7.88192182428394
"T-28",2014,2032.93841672619,61.3285838743383,-175.660627851769,0.2,7.61723822175334
"T-28",2015,977.219003286053,61.3285838743383,-175.660627851769,-0.6,6.88471224293926
"T-28",2016,1893.70371598271,61.3285838743383,-175.660627851769,0.7,7.54629058045684
"T-28",2017,52462.2823958025,61.3285838743383,-175.660627851769,0.8,10.8678497869697
"T-28",2018,29297.2859198012,61.3285838743383,-175.660627851769,2.6,10.2852502085923
"T-28",2019,207.694008270855,61.3285838743383,-175.660627851769,1.6,5.33607273811691
"T-28",2021,100.008137136234,61.3285838743383,-175.660627851769,1.5,4.60526579160059
"T-28",2022,1582.10848801542,61.3285838743383,-175.660627851769,-0.9,7.36651462246129
"T-28",2023,1543.2222537154,61.3285838743383,-175.660627851769,0,7.34162880465516
"T-29",1988,4339.83889522884,61.3348112467169,-176.305101838557,0.9,8.37559283358599
"T-29",1989,59676.8213332591,61.3348112467169,-176.305101838557,2,10.9966989954769
"T-29",1990,535.673049239571,61.3348112467169,-176.305101838557,-0.1,6.28352665030787
"T-29",1991,3740.65613397969,61.3348112467169,-176.305101838557,-0.4,8.22701669256456
"T-29",1992,29.5174192370806,61.3348112467169,-176.305101838557,0.5,3.38502880923306
"T-29",1993,158195.262376163,61.3348112467169,-176.305101838557,1.5,11.9715853958147
"T-29",1994,9628.12797435651,61.3348112467169,-176.305101838557,0.3,9.17244423859646
"T-29",1995,43461.472785746,61.3348112467169,-176.305101838557,-1,10.6796301743034
"T-29",1996,13821.0733280105,61.3348112467169,-176.305101838557,1.6,9.53394986216277
"T-29",1997,10219.054287094,61.3348112467169,-176.305101838557,1.7,9.23200946330261
"T-29",1998,54.4191429798384,61.3348112467169,-176.305101838557,1.6,3.99674214972662
"T-29",1999,145.604782359679,61.3348112467169,-176.305101838557,NA,4.98090576014077
"T-29",2000,2221.68674978161,61.3348112467169,-176.305101838557,0.1,7.70602262446663
"T-29",2001,127.520576128812,61.3348112467169,-176.305101838557,1.3,4.84828889881841
"T-29",2002,1602.08370043278,61.3348112467169,-176.305101838557,1.2,7.37906126249305
"T-29",2003,0,61.3348112467169,-176.305101838557,3.2,-6.55436829794885
"T-29",2004,40.8124111065443,61.3348112467169,-176.305101838557,1.5,3.70902111678888
"T-29",2005,147.250680567756,61.3348112467169,-176.305101838557,1.4,4.99214611410908
"T-29",2006,58.4918790166511,61.3348112467169,-176.305101838557,0.3,4.06891226732039
"T-29",2007,666.518976798988,61.3348112467169,-176.305101838557,0.6,6.50207074782406
"T-29",2008,58.3640780900547,61.3348112467169,-176.305101838557,-0.6,4.06672499563488
"T-29",2009,832.34107142976,61.3348112467169,-176.305101838557,-0.9,6.72424400913436
"T-29",2010,81581.1518658021,61.3348112467169,-176.305101838557,1.3,11.3093535496886
"T-29",2011,35651.5146796053,61.3348112467169,-176.305101838557,1,10.4815469523852
"T-29",2012,30541.5755162255,61.3348112467169,-176.305101838557,-0.8,10.3268442126756
"T-29",2013,24616.3566617632,61.3348112467169,-176.305101838557,-0.8,10.1111664637617
"T-29",2014,576.590026675608,61.3348112467169,-176.305101838557,0.8,6.35713395775768
"T-29",2015,19.6402481251069,61.3348112467169,-176.305101838557,1.1,2.97765343205014
"T-29",2016,158.384474670805,61.3348112467169,-176.305101838557,1.3,5.06503445112991
"T-29",2017,382.403850840347,61.3348112467169,-176.305101838557,1.2,5.94648097481224
"T-29",2018,3655.57755476048,61.3348112467169,-176.305101838557,2.4,8.20400976692811
"T-29",2019,26213.5700091797,61.3348112467169,-176.305101838557,1.9,10.1740325492651
"T-29",2021,155.035241672643,61.3348112467169,-176.305101838557,1.4,5.04366164091101
"T-29",2022,3037.6930850879,61.3348112467169,-176.305101838557,0.9,8.01885412147348
"T-29",2023,2574.73795224936,61.3348112467169,-176.305101838557,0.3,7.85350359482259
"T-30",1988,43917.4538558247,61.3324692399008,-176.975267866761,1.5,10.6900671346074
"T-30",1989,1985.09591677011,61.3324692399008,-176.975267866761,1.9,7.59342323003088
"T-30",1990,541.310709190014,61.3324692399008,-176.975267866761,1.2,6.29399606824241
"T-30",1991,321.340646021312,61.3324692399008,-176.975267866761,-0.1,5.77250619406878
"T-30",1992,232.649109149527,61.3324692399008,-176.975267866761,1.1,5.44953746941883
"T-30",1993,755.391346274281,61.3324692399008,-176.975267866761,1.9,6.62723783935134
"T-30",1994,449.275573111588,61.3324692399008,-176.975267866761,1.2,6.10763961733312
"T-30",1995,229.979281241506,61.3324692399008,-176.975267866761,0.4,5.43799541463703
"T-30",1996,1229.9257434951,61.3324692399008,-176.975267866761,2.1,7.11471023309877
"T-30",1997,48.1918508010167,61.3324692399008,-176.975267866761,2,3.87521948192451
"T-30",1998,90.9115439740769,61.3324692399008,-176.975267866761,1.9,4.50990265169185
"T-30",1999,337.410402892072,61.3324692399008,-176.975267866761,0.2,5.82130422217722
"T-30",2000,863.548850266787,61.3324692399008,-176.975267866761,0.2,6.76105211725712
"T-30",2001,874.626455593169,61.3324692399008,-176.975267866761,1.5,6.77379851530042
"T-30",2002,0,61.3324692399008,-176.975267866761,1.4,-6.55436829794885
"T-30",2003,58.6884005701898,61.3324692399008,-176.975267866761,3.2,4.07226636346408
"T-30",2004,360.2439442474,61.3324692399008,-176.975267866761,1.8,5.88678537741863
"T-30",2005,152.507312147474,61.3324692399008,-176.975267866761,2,5.02722187984624
"T-30",2006,415.952467308457,61.3324692399008,-176.975267866761,1,6.03057441563387
"T-30",2007,19.626874027418,61.3324692399008,-176.975267866761,1,2.9769722958927
"T-30",2008,0,61.3324692399008,-176.975267866761,0.2,-6.55436829794885
"T-30",2009,602.291520528773,61.3324692399008,-176.975267866761,1.1,6.40074394557101
"T-30",2010,265316.891942717,61.3324692399008,-176.975267866761,1.8,12.4886802145652
"T-30",2011,128042.390721791,61.3324692399008,-176.975267866761,1.1,11.760116676709
"T-30",2012,2512.61019431314,61.3324692399008,-176.975267866761,-0.7,7.82907797653288
"T-30",2013,1048.16678299748,61.3324692399008,-176.975267866761,0.9,6.95479935474945
"T-30",2014,120.957421001654,61.3324692399008,-176.975267866761,1.2,4.79545036281309
"T-30",2015,20.7458619280758,61.3324692399008,-176.975267866761,1.3,3.03241543378989
"T-30",2016,2435.2970689684,61.3324692399008,-176.975267866761,1.4,7.79782461233668
"T-30",2017,40.7622667412109,61.3324692399008,-176.975267866761,1.8,3.7077917494779
"T-30",2018,21.0723709684673,61.3324692399008,-176.975267866761,2.3,3.04803031841037
"T-30",2019,96.4956343531041,61.3324692399008,-176.975267866761,2.2,4.5695125232705
"T-30",2021,103.900732860509,61.3324692399008,-176.975267866761,1.3,4.64344965575847
"T-30",2022,316.58942366125,61.3324692399008,-176.975267866761,1.2,5.7576102384482
"T-30",2023,1828.56958360364,61.3324692399008,-176.975267866761,0.5,7.51129007057111
"U-25",1988,88231.1283780643,61.6668761547227,-173.660250710306,-1.6,11.3877151253245
"U-25",1989,10318.5620002968,61.6668761547227,-173.660250710306,-0.3,9.24169982626246
"U-25",1990,23266.8675049361,61.6668761547227,-173.660250710306,-1.1,10.0547856932602
"U-25",1991,14478.5364806815,61.6668761547227,-173.660250710306,-1.7,9.5804226873998
"U-25",1992,14367.041760298,61.6668761547227,-173.660250710306,-1.5,9.57269219479586
"U-25",1993,17283.8146614498,61.6668761547227,-173.660250710306,2.2,9.75752585624839
"U-25",1994,29531.151352395,61.6668761547227,-173.660250710306,-1.4,10.2932010114388
"U-25",1995,33320.8303088941,61.6668761547227,-173.660250710306,-1.7,10.4139380579373
"U-25",1996,37059.7053083654,61.6668761547227,-173.660250710306,-0.7,10.520285586485
"U-25",1997,29422.8676632064,61.6668761547227,-173.660250710306,-1.4,10.2895275110554
"U-25",1998,10939.2105762511,61.6668761547227,-173.660250710306,-0.5,9.30010904414346
"U-25",1999,13464.2869603109,61.6668761547227,-173.660250710306,-1.7,9.50779615455042
"U-25",2000,14597.5819286553,61.6668761547227,-173.660250710306,NA,9.58861127019704
"U-25",2001,4862.54449118303,61.6668761547227,-173.660250710306,-1.4,8.48931743056903
"U-25",2002,10874.1292310398,61.6668761547227,-173.660250710306,-0.3,9.29414191298423
"U-25",2003,15633.3205340552,61.6668761547227,-173.660250710306,-0.5,9.65715993812872
"U-25",2004,11038.2318282131,61.6668761547227,-173.660250710306,-1.3,9.30912027551156
"U-25",2005,37240.3487388436,61.6668761547227,-173.660250710306,-1.4,10.5251481342127
"U-25",2006,11278.2898740303,61.6668761547227,-173.660250710306,-1.7,9.33063503289616
"U-25",2007,138027.222545166,61.6668761547227,-173.660250710306,-1.4,11.8352062198212
"U-25",2008,8316.71512146833,61.6668761547227,-173.660250710306,-1.6,9.02602280993049
"U-25",2009,7251.33062682206,61.6668761547227,-173.660250710306,-1.7,8.88894046210383
"U-25",2010,40650.0760782471,61.6668761547227,-173.660250710306,-1.5,10.6127560215456
"U-25",2011,24254.8030322499,61.6668761547227,-173.660250710306,-1.3,10.0963699986444
"U-25",2012,52401.1840199369,61.6668761547227,-173.660250710306,-1.7,10.8666844930269
"U-25",2013,12695.3959017909,61.6668761547227,-173.660250710306,-1.7,9.44899479145704
"U-25",2014,3145.24313406824,61.6668761547227,-173.660250710306,-1.5,8.05364692698582
"U-25",2015,2071.72906715107,61.6668761547227,-173.660250710306,-1.2,7.63613952302408
"U-25",2016,22984.634649098,61.6668761547227,-173.660250710306,-1.2,10.042581274875
"U-25",2017,19516.2477799421,61.6668761547227,-173.660250710306,-1.5,9.87900269006019
"U-25",2018,53940.2298096826,61.6668761547227,-173.660250710306,1.9,10.8956318835508
"U-25",2019,43416.6814060779,61.6668761547227,-173.660250710306,0.7,10.6785990432306
"U-25",2021,100.987377161759,61.6668761547227,-173.660250710306,0.3,4.61500962993919
"U-25",2022,16411.5096624216,61.6668761547227,-173.660250710306,-1.1,9.70573826310516
"U-25",2023,9097.44357321257,61.6668761547227,-173.660250710306,-1.4,9.11574888353175
"U-26",1988,34290.6983255209,61.6649856157876,-174.434588629553,-1.6,10.4426294520555
"U-26",1989,16115.1554979748,61.6649856157876,-174.434588629553,-0.3,9.68751553182899
"U-26",1990,21004.6798244828,61.6649856157876,-174.434588629553,-1.5,9.95250060845215
"U-26",1991,35447.5817307778,61.6649856157876,-174.434588629553,-1.6,10.475810353463
"U-26",1992,19018.1987211535,61.6649856157876,-174.434588629553,-1.6,9.85315170202316
"U-26",1993,36906.6411796912,61.6649856157876,-174.434588629553,-1.5,10.5161468301846
"U-26",1994,48920.4450129475,61.6649856157876,-174.434588629553,-2.1,10.7979507156145
"U-26",1995,57058.8968681698,61.6649856157876,-174.434588629553,-1.6,10.9518393166956
"U-26",1996,24966.4042629779,61.6649856157876,-174.434588629553,0.4,10.1252864276528
"U-26",1997,9313.75650263035,61.6649856157876,-174.434588629553,-0.8,9.13924793292246
"U-26",1998,16819.7356162056,61.6649856157876,-174.434588629553,0.1,9.73030829964062
"U-26",1999,4968.20457549699,61.6649856157876,-174.434588629553,-1.7,8.51081408800708
"U-26",2000,8201.43559775549,61.6649856157876,-174.434588629553,-1.6,9.01206466443963
"U-26",2001,4345.08532349879,61.6649856157876,-174.434588629553,-0.9,8.37680100237496
"U-26",2002,6560.68064567451,61.6649856157876,-174.434588629553,-0.4,8.78884985055098
"U-26",2003,6651.83490079643,61.6649856157876,-174.434588629553,-0.1,8.80264823457993
"U-26",2004,11148.5833882195,61.6649856157876,-174.434588629553,-1.5,9.31906784615142
"U-26",2005,9795.92773987788,61.6649856157876,-174.434588629553,-1.5,9.18972218690667
"U-26",2006,4075.91704667943,61.6649856157876,-174.434588629553,-1.7,8.31285139182693
"U-26",2007,6298.73869765394,61.6649856157876,-174.434588629553,-1.3,8.74810491167224
"U-26",2008,866.599128842343,61.6649856157876,-174.434588629553,-1.6,6.76457814711359
"U-26",2009,20684.4870531295,61.6649856157876,-174.434588629553,-1.7,9.93713934941457
"U-26",2010,16813.0175782354,61.6649856157876,-174.434588629553,-1.4,9.72990880588215
"U-26",2011,12704.6562823004,61.6649856157876,-174.434588629553,-0.1,9.44972395372918
"U-26",2012,26480.2457795955,61.6649856157876,-174.434588629553,-1.6,10.1841543454861
"U-26",2013,4698.4153439107,61.6649856157876,-174.434588629553,-1.6,8.45498087303234
"U-26",2014,6470.30005991585,61.6649856157876,-174.434588629553,-1.4,8.77497798359602
"U-26",2015,7354.63422037784,61.6649856157876,-174.434588629553,-1.3,8.90308609329859
"U-26",2016,15625.4017321268,61.6649856157876,-174.434588629553,-1.4,9.6566532762563
"U-26",2017,14313.1874174183,61.6649856157876,-174.434588629553,-1.6,9.56893668778826
"U-26",2018,53838.9051403418,61.6649856157876,-174.434588629553,1.8,10.8937516551269
"U-26",2019,63154.3333673789,61.6649856157876,-174.434588629553,0.3,11.0533367681981
"U-26",2021,474.457492860943,61.6649856157876,-174.434588629553,-0.2,6.16217503209498
"U-26",2022,37992.2270854751,61.6649856157876,-174.434588629553,-1.4,10.5451369048813
"U-26",2023,3833.56159626014,61.6649856157876,-174.434588629553,-1.6,8.25154994218617
"U-27",1988,31296.578190614,61.6692808584535,-175.068231441678,-1.5,10.3512640930649
"U-27",1989,22906.3818961051,61.6692808584535,-175.068231441678,0.5,10.0391708982971
"U-27",1990,7784.86633137747,61.6692808584535,-175.068231441678,-1.3,8.95993709700237
"U-27",1991,7623.59800135977,61.6692808584535,-175.068231441678,-1.6,8.93900390266852
"U-27",1992,23239.5666909918,61.6692808584535,-175.068231441678,-1.6,10.0536116270958
"U-27",1993,43070.226869594,61.6692808584535,-175.068231441678,-1.3,10.670587278556
"U-27",1994,47895.8269714768,61.6692808584535,-175.068231441678,-1.4,10.7767836897392
"U-27",1995,78891.9633826169,61.6692808584535,-175.068231441678,-1.1,11.2758346614261
"U-27",1996,16371.928857921,61.6692808584535,-175.068231441678,0.7,9.70332357922325
"U-27",1997,6473.31419526799,61.6692808584535,-175.068231441678,0.2,8.77544371668789
"U-27",1998,1544.82795104783,61.6692808584535,-175.068231441678,0.7,7.34266874629465
"U-27",1999,2799.13945006696,61.6692808584535,-175.068231441678,-1.6,7.93706781834862
"U-27",2000,2123.38350518474,61.6692808584535,-175.068231441678,-1.2,7.66076675900638
"U-27",2001,6218.71223751724,61.6692808584535,-175.068231441678,0.3,8.73531835749675
"U-27",2002,4663.92696069622,61.6692808584535,-175.068231441678,-0.9,8.44761337297639
"U-27",2003,32457.8292205429,61.6692808584535,-175.068231441678,1.2,10.3876970071786
"U-27",2004,58041.5559357511,61.6692808584535,-175.068231441678,-0.7,10.9689145391611
"U-27",2005,10759.1862572881,61.6692808584535,-175.068231441678,-0.3,9.2835153365509
"U-27",2006,1698.65255917432,61.6692808584535,-175.068231441678,-1.7,7.43759144175247
"U-27",2007,5249.64427485481,61.6692808584535,-175.068231441678,-1.4,8.56591586735351
"U-27",2008,3106.92645882748,61.6692808584535,-175.068231441678,-1.4,8.04138969789403
"U-27",2009,3843.28367680509,61.6692808584535,-175.068231441678,-1.7,8.25408277482513
"U-27",2010,31955.422461944,61.6692808584535,-175.068231441678,-1.4,10.3720972070825
"U-27",2011,13344.8424934179,61.6692808584535,-175.068231441678,0.4,9.4988853658017
"U-27",2012,9994.17321462238,61.6692808584535,-175.068231441678,-1,9.20975766608652
"U-27",2013,6585.43381480163,61.6692808584535,-175.068231441678,-1.6,8.79261570746526
"U-27",2014,1295.11321307357,61.6692808584535,-175.068231441678,-1.2,7.16635449296139
"U-27",2015,462.305893508589,61.6692808584535,-175.068231441678,-1.3,6.13622985909872
"U-27",2016,49253.543448199,61.6692808584535,-175.068231441678,-1.2,10.8047366211081
"U-27",2017,28656.7981313493,61.6692808584535,-175.068231441678,-0.4,10.2631460257549
"U-27",2018,64952.7431122527,61.6692808584535,-175.068231441678,2.1,11.0814152773435
"U-27",2019,9158.41427694262,61.6692808584535,-175.068231441678,1,9.12242848428389
"U-27",2021,303.978054280191,61.6692808584535,-175.068231441678,0.3,5.71696019308233
"U-27",2022,36501.3943334721,61.6692808584535,-175.068231441678,-1.3,10.505105778767
"U-27",2023,7167.30029034337,61.6692808584535,-175.068231441678,-1.1,8.87728453280917
"U-28",1988,107318.562435007,61.6677644845361,-175.786439107367,-1.5,11.583556922591
"U-28",1989,30865.4900707711,61.6677644845361,-175.786439107367,0.8,10.3373940587139
"U-28",1990,7176.30206341053,61.6677644845361,-175.786439107367,-0.4,8.8785396948305
"U-28",1991,8363.06275271558,61.6677644845361,-175.786439107367,-1.5,9.03158016722481
"U-28",1992,31956.3273261079,61.6677644845361,-175.786439107367,-0.4,10.3721255231316
"U-28",1993,419568.363827865,61.6677644845361,-175.786439107367,0.4,12.9469817600304
"U-28",1994,59171.6502905338,61.6677644845361,-175.786439107367,-2,10.9881978500085
"U-28",1995,33845.0300551159,61.6677644845361,-175.786439107367,-0.7,10.4295474870353
"U-28",1996,11976.6430861663,61.6677644845361,-175.786439107367,1.2,9.3907137414557
"U-28",1997,1543.08371284395,61.6677644845361,-175.786439107367,0.9,7.34153902694342
"U-28",1998,1760.49437734714,61.6677644845361,-175.786439107367,1,7.47335075360459
"U-28",1999,3179.58897300038,61.6677644845361,-175.786439107367,-0.7,8.0645076614662
"U-28",2000,14546.451713608,61.6677644845361,-175.786439107367,-0.3,9.58510247226351
"U-28",2001,26968.7995603897,61.6677644845361,-175.786439107367,1,10.2024359577585
"U-28",2002,10123.4559316204,61.6677644845361,-175.786439107367,-0.9,9.2226105204164
"U-28",2003,13148.8106152422,61.6677644845361,-175.786439107367,1.9,9.48408669429498
"U-28",2004,22253.1968785861,61.6677644845361,-175.786439107367,0.9,10.0102410211954
"U-28",2005,4097.5083769623,61.6677644845361,-175.786439107367,0.5,8.31813470252345
"U-28",2006,3196.36340042258,61.6677644845361,-175.786439107367,-1.6,8.06976945065457
"U-28",2007,3352.3020629237,61.6677644845361,-175.786439107367,-1.2,8.11740299652676
"U-28",2008,2804.04047653708,61.6677644845361,-175.786439107367,-1.3,7.93881719113097
"U-28",2009,1393.74196417537,61.6677644845361,-175.786439107367,-1.6,7.2397484912025
"U-28",2010,71211.6461933589,61.6677644845361,-175.786439107367,-1,11.1734116741504
"U-28",2011,19350.0012337638,61.6677644845361,-175.786439107367,0.6,9.87044783580396
"U-28",2012,7417.47580182552,61.6677644845361,-175.786439107367,-0.6,8.91159428181413
"U-28",2013,1432.85950011638,61.6677644845361,-175.786439107367,-1.2,7.26742837077944
"U-28",2014,1385.20799483524,61.6677644845361,-175.786439107367,0,7.23360661204117
"U-28",2015,663.550910485416,61.6677644845361,-175.786439107367,-0.6,6.49760772687491
"U-28",2016,3832.30844598513,61.6677644845361,-175.786439107367,0.5,8.2512229995655
"U-28",2017,27901.5452978504,61.6677644845361,-175.786439107367,0.5,10.2364374043278
"U-28",2018,57755.6269531627,61.6677644845361,-175.786439107367,2.4,10.9639760847094
"U-28",2019,661.869538681492,61.6677644845361,-175.786439107367,1.5,6.49507061633864
"U-28",2021,58.0725490704545,61.6677644845361,-175.786439107367,0.9,4.06171759365303
"U-28",2022,1351.85183185356,61.6677644845361,-175.786439107367,-1.5,7.20923171205507
"U-28",2023,3548.56824743444,61.6677644845361,-175.786439107367,0.1,8.17429989179131
"U-29",1988,54896.0165846818,61.663180287995,-176.45941403506,-0.4,10.9131960931469
"U-29",1989,16169.6538130561,61.663180287995,-176.45941403506,1.5,9.69089163118975
"U-29",1990,2240.52418439327,61.663180287995,-176.45941403506,-0.2,7.71446576387537
"U-29",1991,195.887469760418,61.663180287995,-176.45941403506,-0.6,5.27754762932837
"U-29",1992,1639.56815140237,61.663180287995,-176.45941403506,0.3,7.40218903227627
"U-29",1993,128424.560572052,61.663180287995,-176.45941403506,1,11.7630969447471
"U-29",1994,15304.7046671368,61.663180287995,-176.45941403506,-0.6,9.63591564773344
"U-29",1995,53437.2803634604,61.663180287995,-176.45941403506,-0.7,10.8862639421591
"U-29",1996,34106.2086900428,61.663180287995,-176.45941403506,0.8,10.4372347614686
"U-29",1997,1718.07435528315,61.663180287995,-176.45941403506,1.8,7.44896021051509
"U-29",1998,641.014553600778,61.663180287995,-176.45941403506,1.4,6.46305438248027
"U-29",1999,270.304415934889,61.663180287995,-176.45941403506,-0.2,5.59955405799516
"U-29",2000,4299.96551796343,61.663180287995,-176.45941403506,-0.2,8.36636261370919
"U-29",2001,9597.45510844493,61.663180287995,-176.45941403506,1,9.16925339780265
"U-29",2002,252.657897599013,61.663180287995,-176.45941403506,0.1,5.53204202589629
"U-29",2003,504.198820700854,61.663180287995,-176.45941403506,2.8,6.22297349984475
"U-29",2004,5264.11152390424,61.663180287995,-176.45941403506,1.4,8.56866792942129
"U-29",2005,20702.5318124452,61.663180287995,-176.45941403506,1.2,9.93801135033235
"U-29",2006,1659.31590955689,61.663180287995,-176.45941403506,0.1,7.41416155184991
"U-29",2007,5427.91092195131,61.663180287995,-176.45941403506,0.4,8.59930987230436
"U-29",2008,695.640926457929,61.663180287995,-176.45941403506,-0.8,6.54483566380678
"U-29",2009,749.72113392917,61.663180287995,-176.45941403506,-1.3,6.61970321517363
"U-29",2010,37640.0860898124,61.663180287995,-176.45941403506,0.5,10.5358249187151
"U-29",2011,37677.3968678473,61.663180287995,-176.45941403506,0.8,10.536815678847
"U-29",2012,17766.2554273296,61.663180287995,-176.45941403506,-0.4,9.78505625468386
"U-29",2013,6512.22433837306,61.663180287995,-176.45941403506,-0.9,8.7814365757324
"U-29",2014,1657.67384373804,61.663180287995,-176.45941403506,0.5,7.41317145862361
"U-29",2015,189.84166619211,61.663180287995,-176.45941403506,0.7,5.24619788925042
"U-29",2016,400.79403813004,61.663180287995,-176.45941403506,1,5.99345122738144
"U-29",2017,41989.5459041366,61.663180287995,-176.45941403506,0.7,10.645175993149
"U-29",2018,23283.2118721486,61.663180287995,-176.45941403506,2.3,10.0554879205004
"U-29",2019,144.211288447962,61.663180287995,-176.45941403506,1.8,4.97128937859359
"U-29",2021,40.6801875995728,61.663180287995,-176.45941403506,1.1,3.70577618400503
"U-29",2022,860.183744928598,61.663180287995,-176.45941403506,0,6.75714767864165
"U-29",2023,1362.44145343099,61.663180287995,-176.45941403506,0.5,7.21703460075067
"V-25",1988,27939.2556656269,61.9972881946972,-173.739113526124,-1.6,10.2377880429624
"V-25",1989,22643.5683479399,61.9972881946972,-173.739113526124,-0.5,10.0276311953215
"V-25",1990,23409.3757530581,61.9972881946972,-173.739113526124,-0.7,10.0608919551306
"V-25",1991,14327.6730471422,61.9972881946972,-173.739113526124,-1.6,9.56994822370469
"V-25",1992,14619.3614133549,61.9972881946972,-173.739113526124,-1.5,9.59010215076973
"V-25",1993,9265.0593470626,61.9972881946972,-173.739113526124,-1.2,9.13400569789327
"V-25",1994,31760.7462070942,61.9972881946972,-173.739113526124,-1.4,10.3659864551022
"V-25",1995,25237.8615700952,61.9972881946972,-173.739113526124,-1.7,10.1361006456371
"V-25",1996,31508.4956720989,61.9972881946972,-173.739113526124,-1.2,10.3580125375167
"V-25",1997,53894.8833707962,61.9972881946972,-173.739113526124,-1.3,10.8947908506251
"V-25",1998,26281.1277718268,61.9972881946972,-173.739113526124,-0.1,10.1766064395487
"V-25",1999,4489.59838077348,61.9972881946972,-173.739113526124,-1.7,8.4095188463977
"V-25",2000,15373.2331806205,61.9972881946972,-173.739113526124,-1.6,9.64038326361073
"V-25",2001,3163.99709716206,61.9972881946972,-173.739113526124,-1.4,8.05959186145511
"V-25",2002,17989.8214506999,61.9972881946972,-173.739113526124,-0.3,9.79756148112524
"V-25",2003,32637.5948814481,61.9972881946972,-173.739113526124,-0.8,10.39322016376
"V-25",2004,21602.8438314504,61.9972881946972,-173.739113526124,-1.1,9.98058030978122
"V-25",2005,25986.1098880501,61.9972881946972,-173.739113526124,-0.6,10.1653174939682
"V-25",2006,13437.1417615848,61.9972881946972,-173.739113526124,-1.4,9.50577803087779
"V-25",2007,21031.0414516156,61.9972881946972,-173.739113526124,-1.5,9.95375485736248
"V-25",2008,6202.59154793072,61.9972881946972,-173.739113526124,-1.6,8.73272270486317
"V-25",2009,4076.04792959125,61.9972881946972,-173.739113526124,-1.7,8.31288350257974
"V-25",2010,19177.90930151,61.9972881946972,-173.739113526124,-1.5,9.86151441264971
"V-25",2011,17644.0555878134,61.9972881946972,-173.739113526124,-1.6,9.77815429244243
"V-25",2012,4434.36479966296,61.9972881946972,-173.739113526124,-1.6,8.39713998115998
"V-25",2013,61199.4811390418,61.9972881946972,-173.739113526124,-1.6,11.0218940136105
"V-25",2014,9753.54821166779,61.9972881946972,-173.739113526124,-1.5,9.18538656292084
"V-25",2015,12418.3612722849,61.9972881946972,-173.739113526124,-0.8,9.42693151879151
"V-25",2016,13519.8138877794,61.9972881946972,-173.739113526124,-1.3,9.51191168912358
"V-25",2017,18270.7282186531,61.9972881946972,-173.739113526124,-1.5,9.8130555852213
"V-25",2018,3284.55400934243,61.9972881946972,-173.739113526124,2,8.09698658940871
"V-25",2019,82041.0458646984,61.9972881946972,-173.739113526124,1,11.3149749776897
"V-25",2021,321.615758650925,61.9972881946972,-173.739113526124,-0.3,5.77336196415176
"V-25",2022,72032.8745768659,61.9972881946972,-173.739113526124,-1.2,11.1848779049046
"V-25",2023,9845.97131620647,61.9972881946972,-173.739113526124,-1.4,9.19481779168629
"V-26",1988,64685.9734356225,61.9990676517893,-174.50242822812,-1.6,11.0772996851127
"V-26",1989,15399.831800384,61.9990676517893,-174.50242822812,-0.5,9.64211195874997
"V-26",1990,20131.376120945,61.9990676517893,-174.50242822812,-1.3,9.910034948723
"V-26",1991,48470.6151330076,61.9990676517893,-174.50242822812,-1.7,10.78871304914
"V-26",1992,22419.590484415,61.9990676517893,-174.50242822812,-1.6,10.0176904943328
"V-26",1993,20188.3607031537,61.9990676517893,-174.50242822812,-1.4,9.91286158503633
"V-26",1994,59804.166918547,61.9990676517893,-174.50242822812,-2.1,10.9988306422324
"V-26",1995,24307.4099820408,61.9990676517893,-174.50242822812,-1.7,10.0985365789553
"V-26",1996,85233.7959442618,61.9990676517893,-174.50242822812,-0.6,11.3531533168843
"V-26",1997,12921.0070996833,61.9990676517893,-174.50242822812,-0.9,9.46660983338963
"V-26",1998,23757.7245287698,61.9990676517893,-174.50242822812,-0.1,10.0756630598327
"V-26",1999,9430.64096506617,61.9990676517893,-174.50242822812,-1.7,9.151719495147
"V-26",2000,4483.30770128848,61.9990676517893,-174.50242822812,-1.6,8.40811669675708
"V-26",2001,36814.9734502572,61.9990676517893,-174.50242822812,-1.3,10.5136599673128
"V-26",2002,4219.09486545945,61.9990676517893,-174.50242822812,-0.4,8.34737623465165
"V-26",2003,10494.2334894808,61.9990676517893,-174.50242822812,-0.4,9.25858132948904
"V-26",2004,8256.78024264808,61.9990676517893,-174.50242822812,-1.4,9.01879016184064
"V-26",2005,4202.25123108087,61.9990676517893,-174.50242822812,-1.4,8.34337600690887
"V-26",2006,8638.07813861287,61.9990676517893,-174.50242822812,-1.6,9.06393556423244
"V-26",2007,15053.4027359805,61.9990676517893,-174.50242822812,-1.5,9.61935943462401
"V-26",2008,14554.2892074216,61.9990676517893,-174.50242822812,-1.6,9.58564111787789
"V-26",2009,16522.5245010635,61.9990676517893,-174.50242822812,-1.7,9.71247993641256
"V-26",2010,31933.4748588479,61.9990676517893,-174.50242822812,-1.5,10.3714101517755
"V-26",2011,9521.42172576357,61.9990676517893,-174.50242822812,-1.6,9.16129960712181
"V-26",2012,19244.1725702425,61.9990676517893,-174.50242822812,-1.6,9.86496364425241
"V-26",2013,6615.36213439827,61.9990676517893,-174.50242822812,-1.7,8.79715003471839
"V-26",2014,3227.38066883416,61.9990676517893,-174.50242822812,-1.5,8.07942658997485
"V-26",2015,439.653658451465,61.9990676517893,-174.50242822812,-1.1,6.08599051571161
"V-26",2016,71370.780769636,61.9990676517893,-174.50242822812,-1.4,11.1756438516013
"V-26",2017,3313.86066580636,61.9990676517893,-174.50242822812,-1.6,8.10586958266327
"V-26",2018,36234.9764905216,61.9990676517893,-174.50242822812,1.6,10.4977801720332
"V-26",2019,15361.6904739385,61.9990676517893,-174.50242822812,-0.3,9.63963215023333
"V-26",2021,2113.6305383606,61.9990676517893,-174.50242822812,-0.6,7.65616305583514
"V-26",2022,28115.1645247891,61.9990676517893,-174.50242822812,-1.3,10.2440644232047
"V-26",2023,11183.5769290076,61.9990676517893,-174.50242822812,-1.6,9.32220176284101
"V-27",1988,20209.5957964667,61.9929597170353,-175.151942260845,-1.5,9.91391288047857
"V-27",1989,26584.5422923158,61.9929597170353,-175.151942260845,-0.4,10.1880852625863
"V-27",1990,5083.63533221414,61.9929597170353,-175.151942260845,-1.4,8.53378218130993
"V-27",1991,5990.37936834598,61.9929597170353,-175.151942260845,-1.6,8.69791026041247
"V-27",1992,22267.7554944114,61.9929597170353,-175.151942260845,-1.6,10.0108950330544
"V-27",1993,18383.4538056522,61.9929597170353,-175.151942260845,NA,9.81920636679124
"V-27",1994,96143.3905838433,61.9929597170353,-175.151942260845,-1.4,11.4735960227865
"V-27",1995,31415.0961963628,61.9929597170353,-175.151942260845,-1.7,10.3550438722728
"V-27",1996,9350.24709313353,61.9929597170353,-175.151942260845,0,9.14315820128946
"V-27",1997,1687.69841895287,61.9929597170353,-175.151942260845,-0.5,7.43112184111861
"V-27",1998,9066.30196766399,61.9929597170353,-175.151942260845,0.6,9.11231989570438
"V-27",1999,1736.51220933242,61.9929597170353,-175.151942260845,-1.7,7.45963472312622
"V-27",2000,4426.08655808548,61.9929597170353,-175.151942260845,-1.6,8.39527139885164
"V-27",2001,2471.50283401104,61.9929597170353,-175.151942260845,-0.8,7.81258225554266
"V-27",2002,1214.1891521481,61.9929597170353,-175.151942260845,-1,7.101832941202
"V-27",2003,23190.4197303959,61.9929597170353,-175.151942260845,0.5,10.0514945911143
"V-27",2004,35272.9970019959,61.9929597170353,-175.151942260845,-1.3,10.4708730331091
"V-27",2005,9951.64387118247,61.9929597170353,-175.151942260845,-1.4,9.20549317277069
"V-27",2006,5950.30246109404,61.9929597170353,-175.151942260845,-1.6,8.69119757034071
"V-27",2007,18150.5904215332,61.9929597170353,-175.151942260845,-1.4,9.80645844772417
"V-27",2008,2163.51837980505,61.9929597170353,-175.151942260845,-1.4,7.67949171316458
"V-27",2009,2176.79095895317,61.9929597170353,-175.151942260845,-1.6,7.68560768821412
"V-27",2010,43000.3274230821,61.9929597170353,-175.151942260845,-1.5,10.6689630422503
"V-27",2011,15214.3682047082,61.9929597170353,-175.151942260845,0.1,9.62999563055529
"V-27",2012,23356.0916644998,61.9929597170353,-175.151942260845,-1.4,10.0586131750258
"V-27",2013,7504.2990292762,61.9929597170353,-175.151942260845,-1.6,8.92323152895145
"V-27",2014,1186.02888099487,61.9929597170353,-175.151942260845,-1.6,7.07836713140401
"V-27",2015,256.450611795054,61.9929597170353,-175.151942260845,-1,5.54694165171411
"V-27",2016,9965.1173547122,61.9929597170353,-175.151942260845,-1.5,9.2068461521538
"V-27",2017,2596.25857611511,61.9929597170353,-175.151942260845,-1.3,7.86182722689101
"V-27",2018,22259.5030061896,61.9929597170353,-175.151942260845,1.9,10.0105243617817
"V-27",2019,3098.07872228425,61.9929597170353,-175.151942260845,0.4,8.03853789093473
"V-27",2021,156.416753628236,61.9929597170353,-175.151942260845,-0.3,5.052533045848
"V-27",2022,32616.4580491184,61.9929597170353,-175.151942260845,-1.6,10.3925723317496
"V-27",2023,9779.55944146427,61.9929597170353,-175.151942260845,-1.6,9.18804986072694
"V-28",1988,33889.9335712054,61.9941524613364,-175.843470223227,-1.5,10.4308733464844
"V-28",1989,12198.5488009647,61.9941524613364,-175.843470223227,0.7,9.40907238963107
"V-28",1990,18463.7557286161,61.9941524613364,-175.843470223227,-1.2,9.82356501673531
"V-28",1991,9536.79937393354,61.9941524613364,-175.843470223227,-1.6,9.16291336206032
"V-28",1992,26125.5340175201,61.9941524613364,-175.843470223227,-1.5,10.1706684844218
"V-28",1993,299981.340648256,61.9941524613364,-175.843470223227,-0.3,12.6114755586114
"V-28",1994,56367.8207825448,61.9941524613364,-175.843470223227,-1.8,10.9396537464181
"V-28",1995,24369.2667506237,61.9941524613364,-175.843470223227,-0.4,10.1010781163984
"V-28",1996,8458.54567695551,61.9941524613364,-175.843470223227,0.7,9.04293270036205
"V-28",1997,2646.70561531747,61.9941524613364,-175.843470223227,0.6,7.88107151956234
"V-28",1998,4562.78390458714,61.9941524613364,-175.843470223227,1,8.42568853368202
"V-28",1999,6358.40708806116,61.9941524613364,-175.843470223227,-1.2,8.75753339104923
"V-28",2000,13431.6196831311,61.9941524613364,-175.843470223227,-1.5,9.50536699012643
"V-28",2001,37035.0996688731,61.9941524613364,-175.843470223227,NA,10.5196214200982
"V-28",2002,671.825367350872,61.9941524613364,-175.843470223227,-1.5,6.51000055615813
"V-28",2003,3173.10348280846,61.9941524613364,-175.843470223227,1.6,8.06246585334062
"V-28",2004,7938.93873441039,61.9941524613364,-175.843470223227,-0.2,8.97953506400839
"V-28",2005,8897.65528310684,61.9941524613364,-175.843470223227,-0.4,9.09354322970342
"V-28",2006,2362.08545172691,61.9941524613364,-175.843470223227,-1.6,7.76730077660969
"V-28",2007,2472.79669052049,61.9941524613364,-175.843470223227,-1.2,7.81310562828225
"V-28",2008,1553.64959484879,61.9941524613364,-175.843470223227,-1,7.34836293603678
"V-28",2009,657.008389300131,61.9941524613364,-175.843470223227,-1.6,6.48769895472342
"V-28",2010,45511.6984380665,61.9941524613364,-175.843470223227,-1.2,10.7257247117073
"V-28",2011,7875.11180046365,61.9941524613364,-175.843470223227,0.6,8.97146284128517
"V-28",2012,11376.345937113,61.9941524613364,-175.843470223227,-0.9,9.33929168612283
"V-28",2013,5584.56408901611,61.9941524613364,-175.843470223227,-1.4,8.62776191311418
"V-28",2014,1683.22785135876,61.9941524613364,-175.843470223227,-0.7,7.42846941500194
"V-28",2015,929.947346630611,61.9941524613364,-175.843470223227,-0.4,6.83512949915979
"V-28",2016,4590.40154436771,61.9941524613364,-175.843470223227,-0.5,8.43172309184805
"V-28",2017,41348.5077791213,61.9941524613364,-175.843470223227,0.2,10.6297916466702
"V-28",2018,8807.49372150845,61.9941524613364,-175.843470223227,2,9.08335835902484
"V-28",2019,385.440814123233,61.9941524613364,-175.843470223227,1.2,5.9543913452146
"V-28",2021,135.785345225681,61.9941524613364,-175.843470223227,0,4.9110857811272
"V-28",2022,26297.6400770169,61.9941524613364,-175.843470223227,-1.6,10.1772345373727
"V-28",2023,18422.5376629419,61.9941524613364,-175.843470223227,-1.3,9.82133014432836
"Z-05",1988,0,54.6894241414141,-165.148970707071,4.1,-6.55436829794885
"Z-05",1989,0,54.6894241414141,-165.148970707071,5.3,-6.55436829794885
"Z-05",1990,0,54.6894241414141,-165.148970707071,5.3,-6.55436829794885
"Z-05",1991,0,54.6894241414141,-165.148970707071,5.1,-6.55436829794885
"Z-05",1992,0,54.6894241414141,-165.148970707071,6.5,-6.55436829794885
"Z-05",1993,0,54.6894241414141,-165.148970707071,5.5,-6.55436829794885
"Z-05",1994,0,54.6894241414141,-165.148970707071,4.2,-6.55436829794885
"Z-05",1995,0,54.6894241414141,-165.148970707071,4.8,-6.55436829794885
"Z-05",1996,0,54.6894241414141,-165.148970707071,5.7,-6.55436829794885
"Z-05",1997,0,54.6894241414141,-165.148970707071,5.5,-6.55436829794885
"Z-05",1998,0,54.6894241414141,-165.148970707071,5.1,-6.55436829794885
"Z-05",1999,0,54.6894241414141,-165.148970707071,NA,-6.55436829794885
"Z-05",2000,0,54.6894241414141,-165.148970707071,4.5,-6.55436829794885
"Z-05",2001,0,54.6894241414141,-165.148970707071,5.4,-6.55436829794885
"Z-05",2002,0,54.6894241414141,-165.148970707071,4.9,-6.55436829794885
"Z-05",2003,0,54.6894241414141,-165.148970707071,5.3,-6.55436829794885
"Z-05",2004,0,54.6894241414141,-165.148970707071,5.3,-6.55436829794885
"Z-05",2005,0,54.6894241414141,-165.148970707071,NA,-6.55436829794885
"Z-05",2006,0,54.6894241414141,-165.148970707071,5.1,-6.55436829794885
"Z-05",2007,0,54.6894241414141,-165.148970707071,4.3,-6.55436829794885
"Z-05",2008,0,54.6894241414141,-165.148970707071,4,-6.55436829794885
"Z-05",2009,0,54.6894241414141,-165.148970707071,5,-6.55436829794885
"Z-05",2010,0,54.6894241414141,-165.148970707071,4.8,-6.55436829794885
"Z-05",2011,0,54.6894241414141,-165.148970707071,5.3,-6.55436829794885
"Z-05",2012,0,54.6894241414141,-165.148970707071,3.5,-6.55436829794885
"Z-05",2013,0,54.6894241414141,-165.148970707071,4.6,-6.55436829794885
"Z-05",2014,0,54.6894241414141,-165.148970707071,5.6,-6.55436829794885
"Z-05",2015,0,54.6894241414141,-165.148970707071,5.9,-6.55436829794885
"Z-05",2016,0,54.6894241414141,-165.148970707071,5.7,-6.55436829794885
"Z-05",2017,0,54.6894241414141,-165.148970707071,6.1,-6.55436829794885
"Z-05",2018,0,54.6894241414141,-165.148970707071,5.8,-6.55436829794885
"Z-05",2019,0,54.6894241414141,-165.148970707071,5.9,-6.55436829794885
"Z-05",2021,0,54.6894241414141,-165.148970707071,5.8,-6.55436829794885
"Z-05",2022,0,54.6894241414141,-165.148970707071,4.6,-6.55436829794885
"Z-05",2023,0,54.6894241414141,-165.148970707071,5.4,-6.55436829794885
