"station","year","avg_dens","Lat","Long","bot_temp","log_avg_dens"
"A-02",1988,0,55.0038581188119,-166.938421089109,3.7,-6.49007147502806
"A-02",1989,0,55.0038581188119,-166.938421089109,3.4,-6.49007147502806
"A-02",1990,20.7992615446345,55.0038581188119,-166.938421089109,3.5,3.03499048528824
"A-02",1991,0,55.0038581188119,-166.938421089109,3.4,-6.49007147502806
"A-02",1992,0,55.0038581188119,-166.938421089109,4,-6.49007147502806
"A-02",1993,0,55.0038581188119,-166.938421089109,3.9,-6.49007147502806
"A-02",1994,0,55.0038581188119,-166.938421089109,3.8,-6.49007147502806
"A-02",1995,0,55.0038581188119,-166.938421089109,3.5,-6.49007147502806
"A-02",1996,0,55.0038581188119,-166.938421089109,4.3,-6.49007147502806
"A-02",1997,0,55.0038581188119,-166.938421089109,4,-6.49007147502806
"A-02",1998,0,55.0038581188119,-166.938421089109,NA,-6.49007147502806
"A-02",1999,0,55.0038581188119,-166.938421089109,3.4,-6.49007147502806
"A-02",2000,0,55.0038581188119,-166.938421089109,3.9,-6.49007147502806
"A-02",2001,0,55.0038581188119,-166.938421089109,4.2,-6.49007147502806
"A-02",2002,0,55.0038581188119,-166.938421089109,3.7,-6.49007147502806
"A-02",2003,0,55.0038581188119,-166.938421089109,4.5,-6.49007147502806
"A-02",2004,0,55.0038581188119,-166.938421089109,4,-6.49007147502806
"A-02",2005,0,55.0038581188119,-166.938421089109,4.1,-6.49007147502806
"A-02",2006,0,55.0038581188119,-166.938421089109,3.6,-6.49007147502806
"A-02",2007,20.3866637132478,55.0038581188119,-166.938421089109,3.6,3.01495542679738
"A-02",2008,0,55.0038581188119,-166.938421089109,3.5,-6.49007147502806
"A-02",2009,0,55.0038581188119,-166.938421089109,3.5,-6.49007147502806
"A-02",2010,0,55.0038581188119,-166.938421089109,4,-6.49007147502806
"A-02",2011,0,55.0038581188119,-166.938421089109,3.9,-6.49007147502806
"A-02",2012,0,55.0038581188119,-166.938421089109,3.5,-6.49007147502806
"A-02",2013,0,55.0038581188119,-166.938421089109,3.7,-6.49007147502806
"A-02",2014,0,55.0038581188119,-166.938421089109,4,-6.49007147502806
"A-02",2015,36.2046743741389,55.0038581188119,-166.938421089109,4.5,3.58923017642741
"A-02",2016,0,55.0038581188119,-166.938421089109,4.7,-6.49007147502806
"A-02",2017,0,55.0038581188119,-166.938421089109,4.3,-6.49007147502806
"A-02",2018,0,55.0038581188119,-166.938421089109,4.4,-6.49007147502806
"A-02",2019,0,55.0038581188119,-166.938421089109,4.5,-6.49007147502806
"A-02",2021,0,55.0038581188119,-166.938421089109,4.1,-6.49007147502806
"A-02",2022,0,55.0038581188119,-166.938421089109,4,-6.49007147502806
"A-02",2023,0,55.0038581188119,-166.938421089109,4.3,-6.49007147502806
"A-03",1988,0,55.005243125,-166.34199725,3.9,-6.49007147502806
"A-03",1989,0,55.005243125,-166.34199725,3.7,-6.49007147502806
"A-03",1990,0,55.005243125,-166.34199725,3.4,-6.49007147502806
"A-03",1991,0,55.005243125,-166.34199725,3.7,-6.49007147502806
"A-03",1992,0,55.005243125,-166.34199725,4,-6.49007147502806
"A-03",1993,0,55.005243125,-166.34199725,3.9,-6.49007147502806
"A-03",1994,0,55.005243125,-166.34199725,3.2,-6.49007147502806
"A-03",1995,55.9721024639986,55.005243125,-166.34199725,3.6,4.02488052447648
"A-03",1996,0,55.005243125,-166.34199725,4.2,-6.49007147502806
"A-03",1997,20.4332907947388,55.005243125,-166.34199725,4.1,3.01723978177386
"A-03",1998,0,55.005243125,-166.34199725,3.8,-6.49007147502806
"A-03",1999,18.6231795972347,55.005243125,-166.34199725,3.3,2.9244885513937
"A-03",2000,0,55.005243125,-166.34199725,3.7,-6.49007147502806
"A-03",2001,0,55.005243125,-166.34199725,3.8,-6.49007147502806
"A-03",2002,0,55.005243125,-166.34199725,3.7,-6.49007147502806
"A-03",2003,0,55.005243125,-166.34199725,NA,-6.49007147502806
"A-03",2004,0,55.005243125,-166.34199725,4.1,-6.49007147502806
"A-03",2005,0,55.005243125,-166.34199725,4.3,-6.49007147502806
"A-03",2006,18.2252701794988,55.005243125,-166.34199725,3.8,2.90289241409278
"A-03",2007,0,55.005243125,-166.34199725,3.5,-6.49007147502806
"A-03",2008,0,55.005243125,-166.34199725,3.4,-6.49007147502806
"A-03",2009,0,55.005243125,-166.34199725,3.5,-6.49007147502806
"A-03",2010,0,55.005243125,-166.34199725,4,-6.49007147502806
"A-03",2011,0,55.005243125,-166.34199725,3.8,-6.49007147502806
"A-03",2012,0,55.005243125,-166.34199725,3.1,-6.49007147502806
"A-03",2013,0,55.005243125,-166.34199725,3.7,-6.49007147502806
"A-03",2014,0,55.005243125,-166.34199725,3.9,-6.49007147502806
"A-03",2015,0,55.005243125,-166.34199725,4.6,-6.49007147502806
"A-03",2016,0,55.005243125,-166.34199725,4.8,-6.49007147502806
"A-03",2017,0,55.005243125,-166.34199725,4.3,-6.49007147502806
"A-03",2018,0,55.005243125,-166.34199725,4.4,-6.49007147502806
"A-03",2019,0,55.005243125,-166.34199725,4.7,-6.49007147502806
"A-03",2021,0,55.005243125,-166.34199725,4.1,-6.49007147502806
"A-03",2022,0,55.005243125,-166.34199725,4,-6.49007147502806
"A-03",2023,0,55.005243125,-166.34199725,4.3,-6.49007147502806
"A-04",1988,0,55.0028771518987,-165.751185886076,3.9,-6.49007147502806
"A-04",1989,0,55.0028771518987,-165.751185886076,3.5,-6.49007147502806
"A-04",1990,0,55.0028771518987,-165.751185886076,NA,-6.49007147502806
"A-04",1991,0,55.0028771518987,-165.751185886076,4,-6.49007147502806
"A-04",1992,0,55.0028771518987,-165.751185886076,4.1,-6.49007147502806
"A-04",1993,0,55.0028771518987,-165.751185886076,4.1,-6.49007147502806
"A-04",1994,0,55.0028771518987,-165.751185886076,3.9,-6.49007147502806
"A-04",1995,0,55.0028771518987,-165.751185886076,3.7,-6.49007147502806
"A-04",1996,0,55.0028771518987,-165.751185886076,4.6,-6.49007147502806
"A-04",1997,0,55.0028771518987,-165.751185886076,4.5,-6.49007147502806
"A-04",1998,0,55.0028771518987,-165.751185886076,4.1,-6.49007147502806
"A-04",1999,0,55.0028771518987,-165.751185886076,3.4,-6.49007147502806
"A-04",2000,0,55.0028771518987,-165.751185886076,3.5,-6.49007147502806
"A-04",2001,0,55.0028771518987,-165.751185886076,3.8,-6.49007147502806
"A-04",2002,0,55.0028771518987,-165.751185886076,4.1,-6.49007147502806
"A-04",2003,0,55.0028771518987,-165.751185886076,4.7,-6.49007147502806
"A-04",2004,0,55.0028771518987,-165.751185886076,4.2,-6.49007147502806
"A-04",2005,0,55.0028771518987,-165.751185886076,4.4,-6.49007147502806
"A-04",2006,0,55.0028771518987,-165.751185886076,3.7,-6.49007147502806
"A-04",2007,0,55.0028771518987,-165.751185886076,3.6,-6.49007147502806
"A-04",2008,0,55.0028771518987,-165.751185886076,3.8,-6.49007147502806
"A-04",2009,0,55.0028771518987,-165.751185886076,3.6,-6.49007147502806
"A-04",2010,0,55.0028771518987,-165.751185886076,3.9,-6.49007147502806
"A-04",2011,0,55.0028771518987,-165.751185886076,4.2,-6.49007147502806
"A-04",2012,0,55.0028771518987,-165.751185886076,3.5,-6.49007147502806
"A-04",2013,0,55.0028771518987,-165.751185886076,4,-6.49007147502806
"A-04",2014,0,55.0028771518987,-165.751185886076,4.1,-6.49007147502806
"A-04",2015,0,55.0028771518987,-165.751185886076,4.8,-6.49007147502806
"A-04",2016,0,55.0028771518987,-165.751185886076,4.5,-6.49007147502806
"A-04",2017,0,55.0028771518987,-165.751185886076,4.3,-6.49007147502806
"A-04",2018,0,55.0028771518987,-165.751185886076,4.4,-6.49007147502806
"A-04",2019,0,55.0028771518987,-165.751185886076,4.6,-6.49007147502806
"A-04",2021,0,55.0028771518987,-165.751185886076,4.2,-6.49007147502806
"A-04",2022,0,55.0028771518987,-165.751185886076,4,-6.49007147502806
"A-04",2023,0,55.0028771518987,-165.751185886076,4.4,-6.49007147502806
"A-05",1988,0,54.9978212081784,-165.151775817844,4.2,-6.49007147502806
"A-05",1989,0,54.9978212081784,-165.151775817844,4.9,-6.49007147502806
"A-05",1990,22.9745365429418,54.9978212081784,-165.151775817844,4.4,3.13445258594336
"A-05",1991,0,54.9978212081784,-165.151775817844,4.3,-6.49007147502806
"A-05",1992,0,54.9978212081784,-165.151775817844,4.8,-6.49007147502806
"A-05",1993,0,54.9978212081784,-165.151775817844,4.8,-6.49007147502806
"A-05",1994,0,54.9978212081784,-165.151775817844,3.3,-6.49007147502806
"A-05",1995,0,54.9978212081784,-165.151775817844,4,-6.49007147502806
"A-05",1996,0,54.9978212081784,-165.151775817844,4.6,-6.49007147502806
"A-05",1997,0,54.9978212081784,-165.151775817844,4.1,-6.49007147502806
"A-05",1998,0,54.9978212081784,-165.151775817844,4.2,-6.49007147502806
"A-05",1999,0,54.9978212081784,-165.151775817844,3.6,-6.49007147502806
"A-05",2000,0,54.9978212081784,-165.151775817844,4.1,-6.49007147502806
"A-05",2001,0,54.9978212081784,-165.151775817844,4.2,-6.49007147502806
"A-05",2002,0,54.9978212081784,-165.151775817844,4.5,-6.49007147502806
"A-05",2003,0,54.9978212081784,-165.151775817844,5,-6.49007147502806
"A-05",2004,0,54.9978212081784,-165.151775817844,4.6,-6.49007147502806
"A-05",2005,0,54.9978212081784,-165.151775817844,NA,-6.49007147502806
"A-05",2006,0,54.9978212081784,-165.151775817844,4.1,-6.49007147502806
"A-05",2007,0,54.9978212081784,-165.151775817844,3.8,-6.49007147502806
"A-05",2008,0,54.9978212081784,-165.151775817844,3.6,-6.49007147502806
"A-05",2009,0,54.9978212081784,-165.151775817844,3.9,-6.49007147502806
"A-05",2010,0,54.9978212081784,-165.151775817844,3.8,-6.49007147502806
"A-05",2011,0,54.9978212081784,-165.151775817844,4.3,-6.49007147502806
"A-05",2012,0,54.9978212081784,-165.151775817844,2.8,-6.49007147502806
"A-05",2013,0,54.9978212081784,-165.151775817844,4.2,-6.49007147502806
"A-05",2014,0,54.9978212081784,-165.151775817844,4.6,-6.49007147502806
"A-05",2015,0,54.9978212081784,-165.151775817844,4.9,-6.49007147502806
"A-05",2016,0,54.9978212081784,-165.151775817844,5.1,-6.49007147502806
"A-05",2017,0,54.9978212081784,-165.151775817844,4.8,-6.49007147502806
"A-05",2018,0,54.9978212081784,-165.151775817844,5,-6.49007147502806
"A-05",2019,0,54.9978212081784,-165.151775817844,5.1,-6.49007147502806
"A-05",2021,0,54.9978212081784,-165.151775817844,4.7,-6.49007147502806
"A-05",2022,0,54.9978212081784,-165.151775817844,4.2,-6.49007147502806
"A-05",2023,0,54.9978212081784,-165.151775817844,4.8,-6.49007147502806
"A-06",1993,0,55.0235578431373,-164.590610980392,NA,-6.49007147502806
"A-06",1994,0,55.0235578431373,-164.590610980392,4.6,-6.49007147502806
"A-06",1995,0,55.0235578431373,-164.590610980392,4,-6.49007147502806
"A-06",1996,0,55.0235578431373,-164.590610980392,5.2,-6.49007147502806
"A-06",1997,0,55.0235578431373,-164.590610980392,5,-6.49007147502806
"A-06",1998,0,55.0235578431373,-164.590610980392,6,-6.49007147502806
"A-06",1999,0,55.0235578431373,-164.590610980392,3.2,-6.49007147502806
"A-06",2000,0,55.0235578431373,-164.590610980392,3.5,-6.49007147502806
"A-06",2001,0,55.0235578431373,-164.590610980392,4.6,-6.49007147502806
"A-06",2002,0,55.0235578431373,-164.590610980392,5,-6.49007147502806
"A-06",2003,0,55.0235578431373,-164.590610980392,5.6,-6.49007147502806
"A-06",2004,0,55.0235578431373,-164.590610980392,5.4,-6.49007147502806
"A-06",2005,0,55.0235578431373,-164.590610980392,NA,-6.49007147502806
"A-06",2006,0,55.0235578431373,-164.590610980392,4.6,-6.49007147502806
"A-06",2007,0,55.0235578431373,-164.590610980392,3.7,-6.49007147502806
"A-06",2008,0,55.0235578431373,-164.590610980392,3.6,-6.49007147502806
"A-06",2009,0,55.0235578431373,-164.590610980392,4.1,-6.49007147502806
"A-06",2010,0,55.0235578431373,-164.590610980392,5.1,-6.49007147502806
"A-06",2011,0,55.0235578431373,-164.590610980392,5.6,-6.49007147502806
"A-06",2012,0,55.0235578431373,-164.590610980392,2.9,-6.49007147502806
"A-06",2013,0,55.0235578431373,-164.590610980392,4.6,-6.49007147502806
"A-06",2014,0,55.0235578431373,-164.590610980392,6.7,-6.49007147502806
"A-06",2015,0,55.0235578431373,-164.590610980392,5.8,-6.49007147502806
"A-06",2016,0,55.0235578431373,-164.590610980392,6.7,-6.49007147502806
"A-06",2017,0,55.0235578431373,-164.590610980392,5.7,-6.49007147502806
"A-06",2018,0,55.0235578431373,-164.590610980392,5.9,-6.49007147502806
"A-06",2019,0,55.0235578431373,-164.590610980392,5.9,-6.49007147502806
"A-06",2021,0,55.0235578431373,-164.590610980392,5.3,-6.49007147502806
"A-06",2022,0,55.0235578431373,-164.590610980392,4.2,-6.49007147502806
"A-06",2023,0,55.0235578431373,-164.590610980392,5.2,-6.49007147502806
"B-01",1988,0,55.3412870652174,-167.547656956522,4.3,-6.49007147502806
"B-01",1989,0,55.3412870652174,-167.547656956522,3.9,-6.49007147502806
"B-01",1990,0,55.3412870652174,-167.547656956522,3.5,-6.49007147502806
"B-01",1991,91.7172592086641,55.3412870652174,-167.547656956522,3.4,4.5187271309181
"B-01",1992,0,55.3412870652174,-167.547656956522,4,-6.49007147502806
"B-01",1993,0,55.3412870652174,-167.547656956522,3.9,-6.49007147502806
"B-01",1994,0,55.3412870652174,-167.547656956522,3.3,-6.49007147502806
"B-01",1995,0,55.3412870652174,-167.547656956522,3.6,-6.49007147502806
"B-01",1996,0,55.3412870652174,-167.547656956522,4.3,-6.49007147502806
"B-01",1997,0,55.3412870652174,-167.547656956522,4,-6.49007147502806
"B-01",1998,0,55.3412870652174,-167.547656956522,3.7,-6.49007147502806
"B-01",1999,0,55.3412870652174,-167.547656956522,3.4,-6.49007147502806
"B-01",2000,0,55.3412870652174,-167.547656956522,3.6,-6.49007147502806
"B-01",2001,0,55.3412870652174,-167.547656956522,3.9,-6.49007147502806
"B-01",2002,0,55.3412870652174,-167.547656956522,3.6,-6.49007147502806
"B-01",2003,0,55.3412870652174,-167.547656956522,4.6,-6.49007147502806
"B-01",2004,0,55.3412870652174,-167.547656956522,4.2,-6.49007147502806
"B-01",2005,0,55.3412870652174,-167.547656956522,4.3,-6.49007147502806
"B-01",2006,0,55.3412870652174,-167.547656956522,3.7,-6.49007147502806
"B-01",2007,0,55.3412870652174,-167.547656956522,3.6,-6.49007147502806
"B-01",2008,0,55.3412870652174,-167.547656956522,3.3,-6.49007147502806
"B-01",2009,0,55.3412870652174,-167.547656956522,3.4,-6.49007147502806
"B-01",2010,0,55.3412870652174,-167.547656956522,3.9,-6.49007147502806
"B-01",2011,0,55.3412870652174,-167.547656956522,3.8,-6.49007147502806
"B-01",2012,0,55.3412870652174,-167.547656956522,3,-6.49007147502806
"B-01",2013,0,55.3412870652174,-167.547656956522,3.7,-6.49007147502806
"B-01",2014,0,55.3412870652174,-167.547656956522,4.1,-6.49007147502806
"B-01",2015,0,55.3412870652174,-167.547656956522,4.4,-6.49007147502806
"B-01",2016,0,55.3412870652174,-167.547656956522,4.6,-6.49007147502806
"B-01",2017,0,55.3412870652174,-167.547656956522,4.3,-6.49007147502806
"B-01",2018,0,55.3412870652174,-167.547656956522,4.4,-6.49007147502806
"B-01",2019,0,55.3412870652174,-167.547656956522,4.6,-6.49007147502806
"B-01",2021,0,55.3412870652174,-167.547656956522,4,-6.49007147502806
"B-01",2022,0,55.3412870652174,-167.547656956522,3.9,-6.49007147502806
"B-01",2023,0,55.3412870652174,-167.547656956522,4.4,-6.49007147502806
"B-02",1988,0,55.330085,-166.96808,3.5,-6.49007147502806
"B-02",1989,0,55.330085,-166.96808,3.5,-6.49007147502806
"B-02",1990,322.75822559236,55.330085,-166.96808,3.5,5.77690821992271
"B-02",1991,21.1709818335479,55.330085,-166.96808,3.4,3.05270318275595
"B-02",1992,0,55.330085,-166.96808,3.9,-6.49007147502806
"B-02",1993,0,55.330085,-166.96808,3.9,-6.49007147502806
"B-02",1994,0,55.330085,-166.96808,3.9,-6.49007147502806
"B-02",1995,0,55.330085,-166.96808,3.3,-6.49007147502806
"B-02",1996,0,55.330085,-166.96808,4.3,-6.49007147502806
"B-02",1997,0,55.330085,-166.96808,3.9,-6.49007147502806
"B-02",1998,0,55.330085,-166.96808,4,-6.49007147502806
"B-02",1999,0,55.330085,-166.96808,3.3,-6.49007147502806
"B-02",2000,0,55.330085,-166.96808,3.5,-6.49007147502806
"B-02",2001,0,55.330085,-166.96808,3.9,-6.49007147502806
"B-02",2002,0,55.330085,-166.96808,3.6,-6.49007147502806
"B-02",2003,0,55.330085,-166.96808,4.5,-6.49007147502806
"B-02",2004,0,55.330085,-166.96808,4.1,-6.49007147502806
"B-02",2005,0,55.330085,-166.96808,4.2,-6.49007147502806
"B-02",2006,0,55.330085,-166.96808,4,-6.49007147502806
"B-02",2007,0,55.330085,-166.96808,3.5,-6.49007147502806
"B-02",2008,0,55.330085,-166.96808,3.3,-6.49007147502806
"B-02",2009,0,55.330085,-166.96808,3.4,-6.49007147502806
"B-02",2010,0,55.330085,-166.96808,3.8,-6.49007147502806
"B-02",2011,0,55.330085,-166.96808,3.8,-6.49007147502806
"B-02",2012,19.3348312429155,55.330085,-166.96808,3,2.96198672781508
"B-02",2013,0,55.330085,-166.96808,3.7,-6.49007147502806
"B-02",2014,0,55.330085,-166.96808,4,-6.49007147502806
"B-02",2015,17.1571394984026,55.330085,-166.96808,4.9,2.84250288231116
"B-02",2016,0,55.330085,-166.96808,4.7,-6.49007147502806
"B-02",2017,0,55.330085,-166.96808,4.4,-6.49007147502806
"B-02",2018,0,55.330085,-166.96808,4.4,-6.49007147502806
"B-02",2019,0,55.330085,-166.96808,4.6,-6.49007147502806
"B-02",2021,0,55.330085,-166.96808,4.1,-6.49007147502806
"B-02",2022,0,55.330085,-166.96808,3.9,-6.49007147502806
"B-02",2023,0,55.330085,-166.96808,4.3,-6.49007147502806
"B-03",1988,0,55.3416478947368,-166.354432573099,3.7,-6.49007147502806
"B-03",1989,19.8478175293092,55.3416478947368,-166.354432573099,3.7,2.98817055416977
"B-03",1990,0,55.3416478947368,-166.354432573099,3.5,-6.49007147502806
"B-03",1991,19.4746137961968,55.3416478947368,-166.354432573099,3.7,2.9691897280217
"B-03",1992,19.4307791895889,55.3416478947368,-166.354432573099,3.8,2.96693650807406
"B-03",1993,18.0987561976649,55.3416478947368,-166.354432573099,4,2.89592711153448
"B-03",1994,0,55.3416478947368,-166.354432573099,3.3,-6.49007147502806
"B-03",1995,0,55.3416478947368,-166.354432573099,3.2,-6.49007147502806
"B-03",1996,0,55.3416478947368,-166.354432573099,4.2,-6.49007147502806
"B-03",1997,0,55.3416478947368,-166.354432573099,3.8,-6.49007147502806
"B-03",1998,0,55.3416478947368,-166.354432573099,3.8,-6.49007147502806
"B-03",1999,0,55.3416478947368,-166.354432573099,3.3,-6.49007147502806
"B-03",2000,0,55.3416478947368,-166.354432573099,3.6,-6.49007147502806
"B-03",2001,0,55.3416478947368,-166.354432573099,4,-6.49007147502806
"B-03",2002,0,55.3416478947368,-166.354432573099,3.6,-6.49007147502806
"B-03",2003,0,55.3416478947368,-166.354432573099,4.5,-6.49007147502806
"B-03",2004,0,55.3416478947368,-166.354432573099,4.1,-6.49007147502806
"B-03",2005,0,55.3416478947368,-166.354432573099,4.2,-6.49007147502806
"B-03",2006,17.2073389496707,55.3416478947368,-166.354432573099,4.1,2.84542421581394
"B-03",2007,0,55.3416478947368,-166.354432573099,3.5,-6.49007147502806
"B-03",2008,0,55.3416478947368,-166.354432573099,3.2,-6.49007147502806
"B-03",2009,0,55.3416478947368,-166.354432573099,3.4,-6.49007147502806
"B-03",2010,0,55.3416478947368,-166.354432573099,4,-6.49007147502806
"B-03",2011,0,55.3416478947368,-166.354432573099,3.8,-6.49007147502806
"B-03",2012,0,55.3416478947368,-166.354432573099,2.9,-6.49007147502806
"B-03",2013,0,55.3416478947368,-166.354432573099,3.7,-6.49007147502806
"B-03",2014,0,55.3416478947368,-166.354432573099,4.1,-6.49007147502806
"B-03",2015,17.5352010832175,55.3416478947368,-166.354432573099,4.7,2.86429694115623
"B-03",2016,0,55.3416478947368,-166.354432573099,4.7,-6.49007147502806
"B-03",2017,0,55.3416478947368,-166.354432573099,4.4,-6.49007147502806
"B-03",2018,0,55.3416478947368,-166.354432573099,4.4,-6.49007147502806
"B-03",2019,0,55.3416478947368,-166.354432573099,4.7,-6.49007147502806
"B-03",2021,0,55.3416478947368,-166.354432573099,4.1,-6.49007147502806
"B-03",2022,0,55.3416478947368,-166.354432573099,4,-6.49007147502806
"B-03",2023,0,55.3416478947368,-166.354432573099,4.3,-6.49007147502806
"B-04",1988,0,55.3354403007519,-165.780515263158,3.7,-6.49007147502806
"B-04",1989,0,55.3354403007519,-165.780515263158,3.5,-6.49007147502806
"B-04",1990,0,55.3354403007519,-165.780515263158,NA,-6.49007147502806
"B-04",1991,0,55.3354403007519,-165.780515263158,3.8,-6.49007147502806
"B-04",1992,0,55.3354403007519,-165.780515263158,4.1,-6.49007147502806
"B-04",1993,0,55.3354403007519,-165.780515263158,4.2,-6.49007147502806
"B-04",1994,0,55.3354403007519,-165.780515263158,3.9,-6.49007147502806
"B-04",1995,0,55.3354403007519,-165.780515263158,3.7,-6.49007147502806
"B-04",1996,0,55.3354403007519,-165.780515263158,4.3,-6.49007147502806
"B-04",1997,0,55.3354403007519,-165.780515263158,4,-6.49007147502806
"B-04",1998,0,55.3354403007519,-165.780515263158,4.1,-6.49007147502806
"B-04",1999,0,55.3354403007519,-165.780515263158,3.4,-6.49007147502806
"B-04",2000,0,55.3354403007519,-165.780515263158,3.5,-6.49007147502806
"B-04",2001,0,55.3354403007519,-165.780515263158,4.3,-6.49007147502806
"B-04",2002,0,55.3354403007519,-165.780515263158,4,-6.49007147502806
"B-04",2003,0,55.3354403007519,-165.780515263158,4.5,-6.49007147502806
"B-04",2004,0,55.3354403007519,-165.780515263158,4.1,-6.49007147502806
"B-04",2005,0,55.3354403007519,-165.780515263158,4.3,-6.49007147502806
"B-04",2006,0,55.3354403007519,-165.780515263158,3.9,-6.49007147502806
"B-04",2007,0,55.3354403007519,-165.780515263158,3.5,-6.49007147502806
"B-04",2008,0,55.3354403007519,-165.780515263158,3.3,-6.49007147502806
"B-04",2009,0,55.3354403007519,-165.780515263158,3.6,-6.49007147502806
"B-04",2010,0,55.3354403007519,-165.780515263158,4.2,-6.49007147502806
"B-04",2011,0,55.3354403007519,-165.780515263158,4,-6.49007147502806
"B-04",2012,0,55.3354403007519,-165.780515263158,3.4,-6.49007147502806
"B-04",2013,0,55.3354403007519,-165.780515263158,4.2,-6.49007147502806
"B-04",2014,0,55.3354403007519,-165.780515263158,4.3,-6.49007147502806
"B-04",2015,0,55.3354403007519,-165.780515263158,4.8,-6.49007147502806
"B-04",2016,0,55.3354403007519,-165.780515263158,4.9,-6.49007147502806
"B-04",2017,0,55.3354403007519,-165.780515263158,4.4,-6.49007147502806
"B-04",2018,0,55.3354403007519,-165.780515263158,4.5,-6.49007147502806
"B-04",2019,0,55.3354403007519,-165.780515263158,5.1,-6.49007147502806
"B-04",2021,0,55.3354403007519,-165.780515263158,4.2,-6.49007147502806
"B-04",2022,0,55.3354403007519,-165.780515263158,4.1,-6.49007147502806
"B-04",2023,0,55.3354403007519,-165.780515263158,4.4,-6.49007147502806
"B-05",1988,0,55.343247965368,-165.184236233766,4.2,-6.49007147502806
"B-05",1989,413.363849947591,55.343247965368,-165.184236233766,4.1,6.02433187109235
"B-05",1990,134.650595890315,55.343247965368,-165.184236233766,3.9,4.90269452155385
"B-05",1991,21.4823021447123,55.343247965368,-165.184236233766,4.2,3.0673001209185
"B-05",1992,0,55.343247965368,-165.184236233766,4.5,-6.49007147502806
"B-05",1993,0,55.343247965368,-165.184236233766,4.5,-6.49007147502806
"B-05",1994,0,55.343247965368,-165.184236233766,3.6,-6.49007147502806
"B-05",1995,0,55.343247965368,-165.184236233766,3.5,-6.49007147502806
"B-05",1996,0,55.343247965368,-165.184236233766,4.5,-6.49007147502806
"B-05",1997,0,55.343247965368,-165.184236233766,4.4,-6.49007147502806
"B-05",1998,18.5820494050844,55.343247965368,-165.184236233766,4,2.92227774108441
"B-05",1999,0,55.343247965368,-165.184236233766,2.8,-6.49007147502806
"B-05",2000,0,55.343247965368,-165.184236233766,4,-6.49007147502806
"B-05",2001,0,55.343247965368,-165.184236233766,4.2,-6.49007147502806
"B-05",2002,0,55.343247965368,-165.184236233766,4.6,-6.49007147502806
"B-05",2003,0,55.343247965368,-165.184236233766,4.9,-6.49007147502806
"B-05",2004,0,55.343247965368,-165.184236233766,4.4,-6.49007147502806
"B-05",2005,0,55.343247965368,-165.184236233766,4.6,-6.49007147502806
"B-05",2006,0,55.343247965368,-165.184236233766,3.8,-6.49007147502806
"B-05",2007,0,55.343247965368,-165.184236233766,3.3,-6.49007147502806
"B-05",2008,0,55.343247965368,-165.184236233766,3.4,-6.49007147502806
"B-05",2009,0,55.343247965368,-165.184236233766,3.5,-6.49007147502806
"B-05",2010,0,55.343247965368,-165.184236233766,3.9,-6.49007147502806
"B-05",2011,0,55.343247965368,-165.184236233766,4.1,-6.49007147502806
"B-05",2012,0,55.343247965368,-165.184236233766,2.8,-6.49007147502806
"B-05",2013,0,55.343247965368,-165.184236233766,3.7,-6.49007147502806
"B-05",2014,0,55.343247965368,-165.184236233766,4.2,-6.49007147502806
"B-05",2015,0,55.343247965368,-165.184236233766,5.1,-6.49007147502806
"B-05",2016,0,55.343247965368,-165.184236233766,5,-6.49007147502806
"B-05",2017,0,55.343247965368,-165.184236233766,4.7,-6.49007147502806
"B-05",2018,0,55.343247965368,-165.184236233766,4.8,-6.49007147502806
"B-05",2019,0,55.343247965368,-165.184236233766,4.9,-6.49007147502806
"B-05",2021,0,55.343247965368,-165.184236233766,4.3,-6.49007147502806
"B-05",2022,0,55.343247965368,-165.184236233766,3.9,-6.49007147502806
"B-05",2023,0,55.343247965368,-165.184236233766,4.4,-6.49007147502806
"B-06",1988,0,55.3370714731183,-164.577530645161,4.2,-6.49007147502806
"B-06",1989,125.185837930809,55.3370714731183,-164.577530645161,4,4.8298114661166
"B-06",1990,1872.52079004072,55.3370714731183,-164.577530645161,3.6,7.53504162906203
"B-06",1991,0,55.3370714731183,-164.577530645161,4,-6.49007147502806
"B-06",1992,0,55.3370714731183,-164.577530645161,3.9,-6.49007147502806
"B-06",1993,0,55.3370714731183,-164.577530645161,NA,-6.49007147502806
"B-06",1994,0,55.3370714731183,-164.577530645161,4.5,-6.49007147502806
"B-06",1995,0,55.3370714731183,-164.577530645161,3.1,-6.49007147502806
"B-06",1996,0,55.3370714731183,-164.577530645161,4.7,-6.49007147502806
"B-06",1997,68.3761230881163,55.3370714731183,-164.577530645161,5,4.22504589295518
"B-06",1998,207.233113228159,55.3370714731183,-164.577530645161,5.2,5.33385163767666
"B-06",1999,0,55.3370714731183,-164.577530645161,2.8,-6.49007147502806
"B-06",2000,0,55.3370714731183,-164.577530645161,3.2,-6.49007147502806
"B-06",2001,0,55.3370714731183,-164.577530645161,4.3,-6.49007147502806
"B-06",2002,0,55.3370714731183,-164.577530645161,4.7,-6.49007147502806
"B-06",2003,0,55.3370714731183,-164.577530645161,4.5,-6.49007147502806
"B-06",2004,0,55.3370714731183,-164.577530645161,4.5,-6.49007147502806
"B-06",2005,0,55.3370714731183,-164.577530645161,NA,-6.49007147502806
"B-06",2006,0,55.3370714731183,-164.577530645161,4,-6.49007147502806
"B-06",2007,0,55.3370714731183,-164.577530645161,3.3,-6.49007147502806
"B-06",2008,0,55.3370714731183,-164.577530645161,2.5,-6.49007147502806
"B-06",2009,0,55.3370714731183,-164.577530645161,2.8,-6.49007147502806
"B-06",2010,0,55.3370714731183,-164.577530645161,3,-6.49007147502806
"B-06",2011,0,55.3370714731183,-164.577530645161,4.6,-6.49007147502806
"B-06",2012,0,55.3370714731183,-164.577530645161,2.2,-6.49007147502806
"B-06",2013,0,55.3370714731183,-164.577530645161,3.8,-6.49007147502806
"B-06",2014,0,55.3370714731183,-164.577530645161,4.6,-6.49007147502806
"B-06",2015,11173.8768492793,55.3370714731183,-164.577530645161,5.1,9.3213340446654
"B-06",2016,152.146558389184,55.3370714731183,-164.577530645161,5.5,5.02485423630028
"B-06",2017,0,55.3370714731183,-164.577530645161,4.8,-6.49007147502806
"B-06",2018,0,55.3370714731183,-164.577530645161,5.1,-6.49007147502806
"B-06",2019,0,55.3370714731183,-164.577530645161,5.3,-6.49007147502806
"B-06",2021,0,55.3370714731183,-164.577530645161,4.3,-6.49007147502806
"B-06",2022,0,55.3370714731183,-164.577530645161,3.9,-6.49007147502806
"B-06",2023,0,55.3370714731183,-164.577530645161,4.7,-6.49007147502806
"B-07",1988,0,55.3410384536082,-164.016207525773,4.5,-6.49007147502806
"B-07",1989,0,55.3410384536082,-164.016207525773,2.7,-6.49007147502806
"B-07",1990,0,55.3410384536082,-164.016207525773,4.1,-6.49007147502806
"B-07",1991,0,55.3410384536082,-164.016207525773,4.2,-6.49007147502806
"B-07",1992,0,55.3410384536082,-164.016207525773,4.8,-6.49007147502806
"B-07",1993,0,55.3410384536082,-164.016207525773,4.5,-6.49007147502806
"B-07",1994,0,55.3410384536082,-164.016207525773,3.4,-6.49007147502806
"B-07",1995,0,55.3410384536082,-164.016207525773,3,-6.49007147502806
"B-07",1996,0,55.3410384536082,-164.016207525773,3.6,-6.49007147502806
"B-07",1997,0,55.3410384536082,-164.016207525773,3,-6.49007147502806
"B-07",1998,0,55.3410384536082,-164.016207525773,4.9,-6.49007147502806
"B-07",1999,0,55.3410384536082,-164.016207525773,2.3,-6.49007147502806
"B-07",2000,0,55.3410384536082,-164.016207525773,3.2,-6.49007147502806
"B-07",2001,0,55.3410384536082,-164.016207525773,4.2,-6.49007147502806
"B-07",2002,0,55.3410384536082,-164.016207525773,4.2,-6.49007147502806
"B-07",2003,0,55.3410384536082,-164.016207525773,4.8,-6.49007147502806
"B-07",2004,0,55.3410384536082,-164.016207525773,4.9,-6.49007147502806
"B-07",2005,0,55.3410384536082,-164.016207525773,4.8,-6.49007147502806
"B-07",2006,0,55.3410384536082,-164.016207525773,3.7,-6.49007147502806
"B-07",2007,0,55.3410384536082,-164.016207525773,3.1,-6.49007147502806
"B-07",2008,0,55.3410384536082,-164.016207525773,2.8,-6.49007147502806
"B-07",2009,0,55.3410384536082,-164.016207525773,3,-6.49007147502806
"B-07",2010,0,55.3410384536082,-164.016207525773,3,-6.49007147502806
"B-07",2011,0,55.3410384536082,-164.016207525773,3.9,-6.49007147502806
"B-07",2012,0,55.3410384536082,-164.016207525773,2,-6.49007147502806
"B-07",2013,0,55.3410384536082,-164.016207525773,3.9,-6.49007147502806
"B-07",2014,0,55.3410384536082,-164.016207525773,4.9,-6.49007147502806
"B-07",2015,0,55.3410384536082,-164.016207525773,5,-6.49007147502806
"B-07",2016,0,55.3410384536082,-164.016207525773,6.3,-6.49007147502806
"B-07",2017,0,55.3410384536082,-164.016207525773,4.7,-6.49007147502806
"B-07",2018,0,55.3410384536082,-164.016207525773,4.6,-6.49007147502806
"B-07",2019,0,55.3410384536082,-164.016207525773,5.7,-6.49007147502806
"B-07",2021,0,55.3410384536082,-164.016207525773,4.3,-6.49007147502806
"B-07",2022,0,55.3410384536082,-164.016207525773,3.3,-6.49007147502806
"B-07",2023,0,55.3410384536082,-164.016207525773,4.2,-6.49007147502806
"B-08",1989,0,55.3415191729323,-163.418052932331,3.1,-6.49007147502806
"B-08",1990,0,55.3415191729323,-163.418052932331,3.9,-6.49007147502806
"B-08",1991,0,55.3415191729323,-163.418052932331,4.4,-6.49007147502806
"B-08",1992,0,55.3415191729323,-163.418052932331,2.1,-6.49007147502806
"B-08",1993,0,55.3415191729323,-163.418052932331,NA,-6.49007147502806
"B-08",1994,0,55.3415191729323,-163.418052932331,4.5,-6.49007147502806
"B-08",1995,0,55.3415191729323,-163.418052932331,2.8,-6.49007147502806
"B-08",1996,0,55.3415191729323,-163.418052932331,4,-6.49007147502806
"B-08",1997,0,55.3415191729323,-163.418052932331,3.4,-6.49007147502806
"B-08",1998,0,55.3415191729323,-163.418052932331,5.6,-6.49007147502806
"B-08",1999,0,55.3415191729323,-163.418052932331,2.5,-6.49007147502806
"B-08",2000,0,55.3415191729323,-163.418052932331,2.5,-6.49007147502806
"B-08",2001,0,55.3415191729323,-163.418052932331,3.6,-6.49007147502806
"B-08",2002,0,55.3415191729323,-163.418052932331,4.3,-6.49007147502806
"B-08",2003,0,55.3415191729323,-163.418052932331,NA,-6.49007147502806
"B-08",2004,0,55.3415191729323,-163.418052932331,4.7,-6.49007147502806
"B-08",2005,0,55.3415191729323,-163.418052932331,NA,-6.49007147502806
"B-08",2006,0,55.3415191729323,-163.418052932331,3.5,-6.49007147502806
"B-08",2007,0,55.3415191729323,-163.418052932331,3,-6.49007147502806
"B-08",2008,0,55.3415191729323,-163.418052932331,3.4,-6.49007147502806
"B-08",2009,0,55.3415191729323,-163.418052932331,3.2,-6.49007147502806
"B-08",2010,0,55.3415191729323,-163.418052932331,2.2,-6.49007147502806
"B-08",2011,0,55.3415191729323,-163.418052932331,4.7,-6.49007147502806
"B-08",2012,0,55.3415191729323,-163.418052932331,2.4,-6.49007147502806
"B-08",2013,0,55.3415191729323,-163.418052932331,3.2,-6.49007147502806
"B-08",2014,0,55.3415191729323,-163.418052932331,4.4,-6.49007147502806
"B-08",2015,0,55.3415191729323,-163.418052932331,5.8,-6.49007147502806
"B-08",2016,0,55.3415191729323,-163.418052932331,6.1,-6.49007147502806
"B-08",2017,0,55.3415191729323,-163.418052932331,3.3,-6.49007147502806
"B-08",2018,0,55.3415191729323,-163.418052932331,5.2,-6.49007147502806
"B-08",2019,0,55.3415191729323,-163.418052932331,5.4,-6.49007147502806
"B-08",2021,0,55.3415191729323,-163.418052932331,6.2,-6.49007147502806
"B-08",2022,0,55.3415191729323,-163.418052932331,3.7,-6.49007147502806
"B-08",2023,0,55.3415191729323,-163.418052932331,4.5,-6.49007147502806
"C-01",1988,0,55.65608778125,-167.5831566875,3.9,-6.49007147502806
"C-01",1989,0,55.65608778125,-167.5831566875,3.8,-6.49007147502806
"C-01",1990,79.9640294096448,55.65608778125,-167.5831566875,3.7,4.38159589004321
"C-01",1991,1764.52071710866,55.65608778125,-167.5831566875,3.4,7.47563524465062
"C-01",1992,1316.23972445151,55.65608778125,-167.5831566875,3.9,7.18253541035254
"C-01",1993,38.9943586863189,55.65608778125,-167.5831566875,NA,3.66345592584383
"C-01",1994,607.713679377741,55.65608778125,-167.5831566875,3.5,6.40970634757998
"C-01",1995,108.827507386806,55.65608778125,-167.5831566875,3.5,4.68977808034272
"C-01",1996,295.475164195547,55.65608778125,-167.5831566875,4.3,5.68858992556361
"C-01",1997,75.5217187058928,55.65608778125,-167.5831566875,3.9,4.32444038567449
"C-01",1998,0,55.65608778125,-167.5831566875,4,-6.49007147502806
"C-01",1999,0,55.65608778125,-167.5831566875,3.4,-6.49007147502806
"C-01",2000,0,55.65608778125,-167.5831566875,3.4,-6.49007147502806
"C-01",2001,0,55.65608778125,-167.5831566875,4,-6.49007147502806
"C-01",2002,0,55.65608778125,-167.5831566875,3.7,-6.49007147502806
"C-01",2003,0,55.65608778125,-167.5831566875,4.6,-6.49007147502806
"C-01",2004,0,55.65608778125,-167.5831566875,4.1,-6.49007147502806
"C-01",2005,0,55.65608778125,-167.5831566875,4.3,-6.49007147502806
"C-01",2006,0,55.65608778125,-167.5831566875,3.9,-6.49007147502806
"C-01",2007,0,55.65608778125,-167.5831566875,3.8,-6.49007147502806
"C-01",2008,0,55.65608778125,-167.5831566875,3.4,-6.49007147502806
"C-01",2009,0,55.65608778125,-167.5831566875,3.4,-6.49007147502806
"C-01",2010,0,55.65608778125,-167.5831566875,3.8,-6.49007147502806
"C-01",2011,0,55.65608778125,-167.5831566875,3.8,-6.49007147502806
"C-01",2012,0,55.65608778125,-167.5831566875,2.9,-6.49007147502806
"C-01",2013,0,55.65608778125,-167.5831566875,3.8,-6.49007147502806
"C-01",2014,0,55.65608778125,-167.5831566875,4.2,-6.49007147502806
"C-01",2015,0,55.65608778125,-167.5831566875,5,-6.49007147502806
"C-01",2016,0,55.65608778125,-167.5831566875,4.6,-6.49007147502806
"C-01",2017,0,55.65608778125,-167.5831566875,4.5,-6.49007147502806
"C-01",2018,0,55.65608778125,-167.5831566875,4.5,-6.49007147502806
"C-01",2019,0,55.65608778125,-167.5831566875,4.4,-6.49007147502806
"C-01",2021,0,55.65608778125,-167.5831566875,4.2,-6.49007147502806
"C-01",2022,0,55.65608778125,-167.5831566875,4,-6.49007147502806
"C-01",2023,0,55.65608778125,-167.5831566875,4.4,-6.49007147502806
"C-02",1988,0,55.6762738380282,-166.985373767606,3.4,-6.49007147502806
"C-02",1989,0,55.6762738380282,-166.985373767606,3.5,-6.49007147502806
"C-02",1990,9727.61887914365,55.6762738380282,-166.985373767606,3.6,9.18272458181466
"C-02",1991,3495.13341434029,55.6762738380282,-166.985373767606,3.4,8.15912726129914
"C-02",1992,312.93735868009,55.6762738380282,-166.985373767606,3.8,5.74600789070541
"C-02",1993,18.0005735846635,55.6762738380282,-166.985373767606,3.9,2.89048797476145
"C-02",1994,0,55.6762738380282,-166.985373767606,3.9,-6.49007147502806
"C-02",1995,0,55.6762738380282,-166.985373767606,3.1,-6.49007147502806
"C-02",1996,0,55.6762738380282,-166.985373767606,4.3,-6.49007147502806
"C-02",1997,0,55.6762738380282,-166.985373767606,3.7,-6.49007147502806
"C-02",1998,0,55.6762738380282,-166.985373767606,4.1,-6.49007147502806
"C-02",1999,0,55.6762738380282,-166.985373767606,3.4,-6.49007147502806
"C-02",2000,0,55.6762738380282,-166.985373767606,3.5,-6.49007147502806
"C-02",2001,0,55.6762738380282,-166.985373767606,4,-6.49007147502806
"C-02",2002,0,55.6762738380282,-166.985373767606,3.7,-6.49007147502806
"C-02",2003,0,55.6762738380282,-166.985373767606,4.5,-6.49007147502806
"C-02",2004,0,55.6762738380282,-166.985373767606,4,-6.49007147502806
"C-02",2005,0,55.6762738380282,-166.985373767606,4.3,-6.49007147502806
"C-02",2006,0,55.6762738380282,-166.985373767606,4,-6.49007147502806
"C-02",2007,0,55.6762738380282,-166.985373767606,3.5,-6.49007147502806
"C-02",2008,0,55.6762738380282,-166.985373767606,3.4,-6.49007147502806
"C-02",2009,0,55.6762738380282,-166.985373767606,3.6,-6.49007147502806
"C-02",2010,0,55.6762738380282,-166.985373767606,3.8,-6.49007147502806
"C-02",2011,0,55.6762738380282,-166.985373767606,3.8,-6.49007147502806
"C-02",2012,0,55.6762738380282,-166.985373767606,2.8,-6.49007147502806
"C-02",2013,0,55.6762738380282,-166.985373767606,3.7,-6.49007147502806
"C-02",2014,0,55.6762738380282,-166.985373767606,4.1,-6.49007147502806
"C-02",2015,0,55.6762738380282,-166.985373767606,4.9,-6.49007147502806
"C-02",2016,0,55.6762738380282,-166.985373767606,4.7,-6.49007147502806
"C-02",2017,0,55.6762738380282,-166.985373767606,4.3,-6.49007147502806
"C-02",2018,0,55.6762738380282,-166.985373767606,4.5,-6.49007147502806
"C-02",2019,0,55.6762738380282,-166.985373767606,4.5,-6.49007147502806
"C-02",2021,0,55.6762738380282,-166.985373767606,4.2,-6.49007147502806
"C-02",2022,0,55.6762738380282,-166.985373767606,3.9,-6.49007147502806
"C-02",2023,0,55.6762738380282,-166.985373767606,4.4,-6.49007147502806
"C-03",1988,0,55.6719755102041,-166.387918503401,5,-6.49007147502806
"C-03",1989,0,55.6719755102041,-166.387918503401,3.8,-6.49007147502806
"C-03",1990,0,55.6719755102041,-166.387918503401,3.8,-6.49007147502806
"C-03",1991,0,55.6719755102041,-166.387918503401,3.5,-6.49007147502806
"C-03",1992,36.9487453083963,55.6719755102041,-166.387918503401,3.9,3.60957278536251
"C-03",1993,0,55.6719755102041,-166.387918503401,4.1,-6.49007147502806
"C-03",1994,0,55.6719755102041,-166.387918503401,3.3,-6.49007147502806
"C-03",1995,0,55.6719755102041,-166.387918503401,2.9,-6.49007147502806
"C-03",1996,0,55.6719755102041,-166.387918503401,4.3,-6.49007147502806
"C-03",1997,0,55.6719755102041,-166.387918503401,3.5,-6.49007147502806
"C-03",1998,0,55.6719755102041,-166.387918503401,3.9,-6.49007147502806
"C-03",1999,0,55.6719755102041,-166.387918503401,3.2,-6.49007147502806
"C-03",2000,0,55.6719755102041,-166.387918503401,3.5,-6.49007147502806
"C-03",2001,0,55.6719755102041,-166.387918503401,4,-6.49007147502806
"C-03",2002,0,55.6719755102041,-166.387918503401,3.8,-6.49007147502806
"C-03",2003,0,55.6719755102041,-166.387918503401,4.6,-6.49007147502806
"C-03",2004,17.516103846349,55.6719755102041,-166.387918503401,4.1,2.86320736207578
"C-03",2005,0,55.6719755102041,-166.387918503401,4.2,-6.49007147502806
"C-03",2006,0,55.6719755102041,-166.387918503401,3.9,-6.49007147502806
"C-03",2007,0,55.6719755102041,-166.387918503401,3.4,-6.49007147502806
"C-03",2008,0,55.6719755102041,-166.387918503401,3.2,-6.49007147502806
"C-03",2009,33.8678990515732,55.6719755102041,-166.387918503401,3.2,3.52251246833655
"C-03",2010,0,55.6719755102041,-166.387918503401,3.7,-6.49007147502806
"C-03",2011,0,55.6719755102041,-166.387918503401,3.8,-6.49007147502806
"C-03",2012,0,55.6719755102041,-166.387918503401,2.9,-6.49007147502806
"C-03",2013,0,55.6719755102041,-166.387918503401,3.6,-6.49007147502806
"C-03",2014,0,55.6719755102041,-166.387918503401,4,-6.49007147502806
"C-03",2015,0,55.6719755102041,-166.387918503401,5,-6.49007147502806
"C-03",2016,37.3361050444251,55.6719755102041,-166.387918503401,4.8,3.62000149079886
"C-03",2017,0,55.6719755102041,-166.387918503401,4.2,-6.49007147502806
"C-03",2018,0,55.6719755102041,-166.387918503401,4.4,-6.49007147502806
"C-03",2019,0,55.6719755102041,-166.387918503401,4.7,-6.49007147502806
"C-03",2021,0,55.6719755102041,-166.387918503401,4.3,-6.49007147502806
"C-03",2022,0,55.6719755102041,-166.387918503401,3.9,-6.49007147502806
"C-03",2023,0,55.6719755102041,-166.387918503401,4.3,-6.49007147502806
"C-04",1988,0,55.6695758441558,-165.801201168831,4,-6.49007147502806
"C-04",1989,0,55.6695758441558,-165.801201168831,3.5,-6.49007147502806
"C-04",1990,0,55.6695758441558,-165.801201168831,NA,-6.49007147502806
"C-04",1991,20.2523062760074,55.6695758441558,-165.801201168831,3.9,3.00834365060588
"C-04",1992,0,55.6695758441558,-165.801201168831,4.2,-6.49007147502806
"C-04",1993,0,55.6695758441558,-165.801201168831,4.3,-6.49007147502806
"C-04",1994,0,55.6695758441558,-165.801201168831,3.9,-6.49007147502806
"C-04",1995,0,55.6695758441558,-165.801201168831,2.9,-6.49007147502806
"C-04",1996,0,55.6695758441558,-165.801201168831,4.4,-6.49007147502806
"C-04",1997,0,55.6695758441558,-165.801201168831,4.1,-6.49007147502806
"C-04",1998,19.6987793200004,55.6695758441558,-165.801201168831,4.1,2.98063375037459
"C-04",1999,0,55.6695758441558,-165.801201168831,3.2,-6.49007147502806
"C-04",2000,0,55.6695758441558,-165.801201168831,3.5,-6.49007147502806
"C-04",2001,0,55.6695758441558,-165.801201168831,4.2,-6.49007147502806
"C-04",2002,0,55.6695758441558,-165.801201168831,4,-6.49007147502806
"C-04",2003,0,55.6695758441558,-165.801201168831,4.7,-6.49007147502806
"C-04",2004,0,55.6695758441558,-165.801201168831,4.3,-6.49007147502806
"C-04",2005,0,55.6695758441558,-165.801201168831,4.5,-6.49007147502806
"C-04",2006,0,55.6695758441558,-165.801201168831,3.9,-6.49007147502806
"C-04",2007,0,55.6695758441558,-165.801201168831,3.3,-6.49007147502806
"C-04",2008,0,55.6695758441558,-165.801201168831,3,-6.49007147502806
"C-04",2009,0,55.6695758441558,-165.801201168831,3.4,-6.49007147502806
"C-04",2010,0,55.6695758441558,-165.801201168831,3.6,-6.49007147502806
"C-04",2011,0,55.6695758441558,-165.801201168831,4,-6.49007147502806
"C-04",2012,0,55.6695758441558,-165.801201168831,2.9,-6.49007147502806
"C-04",2013,0,55.6695758441558,-165.801201168831,3.5,-6.49007147502806
"C-04",2014,0,55.6695758441558,-165.801201168831,4.1,-6.49007147502806
"C-04",2015,0,55.6695758441558,-165.801201168831,5.1,-6.49007147502806
"C-04",2016,0,55.6695758441558,-165.801201168831,5,-6.49007147502806
"C-04",2017,17.9723842925562,55.6695758441558,-165.801201168831,4.5,2.88892085768431
"C-04",2018,0,55.6695758441558,-165.801201168831,4.5,-6.49007147502806
"C-04",2019,0,55.6695758441558,-165.801201168831,4.8,-6.49007147502806
"C-04",2021,0,55.6695758441558,-165.801201168831,4.4,-6.49007147502806
"C-04",2022,0,55.6695758441558,-165.801201168831,4,-6.49007147502806
"C-04",2023,0,55.6695758441558,-165.801201168831,4.3,-6.49007147502806
"C-05",1988,0,55.6688548381295,-165.170211690647,3.5,-6.49007147502806
"C-05",1989,0,55.6688548381295,-165.170211690647,4,-6.49007147502806
"C-05",1990,2616.72469230523,55.6688548381295,-165.170211690647,3.9,7.86967927754843
"C-05",1991,62.6314422523967,55.6688548381295,-165.170211690647,3.4,4.13729166817859
"C-05",1992,0,55.6688548381295,-165.170211690647,4.2,-6.49007147502806
"C-05",1993,0,55.6688548381295,-165.170211690647,4.3,-6.49007147502806
"C-05",1994,0,55.6688548381295,-165.170211690647,3.3,-6.49007147502806
"C-05",1995,0,55.6688548381295,-165.170211690647,3.8,-6.49007147502806
"C-05",1996,0,55.6688548381295,-165.170211690647,4.1,-6.49007147502806
"C-05",1997,19.4813525458018,55.6688548381295,-165.170211690647,4.2,2.96953566858048
"C-05",1998,0,55.6688548381295,-165.170211690647,4.5,-6.49007147502806
"C-05",1999,0,55.6688548381295,-165.170211690647,3,-6.49007147502806
"C-05",2000,0,55.6688548381295,-165.170211690647,3,-6.49007147502806
"C-05",2001,0,55.6688548381295,-165.170211690647,4,-6.49007147502806
"C-05",2002,0,55.6688548381295,-165.170211690647,4.2,-6.49007147502806
"C-05",2003,0,55.6688548381295,-165.170211690647,4.6,-6.49007147502806
"C-05",2004,0,55.6688548381295,-165.170211690647,4.2,-6.49007147502806
"C-05",2005,0,55.6688548381295,-165.170211690647,4.4,-6.49007147502806
"C-05",2006,0,55.6688548381295,-165.170211690647,3.8,-6.49007147502806
"C-05",2007,0,55.6688548381295,-165.170211690647,3.1,-6.49007147502806
"C-05",2008,0,55.6688548381295,-165.170211690647,3.1,-6.49007147502806
"C-05",2009,0,55.6688548381295,-165.170211690647,3.5,-6.49007147502806
"C-05",2010,0,55.6688548381295,-165.170211690647,3.4,-6.49007147502806
"C-05",2011,0,55.6688548381295,-165.170211690647,4.1,-6.49007147502806
"C-05",2012,0,55.6688548381295,-165.170211690647,2.6,-6.49007147502806
"C-05",2013,0,55.6688548381295,-165.170211690647,3.2,-6.49007147502806
"C-05",2014,7016.8973138287,55.6688548381295,-165.170211690647,4,8.85607663762936
"C-05",2015,0,55.6688548381295,-165.170211690647,5.1,-6.49007147502806
"C-05",2016,55.7790007052888,55.6688548381295,-165.170211690647,5.3,4.02142468917938
"C-05",2017,0,55.6688548381295,-165.170211690647,4.2,-6.49007147502806
"C-05",2018,0,55.6688548381295,-165.170211690647,4.8,-6.49007147502806
"C-05",2019,0,55.6688548381295,-165.170211690647,4.8,-6.49007147502806
"C-05",2021,0,55.6688548381295,-165.170211690647,4.6,-6.49007147502806
"C-05",2022,0,55.6688548381295,-165.170211690647,3.8,-6.49007147502806
"C-05",2023,0,55.6688548381295,-165.170211690647,4.3,-6.49007147502806
"C-06",1988,0,55.6604742360061,-164.591489636914,2.9,-6.49007147502806
"C-06",1989,0,55.6604742360061,-164.591489636914,1.9,-6.49007147502806
"C-06",1990,0,55.6604742360061,-164.591489636914,3.4,-6.49007147502806
"C-06",1991,114.214838413187,55.6604742360061,-164.591489636914,2.9,4.73809451685744
"C-06",1992,22.0336017948982,55.6604742360061,-164.591489636914,2.5,3.09263755484234
"C-06",1993,0,55.6604742360061,-164.591489636914,NA,-6.49007147502806
"C-06",1994,0,55.6604742360061,-164.591489636914,3.7,-6.49007147502806
"C-06",1995,0,55.6604742360061,-164.591489636914,2.4,-6.49007147502806
"C-06",1996,0,55.6604742360061,-164.591489636914,NA,-6.49007147502806
"C-06",1997,449.848159420954,55.6604742360061,-164.591489636914,4,6.10891347776068
"C-06",1998,137.570413690349,55.6604742360061,-164.591489636914,4.6,4.92414692308477
"C-06",1999,0,55.6604742360061,-164.591489636914,2.6,-6.49007147502806
"C-06",2000,0,55.6604742360061,-164.591489636914,2.9,-6.49007147502806
"C-06",2001,0,55.6604742360061,-164.591489636914,3.7,-6.49007147502806
"C-06",2002,0,55.6604742360061,-164.591489636914,4.3,-6.49007147502806
"C-06",2003,0,55.6604742360061,-164.591489636914,3.9,-6.49007147502806
"C-06",2004,0,55.6604742360061,-164.591489636914,4.4,-6.49007147502806
"C-06",2005,0,55.6604742360061,-164.591489636914,NA,-6.49007147502806
"C-06",2006,0,55.6604742360061,-164.591489636914,3.8,-6.49007147502806
"C-06",2007,0,55.6604742360061,-164.591489636914,3.1,-6.49007147502806
"C-06",2008,0,55.6604742360061,-164.591489636914,2.3,-6.49007147502806
"C-06",2009,0,55.6604742360061,-164.591489636914,1.6,-6.49007147502806
"C-06",2010,0,55.6604742360061,-164.591489636914,2.2,-6.49007147502806
"C-06",2011,0,55.6604742360061,-164.591489636914,3.6,-6.49007147502806
"C-06",2012,19.4688507479993,55.6604742360061,-164.591489636914,1.6,2.96889378111871
"C-06",2013,0,55.6604742360061,-164.591489636914,2.5,-6.49007147502806
"C-06",2014,0,55.6604742360061,-164.591489636914,4,-6.49007147502806
"C-06",2015,0,55.6604742360061,-164.591489636914,4.9,-6.49007147502806
"C-06",2016,0,55.6604742360061,-164.591489636914,5.6,-6.49007147502806
"C-06",2017,0,55.6604742360061,-164.591489636914,3.1,-6.49007147502806
"C-06",2018,0,55.6604742360061,-164.591489636914,4.8,-6.49007147502806
"C-06",2019,0,55.6604742360061,-164.591489636914,5.2,-6.49007147502806
"C-06",2021,0,55.6604742360061,-164.591489636914,4.1,-6.49007147502806
"C-06",2022,0,55.6604742360061,-164.591489636914,3,-6.49007147502806
"C-06",2023,0,55.6604742360061,-164.591489636914,4.6,-6.49007147502806
"C-07",1988,0,55.6847034825871,-164.008256069652,2.3,-6.49007147502806
"C-07",1989,0,55.6847034825871,-164.008256069652,1.9,-6.49007147502806
"C-07",1990,0,55.6847034825871,-164.008256069652,3.1,-6.49007147502806
"C-07",1991,0,55.6847034825871,-164.008256069652,3.1,-6.49007147502806
"C-07",1992,0,55.6847034825871,-164.008256069652,2.5,-6.49007147502806
"C-07",1993,0,55.6847034825871,-164.008256069652,3.2,-6.49007147502806
"C-07",1994,0,55.6847034825871,-164.008256069652,NA,-6.49007147502806
"C-07",1995,0,55.6847034825871,-164.008256069652,1.7,-6.49007147502806
"C-07",1996,0,55.6847034825871,-164.008256069652,2.9,-6.49007147502806
"C-07",1997,0,55.6847034825871,-164.008256069652,2.4,-6.49007147502806
"C-07",1998,0,55.6847034825871,-164.008256069652,3.6,-6.49007147502806
"C-07",1999,0,55.6847034825871,-164.008256069652,1.9,-6.49007147502806
"C-07",2000,0,55.6847034825871,-164.008256069652,2.5,-6.49007147502806
"C-07",2001,0,55.6847034825871,-164.008256069652,3.6,-6.49007147502806
"C-07",2002,0,55.6847034825871,-164.008256069652,3.8,-6.49007147502806
"C-07",2003,0,55.6847034825871,-164.008256069652,4.1,-6.49007147502806
"C-07",2004,0,55.6847034825871,-164.008256069652,3.4,-6.49007147502806
"C-07",2005,0,55.6847034825871,-164.008256069652,4.1,-6.49007147502806
"C-07",2006,0,55.6847034825871,-164.008256069652,3.5,-6.49007147502806
"C-07",2007,0,55.6847034825871,-164.008256069652,2.7,-6.49007147502806
"C-07",2008,0,55.6847034825871,-164.008256069652,1.6,-6.49007147502806
"C-07",2009,0,55.6847034825871,-164.008256069652,0.7,-6.49007147502806
"C-07",2010,0,55.6847034825871,-164.008256069652,1.8,-6.49007147502806
"C-07",2011,0,55.6847034825871,-164.008256069652,3.2,-6.49007147502806
"C-07",2012,0,55.6847034825871,-164.008256069652,0.6,-6.49007147502806
"C-07",2013,0,55.6847034825871,-164.008256069652,2.2,-6.49007147502806
"C-07",2014,0,55.6847034825871,-164.008256069652,4,-6.49007147502806
"C-07",2015,0,55.6847034825871,-164.008256069652,4.8,-6.49007147502806
"C-07",2016,0,55.6847034825871,-164.008256069652,4.8,-6.49007147502806
"C-07",2017,0,55.6847034825871,-164.008256069652,2.4,-6.49007147502806
"C-07",2018,0,55.6847034825871,-164.008256069652,3.9,-6.49007147502806
"C-07",2019,0,55.6847034825871,-164.008256069652,5.1,-6.49007147502806
"C-07",2021,0,55.6847034825871,-164.008256069652,3.5,-6.49007147502806
"C-07",2022,0,55.6847034825871,-164.008256069652,2.8,-6.49007147502806
"C-07",2023,0,55.6847034825871,-164.008256069652,3.9,-6.49007147502806
"C-08",1988,0,55.6666029761905,-163.404555654762,2.8,-6.49007147502806
"C-08",1989,0,55.6666029761905,-163.404555654762,1.4,-6.49007147502806
"C-08",1990,0,55.6666029761905,-163.404555654762,3,-6.49007147502806
"C-08",1991,0,55.6666029761905,-163.404555654762,2.9,-6.49007147502806
"C-08",1992,0,55.6666029761905,-163.404555654762,2.3,-6.49007147502806
"C-08",1993,0,55.6666029761905,-163.404555654762,3,-6.49007147502806
"C-08",1994,0,55.6666029761905,-163.404555654762,3.3,-6.49007147502806
"C-08",1995,0,55.6666029761905,-163.404555654762,1.7,-6.49007147502806
"C-08",1996,0,55.6666029761905,-163.404555654762,3.5,-6.49007147502806
"C-08",1997,0,55.6666029761905,-163.404555654762,2.6,-6.49007147502806
"C-08",1998,0,55.6666029761905,-163.404555654762,4.6,-6.49007147502806
"C-08",1999,0,55.6666029761905,-163.404555654762,2.2,-6.49007147502806
"C-08",2000,0,55.6666029761905,-163.404555654762,2.2,-6.49007147502806
"C-08",2001,0,55.6666029761905,-163.404555654762,3.4,-6.49007147502806
"C-08",2002,0,55.6666029761905,-163.404555654762,3,-6.49007147502806
"C-08",2003,0,55.6666029761905,-163.404555654762,4,-6.49007147502806
"C-08",2004,0,55.6666029761905,-163.404555654762,3.9,-6.49007147502806
"C-08",2005,0,55.6666029761905,-163.404555654762,NA,-6.49007147502806
"C-08",2006,0,55.6666029761905,-163.404555654762,3,-6.49007147502806
"C-08",2007,0,55.6666029761905,-163.404555654762,2.4,-6.49007147502806
"C-08",2008,0,55.6666029761905,-163.404555654762,1.9,-6.49007147502806
"C-08",2009,0,55.6666029761905,-163.404555654762,0.4,-6.49007147502806
"C-08",2010,0,55.6666029761905,-163.404555654762,2,-6.49007147502806
"C-08",2011,0,55.6666029761905,-163.404555654762,3.8,-6.49007147502806
"C-08",2012,0,55.6666029761905,-163.404555654762,1.8,-6.49007147502806
"C-08",2013,0,55.6666029761905,-163.404555654762,2.8,-6.49007147502806
"C-08",2014,0,55.6666029761905,-163.404555654762,3.8,-6.49007147502806
"C-08",2015,0,55.6666029761905,-163.404555654762,4.8,-6.49007147502806
"C-08",2016,0,55.6666029761905,-163.404555654762,5,-6.49007147502806
"C-08",2017,0,55.6666029761905,-163.404555654762,2.3,-6.49007147502806
"C-08",2018,0,55.6666029761905,-163.404555654762,4.2,-6.49007147502806
"C-08",2019,0,55.6666029761905,-163.404555654762,4.9,-6.49007147502806
"C-08",2021,0,55.6666029761905,-163.404555654762,3.9,-6.49007147502806
"C-08",2022,0,55.6666029761905,-163.404555654762,3.1,-6.49007147502806
"C-08",2023,0,55.6666029761905,-163.404555654762,3.7,-6.49007147502806
"C-09",1988,0,55.66982515625,-162.84136765625,4.7,-6.49007147502806
"C-09",1989,0,55.66982515625,-162.84136765625,2.6,-6.49007147502806
"C-09",1990,0,55.66982515625,-162.84136765625,4.3,-6.49007147502806
"C-09",1991,0,55.66982515625,-162.84136765625,4.6,-6.49007147502806
"C-09",1992,0,55.66982515625,-162.84136765625,NA,-6.49007147502806
"C-09",1993,0,55.66982515625,-162.84136765625,4.6,-6.49007147502806
"C-09",1994,0,55.66982515625,-162.84136765625,3.6,-6.49007147502806
"C-09",1995,0,55.66982515625,-162.84136765625,2.2,-6.49007147502806
"C-09",1996,0,55.66982515625,-162.84136765625,4.9,-6.49007147502806
"C-09",1997,0,55.66982515625,-162.84136765625,3.3,-6.49007147502806
"C-09",1998,0,55.66982515625,-162.84136765625,5.4,-6.49007147502806
"C-09",1999,0,55.66982515625,-162.84136765625,2.2,-6.49007147502806
"C-09",2000,0,55.66982515625,-162.84136765625,2.6,-6.49007147502806
"C-09",2001,0,55.66982515625,-162.84136765625,3.6,-6.49007147502806
"C-09",2002,0,55.66982515625,-162.84136765625,4.3,-6.49007147502806
"C-09",2003,0,55.66982515625,-162.84136765625,4.6,-6.49007147502806
"C-09",2004,0,55.66982515625,-162.84136765625,4.5,-6.49007147502806
"C-09",2005,0,55.66982515625,-162.84136765625,4.6,-6.49007147502806
"C-09",2006,0,55.66982515625,-162.84136765625,3.6,-6.49007147502806
"C-09",2007,0,55.66982515625,-162.84136765625,2.8,-6.49007147502806
"C-09",2008,0,55.66982515625,-162.84136765625,3.2,-6.49007147502806
"C-09",2009,0,55.66982515625,-162.84136765625,2.4,-6.49007147502806
"C-09",2010,0,55.66982515625,-162.84136765625,2.1,-6.49007147502806
"C-09",2011,0,55.66982515625,-162.84136765625,4.4,-6.49007147502806
"C-09",2012,0,55.66982515625,-162.84136765625,1.8,-6.49007147502806
"C-09",2013,0,55.66982515625,-162.84136765625,2.9,-6.49007147502806
"C-09",2014,0,55.66982515625,-162.84136765625,4.1,-6.49007147502806
"C-09",2015,0,55.66982515625,-162.84136765625,5.6,-6.49007147502806
"C-09",2016,0,55.66982515625,-162.84136765625,5.6,-6.49007147502806
"C-09",2017,0,55.66982515625,-162.84136765625,3,-6.49007147502806
"C-09",2018,0,55.66982515625,-162.84136765625,5.5,-6.49007147502806
"C-09",2019,0,55.66982515625,-162.84136765625,4.9,-6.49007147502806
"C-09",2021,0,55.66982515625,-162.84136765625,5.7,-6.49007147502806
"C-09",2022,0,55.66982515625,-162.84136765625,3.7,-6.49007147502806
"C-09",2023,0,55.66982515625,-162.84136765625,4.6,-6.49007147502806
"C-18",1988,0,55.6759636752137,-168.181858376068,3.9,-6.49007147502806
"C-18",1989,0,55.6759636752137,-168.181858376068,3.8,-6.49007147502806
"C-18",1990,0,55.6759636752137,-168.181858376068,3.8,-6.49007147502806
"C-18",1991,0,55.6759636752137,-168.181858376068,NA,-6.49007147502806
"C-18",1992,21.0034990704147,55.6759636752137,-168.181858376068,0,3.04476133827433
"C-18",1993,0,55.6759636752137,-168.181858376068,4.3,-6.49007147502806
"C-18",1994,0,55.6759636752137,-168.181858376068,3.8,-6.49007147502806
"C-18",1995,0,55.6759636752137,-168.181858376068,3.3,-6.49007147502806
"C-18",1996,57.0016768070455,55.6759636752137,-168.181858376068,4.1,4.04310732323744
"C-18",1997,19.0439050021873,55.6759636752137,-168.181858376068,4.1,2.94682683348025
"C-18",1998,0,55.6759636752137,-168.181858376068,3.8,-6.49007147502806
"C-18",1999,0,55.6759636752137,-168.181858376068,3.3,-6.49007147502806
"C-18",2000,0,55.6759636752137,-168.181858376068,3.7,-6.49007147502806
"C-18",2001,0,55.6759636752137,-168.181858376068,4.1,-6.49007147502806
"C-18",2002,0,55.6759636752137,-168.181858376068,3.7,-6.49007147502806
"C-18",2003,0,55.6759636752137,-168.181858376068,4.6,-6.49007147502806
"C-18",2004,0,55.6759636752137,-168.181858376068,4.1,-6.49007147502806
"C-18",2005,0,55.6759636752137,-168.181858376068,4.3,-6.49007147502806
"C-18",2006,0,55.6759636752137,-168.181858376068,4.2,-6.49007147502806
"C-18",2007,0,55.6759636752137,-168.181858376068,3.6,-6.49007147502806
"C-18",2008,0,55.6759636752137,-168.181858376068,3.4,-6.49007147502806
"C-18",2009,0,55.6759636752137,-168.181858376068,3.4,-6.49007147502806
"C-18",2010,0,55.6759636752137,-168.181858376068,3.9,-6.49007147502806
"C-18",2011,0,55.6759636752137,-168.181858376068,3.5,-6.49007147502806
"C-18",2012,16.6601569650913,55.6759636752137,-168.181858376068,3.1,2.81311119624214
"C-18",2013,0,55.6759636752137,-168.181858376068,3.9,-6.49007147502806
"C-18",2014,0,55.6759636752137,-168.181858376068,4.2,-6.49007147502806
"C-18",2015,0,55.6759636752137,-168.181858376068,4.9,-6.49007147502806
"C-18",2016,0,55.6759636752137,-168.181858376068,4.3,-6.49007147502806
"C-18",2017,0,55.6759636752137,-168.181858376068,4.4,-6.49007147502806
"C-18",2018,0,55.6759636752137,-168.181858376068,4.4,-6.49007147502806
"C-18",2019,0,55.6759636752137,-168.181858376068,4.4,-6.49007147502806
"C-18",2021,0,55.6759636752137,-168.181858376068,4.1,-6.49007147502806
"C-18",2022,0,55.6759636752137,-168.181858376068,4,-6.49007147502806
"C-18",2023,0,55.6759636752137,-168.181858376068,4.4,-6.49007147502806
"D-01",1988,0,56.0018732590234,-167.619234076433,4,-6.49007147502806
"D-01",1989,0,56.0018732590234,-167.619234076433,3.8,-6.49007147502806
"D-01",1990,0,56.0018732590234,-167.619234076433,3.6,-6.49007147502806
"D-01",1991,39.1595111816469,56.0018732590234,-167.619234076433,3.3,3.66768211001637
"D-01",1992,0,56.0018732590234,-167.619234076433,3.8,-6.49007147502806
"D-01",1993,39.4687498578676,56.0018732590234,-167.619234076433,NA,3.6755476871774
"D-01",1994,9944.89732350703,56.0018732590234,-167.619234076433,3.6,9.20481501948647
"D-01",1995,4058.70856294881,56.0018732590234,-167.619234076433,3,8.30862048817048
"D-01",1996,2166.82574363875,56.0018732590234,-167.619234076433,4.3,7.68101928542844
"D-01",1997,1359.77618767658,56.0018732590234,-167.619234076433,4,7.21507651398594
"D-01",1998,0,56.0018732590234,-167.619234076433,4.1,-6.49007147502806
"D-01",1999,0,56.0018732590234,-167.619234076433,3.2,-6.49007147502806
"D-01",2000,0,56.0018732590234,-167.619234076433,NA,-6.49007147502806
"D-01",2001,0,56.0018732590234,-167.619234076433,4,-6.49007147502806
"D-01",2002,0,56.0018732590234,-167.619234076433,3.7,-6.49007147502806
"D-01",2003,0,56.0018732590234,-167.619234076433,4.6,-6.49007147502806
"D-01",2004,0,56.0018732590234,-167.619234076433,4,-6.49007147502806
"D-01",2005,0,56.0018732590234,-167.619234076433,4.3,-6.49007147502806
"D-01",2006,0,56.0018732590234,-167.619234076433,4.1,-6.49007147502806
"D-01",2007,0,56.0018732590234,-167.619234076433,3.8,-6.49007147502806
"D-01",2008,0,56.0018732590234,-167.619234076433,3.3,-6.49007147502806
"D-01",2009,0,56.0018732590234,-167.619234076433,3.5,-6.49007147502806
"D-01",2010,0,56.0018732590234,-167.619234076433,3.8,-6.49007147502806
"D-01",2011,0,56.0018732590234,-167.619234076433,3.4,-6.49007147502806
"D-01",2012,0,56.0018732590234,-167.619234076433,2.9,-6.49007147502806
"D-01",2013,0,56.0018732590234,-167.619234076433,3.8,-6.49007147502806
"D-01",2014,975.614000502172,56.0018732590234,-167.619234076433,4.2,6.88306857329053
"D-01",2015,3765.39117073367,56.0018732590234,-167.619234076433,5,8.23360743470859
"D-01",2016,482.13400750456,56.0018732590234,-167.619234076433,4.7,6.17822524868838
"D-01",2017,182.638614399707,56.0018732590234,-167.619234076433,4.4,5.20751772955472
"D-01",2018,0,56.0018732590234,-167.619234076433,4.6,-6.49007147502806
"D-01",2019,0,56.0018732590234,-167.619234076433,4.5,-6.49007147502806
"D-01",2021,0,56.0018732590234,-167.619234076433,4.3,-6.49007147502806
"D-01",2022,0,56.0018732590234,-167.619234076433,4.1,-6.49007147502806
"D-01",2023,0,56.0018732590234,-167.619234076433,4.5,-6.49007147502806
"D-02",1988,0,56.0021511111111,-167.000474989899,3.4,-6.49007147502806
"D-02",1989,8429.66014582101,56.0021511111111,-167.000474989899,3.5,9.03951191546468
"D-02",1990,21.3965742762886,56.0021511111111,-167.000474989899,3.7,3.06330179267096
"D-02",1991,95.0076903729918,56.0021511111111,-167.000474989899,3.3,4.55397382178124
"D-02",1992,19.7375696747508,56.0021511111111,-167.000474989899,3.6,2.98260083816753
"D-02",1993,32823.266784434,56.0021511111111,-167.000474989899,3.8,10.3988929423452
"D-02",1994,0,56.0021511111111,-167.000474989899,3.9,-6.49007147502806
"D-02",1995,0,56.0021511111111,-167.000474989899,2.7,-6.49007147502806
"D-02",1996,0,56.0021511111111,-167.000474989899,4.4,-6.49007147502806
"D-02",1997,0,56.0021511111111,-167.000474989899,3.6,-6.49007147502806
"D-02",1998,0,56.0021511111111,-167.000474989899,4.1,-6.49007147502806
"D-02",1999,0,56.0021511111111,-167.000474989899,3.4,-6.49007147502806
"D-02",2000,0,56.0021511111111,-167.000474989899,3.4,-6.49007147502806
"D-02",2001,0,56.0021511111111,-167.000474989899,4,-6.49007147502806
"D-02",2002,0,56.0021511111111,-167.000474989899,3.7,-6.49007147502806
"D-02",2003,0,56.0021511111111,-167.000474989899,4.5,-6.49007147502806
"D-02",2004,0,56.0021511111111,-167.000474989899,4,-6.49007147502806
"D-02",2005,0,56.0021511111111,-167.000474989899,4.3,-6.49007147502806
"D-02",2006,0,56.0021511111111,-167.000474989899,4,-6.49007147502806
"D-02",2007,0,56.0021511111111,-167.000474989899,3.8,-6.49007147502806
"D-02",2008,0,56.0021511111111,-167.000474989899,3,-6.49007147502806
"D-02",2009,0,56.0021511111111,-167.000474989899,3.1,-6.49007147502806
"D-02",2010,0,56.0021511111111,-167.000474989899,3.7,-6.49007147502806
"D-02",2011,0,56.0021511111111,-167.000474989899,3.6,-6.49007147502806
"D-02",2012,0,56.0021511111111,-167.000474989899,2.6,-6.49007147502806
"D-02",2013,0,56.0021511111111,-167.000474989899,3.8,-6.49007147502806
"D-02",2014,130.492712015774,56.0021511111111,-167.000474989899,4,4.87132901472217
"D-02",2015,1271.66494338361,56.0021511111111,-167.000474989899,5.1,7.14808349396846
"D-02",2016,591.904077395742,56.0021511111111,-167.000474989899,4.7,6.38334715567499
"D-02",2017,0,56.0021511111111,-167.000474989899,4.2,-6.49007147502806
"D-02",2018,0,56.0021511111111,-167.000474989899,4.5,-6.49007147502806
"D-02",2019,0,56.0021511111111,-167.000474989899,4.5,-6.49007147502806
"D-02",2021,0,56.0021511111111,-167.000474989899,4.3,-6.49007147502806
"D-02",2022,0,56.0021511111111,-167.000474989899,3.7,-6.49007147502806
"D-02",2023,0,56.0021511111111,-167.000474989899,4.5,-6.49007147502806
"D-03",1988,0,56.0013499496222,-166.40056138539,4.1,-6.49007147502806
"D-03",1989,0,56.0013499496222,-166.40056138539,3.7,-6.49007147502806
"D-03",1990,0,56.0013499496222,-166.40056138539,NA,-6.49007147502806
"D-03",1991,22.9489653433473,56.0013499496222,-166.40056138539,3.6,3.13333901618942
"D-03",1992,0,56.0013499496222,-166.40056138539,0,-6.49007147502806
"D-03",1993,0,56.0013499496222,-166.40056138539,4,-6.49007147502806
"D-03",1994,0,56.0013499496222,-166.40056138539,3.3,-6.49007147502806
"D-03",1995,0,56.0013499496222,-166.40056138539,3,-6.49007147502806
"D-03",1996,4227.94446552379,56.0013499496222,-166.40056138539,4.3,8.34947157111955
"D-03",1997,113.616527038773,56.0013499496222,-166.40056138539,3.1,4.73284234472127
"D-03",1998,19.0442894400368,56.0013499496222,-166.40056138539,3.9,2.94684701859037
"D-03",1999,0,56.0013499496222,-166.40056138539,NA,-6.49007147502806
"D-03",2000,0,56.0013499496222,-166.40056138539,3.5,-6.49007147502806
"D-03",2001,20.3757023463074,56.0013499496222,-166.40056138539,4.1,3.01441764885756
"D-03",2003,0,56.0013499496222,-166.40056138539,4.6,-6.49007147502806
"D-03",2004,0,56.0013499496222,-166.40056138539,4,-6.49007147502806
"D-03",2005,0,56.0013499496222,-166.40056138539,4.2,-6.49007147502806
"D-03",2006,0,56.0013499496222,-166.40056138539,3.8,-6.49007147502806
"D-03",2007,0,56.0013499496222,-166.40056138539,3.6,-6.49007147502806
"D-03",2008,0,56.0013499496222,-166.40056138539,3.2,-6.49007147502806
"D-03",2009,18.8032272173756,56.0013499496222,-166.40056138539,3,2.93410926659017
"D-03",2010,0,56.0013499496222,-166.40056138539,3.8,-6.49007147502806
"D-03",2011,38.6861953129236,56.0013499496222,-166.40056138539,3.7,3.65552207555775
"D-03",2012,0,56.0013499496222,-166.40056138539,2.5,-6.49007147502806
"D-03",2013,0,56.0013499496222,-166.40056138539,3.5,-6.49007147502806
"D-03",2014,187.310426117553,56.0013499496222,-166.40056138539,4,5.23277537974997
"D-03",2015,757.838438760933,56.0013499496222,-166.40056138539,5.1,6.63047222509283
"D-03",2016,19.9412953841689,56.0013499496222,-166.40056138539,4.8,2.99286886915382
"D-03",2017,0,56.0013499496222,-166.40056138539,4.3,-6.49007147502806
"D-03",2018,0,56.0013499496222,-166.40056138539,4.5,-6.49007147502806
"D-03",2019,0,56.0013499496222,-166.40056138539,4.6,-6.49007147502806
"D-03",2021,0,56.0013499496222,-166.40056138539,4.2,-6.49007147502806
"D-03",2022,0,56.0013499496222,-166.40056138539,3.8,-6.49007147502806
"D-03",2023,0,56.0013499496222,-166.40056138539,4.3,-6.49007147502806
"D-04",1988,0,56.0040181677019,-165.786098581781,4,-6.49007147502806
"D-04",1989,139.262683609766,56.0040181677019,-165.786098581781,NA,4.9363728631956
"D-04",1990,80.1252167253468,56.0040181677019,-165.786098581781,NA,4.38360957074202
"D-04",1991,29.4301928362979,56.0040181677019,-165.786098581781,3.7,3.38207270791376
"D-04",1992,20.8228394639732,56.0040181677019,-165.786098581781,4.2,3.03612335465784
"D-04",1993,0,56.0040181677019,-165.786098581781,3.6,-6.49007147502806
"D-04",1994,0,56.0040181677019,-165.786098581781,3.8,-6.49007147502806
"D-04",1995,0,56.0040181677019,-165.786098581781,3.6,-6.49007147502806
"D-04",1996,19.9873784816045,56.0040181677019,-165.786098581781,4.2,2.99517696550292
"D-04",1997,19.8080570770155,56.0040181677019,-165.786098581781,2.6,2.9861654327923
"D-04",1998,0,56.0040181677019,-165.786098581781,4.3,-6.49007147502806
"D-04",1999,0,56.0040181677019,-165.786098581781,3.1,-6.49007147502806
"D-04",2000,0,56.0040181677019,-165.786098581781,3.3,-6.49007147502806
"D-04",2001,0,56.0040181677019,-165.786098581781,4.2,-6.49007147502806
"D-04",2002,0,56.0040181677019,-165.786098581781,3.8,-6.49007147502806
"D-04",2003,0,56.0040181677019,-165.786098581781,4.5,-6.49007147502806
"D-04",2004,0,56.0040181677019,-165.786098581781,4,-6.49007147502806
"D-04",2005,0,56.0040181677019,-165.786098581781,4.2,-6.49007147502806
"D-04",2006,0,56.0040181677019,-165.786098581781,3.9,-6.49007147502806
"D-04",2007,0,56.0040181677019,-165.786098581781,3.2,-6.49007147502806
"D-04",2008,0,56.0040181677019,-165.786098581781,2.9,-6.49007147502806
"D-04",2009,0,56.0040181677019,-165.786098581781,2.8,-6.49007147502806
"D-04",2010,0,56.0040181677019,-165.786098581781,3.3,-6.49007147502806
"D-04",2011,0,56.0040181677019,-165.786098581781,3.6,-6.49007147502806
"D-04",2012,39.1553773949988,56.0040181677019,-165.786098581781,2.6,3.66757654576329
"D-04",2013,728.05404836629,56.0040181677019,-165.786098581781,3.3,6.59037737331512
"D-04",2014,841.341066513282,56.0040181677019,-165.786098581781,4,6.7349989313118
"D-04",2015,8601.14440680131,56.0040181677019,-165.786098581781,4.9,9.05965072048613
"D-04",2016,21298.0146588585,56.0040181677019,-165.786098581781,5.1,9.96636921014396
"D-04",2017,1898.80054312536,56.0040181677019,-165.786098581781,3.9,7.54897847239694
"D-04",2018,454.449216379666,56.0040181677019,-165.786098581781,4.3,6.11908951350734
"D-04",2019,0,56.0040181677019,-165.786098581781,4.8,-6.49007147502806
"D-04",2021,0,56.0040181677019,-165.786098581781,4.4,-6.49007147502806
"D-04",2022,0,56.0040181677019,-165.786098581781,3.5,-6.49007147502806
"D-04",2023,0,56.0040181677019,-165.786098581781,4.3,-6.49007147502806
"D-05",1988,0,55.9971930414013,-165.183797006369,3.4,-6.49007147502806
"D-05",1989,0,55.9971930414013,-165.183797006369,2.9,-6.49007147502806
"D-05",1990,422.585010257478,55.9971930414013,-165.183797006369,3.2,6.04639422748019
"D-05",1991,160.999704740789,55.9971930414013,-165.183797006369,3.5,5.08141196235475
"D-05",1992,40.8061692015371,55.9971930414013,-165.183797006369,3,3.70887048625911
"D-05",1993,0,55.9971930414013,-165.183797006369,3.4,-6.49007147502806
"D-05",1994,0,55.9971930414013,-165.183797006369,3.2,-6.49007147502806
"D-05",1995,25.0596899778236,55.9971930414013,-165.183797006369,1.4,3.22132116930681
"D-05",1996,0,55.9971930414013,-165.183797006369,3.6,-6.49007147502806
"D-05",1997,383.661662794838,55.9971930414013,-165.183797006369,2.3,5.94976503548248
"D-05",1998,38.3375583127521,55.9971930414013,-165.183797006369,3.8,3.64646965681701
"D-05",1999,0,55.9971930414013,-165.183797006369,1.8,-6.49007147502806
"D-05",2000,20.243187706366,55.9971930414013,-165.183797006369,2.3,3.00789333452769
"D-05",2001,0,55.9971930414013,-165.183797006369,3.9,-6.49007147502806
"D-05",2002,0,55.9971930414013,-165.183797006369,3.3,-6.49007147502806
"D-05",2003,0,55.9971930414013,-165.183797006369,3.6,-6.49007147502806
"D-05",2004,0,55.9971930414013,-165.183797006369,3.1,-6.49007147502806
"D-05",2005,0,55.9971930414013,-165.183797006369,4.1,-6.49007147502806
"D-05",2006,0,55.9971930414013,-165.183797006369,3.8,-6.49007147502806
"D-05",2007,0,55.9971930414013,-165.183797006369,2.8,-6.49007147502806
"D-05",2008,0,55.9971930414013,-165.183797006369,2.6,-6.49007147502806
"D-05",2009,0,55.9971930414013,-165.183797006369,3.1,-6.49007147502806
"D-05",2010,0,55.9971930414013,-165.183797006369,2.6,-6.49007147502806
"D-05",2011,0,55.9971930414013,-165.183797006369,3.3,-6.49007147502806
"D-05",2012,0,55.9971930414013,-165.183797006369,2,-6.49007147502806
"D-05",2013,18.9697935382501,55.9971930414013,-165.183797006369,1.7,2.94292794226833
"D-05",2014,22.3232518929896,55.9971930414013,-165.183797006369,3.9,3.10569683929479
"D-05",2015,39.3369127851055,55.9971930414013,-165.183797006369,4.5,3.67220193482922
"D-05",2016,100.848323495022,55.9971930414013,-165.183797006369,4.7,4.61363269707619
"D-05",2017,0,55.9971930414013,-165.183797006369,2.4,-6.49007147502806
"D-05",2018,0,55.9971930414013,-165.183797006369,4,-6.49007147502806
"D-05",2019,0,55.9971930414013,-165.183797006369,4.9,-6.49007147502806
"D-05",2021,0,55.9971930414013,-165.183797006369,4.3,-6.49007147502806
"D-05",2022,0,55.9971930414013,-165.183797006369,3.1,-6.49007147502806
"D-05",2023,0,55.9971930414013,-165.183797006369,4.2,-6.49007147502806
"D-06",1988,0,55.9980951904762,-164.588914166667,2.6,-6.49007147502806
"D-06",1989,0,55.9980951904762,-164.588914166667,1.2,-6.49007147502806
"D-06",1990,0,55.9980951904762,-164.588914166667,2.6,-6.49007147502806
"D-06",1991,0,55.9980951904762,-164.588914166667,1.6,-6.49007147502806
"D-06",1992,0,55.9980951904762,-164.588914166667,0.9,-6.49007147502806
"D-06",1993,0,55.9980951904762,-164.588914166667,1.9,-6.49007147502806
"D-06",1994,0,55.9980951904762,-164.588914166667,3.6,-6.49007147502806
"D-06",1995,0,55.9980951904762,-164.588914166667,1.4,-6.49007147502806
"D-06",1996,0,55.9980951904762,-164.588914166667,2.7,-6.49007147502806
"D-06",1997,0,55.9980951904762,-164.588914166667,2.3,-6.49007147502806
"D-06",1998,0,55.9980951904762,-164.588914166667,3.3,-6.49007147502806
"D-06",1999,0,55.9980951904762,-164.588914166667,1.4,-6.49007147502806
"D-06",2000,0,55.9980951904762,-164.588914166667,2.1,-6.49007147502806
"D-06",2001,21.4773699624373,55.9980951904762,-164.588914166667,3.5,3.06707051797154
"D-06",2002,0,55.9980951904762,-164.588914166667,2.9,-6.49007147502806
"D-06",2003,0,55.9980951904762,-164.588914166667,3.4,-6.49007147502806
"D-06",2004,0,55.9980951904762,-164.588914166667,3.5,-6.49007147502806
"D-06",2005,0,55.9980951904762,-164.588914166667,4.2,-6.49007147502806
"D-06",2006,0,55.9980951904762,-164.588914166667,3.3,-6.49007147502806
"D-06",2007,0,55.9980951904762,-164.588914166667,2,-6.49007147502806
"D-06",2008,0,55.9980951904762,-164.588914166667,0.8,-6.49007147502806
"D-06",2009,0,55.9980951904762,-164.588914166667,0.9,-6.49007147502806
"D-06",2010,0,55.9980951904762,-164.588914166667,2.1,-6.49007147502806
"D-06",2011,0,55.9980951904762,-164.588914166667,2.2,-6.49007147502806
"D-06",2012,0,55.9980951904762,-164.588914166667,0.8,-6.49007147502806
"D-06",2013,0,55.9980951904762,-164.588914166667,1.7,-6.49007147502806
"D-06",2014,0,55.9980951904762,-164.588914166667,3.9,-6.49007147502806
"D-06",2015,0,55.9980951904762,-164.588914166667,4.7,-6.49007147502806
"D-06",2016,0,55.9980951904762,-164.588914166667,4.7,-6.49007147502806
"D-06",2017,0,55.9980951904762,-164.588914166667,2.5,-6.49007147502806
"D-06",2018,0,55.9980951904762,-164.588914166667,4.2,-6.49007147502806
"D-06",2019,0,55.9980951904762,-164.588914166667,4.6,-6.49007147502806
"D-06",2021,0,55.9980951904762,-164.588914166667,3.1,-6.49007147502806
"D-06",2022,0,55.9980951904762,-164.588914166667,2.7,-6.49007147502806
"D-06",2023,0,55.9980951904762,-164.588914166667,3.8,-6.49007147502806
"D-07",1988,0,56.0012704560261,-163.989792084691,1.9,-6.49007147502806
"D-07",1989,0,56.0012704560261,-163.989792084691,1.6,-6.49007147502806
"D-07",1990,0,56.0012704560261,-163.989792084691,2.9,-6.49007147502806
"D-07",1991,0,56.0012704560261,-163.989792084691,1.6,-6.49007147502806
"D-07",1992,0,56.0012704560261,-163.989792084691,1.5,-6.49007147502806
"D-07",1993,0,56.0012704560261,-163.989792084691,1.6,-6.49007147502806
"D-07",1994,0,56.0012704560261,-163.989792084691,2.4,-6.49007147502806
"D-07",1995,0,56.0012704560261,-163.989792084691,0.9,-6.49007147502806
"D-07",1996,0,56.0012704560261,-163.989792084691,2.7,-6.49007147502806
"D-07",1997,0,56.0012704560261,-163.989792084691,2.2,-6.49007147502806
"D-07",1998,0,56.0012704560261,-163.989792084691,3.6,-6.49007147502806
"D-07",1999,0,56.0012704560261,-163.989792084691,1.5,-6.49007147502806
"D-07",2000,0,56.0012704560261,-163.989792084691,1.9,-6.49007147502806
"D-07",2001,0,56.0012704560261,-163.989792084691,3.3,-6.49007147502806
"D-07",2002,0,56.0012704560261,-163.989792084691,2.6,-6.49007147502806
"D-07",2003,0,56.0012704560261,-163.989792084691,3.9,-6.49007147502806
"D-07",2004,0,56.0012704560261,-163.989792084691,3.1,-6.49007147502806
"D-07",2005,0,56.0012704560261,-163.989792084691,4.1,-6.49007147502806
"D-07",2006,0,56.0012704560261,-163.989792084691,2.4,-6.49007147502806
"D-07",2007,0,56.0012704560261,-163.989792084691,1.9,-6.49007147502806
"D-07",2008,0,56.0012704560261,-163.989792084691,1.1,-6.49007147502806
"D-07",2009,0,56.0012704560261,-163.989792084691,-0.2,-6.49007147502806
"D-07",2010,0,56.0012704560261,-163.989792084691,1.8,-6.49007147502806
"D-07",2011,0,56.0012704560261,-163.989792084691,2.6,-6.49007147502806
"D-07",2012,0,56.0012704560261,-163.989792084691,0.8,-6.49007147502806
"D-07",2013,0,56.0012704560261,-163.989792084691,1.9,-6.49007147502806
"D-07",2014,0,56.0012704560261,-163.989792084691,3.9,-6.49007147502806
"D-07",2015,0,56.0012704560261,-163.989792084691,4.6,-6.49007147502806
"D-07",2016,0,56.0012704560261,-163.989792084691,4.7,-6.49007147502806
"D-07",2017,0,56.0012704560261,-163.989792084691,1.9,-6.49007147502806
"D-07",2018,0,56.0012704560261,-163.989792084691,4,-6.49007147502806
"D-07",2019,0,56.0012704560261,-163.989792084691,4.7,-6.49007147502806
"D-07",2021,0,56.0012704560261,-163.989792084691,3,-6.49007147502806
"D-07",2022,0,56.0012704560261,-163.989792084691,2.6,-6.49007147502806
"D-07",2023,0,56.0012704560261,-163.989792084691,3.6,-6.49007147502806
"D-08",1988,0,56.0035276212471,-163.391698106236,2.4,-6.49007147502806
"D-08",1989,0,56.0035276212471,-163.391698106236,1.4,-6.49007147502806
"D-08",1990,0,56.0035276212471,-163.391698106236,3,-6.49007147502806
"D-08",1991,0,56.0035276212471,-163.391698106236,1.9,-6.49007147502806
"D-08",1992,0,56.0035276212471,-163.391698106236,1.8,-6.49007147502806
"D-08",1993,0,56.0035276212471,-163.391698106236,1.5,-6.49007147502806
"D-08",1994,0,56.0035276212471,-163.391698106236,2.8,-6.49007147502806
"D-08",1995,0,56.0035276212471,-163.391698106236,1,-6.49007147502806
"D-08",1996,0,56.0035276212471,-163.391698106236,3.2,-6.49007147502806
"D-08",1997,0,56.0035276212471,-163.391698106236,2.4,-6.49007147502806
"D-08",1998,0,56.0035276212471,-163.391698106236,NA,-6.49007147502806
"D-08",1999,0,56.0035276212471,-163.391698106236,1.5,-6.49007147502806
"D-08",2000,0,56.0035276212471,-163.391698106236,2,-6.49007147502806
"D-08",2001,0,56.0035276212471,-163.391698106236,3.3,-6.49007147502806
"D-08",2002,150.791966376802,56.0035276212471,-163.391698106236,2.7,5.01591125051106
"D-08",2003,0,56.0035276212471,-163.391698106236,3.8,-6.49007147502806
"D-08",2004,0,56.0035276212471,-163.391698106236,3.2,-6.49007147502806
"D-08",2005,0,56.0035276212471,-163.391698106236,4,-6.49007147502806
"D-08",2006,0,56.0035276212471,-163.391698106236,2.6,-6.49007147502806
"D-08",2007,0,56.0035276212471,-163.391698106236,2,-6.49007147502806
"D-08",2008,0,56.0035276212471,-163.391698106236,1.1,-6.49007147502806
"D-08",2009,0,56.0035276212471,-163.391698106236,0.1,-6.49007147502806
"D-08",2010,0,56.0035276212471,-163.391698106236,1.6,-6.49007147502806
"D-08",2011,0,56.0035276212471,-163.391698106236,3.1,-6.49007147502806
"D-08",2012,0,56.0035276212471,-163.391698106236,1.2,-6.49007147502806
"D-08",2013,0,56.0035276212471,-163.391698106236,1.8,-6.49007147502806
"D-08",2014,0,56.0035276212471,-163.391698106236,3.9,-6.49007147502806
"D-08",2015,0,56.0035276212471,-163.391698106236,4.3,-6.49007147502806
"D-08",2016,0,56.0035276212471,-163.391698106236,4.7,-6.49007147502806
"D-08",2017,0,56.0035276212471,-163.391698106236,1.9,-6.49007147502806
"D-08",2018,0,56.0035276212471,-163.391698106236,4.3,-6.49007147502806
"D-08",2019,0,56.0035276212471,-163.391698106236,4.5,-6.49007147502806
"D-08",2021,0,56.0035276212471,-163.391698106236,3.5,-6.49007147502806
"D-08",2022,0,56.0035276212471,-163.391698106236,2.7,-6.49007147502806
"D-08",2023,0,56.0035276212471,-163.391698106236,3.3,-6.49007147502806
"D-09",1988,0,55.9959542473118,-162.819315860215,2.6,-6.49007147502806
"D-09",1989,0,55.9959542473118,-162.819315860215,2.1,-6.49007147502806
"D-09",1990,0,55.9959542473118,-162.819315860215,2.7,-6.49007147502806
"D-09",1991,0,55.9959542473118,-162.819315860215,2.7,-6.49007147502806
"D-09",1992,0,55.9959542473118,-162.819315860215,2.1,-6.49007147502806
"D-09",1993,0,55.9959542473118,-162.819315860215,2.6,-6.49007147502806
"D-09",1994,0,55.9959542473118,-162.819315860215,2.4,-6.49007147502806
"D-09",1995,0,55.9959542473118,-162.819315860215,1.7,-6.49007147502806
"D-09",1996,0,55.9959542473118,-162.819315860215,NA,-6.49007147502806
"D-09",1997,0,55.9959542473118,-162.819315860215,2.8,-6.49007147502806
"D-09",1998,0,55.9959542473118,-162.819315860215,4.1,-6.49007147502806
"D-09",1999,0,55.9959542473118,-162.819315860215,1.8,-6.49007147502806
"D-09",2000,0,55.9959542473118,-162.819315860215,2.1,-6.49007147502806
"D-09",2001,0,55.9959542473118,-162.819315860215,3.3,-6.49007147502806
"D-09",2002,0,55.9959542473118,-162.819315860215,3,-6.49007147502806
"D-09",2003,0,55.9959542473118,-162.819315860215,4.1,-6.49007147502806
"D-09",2004,0,55.9959542473118,-162.819315860215,3.4,-6.49007147502806
"D-09",2005,0,55.9959542473118,-162.819315860215,4,-6.49007147502806
"D-09",2006,0,55.9959542473118,-162.819315860215,2.9,-6.49007147502806
"D-09",2007,0,55.9959542473118,-162.819315860215,1.6,-6.49007147502806
"D-09",2008,0,55.9959542473118,-162.819315860215,1.4,-6.49007147502806
"D-09",2009,0,55.9959542473118,-162.819315860215,1.6,-6.49007147502806
"D-09",2010,0,55.9959542473118,-162.819315860215,1,-6.49007147502806
"D-09",2011,0,55.9959542473118,-162.819315860215,3.8,-6.49007147502806
"D-09",2012,0,55.9959542473118,-162.819315860215,0.7,-6.49007147502806
"D-09",2013,0,55.9959542473118,-162.819315860215,2.4,-6.49007147502806
"D-09",2014,0,55.9959542473118,-162.819315860215,3.7,-6.49007147502806
"D-09",2015,0,55.9959542473118,-162.819315860215,4.2,-6.49007147502806
"D-09",2016,0,55.9959542473118,-162.819315860215,4.7,-6.49007147502806
"D-09",2017,0,55.9959542473118,-162.819315860215,2,-6.49007147502806
"D-09",2018,0,55.9959542473118,-162.819315860215,4.8,-6.49007147502806
"D-09",2019,0,55.9959542473118,-162.819315860215,4.5,-6.49007147502806
"D-09",2021,0,55.9959542473118,-162.819315860215,3.8,-6.49007147502806
"D-09",2022,0,55.9959542473118,-162.819315860215,3.1,-6.49007147502806
"D-09",2023,0,55.9959542473118,-162.819315860215,3.5,-6.49007147502806
"D-10",1988,0,55.9967063291139,-162.257624810127,3.4,-6.49007147502806
"D-10",1989,0,55.9967063291139,-162.257624810127,2.6,-6.49007147502806
"D-10",1990,0,55.9967063291139,-162.257624810127,NA,-6.49007147502806
"D-10",1991,0,55.9967063291139,-162.257624810127,3.3,-6.49007147502806
"D-10",1992,0,55.9967063291139,-162.257624810127,2.5,-6.49007147502806
"D-10",1993,0,55.9967063291139,-162.257624810127,3.2,-6.49007147502806
"D-10",1994,0,55.9967063291139,-162.257624810127,3.6,-6.49007147502806
"D-10",1995,0,55.9967063291139,-162.257624810127,1.9,-6.49007147502806
"D-10",1996,0,55.9967063291139,-162.257624810127,4.7,-6.49007147502806
"D-10",1997,0,55.9967063291139,-162.257624810127,3.1,-6.49007147502806
"D-10",1998,0,55.9967063291139,-162.257624810127,5.4,-6.49007147502806
"D-10",1999,0,55.9967063291139,-162.257624810127,1.8,-6.49007147502806
"D-10",2000,0,55.9967063291139,-162.257624810127,2.4,-6.49007147502806
"D-10",2001,0,55.9967063291139,-162.257624810127,3.4,-6.49007147502806
"D-10",2002,0,55.9967063291139,-162.257624810127,3.8,-6.49007147502806
"D-10",2003,0,55.9967063291139,-162.257624810127,4.4,-6.49007147502806
"D-10",2004,0,55.9967063291139,-162.257624810127,4.4,-6.49007147502806
"D-10",2005,0,55.9967063291139,-162.257624810127,4.5,-6.49007147502806
"D-10",2006,0,55.9967063291139,-162.257624810127,3.1,-6.49007147502806
"D-10",2007,0,55.9967063291139,-162.257624810127,2.2,-6.49007147502806
"D-10",2008,22.0201471965051,55.9967063291139,-162.257624810127,2.6,3.09202677044012
"D-10",2009,0,55.9967063291139,-162.257624810127,2,-6.49007147502806
"D-10",2010,0,55.9967063291139,-162.257624810127,1.6,-6.49007147502806
"D-10",2011,0,55.9967063291139,-162.257624810127,3.9,-6.49007147502806
"D-10",2012,0,55.9967063291139,-162.257624810127,0.8,-6.49007147502806
"D-10",2013,0,55.9967063291139,-162.257624810127,2.4,-6.49007147502806
"D-10",2014,0,55.9967063291139,-162.257624810127,4,-6.49007147502806
"D-10",2015,0,55.9967063291139,-162.257624810127,4.7,-6.49007147502806
"D-10",2016,0,55.9967063291139,-162.257624810127,5.2,-6.49007147502806
"D-10",2017,0,55.9967063291139,-162.257624810127,2.9,-6.49007147502806
"D-10",2018,0,55.9967063291139,-162.257624810127,4.9,-6.49007147502806
"D-10",2019,0,55.9967063291139,-162.257624810127,4.9,-6.49007147502806
"D-10",2021,0,55.9967063291139,-162.257624810127,4.1,-6.49007147502806
"D-10",2022,0,55.9967063291139,-162.257624810127,3.3,-6.49007147502806
"D-10",2023,0,55.9967063291139,-162.257624810127,4,-6.49007147502806
"D-18",1988,0,55.9998133260154,-168.230449626784,3.9,-6.49007147502806
"D-18",1989,441.096407731077,55.9998133260154,-168.230449626784,3.6,6.0892669056071
"D-18",1990,0,55.9998133260154,-168.230449626784,3.6,-6.49007147502806
"D-18",1991,0,55.9998133260154,-168.230449626784,3.4,-6.49007147502806
"D-18",1992,0,55.9998133260154,-168.230449626784,0,-6.49007147502806
"D-18",1993,0,55.9998133260154,-168.230449626784,4.1,-6.49007147502806
"D-18",1994,20.6524166156833,55.9998133260154,-168.230449626784,3.8,3.02790586087305
"D-18",1995,0,55.9998133260154,-168.230449626784,3.5,-6.49007147502806
"D-18",1996,1947.24212682133,55.9998133260154,-168.230449626784,4,7.57417013635234
"D-18",1997,40.2013362923234,55.9998133260154,-168.230449626784,4.2,3.69393800635731
"D-18",1998,0,55.9998133260154,-168.230449626784,3.7,-6.49007147502806
"D-18",1999,0,55.9998133260154,-168.230449626784,3.3,-6.49007147502806
"D-18",2000,0,55.9998133260154,-168.230449626784,3.5,-6.49007147502806
"D-18",2001,0,55.9998133260154,-168.230449626784,4.1,-6.49007147502806
"D-18",2002,0,55.9998133260154,-168.230449626784,3.8,-6.49007147502806
"D-18",2003,0,55.9998133260154,-168.230449626784,4.6,-6.49007147502806
"D-18",2004,0,55.9998133260154,-168.230449626784,4.1,-6.49007147502806
"D-18",2005,0,55.9998133260154,-168.230449626784,4.3,-6.49007147502806
"D-18",2006,0,55.9998133260154,-168.230449626784,4,-6.49007147502806
"D-18",2007,0,55.9998133260154,-168.230449626784,3.6,-6.49007147502806
"D-18",2008,0,55.9998133260154,-168.230449626784,3.5,-6.49007147502806
"D-18",2009,0,55.9998133260154,-168.230449626784,3.3,-6.49007147502806
"D-18",2010,0,55.9998133260154,-168.230449626784,3.9,-6.49007147502806
"D-18",2011,0,55.9998133260154,-168.230449626784,3.8,-6.49007147502806
"D-18",2012,0,55.9998133260154,-168.230449626784,3.2,-6.49007147502806
"D-18",2013,0,55.9998133260154,-168.230449626784,3.7,-6.49007147502806
"D-18",2014,2135.68796900405,55.9998133260154,-168.230449626784,4.4,7.66654481846612
"D-18",2015,8425.68829519187,55.9998133260154,-168.230449626784,4.6,9.03904062885783
"D-18",2016,1924.71316114291,55.9998133260154,-168.230449626784,4.4,7.56253301733821
"D-18",2017,0,55.9998133260154,-168.230449626784,4.5,-6.49007147502806
"D-18",2018,0,55.9998133260154,-168.230449626784,4.4,-6.49007147502806
"D-18",2019,0,55.9998133260154,-168.230449626784,4.4,-6.49007147502806
"D-18",2021,0,55.9998133260154,-168.230449626784,4,-6.49007147502806
"D-18",2022,0,55.9998133260154,-168.230449626784,4.1,-6.49007147502806
"D-18",2023,0,55.9998133260154,-168.230449626784,4.3,-6.49007147502806
"E-01",1988,0,56.3331446805349,-167.651267256067,3.5,-6.49007147502806
"E-01",1989,41937.6992704813,56.3331446805349,-167.651267256067,3.7,10.6439404815159
"E-01",1990,22.4972140570609,56.3331446805349,-167.651267256067,3.5,3.11345897418068
"E-01",1991,20.1479617204558,56.3331446805349,-167.651267256067,3.3,3.00317848959486
"E-01",1992,20.2077753939977,56.3331446805349,-167.651267256067,3.5,3.00614258941325
"E-01",1993,9436.51024531454,56.3331446805349,-167.651267256067,NA,9.15234167430011
"E-01",1994,43.0118387727342,56.3331446805349,-167.651267256067,3.5,3.76151070032246
"E-01",1995,42759.1088114571,56.3331446805349,-167.651267256067,2.4,10.6633375587929
"E-01",1996,24008.0016972712,56.3331446805349,-167.651267256067,4.1,10.0861425210635
"E-01",1997,158.511729531173,56.3331446805349,-167.651267256067,2.5,5.06583817324177
"E-01",1998,0,56.3331446805349,-167.651267256067,3.9,-6.49007147502806
"E-01",1999,0,56.3331446805349,-167.651267256067,3.5,-6.49007147502806
"E-01",2000,0,56.3331446805349,-167.651267256067,3.2,-6.49007147502806
"E-01",2001,0,56.3331446805349,-167.651267256067,4,-6.49007147502806
"E-01",2002,0,56.3331446805349,-167.651267256067,3.6,-6.49007147502806
"E-01",2003,0,56.3331446805349,-167.651267256067,4.6,-6.49007147502806
"E-01",2004,0,56.3331446805349,-167.651267256067,4,-6.49007147502806
"E-01",2005,0,56.3331446805349,-167.651267256067,4.3,-6.49007147502806
"E-01",2006,0,56.3331446805349,-167.651267256067,3.9,-6.49007147502806
"E-01",2007,5463.12054155248,56.3331446805349,-167.651267256067,3.6,8.60577571117979
"E-01",2008,18.62682402657,56.3331446805349,-167.651267256067,3.1,2.92468420948214
"E-01",2009,17.0830711341731,56.3331446805349,-167.651267256067,2.6,2.83817686272364
"E-01",2010,0,56.3331446805349,-167.651267256067,3.9,-6.49007147502806
"E-01",2011,0,56.3331446805349,-167.651267256067,3.4,-6.49007147502806
"E-01",2012,0,56.3331446805349,-167.651267256067,2.8,-6.49007147502806
"E-01",2013,0,56.3331446805349,-167.651267256067,3.7,-6.49007147502806
"E-01",2014,17.9243068308729,56.3331446805349,-167.651267256067,4,2.88624242566835
"E-01",2015,1044.49614088662,56.3331446805349,-167.651267256067,5.1,6.95129134004351
"E-01",2016,0,56.3331446805349,-167.651267256067,4.7,-6.49007147502806
"E-01",2017,20.9999197769634,56.3331446805349,-167.651267256067,4.2,3.04459092192295
"E-01",2018,0,56.3331446805349,-167.651267256067,4.6,-6.49007147502806
"E-01",2019,0,56.3331446805349,-167.651267256067,4.6,-6.49007147502806
"E-01",2021,0,56.3331446805349,-167.651267256067,4.2,-6.49007147502806
"E-01",2022,0,56.3331446805349,-167.651267256067,3.7,-6.49007147502806
"E-01",2023,0,56.3331446805349,-167.651267256067,4.6,-6.49007147502806
"E-02",1988,0,56.3317415237134,-167.033879677094,3.3,-6.49007147502806
"E-02",1989,234.891180289542,56.3317415237134,-167.033879677094,3.1,5.45912880872124
"E-02",1990,20.212805930292,56.3317415237134,-167.033879677094,3.6,3.00639148036085
"E-02",1991,0,56.3317415237134,-167.033879677094,3.4,-6.49007147502806
"E-02",1992,21.5352988729118,56.3317415237134,-167.033879677094,3.2,3.06976390377235
"E-02",1993,92.5972017006713,56.3317415237134,-167.033879677094,3.7,4.52827532018669
"E-02",1994,0,56.3317415237134,-167.033879677094,3.8,-6.49007147502806
"E-02",1995,0,56.3317415237134,-167.033879677094,2.6,-6.49007147502806
"E-02",1996,0,56.3317415237134,-167.033879677094,3.9,-6.49007147502806
"E-02",1997,0,56.3317415237134,-167.033879677094,2.1,-6.49007147502806
"E-02",1998,0,56.3317415237134,-167.033879677094,NA,-6.49007147502806
"E-02",1999,0,56.3317415237134,-167.033879677094,3,-6.49007147502806
"E-02",2000,20.2407120811115,56.3317415237134,-167.033879677094,3.1,3.00777104198292
"E-02",2001,42.0221967219093,56.3317415237134,-167.033879677094,4.1,3.73823410565379
"E-02",2002,19.7369705324286,56.3317415237134,-167.033879677094,3.5,2.98257048461665
"E-02",2003,18.5911834173596,56.3317415237134,-167.033879677094,4.5,2.92276913048586
"E-02",2004,0,56.3317415237134,-167.033879677094,4,-6.49007147502806
"E-02",2005,20.3294051988156,56.3317415237134,-167.033879677094,4.2,3.01214305893924
"E-02",2006,0,56.3317415237134,-167.033879677094,3.9,-6.49007147502806
"E-02",2007,20.1322405787939,56.3317415237134,-167.033879677094,3.5,3.00239795939025
"E-02",2008,0,56.3317415237134,-167.033879677094,2.9,-6.49007147502806
"E-02",2009,61.9735993292702,56.3317415237134,-167.033879677094,1.9,4.12673297819769
"E-02",2010,17.626637456948,56.3317415237134,-167.033879677094,2.8,2.8694973906791
"E-02",2011,0,56.3317415237134,-167.033879677094,3.3,-6.49007147502806
"E-02",2012,56.7063592669372,56.3317415237134,-167.033879677094,2.4,4.03791313772154
"E-02",2013,72.2285288370518,56.3317415237134,-167.033879677094,3.4,4.27985612660394
"E-02",2014,1824.15610016122,56.3317415237134,-167.033879677094,3.9,7.50887358060789
"E-02",2015,17392.2222021715,56.3317415237134,-167.033879677094,5,9.76377847269891
"E-02",2016,6212.97823649912,56.3317415237134,-167.033879677094,4.9,8.7343958915584
"E-02",2017,1802.60586474887,56.3317415237134,-167.033879677094,3.7,7.49698944196954
"E-02",2018,58.0486866637143,56.3317415237134,-167.033879677094,4.4,4.06130824137087
"E-02",2019,0,56.3317415237134,-167.033879677094,4.6,-6.49007147502806
"E-02",2021,0,56.3317415237134,-167.033879677094,4.1,-6.49007147502806
"E-02",2022,0,56.3317415237134,-167.033879677094,3.3,-6.49007147502806
"E-02",2023,0,56.3317415237134,-167.033879677094,4.5,-6.49007147502806
"E-03",1988,85.4329231307368,56.3397926984127,-166.409583015873,3.9,4.44774931657889
"E-03",1989,4749.63614794444,56.3397926984127,-166.409583015873,3.3,8.46582361335809
"E-03",1990,2499.80292785666,56.3397926984127,-166.409583015873,3.3,7.82396778631569
"E-03",1991,125.834058395704,56.3397926984127,-166.409583015873,3.3,4.83497610902371
"E-03",1992,0,56.3397926984127,-166.409583015873,3.6,-6.49007147502806
"E-03",1993,17.1255157529106,56.3397926984127,-166.409583015873,3.3,2.84065816210904
"E-03",1994,42.5498370699007,56.3397926984127,-166.409583015873,3.3,3.75071171139503
"E-03",1995,749.987442931086,56.3397926984127,-166.409583015873,2.4,6.62005848825079
"E-03",1996,182.149657597541,56.3397926984127,-166.409583015873,3.3,5.20483697985983
"E-03",1997,207.620520631177,56.3397926984127,-166.409583015873,2.1,5.33571930688848
"E-03",1998,18.9123119354583,56.3397926984127,-166.409583015873,3.6,2.93989342037778
"E-03",1999,0,56.3397926984127,-166.409583015873,2.1,-6.49007147502806
"E-03",2000,40.8819788046956,56.3397926984127,-166.409583015873,3.4,3.71072649128647
"E-03",2001,61.6794723966502,56.3397926984127,-166.409583015873,4,4.12197579328175
"E-03",2002,0,56.3397926984127,-166.409583015873,3.5,-6.49007147502806
"E-03",2003,0,56.3397926984127,-166.409583015873,4,-6.49007147502806
"E-03",2004,0,56.3397926984127,-166.409583015873,3.7,-6.49007147502806
"E-03",2005,0,56.3397926984127,-166.409583015873,4.2,-6.49007147502806
"E-03",2006,20.1785282072362,56.3397926984127,-166.409583015873,3.2,3.00469432650405
"E-03",2007,0,56.3397926984127,-166.409583015873,2.9,-6.49007147502806
"E-03",2008,0,56.3397926984127,-166.409583015873,2.8,-6.49007147502806
"E-03",2009,0,56.3397926984127,-166.409583015873,1.8,-6.49007147502806
"E-03",2010,0,56.3397926984127,-166.409583015873,2.9,-6.49007147502806
"E-03",2011,0,56.3397926984127,-166.409583015873,3.2,-6.49007147502806
"E-03",2012,0,56.3397926984127,-166.409583015873,1.9,-6.49007147502806
"E-03",2013,161.535966964699,56.3397926984127,-166.409583015873,3,5.08473722350183
"E-03",2014,0,56.3397926984127,-166.409583015873,3.8,-6.49007147502806
"E-03",2015,39.170367292717,56.3397926984127,-166.409583015873,4.8,3.66795928880106
"E-03",2016,0,56.3397926984127,-166.409583015873,4.9,-6.49007147502806
"E-03",2017,0,56.3397926984127,-166.409583015873,2.8,-6.49007147502806
"E-03",2018,0,56.3397926984127,-166.409583015873,4.2,-6.49007147502806
"E-03",2019,0,56.3397926984127,-166.409583015873,4.7,-6.49007147502806
"E-03",2021,0,56.3397926984127,-166.409583015873,4.1,-6.49007147502806
"E-03",2022,0,56.3397926984127,-166.409583015873,2.7,-6.49007147502806
"E-03",2023,19.0760882244466,56.3397926984127,-166.409583015873,4,2.94851522130324
"E-04",1988,25.8504441058822,56.3368918971631,-165.801240762411,2.1,3.25238651862797
"E-04",1990,252.623736078318,56.3368918971631,-165.801240762411,NA,5.53190718321973
"E-04",1991,49.222603625094,56.3368918971631,-165.801240762411,2.7,3.89638378923293
"E-04",1992,0,56.3368918971631,-165.801240762411,-0.7,-6.49007147502806
"E-04",1993,25.1200653531992,56.3368918971631,-165.801240762411,2.8,3.22372738872366
"E-04",1994,29.7214086277688,56.3368918971631,-165.801240762411,3.5,3.3919187031642
"E-04",1995,31.9425835551964,56.3368918971631,-165.801240762411,1.8,3.46398756270818
"E-04",1996,102.918693013611,56.3368918971631,-165.801240762411,2.9,4.63395404195948
"E-04",1997,65.1805467431116,56.3368918971631,-165.801240762411,1.8,4.17718435722146
"E-04",1998,18.760855648542,56.3368918971631,-165.801240762411,3.5,2.93185348615841
"E-04",1999,0,56.3368918971631,-165.801240762411,1.6,-6.49007147502806
"E-04",2000,0,56.3368918971631,-165.801240762411,2.1,-6.49007147502806
"E-04",2001,0,56.3368918971631,-165.801240762411,3.4,-6.49007147502806
"E-04",2002,20.5510579926415,56.3368918971631,-165.801240762411,2.8,3.02298630695781
"E-04",2003,20.0028893107076,56.3368918971631,-165.801240762411,3.7,2.99595263683128
"E-04",2004,0,56.3368918971631,-165.801240762411,3.1,-6.49007147502806
"E-04",2005,0,56.3368918971631,-165.801240762411,4,-6.49007147502806
"E-04",2006,0,56.3368918971631,-165.801240762411,2.5,-6.49007147502806
"E-04",2007,20.1217822130767,56.3368918971631,-165.801240762411,1.4,3.00187838016427
"E-04",2008,0,56.3368918971631,-165.801240762411,1.3,-6.49007147502806
"E-04",2009,0,56.3368918971631,-165.801240762411,1,-6.49007147502806
"E-04",2010,0,56.3368918971631,-165.801240762411,1.6,-6.49007147502806
"E-04",2011,0,56.3368918971631,-165.801240762411,2.5,-6.49007147502806
"E-04",2012,0,56.3368918971631,-165.801240762411,1.1,-6.49007147502806
"E-04",2013,59.5395906957406,56.3368918971631,-165.801240762411,1.6,4.08666698383559
"E-04",2014,0,56.3368918971631,-165.801240762411,3.2,-6.49007147502806
"E-04",2015,20.2297179882758,56.3368918971631,-165.801240762411,4.3,3.00722776788586
"E-04",2016,0,56.3368918971631,-165.801240762411,4.7,-6.49007147502806
"E-04",2017,0,56.3368918971631,-165.801240762411,2,-6.49007147502806
"E-04",2018,0,56.3368918971631,-165.801240762411,4.2,-6.49007147502806
"E-04",2019,0,56.3368918971631,-165.801240762411,4.8,-6.49007147502806
"E-04",2021,0,56.3368918971631,-165.801240762411,3.4,-6.49007147502806
"E-04",2022,0,56.3368918971631,-165.801240762411,2.5,-6.49007147502806
"E-04",2023,0,56.3368918971631,-165.801240762411,3.1,-6.49007147502806
"E-05",1988,0,56.333462854641,-165.20208469352,1.6,-6.49007147502806
"E-05",1989,0,56.333462854641,-165.20208469352,1.3,-6.49007147502806
"E-05",1990,20.2511374004933,56.333462854641,-165.20208469352,2.4,3.00828593759313
"E-05",1991,0,56.333462854641,-165.20208469352,2.1,-6.49007147502806
"E-05",1992,32.2032111986007,56.333462854641,-165.20208469352,0.2,3.47211332496515
"E-05",1993,240.757979315629,56.333462854641,-165.20208469352,1.3,5.4837985006004
"E-05",1994,0,56.333462854641,-165.20208469352,1.9,-6.49007147502806
"E-05",1995,118.307574827248,56.333462854641,-165.20208469352,0.9,4.77330063419869
"E-05",1996,0,56.333462854641,-165.20208469352,2,-6.49007147502806
"E-05",1997,21.2468884464518,56.333462854641,-165.20208469352,1.8,3.05628192253299
"E-05",1998,0,56.333462854641,-165.20208469352,3,-6.49007147502806
"E-05",1999,19.4052357445492,56.333462854641,-165.20208469352,1.1,2.96562115934495
"E-05",2000,0,56.333462854641,-165.20208469352,1.9,-6.49007147502806
"E-05",2001,0,56.333462854641,-165.20208469352,3,-6.49007147502806
"E-05",2002,0,56.333462854641,-165.20208469352,2.6,-6.49007147502806
"E-05",2003,0,56.333462854641,-165.20208469352,3.1,-6.49007147502806
"E-05",2004,0,56.333462854641,-165.20208469352,2.9,-6.49007147502806
"E-05",2005,0,56.333462854641,-165.20208469352,NA,-6.49007147502806
"E-05",2006,0,56.333462854641,-165.20208469352,2.3,-6.49007147502806
"E-05",2007,0,56.333462854641,-165.20208469352,1,-6.49007147502806
"E-05",2008,0,56.333462854641,-165.20208469352,0.2,-6.49007147502806
"E-05",2009,0,56.333462854641,-165.20208469352,-0.3,-6.49007147502806
"E-05",2010,0,56.333462854641,-165.20208469352,0.9,-6.49007147502806
"E-05",2011,0,56.333462854641,-165.20208469352,2.1,-6.49007147502806
"E-05",2012,0,56.333462854641,-165.20208469352,0.5,-6.49007147502806
"E-05",2013,66.780050776577,56.333462854641,-165.20208469352,1.1,4.20142713254806
"E-05",2014,0,56.333462854641,-165.20208469352,2.8,-6.49007147502806
"E-05",2015,654.813986793347,56.333462854641,-165.20208469352,4.6,6.48435352455967
"E-05",2016,0,56.333462854641,-165.20208469352,4.6,-6.49007147502806
"E-05",2017,0,56.333462854641,-165.20208469352,1.7,-6.49007147502806
"E-05",2018,0,56.333462854641,-165.20208469352,4,-6.49007147502806
"E-05",2019,0,56.333462854641,-165.20208469352,4.2,-6.49007147502806
"E-05",2021,0,56.333462854641,-165.20208469352,3.2,-6.49007147502806
"E-05",2022,0,56.333462854641,-165.20208469352,2.3,-6.49007147502806
"E-05",2023,0,56.333462854641,-165.20208469352,3.5,-6.49007147502806
"E-06",1988,0,56.3234184711779,-164.58491481203,1.3,-6.49007147502806
"E-06",1989,20.9451172555803,56.3234184711779,-164.58491481203,1,3.0419780461721
"E-06",1990,0,56.3234184711779,-164.58491481203,2.7,-6.49007147502806
"E-06",1991,0,56.3234184711779,-164.58491481203,NA,-6.49007147502806
"E-06",1992,0,56.3234184711779,-164.58491481203,NA,-6.49007147502806
"E-06",1993,55.8547951008154,56.3234184711779,-164.58491481203,1.5,4.02278256373294
"E-06",1994,0,56.3234184711779,-164.58491481203,2.5,-6.49007147502806
"E-06",1995,0,56.3234184711779,-164.58491481203,0.7,-6.49007147502806
"E-06",1996,0,56.3234184711779,-164.58491481203,2.5,-6.49007147502806
"E-06",1997,0,56.3234184711779,-164.58491481203,2,-6.49007147502806
"E-06",1998,0,56.3234184711779,-164.58491481203,3.6,-6.49007147502806
"E-06",1999,0,56.3234184711779,-164.58491481203,1.2,-6.49007147502806
"E-06",2000,0,56.3234184711779,-164.58491481203,NA,-6.49007147502806
"E-06",2001,0,56.3234184711779,-164.58491481203,NA,-6.49007147502806
"E-06",2002,0,56.3234184711779,-164.58491481203,2.7,-6.49007147502806
"E-06",2003,0,56.3234184711779,-164.58491481203,3.4,-6.49007147502806
"E-06",2004,0,56.3234184711779,-164.58491481203,3,-6.49007147502806
"E-06",2005,0,56.3234184711779,-164.58491481203,NA,-6.49007147502806
"E-06",2006,0,56.3234184711779,-164.58491481203,2.4,-6.49007147502806
"E-06",2007,0,56.3234184711779,-164.58491481203,1.4,-6.49007147502806
"E-06",2008,0,56.3234184711779,-164.58491481203,0.6,-6.49007147502806
"E-06",2009,0,56.3234184711779,-164.58491481203,-0.9,-6.49007147502806
"E-06",2010,0,56.3234184711779,-164.58491481203,0.4,-6.49007147502806
"E-06",2011,0,56.3234184711779,-164.58491481203,2.4,-6.49007147502806
"E-06",2012,0,56.3234184711779,-164.58491481203,0.1,-6.49007147502806
"E-06",2013,0,56.3234184711779,-164.58491481203,1.1,-6.49007147502806
"E-06",2014,0,56.3234184711779,-164.58491481203,3.5,-6.49007147502806
"E-06",2015,21.0278100841134,56.3234184711779,-164.58491481203,4.4,3.04591805979863
"E-06",2016,0,56.3234184711779,-164.58491481203,4.7,-6.49007147502806
"E-06",2017,0,56.3234184711779,-164.58491481203,1.6,-6.49007147502806
"E-06",2018,0,56.3234184711779,-164.58491481203,3.9,-6.49007147502806
"E-06",2019,0,56.3234184711779,-164.58491481203,4.3,-6.49007147502806
"E-06",2021,0,56.3234184711779,-164.58491481203,3,-6.49007147502806
"E-06",2022,0,56.3234184711779,-164.58491481203,2.2,-6.49007147502806
"E-06",2023,0,56.3234184711779,-164.58491481203,3.5,-6.49007147502806
"E-07",1988,0,56.3429597832817,-163.995991547988,2.3,-6.49007147502806
"E-07",1989,0,56.3429597832817,-163.995991547988,1.8,-6.49007147502806
"E-07",1990,0,56.3429597832817,-163.995991547988,2.9,-6.49007147502806
"E-07",1991,0,56.3429597832817,-163.995991547988,1.3,-6.49007147502806
"E-07",1992,0,56.3429597832817,-163.995991547988,1.2,-6.49007147502806
"E-07",1993,0,56.3429597832817,-163.995991547988,1.4,-6.49007147502806
"E-07",1994,0,56.3429597832817,-163.995991547988,1.8,-6.49007147502806
"E-07",1995,19.6929736031821,56.3429597832817,-163.995991547988,0.7,2.9803390049583
"E-07",1996,0,56.3429597832817,-163.995991547988,NA,-6.49007147502806
"E-07",1997,0,56.3429597832817,-163.995991547988,1.4,-6.49007147502806
"E-07",1998,0,56.3429597832817,-163.995991547988,3.2,-6.49007147502806
"E-07",1999,0,56.3429597832817,-163.995991547988,0.9,-6.49007147502806
"E-07",2000,0,56.3429597832817,-163.995991547988,1.9,-6.49007147502806
"E-07",2001,0,56.3429597832817,-163.995991547988,3.1,-6.49007147502806
"E-07",2002,0,56.3429597832817,-163.995991547988,2.7,-6.49007147502806
"E-07",2003,0,56.3429597832817,-163.995991547988,3.3,-6.49007147502806
"E-07",2004,0,56.3429597832817,-163.995991547988,2.9,-6.49007147502806
"E-07",2005,0,56.3429597832817,-163.995991547988,3.8,-6.49007147502806
"E-07",2006,0,56.3429597832817,-163.995991547988,2.1,-6.49007147502806
"E-07",2007,0,56.3429597832817,-163.995991547988,1,-6.49007147502806
"E-07",2008,0,56.3429597832817,-163.995991547988,0.7,-6.49007147502806
"E-07",2009,0,56.3429597832817,-163.995991547988,0.1,-6.49007147502806
"E-07",2010,0,56.3429597832817,-163.995991547988,0.4,-6.49007147502806
"E-07",2011,0,56.3429597832817,-163.995991547988,1.8,-6.49007147502806
"E-07",2012,0,56.3429597832817,-163.995991547988,0,-6.49007147502806
"E-07",2013,0,56.3429597832817,-163.995991547988,1.3,-6.49007147502806
"E-07",2014,0,56.3429597832817,-163.995991547988,3.4,-6.49007147502806
"E-07",2015,0,56.3429597832817,-163.995991547988,4,-6.49007147502806
"E-07",2016,0,56.3429597832817,-163.995991547988,4.7,-6.49007147502806
"E-07",2017,0,56.3429597832817,-163.995991547988,1.5,-6.49007147502806
"E-07",2018,0,56.3429597832817,-163.995991547988,3.9,-6.49007147502806
"E-07",2019,0,56.3429597832817,-163.995991547988,4.5,-6.49007147502806
"E-07",2021,0,56.3429597832817,-163.995991547988,2.9,-6.49007147502806
"E-07",2022,0,56.3429597832817,-163.995991547988,2.2,-6.49007147502806
"E-07",2023,0,56.3429597832817,-163.995991547988,3,-6.49007147502806
"E-08",1988,0,56.3391193719807,-163.401352801932,1.8,-6.49007147502806
"E-08",1989,0,56.3391193719807,-163.401352801932,1.5,-6.49007147502806
"E-08",1990,0,56.3391193719807,-163.401352801932,2.6,-6.49007147502806
"E-08",1991,0,56.3391193719807,-163.401352801932,NA,-6.49007147502806
"E-08",1992,0,56.3391193719807,-163.401352801932,1.1,-6.49007147502806
"E-08",1993,0,56.3391193719807,-163.401352801932,1.2,-6.49007147502806
"E-08",1994,0,56.3391193719807,-163.401352801932,2.3,-6.49007147502806
"E-08",1995,0,56.3391193719807,-163.401352801932,0.8,-6.49007147502806
"E-08",1996,0,56.3391193719807,-163.401352801932,3.2,-6.49007147502806
"E-08",1997,0,56.3391193719807,-163.401352801932,1.5,-6.49007147502806
"E-08",1998,0,56.3391193719807,-163.401352801932,3.3,-6.49007147502806
"E-08",1999,0,56.3391193719807,-163.401352801932,0.7,-6.49007147502806
"E-08",2000,0,56.3391193719807,-163.401352801932,1.7,-6.49007147502806
"E-08",2001,0,56.3391193719807,-163.401352801932,3.2,-6.49007147502806
"E-08",2002,0,56.3391193719807,-163.401352801932,3,-6.49007147502806
"E-08",2003,0,56.3391193719807,-163.401352801932,3.4,-6.49007147502806
"E-08",2004,0,56.3391193719807,-163.401352801932,3,-6.49007147502806
"E-08",2005,0,56.3391193719807,-163.401352801932,3.7,-6.49007147502806
"E-08",2006,0,56.3391193719807,-163.401352801932,2.4,-6.49007147502806
"E-08",2007,0,56.3391193719807,-163.401352801932,1.2,-6.49007147502806
"E-08",2008,0,56.3391193719807,-163.401352801932,0.4,-6.49007147502806
"E-08",2009,0,56.3391193719807,-163.401352801932,1.2,-6.49007147502806
"E-08",2010,0,56.3391193719807,-163.401352801932,0.6,-6.49007147502806
"E-08",2011,0,56.3391193719807,-163.401352801932,2.6,-6.49007147502806
"E-08",2012,0,56.3391193719807,-163.401352801932,0.7,-6.49007147502806
"E-08",2013,0,56.3391193719807,-163.401352801932,1.4,-6.49007147502806
"E-08",2014,0,56.3391193719807,-163.401352801932,3.6,-6.49007147502806
"E-08",2015,0,56.3391193719807,-163.401352801932,3.6,-6.49007147502806
"E-08",2016,0,56.3391193719807,-163.401352801932,4.7,-6.49007147502806
"E-08",2017,0,56.3391193719807,-163.401352801932,1.3,-6.49007147502806
"E-08",2018,0,56.3391193719807,-163.401352801932,4.2,-6.49007147502806
"E-08",2019,0,56.3391193719807,-163.401352801932,4.3,-6.49007147502806
"E-08",2021,0,56.3391193719807,-163.401352801932,3.1,-6.49007147502806
"E-08",2022,0,56.3391193719807,-163.401352801932,2.5,-6.49007147502806
"E-08",2023,0,56.3391193719807,-163.401352801932,3.1,-6.49007147502806
"E-09",1988,0,56.3306668548387,-162.787570564516,3,-6.49007147502806
"E-09",1989,0,56.3306668548387,-162.787570564516,2,-6.49007147502806
"E-09",1990,0,56.3306668548387,-162.787570564516,2.1,-6.49007147502806
"E-09",1991,0,56.3306668548387,-162.787570564516,2.3,-6.49007147502806
"E-09",1992,0,56.3306668548387,-162.787570564516,1.1,-6.49007147502806
"E-09",1993,0,56.3306668548387,-162.787570564516,1.8,-6.49007147502806
"E-09",1994,0,56.3306668548387,-162.787570564516,2.5,-6.49007147502806
"E-09",1995,0,56.3306668548387,-162.787570564516,1.1,-6.49007147502806
"E-09",1996,0,56.3306668548387,-162.787570564516,3,-6.49007147502806
"E-09",1997,0,56.3306668548387,-162.787570564516,2.2,-6.49007147502806
"E-09",1998,0,56.3306668548387,-162.787570564516,4,-6.49007147502806
"E-09",1999,0,56.3306668548387,-162.787570564516,1.3,-6.49007147502806
"E-09",2000,0,56.3306668548387,-162.787570564516,2.2,-6.49007147502806
"E-09",2001,0,56.3306668548387,-162.787570564516,3.1,-6.49007147502806
"E-09",2002,0,56.3306668548387,-162.787570564516,2.7,-6.49007147502806
"E-09",2003,0,56.3306668548387,-162.787570564516,3.8,-6.49007147502806
"E-09",2004,0,56.3306668548387,-162.787570564516,3.4,-6.49007147502806
"E-09",2005,0,56.3306668548387,-162.787570564516,4.1,-6.49007147502806
"E-09",2006,0,56.3306668548387,-162.787570564516,2.4,-6.49007147502806
"E-09",2007,0,56.3306668548387,-162.787570564516,1.1,-6.49007147502806
"E-09",2008,0,56.3306668548387,-162.787570564516,1.9,-6.49007147502806
"E-09",2009,0,56.3306668548387,-162.787570564516,1.3,-6.49007147502806
"E-09",2010,0,56.3306668548387,-162.787570564516,0.2,-6.49007147502806
"E-09",2011,0,56.3306668548387,-162.787570564516,2.7,-6.49007147502806
"E-09",2012,0,56.3306668548387,-162.787570564516,0.5,-6.49007147502806
"E-09",2013,0,56.3306668548387,-162.787570564516,1.6,-6.49007147502806
"E-09",2014,0,56.3306668548387,-162.787570564516,3.5,-6.49007147502806
"E-09",2015,0,56.3306668548387,-162.787570564516,4.2,-6.49007147502806
"E-09",2016,0,56.3306668548387,-162.787570564516,4.7,-6.49007147502806
"E-09",2017,0,56.3306668548387,-162.787570564516,1.1,-6.49007147502806
"E-09",2018,0,56.3306668548387,-162.787570564516,4.4,-6.49007147502806
"E-09",2019,0,56.3306668548387,-162.787570564516,4.3,-6.49007147502806
"E-09",2021,0,56.3306668548387,-162.787570564516,3.5,-6.49007147502806
"E-09",2022,0,56.3306668548387,-162.787570564516,2.9,-6.49007147502806
"E-09",2023,0,56.3306668548387,-162.787570564516,3.3,-6.49007147502806
"E-10",1988,0,56.3328648,-162.200713466667,2.2,-6.49007147502806
"E-10",1989,0,56.3328648,-162.200713466667,1.8,-6.49007147502806
"E-10",1990,0,56.3328648,-162.200713466667,NA,-6.49007147502806
"E-10",1991,0,56.3328648,-162.200713466667,NA,-6.49007147502806
"E-10",1992,0,56.3328648,-162.200713466667,NA,-6.49007147502806
"E-10",1993,0,56.3328648,-162.200713466667,2.8,-6.49007147502806
"E-10",1994,0,56.3328648,-162.200713466667,2.8,-6.49007147502806
"E-10",1995,0,56.3328648,-162.200713466667,1.6,-6.49007147502806
"E-10",1996,0,56.3328648,-162.200713466667,4.3,-6.49007147502806
"E-10",1997,0,56.3328648,-162.200713466667,2.4,-6.49007147502806
"E-10",1998,0,56.3328648,-162.200713466667,3.8,-6.49007147502806
"E-10",1999,0,56.3328648,-162.200713466667,0.4,-6.49007147502806
"E-10",2000,0,56.3328648,-162.200713466667,1.9,-6.49007147502806
"E-10",2001,0,56.3328648,-162.200713466667,3,-6.49007147502806
"E-10",2002,0,56.3328648,-162.200713466667,3.5,-6.49007147502806
"E-10",2003,0,56.3328648,-162.200713466667,4.3,-6.49007147502806
"E-10",2004,0,56.3328648,-162.200713466667,3.9,-6.49007147502806
"E-10",2005,0,56.3328648,-162.200713466667,4,-6.49007147502806
"E-10",2006,0,56.3328648,-162.200713466667,2.5,-6.49007147502806
"E-10",2007,0,56.3328648,-162.200713466667,1.7,-6.49007147502806
"E-10",2008,0,56.3328648,-162.200713466667,1.9,-6.49007147502806
"E-10",2009,0,56.3328648,-162.200713466667,1,-6.49007147502806
"E-10",2010,0,56.3328648,-162.200713466667,0.2,-6.49007147502806
"E-10",2011,0,56.3328648,-162.200713466667,2.7,-6.49007147502806
"E-10",2012,0,56.3328648,-162.200713466667,0.1,-6.49007147502806
"E-10",2013,0,56.3328648,-162.200713466667,2,-6.49007147502806
"E-10",2014,0,56.3328648,-162.200713466667,3.5,-6.49007147502806
"E-10",2015,0,56.3328648,-162.200713466667,4.4,-6.49007147502806
"E-10",2016,0,56.3328648,-162.200713466667,4.9,-6.49007147502806
"E-10",2017,0,56.3328648,-162.200713466667,2.3,-6.49007147502806
"E-10",2018,0,56.3328648,-162.200713466667,5,-6.49007147502806
"E-10",2019,0,56.3328648,-162.200713466667,4.4,-6.49007147502806
"E-10",2021,0,56.3328648,-162.200713466667,4,-6.49007147502806
"E-10",2022,0,56.3328648,-162.200713466667,3.4,-6.49007147502806
"E-10",2023,0,56.3328648,-162.200713466667,3.5,-6.49007147502806
"E-11",1988,0,56.3347825,-161.61797475,2.9,-6.49007147502806
"E-11",1989,0,56.3347825,-161.61797475,3,-6.49007147502806
"E-11",1990,0,56.3347825,-161.61797475,NA,-6.49007147502806
"E-11",1991,0,56.3347825,-161.61797475,3.8,-6.49007147502806
"E-11",1992,0,56.3347825,-161.61797475,NA,-6.49007147502806
"E-11",1993,0,56.3347825,-161.61797475,3.6,-6.49007147502806
"E-11",1994,0,56.3347825,-161.61797475,3.1,-6.49007147502806
"E-11",1995,0,56.3347825,-161.61797475,1.9,-6.49007147502806
"E-11",1996,0,56.3347825,-161.61797475,4.7,-6.49007147502806
"E-11",1997,0,56.3347825,-161.61797475,3.2,-6.49007147502806
"E-11",1998,0,56.3347825,-161.61797475,3.9,-6.49007147502806
"E-11",1999,0,56.3347825,-161.61797475,1,-6.49007147502806
"E-11",2001,0,56.3347825,-161.61797475,3.6,-6.49007147502806
"E-11",2002,0,56.3347825,-161.61797475,3.9,-6.49007147502806
"E-11",2003,0,56.3347825,-161.61797475,4.8,-6.49007147502806
"E-11",2004,0,56.3347825,-161.61797475,4.1,-6.49007147502806
"E-11",2005,0,56.3347825,-161.61797475,4.5,-6.49007147502806
"E-11",2006,0,56.3347825,-161.61797475,3.5,-6.49007147502806
"E-11",2007,0,56.3347825,-161.61797475,2.1,-6.49007147502806
"E-11",2008,0,56.3347825,-161.61797475,1.8,-6.49007147502806
"E-11",2009,0,56.3347825,-161.61797475,1.9,-6.49007147502806
"E-11",2010,0,56.3347825,-161.61797475,1.5,-6.49007147502806
"E-11",2011,0,56.3347825,-161.61797475,4,-6.49007147502806
"E-11",2012,0,56.3347825,-161.61797475,0.8,-6.49007147502806
"E-11",2013,0,56.3347825,-161.61797475,2.6,-6.49007147502806
"E-11",2014,0,56.3347825,-161.61797475,4.6,-6.49007147502806
"E-11",2015,0,56.3347825,-161.61797475,4.8,-6.49007147502806
"E-11",2016,0,56.3347825,-161.61797475,5.4,-6.49007147502806
"E-11",2017,0,56.3347825,-161.61797475,2.9,-6.49007147502806
"E-11",2018,0,56.3347825,-161.61797475,5.4,-6.49007147502806
"E-11",2019,0,56.3347825,-161.61797475,4.9,-6.49007147502806
"E-11",2021,0,56.3347825,-161.61797475,4.3,-6.49007147502806
"E-11",2022,0,56.3347825,-161.61797475,3.7,-6.49007147502806
"E-11",2023,0,56.3347825,-161.61797475,3.7,-6.49007147502806
"E-12",1988,0,56.3359058333333,-160.991514444444,3.5,-6.49007147502806
"E-12",1989,0,56.3359058333333,-160.991514444444,3.4,-6.49007147502806
"E-12",1990,0,56.3359058333333,-160.991514444444,NA,-6.49007147502806
"E-12",1991,0,56.3359058333333,-160.991514444444,5,-6.49007147502806
"E-12",1992,0,56.3359058333333,-160.991514444444,3.1,-6.49007147502806
"E-12",1993,0,56.3359058333333,-160.991514444444,4.9,-6.49007147502806
"E-12",1994,0,56.3359058333333,-160.991514444444,3.2,-6.49007147502806
"E-12",1995,0,56.3359058333333,-160.991514444444,2.4,-6.49007147502806
"E-12",1996,0,56.3359058333333,-160.991514444444,5.2,-6.49007147502806
"E-12",1997,0,56.3359058333333,-160.991514444444,3.7,-6.49007147502806
"E-12",1998,0,56.3359058333333,-160.991514444444,5.4,-6.49007147502806
"E-12",1999,0,56.3359058333333,-160.991514444444,0.9,-6.49007147502806
"E-12",2000,0,56.3359058333333,-160.991514444444,2.2,-6.49007147502806
"E-12",2001,0,56.3359058333333,-160.991514444444,3.9,-6.49007147502806
"E-12",2002,0,56.3359058333333,-160.991514444444,4.1,-6.49007147502806
"E-12",2003,0,56.3359058333333,-160.991514444444,5,-6.49007147502806
"E-12",2004,0,56.3359058333333,-160.991514444444,5.2,-6.49007147502806
"E-12",2005,0,56.3359058333333,-160.991514444444,5,-6.49007147502806
"E-12",2006,0,56.3359058333333,-160.991514444444,3.7,-6.49007147502806
"E-12",2007,0,56.3359058333333,-160.991514444444,3,-6.49007147502806
"E-12",2008,0,56.3359058333333,-160.991514444444,2.2,-6.49007147502806
"E-12",2009,0,56.3359058333333,-160.991514444444,2.6,-6.49007147502806
"E-12",2010,0,56.3359058333333,-160.991514444444,1.7,-6.49007147502806
"E-12",2011,0,56.3359058333333,-160.991514444444,3.9,-6.49007147502806
"E-12",2012,0,56.3359058333333,-160.991514444444,0.8,-6.49007147502806
"E-12",2013,0,56.3359058333333,-160.991514444444,2.9,-6.49007147502806
"E-12",2014,0,56.3359058333333,-160.991514444444,5,-6.49007147502806
"E-12",2015,0,56.3359058333333,-160.991514444444,5.3,-6.49007147502806
"E-12",2016,0,56.3359058333333,-160.991514444444,6.1,-6.49007147502806
"E-12",2017,0,56.3359058333333,-160.991514444444,4,-6.49007147502806
"E-12",2018,0,56.3359058333333,-160.991514444444,5.8,-6.49007147502806
"E-12",2019,0,56.3359058333333,-160.991514444444,5.9,-6.49007147502806
"E-12",2021,0,56.3359058333333,-160.991514444444,4.8,-6.49007147502806
"E-12",2022,0,56.3359058333333,-160.991514444444,4,-6.49007147502806
"E-12",2023,0,56.3359058333333,-160.991514444444,4,-6.49007147502806
"E-18",1988,0,56.3320095658466,-168.242907619392,3.7,-6.49007147502806
"E-18",1989,12481.1841899411,56.3320095658466,-168.242907619392,3.5,9.4319776460948
"E-18",1990,64.5914914698223,56.3320095658466,-168.242907619392,3.6,4.16810619921092
"E-18",1991,0,56.3320095658466,-168.242907619392,3.4,-6.49007147502806
"E-18",1992,101.374684036921,56.3320095658466,-168.242907619392,3.8,4.61883837404113
"E-18",1993,52440.9111193832,56.3320095658466,-168.242907619392,3.8,10.8674423411935
"E-18",1994,464.412929257775,56.3320095658466,-168.242907619392,0,6.14077735980116
"E-18",1995,264.189385746662,56.3320095658466,-168.242907619392,NA,5.5766719637406
"E-18",1996,1059.78268634096,56.3320095658466,-168.242907619392,4,6.96582058598594
"E-18",1997,210.237427218275,56.3320095658466,-168.242907619392,4,5.34824472034241
"E-18",1998,0,56.3320095658466,-168.242907619392,3.7,-6.49007147502806
"E-18",1999,45.5661775433168,56.3320095658466,-168.242907619392,3.2,3.81919904406322
"E-18",2000,0,56.3320095658466,-168.242907619392,3.3,-6.49007147502806
"E-18",2001,0,56.3320095658466,-168.242907619392,4.1,-6.49007147502806
"E-18",2002,0,56.3320095658466,-168.242907619392,3.8,-6.49007147502806
"E-18",2003,0,56.3320095658466,-168.242907619392,4.5,-6.49007147502806
"E-18",2004,20.0846890985407,56.3320095658466,-168.242907619392,4.1,3.00003338743864
"E-18",2005,0,56.3320095658466,-168.242907619392,4.3,-6.49007147502806
"E-18",2006,0,56.3320095658466,-168.242907619392,4,-6.49007147502806
"E-18",2007,43.0354153442662,56.3320095658466,-168.242907619392,3.5,3.76205867225489
"E-18",2008,19.5050571158385,56.3320095658466,-168.242907619392,3.2,2.97075161674386
"E-18",2009,0,56.3320095658466,-168.242907619392,3.3,-6.49007147502806
"E-18",2010,0,56.3320095658466,-168.242907619392,3.8,-6.49007147502806
"E-18",2011,0,56.3320095658466,-168.242907619392,3.6,-6.49007147502806
"E-18",2012,0,56.3320095658466,-168.242907619392,3.1,-6.49007147502806
"E-18",2013,39.9549678005829,56.3320095658466,-168.242907619392,3.7,3.68779101800862
"E-18",2014,39964.0163851794,56.3320095658466,-168.242907619392,4.3,10.5957347758465
"E-18",2015,30811.120303226,56.3320095658466,-168.242907619392,4.4,10.3356310018875
"E-18",2016,8289.18774558048,56.3320095658466,-168.242907619392,4.6,9.02270744648575
"E-18",2017,2626.50324247714,56.3320095658466,-168.242907619392,4.4,7.87340925303947
"E-18",2018,799.942873792956,56.3320095658466,-168.242907619392,4.4,6.6845422155438
"E-18",2019,19.7270405101477,56.3320095658466,-168.242907619392,4.4,2.98206727887855
"E-18",2021,0,56.3320095658466,-168.242907619392,4.2,-6.49007147502806
"E-18",2022,0,56.3320095658466,-168.242907619392,4,-6.49007147502806
"E-18",2023,0,56.3320095658466,-168.242907619392,4.2,-6.49007147502806
"E-19",1988,0,56.3405226445264,-168.877074403444,4,-6.49007147502806
"E-19",1989,5448.11133014324,56.3405226445264,-168.877074403444,3.5,8.60302456137835
"E-19",1990,8359.96645043219,56.3405226445264,-168.877074403444,3.7,9.03120987459685
"E-19",1991,8499.92556903746,56.3405226445264,-168.877074403444,3.2,9.04781286449784
"E-19",1992,621.329237076363,56.3405226445264,-168.877074403444,3.7,6.43186355772253
"E-19",1993,35.7192387109069,56.3405226445264,-168.877074403444,3.9,3.57573195263081
"E-19",1994,19.5176199468352,56.3405226445264,-168.877074403444,4.1,2.97139544001632
"E-19",1995,56008.3485014189,56.3405226445264,-168.877074403444,2.2,10.9332560660994
"E-19",1996,31501.6421327303,56.3405226445264,-168.877074403444,4,10.3577950028547
"E-19",1997,7036.01092746047,56.3405226445264,-168.877074403444,3.6,8.85879687474459
"E-19",1998,91.8465999012794,56.3405226445264,-168.877074403444,3.8,4.52013632524283
"E-19",1999,0,56.3405226445264,-168.877074403444,3,-6.49007147502806
"E-19",2000,17.9438323681302,56.3405226445264,-168.877074403444,3.4,2.88733107350873
"E-19",2001,0,56.3405226445264,-168.877074403444,3.9,-6.49007147502806
"E-19",2002,0,56.3405226445264,-168.877074403444,3.8,-6.49007147502806
"E-19",2003,0,56.3405226445264,-168.877074403444,4.6,-6.49007147502806
"E-19",2004,0,56.3405226445264,-168.877074403444,4.1,-6.49007147502806
"E-19",2005,0,56.3405226445264,-168.877074403444,4.3,-6.49007147502806
"E-19",2006,0,56.3405226445264,-168.877074403444,4,-6.49007147502806
"E-19",2007,0,56.3405226445264,-168.877074403444,3.6,-6.49007147502806
"E-19",2008,0,56.3405226445264,-168.877074403444,3,-6.49007147502806
"E-19",2009,0,56.3405226445264,-168.877074403444,3.3,-6.49007147502806
"E-19",2010,0,56.3405226445264,-168.877074403444,3.8,-6.49007147502806
"E-19",2011,0,56.3405226445264,-168.877074403444,3.6,-6.49007147502806
"E-19",2012,0,56.3405226445264,-168.877074403444,2.9,-6.49007147502806
"E-19",2013,0,56.3405226445264,-168.877074403444,3.7,-6.49007147502806
"E-19",2014,20864.2757220331,56.3405226445264,-168.877074403444,4.2,9.94579375262092
"E-19",2015,12159.0773203605,56.3405226445264,-168.877074403444,4.9,9.40583139926265
"E-19",2016,13651.6701579814,56.3405226445264,-168.877074403444,4.7,9.52161726025175
"E-19",2017,4848.73770371326,56.3405226445264,-168.877074403444,3.8,8.48647399594248
"E-19",2018,1740.83781276547,56.3405226445264,-168.877074403444,4.4,7.46212265015981
"E-19",2019,19.3381492263358,56.3405226445264,-168.877074403444,4.5,2.96215830615514
"E-19",2021,0,56.3405226445264,-168.877074403444,4.2,-6.49007147502806
"E-19",2022,0,56.3405226445264,-168.877074403444,3.8,-6.49007147502806
"E-19",2023,0,56.3405226445264,-168.877074403444,4.3,-6.49007147502806
"E-20",1988,0,56.3711871764706,-169.449082235294,3.7,-6.49007147502806
"E-20",1989,0,56.3711871764706,-169.449082235294,3.5,-6.49007147502806
"E-20",1990,0,56.3711871764706,-169.449082235294,NA,-6.49007147502806
"E-20",1991,0,56.3711871764706,-169.449082235294,3.4,-6.49007147502806
"E-20",1992,0,56.3711871764706,-169.449082235294,3.8,-6.49007147502806
"E-20",1993,0,56.3711871764706,-169.449082235294,3.9,-6.49007147502806
"E-20",1994,0,56.3711871764706,-169.449082235294,NA,-6.49007147502806
"E-20",1995,0,56.3711871764706,-169.449082235294,2.7,-6.49007147502806
"E-20",1996,0,56.3711871764706,-169.449082235294,3.8,-6.49007147502806
"E-20",1997,0,56.3711871764706,-169.449082235294,3.9,-6.49007147502806
"E-20",1998,0,56.3711871764706,-169.449082235294,3.9,-6.49007147502806
"E-20",1999,0,56.3711871764706,-169.449082235294,2.7,-6.49007147502806
"E-20",2000,0,56.3711871764706,-169.449082235294,3.4,-6.49007147502806
"E-20",2001,0,56.3711871764706,-169.449082235294,4.1,-6.49007147502806
"E-20",2002,0,56.3711871764706,-169.449082235294,3.6,-6.49007147502806
"E-20",2003,0,56.3711871764706,-169.449082235294,4.5,-6.49007147502806
"E-20",2004,0,56.3711871764706,-169.449082235294,4.3,-6.49007147502806
"E-20",2005,0,56.3711871764706,-169.449082235294,4.1,-6.49007147502806
"E-20",2006,0,56.3711871764706,-169.449082235294,3.7,-6.49007147502806
"E-20",2007,0,56.3711871764706,-169.449082235294,3.6,-6.49007147502806
"E-20",2008,0,56.3711871764706,-169.449082235294,3.4,-6.49007147502806
"E-20",2009,0,56.3711871764706,-169.449082235294,3.3,-6.49007147502806
"E-20",2010,0,56.3711871764706,-169.449082235294,3.8,-6.49007147502806
"E-20",2011,0,56.3711871764706,-169.449082235294,3.6,-6.49007147502806
"E-20",2012,0,56.3711871764706,-169.449082235294,3,-6.49007147502806
"E-20",2013,161.531461554295,56.3711871764706,-169.449082235294,3.6,5.08470933230851
"E-20",2014,53.6730096373188,56.3711871764706,-169.449082235294,4.1,3.98293855150994
"E-20",2015,0,56.3711871764706,-169.449082235294,4.7,-6.49007147502806
"E-20",2016,39.6458662824335,56.3711871764706,-169.449082235294,4.7,3.68002498683629
"E-20",2017,76.6096797164738,56.3711871764706,-169.449082235294,4,4.3387432561003
"E-20",2018,0,56.3711871764706,-169.449082235294,4.4,-6.49007147502806
"E-20",2019,0,56.3711871764706,-169.449082235294,4.5,-6.49007147502806
"E-20",2021,0,56.3711871764706,-169.449082235294,4.1,-6.49007147502806
"E-20",2022,0,56.3711871764706,-169.449082235294,3.8,-6.49007147502806
"E-20",2023,0,56.3711871764706,-169.449082235294,4.2,-6.49007147502806
"E-21",1988,0,56.3482109753954,-170.082738189807,3.5,-6.49007147502806
"E-21",1989,11577.3183117195,56.3482109753954,-170.082738189807,3.8,9.35680327616601
"E-21",1990,10048.9510001645,56.3482109753954,-170.082738189807,3.6,9.21522368105073
"E-21",1991,26298.3146904588,56.3482109753954,-170.082738189807,5.5,10.177260193641
"E-21",1992,13748.9419066684,56.3482109753954,-170.082738189807,3,9.52871725833197
"E-21",1993,701.819932650881,56.3482109753954,-170.082738189807,3.8,6.55367902850039
"E-21",1994,567.191804100196,56.3482109753954,-170.082738189807,3.3,6.34070020247702
"E-21",1995,21572.3569322599,56.3482109753954,-170.082738189807,3,9.97916807279878
"E-21",1996,7400.0633761367,56.3482109753954,-170.082738189807,4,8.90924404869127
"E-21",1997,0,56.3482109753954,-170.082738189807,4,-6.49007147502806
"E-21",1998,0,56.3482109753954,-170.082738189807,NA,-6.49007147502806
"E-21",1999,19.5018276572132,56.3482109753954,-170.082738189807,2.7,2.97058604560218
"E-21",2000,0,56.3482109753954,-170.082738189807,3.5,-6.49007147502806
"E-21",2001,0,56.3482109753954,-170.082738189807,3.5,-6.49007147502806
"E-21",2002,0,56.3482109753954,-170.082738189807,3.7,-6.49007147502806
"E-21",2003,0,56.3482109753954,-170.082738189807,4.5,-6.49007147502806
"E-21",2004,0,56.3482109753954,-170.082738189807,4.2,-6.49007147502806
"E-21",2005,0,56.3482109753954,-170.082738189807,4.3,-6.49007147502806
"E-21",2006,705.850338309085,56.3482109753954,-170.082738189807,3.7,6.55940538084252
"E-21",2007,20.4479558076913,56.3482109753954,-170.082738189807,3.5,3.01795717302214
"E-21",2008,0,56.3482109753954,-170.082738189807,3.3,-6.49007147502806
"E-21",2009,0,56.3482109753954,-170.082738189807,3,-6.49007147502806
"E-21",2010,0,56.3482109753954,-170.082738189807,3.3,-6.49007147502806
"E-21",2011,0,56.3482109753954,-170.082738189807,3.4,-6.49007147502806
"E-21",2012,0,56.3482109753954,-170.082738189807,2.6,-6.49007147502806
"E-21",2013,0,56.3482109753954,-170.082738189807,3.3,-6.49007147502806
"E-21",2014,18.8824646277347,56.3482109753954,-170.082738189807,3.8,2.9383141060626
"E-21",2015,0,56.3482109753954,-170.082738189807,4.6,-6.49007147502806
"E-21",2016,0,56.3482109753954,-170.082738189807,4.9,-6.49007147502806
"E-21",2017,0,56.3482109753954,-170.082738189807,3.9,-6.49007147502806
"E-21",2018,0,56.3482109753954,-170.082738189807,4.5,-6.49007147502806
"E-21",2019,0,56.3482109753954,-170.082738189807,4.5,-6.49007147502806
"E-21",2021,0,56.3482109753954,-170.082738189807,4.2,-6.49007147502806
"E-21",2022,0,56.3482109753954,-170.082738189807,3.1,-6.49007147502806
"E-21",2023,0,56.3482109753954,-170.082738189807,4.2,-6.49007147502806
"E-22",1988,0,56.3433573843058,-170.69296501006,3.9,-6.49007147502806
"E-22",1989,454.924507326689,56.3433573843058,-170.69296501006,3.5,6.12013482500176
"E-22",1990,271.751262238673,56.3433573843058,-170.69296501006,4,5.60489275843893
"E-22",1991,3733.78625181482,56.3433573843058,-170.69296501006,3.6,8.22517848538281
"E-22",1992,54.8267353730586,56.3433573843058,-170.69296501006,4.2,4.0042056416269
"E-22",1993,2452.33256979038,56.3433573843058,-170.69296501006,NA,7.80479553909237
"E-22",1994,1010.83847645785,56.3433573843058,-170.69296501006,NA,6.91853694229984
"E-22",1995,19.4568919409522,56.3433573843058,-170.69296501006,3.4,2.96827938695812
"E-22",1996,0,56.3433573843058,-170.69296501006,4.1,-6.49007147502806
"E-22",1997,0,56.3433573843058,-170.69296501006,4.3,-6.49007147502806
"E-22",1998,0,56.3433573843058,-170.69296501006,NA,-6.49007147502806
"E-22",1999,0,56.3433573843058,-170.69296501006,2.9,-6.49007147502806
"E-22",2000,0,56.3433573843058,-170.69296501006,3.5,-6.49007147502806
"E-22",2001,0,56.3433573843058,-170.69296501006,4,-6.49007147502806
"E-22",2002,0,56.3433573843058,-170.69296501006,3.8,-6.49007147502806
"E-22",2003,0,56.3433573843058,-170.69296501006,4.6,-6.49007147502806
"E-22",2004,0,56.3433573843058,-170.69296501006,4.2,-6.49007147502806
"E-22",2005,0,56.3433573843058,-170.69296501006,4.3,-6.49007147502806
"E-22",2006,19.3771062979409,56.3433573843058,-170.69296501006,4,2.96417064101452
"E-22",2007,38.7619991926023,56.3433573843058,-170.69296501006,3.5,3.65747953711198
"E-22",2008,0,56.3433573843058,-170.69296501006,3.5,-6.49007147502806
"E-22",2009,0,56.3433573843058,-170.69296501006,3.2,-6.49007147502806
"E-22",2010,0,56.3433573843058,-170.69296501006,3.8,-6.49007147502806
"E-22",2011,0,56.3433573843058,-170.69296501006,3.5,-6.49007147502806
"E-22",2012,0,56.3433573843058,-170.69296501006,3.2,-6.49007147502806
"E-22",2013,0,56.3433573843058,-170.69296501006,3.9,-6.49007147502806
"E-22",2014,0,56.3433573843058,-170.69296501006,4.2,-6.49007147502806
"E-22",2015,0,56.3433573843058,-170.69296501006,4.6,-6.49007147502806
"E-22",2016,59.7033870430163,56.3433573843058,-170.69296501006,4.6,4.08941418592556
"E-22",2017,0,56.3433573843058,-170.69296501006,4.5,-6.49007147502806
"E-22",2018,0,56.3433573843058,-170.69296501006,4.3,-6.49007147502806
"E-22",2019,0,56.3433573843058,-170.69296501006,4.5,-6.49007147502806
"E-22",2021,0,56.3433573843058,-170.69296501006,4.2,-6.49007147502806
"E-22",2022,0,56.3433573843058,-170.69296501006,4,-6.49007147502806
"E-22",2023,0,56.3433573843058,-170.69296501006,4.2,-6.49007147502806
"F-01",1988,53.9360408207091,56.6721776219206,-167.671732021116,2.6,3.987827067544
"F-01",1989,2738.19365731738,56.6721776219206,-167.671732021116,2.9,7.91505428736838
"F-01",1990,32.58989879989,56.6721776219206,-167.671732021116,3.2,3.48404897887429
"F-01",1991,24.0108447455871,56.6721776219206,-167.671732021116,2.9,3.17856883046515
"F-01",1992,35.4045376114837,56.6721776219206,-167.671732021116,0.3,3.56688288042213
"F-01",1993,863.673831604246,56.6721776219206,-167.671732021116,3,6.76119694592843
"F-01",1994,22.191653214909,56.6721776219206,-167.671732021116,3.2,3.09978465847398
"F-01",1995,7717.80041113629,56.6721776219206,-167.671732021116,1.2,8.95128487832912
"F-01",1996,556.091275416565,56.6721776219206,-167.671732021116,3.2,6.32093517575142
"F-01",1997,81.7458777716097,56.6721776219206,-167.671732021116,2.4,4.4036339586534
"F-01",1998,0,56.6721776219206,-167.671732021116,3.4,-6.49007147502806
"F-01",1999,0,56.6721776219206,-167.671732021116,2.5,-6.49007147502806
"F-01",2000,0,56.6721776219206,-167.671732021116,2.4,-6.49007147502806
"F-01",2001,0,56.6721776219206,-167.671732021116,3.1,-6.49007147502806
"F-01",2002,0,56.6721776219206,-167.671732021116,3,-6.49007147502806
"F-01",2003,0,56.6721776219206,-167.671732021116,3.9,-6.49007147502806
"F-01",2004,0,56.6721776219206,-167.671732021116,3.6,-6.49007147502806
"F-01",2005,0,56.6721776219206,-167.671732021116,NA,-6.49007147502806
"F-01",2006,19.7029229219865,56.6721776219206,-167.671732021116,2.9,2.98084406020501
"F-01",2007,40.5061588970249,56.6721776219206,-167.671732021116,2,3.70149152003638
"F-01",2008,77.737542026235,56.6721776219206,-167.671732021116,2.3,4.35335783976716
"F-01",2009,0,56.6721776219206,-167.671732021116,1.4,-6.49007147502806
"F-01",2010,19.1652821172498,56.6721776219206,-167.671732021116,1.3,2.95317964473115
"F-01",2011,21.4758616929565,56.6721776219206,-167.671732021116,3,3.06700029448459
"F-01",2012,0,56.6721776219206,-167.671732021116,1.4,-6.49007147502806
"F-01",2013,56.4382167799742,56.6721776219206,-167.671732021116,1.5,4.03317343562789
"F-01",2014,19.9758301692925,56.6721776219206,-167.671732021116,3.2,2.99459906220078
"F-01",2015,153.853197271318,56.6721776219206,-167.671732021116,4.2,5.03600875265867
"F-01",2016,560.219209176016,56.6721776219206,-167.671732021116,4.8,6.32833086252796
"F-01",2017,236.095728404374,56.6721776219206,-167.671732021116,1.5,5.4642437830529
"F-01",2018,63.1907197229038,56.6721776219206,-167.671732021116,4.4,4.14618147973996
"F-01",2019,0,56.6721776219206,-167.671732021116,4.5,-6.49007147502806
"F-01",2021,0,56.6721776219206,-167.671732021116,3.5,-6.49007147502806
"F-01",2022,0,56.6721776219206,-167.671732021116,2.4,-6.49007147502806
"F-01",2023,19.8100041520999,56.6721776219206,-167.671732021116,3.8,2.98626371755364
"F-02",1988,0,56.6739297937294,-167.061951369637,2.9,-6.49007147502806
"F-02",1989,0,56.6739297937294,-167.061951369637,3.5,-6.49007147502806
"F-02",1990,180.788258457631,56.6739297937294,-167.061951369637,2.9,5.19733490265425
"F-02",1991,2372.71823934481,56.6739297937294,-167.061951369637,2.3,7.77179215329047
"F-02",1992,1317.63992474615,56.6739297937294,-167.061951369637,-0.6,7.18359863191054
"F-02",1993,1745.9677385401,56.6739297937294,-167.061951369637,2.9,7.46506512855872
"F-02",1994,4197.41773577463,56.6739297937294,-167.061951369637,3.3,8.34222515212941
"F-02",1995,681.616030348656,56.6739297937294,-167.061951369637,0.9,6.5244687216466
"F-02",1996,0,56.6739297937294,-167.061951369637,3,-6.49007147502806
"F-02",1997,42.5572242319598,56.6739297937294,-167.061951369637,1.9,3.75088530212598
"F-02",1998,21.576590221681,56.6739297937294,-167.061951369637,NA,3.07167931290082
"F-02",1999,0,56.6739297937294,-167.061951369637,2.3,-6.49007147502806
"F-02",2000,0,56.6739297937294,-167.061951369637,2.3,-6.49007147502806
"F-02",2001,0,56.6739297937294,-167.061951369637,3.4,-6.49007147502806
"F-02",2002,0,56.6739297937294,-167.061951369637,3,-6.49007147502806
"F-02",2003,0,56.6739297937294,-167.061951369637,3.8,-6.49007147502806
"F-02",2004,20.1739127410771,56.6739297937294,-167.061951369637,3.3,3.00446558599954
"F-02",2005,0,56.6739297937294,-167.061951369637,4,-6.49007147502806
"F-02",2006,0,56.6739297937294,-167.061951369637,2.7,-6.49007147502806
"F-02",2007,41.2325110894238,56.6739297937294,-167.061951369637,2.1,3.7192638749022
"F-02",2008,0,56.6739297937294,-167.061951369637,2.2,-6.49007147502806
"F-02",2009,0,56.6739297937294,-167.061951369637,0.9,-6.49007147502806
"F-02",2010,0,56.6739297937294,-167.061951369637,1.1,-6.49007147502806
"F-02",2011,0,56.6739297937294,-167.061951369637,2.8,-6.49007147502806
"F-02",2012,37.7336831003843,56.6739297937294,-167.061951369637,1,3.63059338667548
"F-02",2013,0,56.6739297937294,-167.061951369637,1.2,-6.49007147502806
"F-02",2014,19.6408649409743,56.6739297937294,-167.061951369637,3.1,2.9776896489978
"F-02",2015,411.78916618406,56.6739297937294,-167.061951369637,4.1,6.02051517322208
"F-02",2016,19.8313206318703,56.6739297937294,-167.061951369637,4.8,2.98733910285079
"F-02",2017,19.8258052228794,56.6739297937294,-167.061951369637,1.7,2.98706096939667
"F-02",2018,0,56.6739297937294,-167.061951369637,4.3,-6.49007147502806
"F-02",2019,0,56.6739297937294,-167.061951369637,4.5,-6.49007147502806
"F-02",2021,0,56.6739297937294,-167.061951369637,3.1,-6.49007147502806
"F-02",2022,0,56.6739297937294,-167.061951369637,2.5,-6.49007147502806
"F-02",2023,0,56.6739297937294,-167.061951369637,3.4,-6.49007147502806
"F-03",1988,103.162437201111,56.6682420448179,-166.436990084034,3.9,4.63631952500062
"F-03",1989,220.471933919426,56.6682420448179,-166.436990084034,2.8,5.39577729017777
"F-03",1990,585.903470792239,56.6682420448179,-166.436990084034,1.9,6.37315764201664
"F-03",1991,126.750704870795,56.6682420448179,-166.436990084034,2,4.84223418323476
"F-03",1992,238.99030652535,56.6682420448179,-166.436990084034,-0.5,5.47642934618258
"F-03",1993,111.535384820203,56.6682420448179,-166.436990084034,2.1,4.71435550708915
"F-03",1994,270.537466645842,56.6682420448179,-166.436990084034,2.3,5.60041621021731
"F-03",1995,84.3743728612134,56.6682420448179,-166.436990084034,0.9,4.43528171271245
"F-03",1996,0,56.6682420448179,-166.436990084034,2,-6.49007147502806
"F-03",1997,1583.05266871673,56.6682420448179,-166.436990084034,1.7,7.36711128996932
"F-03",1998,0,56.6682420448179,-166.436990084034,3.3,-6.49007147502806
"F-03",1999,0,56.6682420448179,-166.436990084034,1.7,-6.49007147502806
"F-03",2000,0,56.6682420448179,-166.436990084034,2.1,-6.49007147502806
"F-03",2001,0,56.6682420448179,-166.436990084034,3,-6.49007147502806
"F-03",2002,0,56.6682420448179,-166.436990084034,3,-6.49007147502806
"F-03",2003,0,56.6682420448179,-166.436990084034,3.6,-6.49007147502806
"F-03",2004,20.0860486292384,56.6682420448179,-166.436990084034,3,3.00010106993607
"F-03",2005,0,56.6682420448179,-166.436990084034,3.5,-6.49007147502806
"F-03",2006,0,56.6682420448179,-166.436990084034,2.4,-6.49007147502806
"F-03",2007,0,56.6682420448179,-166.436990084034,0.9,-6.49007147502806
"F-03",2008,0,56.6682420448179,-166.436990084034,0.7,-6.49007147502806
"F-03",2009,0,56.6682420448179,-166.436990084034,-1,-6.49007147502806
"F-03",2010,0,56.6682420448179,-166.436990084034,-0.4,-6.49007147502806
"F-03",2011,39.1856036036119,56.6682420448179,-166.436990084034,2.1,3.6683481735386
"F-03",2012,0,56.6682420448179,-166.436990084034,0.2,-6.49007147502806
"F-03",2013,0,56.6682420448179,-166.436990084034,0.9,-6.49007147502806
"F-03",2014,23.0433279696906,56.6682420448179,-166.436990084034,3.5,3.1374421613711
"F-03",2015,0,56.6682420448179,-166.436990084034,4,-6.49007147502806
"F-03",2016,0,56.6682420448179,-166.436990084034,4.6,-6.49007147502806
"F-03",2017,0,56.6682420448179,-166.436990084034,1.6,-6.49007147502806
"F-03",2018,0,56.6682420448179,-166.436990084034,4.3,-6.49007147502806
"F-03",2019,0,56.6682420448179,-166.436990084034,4.2,-6.49007147502806
"F-03",2021,0,56.6682420448179,-166.436990084034,3.3,-6.49007147502806
"F-03",2022,0,56.6682420448179,-166.436990084034,2.4,-6.49007147502806
"F-03",2023,0,56.6682420448179,-166.436990084034,3.2,-6.49007147502806
"F-04",1988,57.4925440786978,56.6616129181495,-165.842445729537,1.8,4.05168168193542
"F-04",1989,19.3429135739581,56.6616129181495,-165.842445729537,1.5,2.96240462687531
"F-04",1990,20.0640033907395,56.6616129181495,-165.842445729537,NA,2.99900301041849
"F-04",1991,0,56.6616129181495,-165.842445729537,NA,-6.49007147502806
"F-04",1992,0,56.6616129181495,-165.842445729537,-0.3,-6.49007147502806
"F-04",1993,0,56.6616129181495,-165.842445729537,1.8,-6.49007147502806
"F-04",1994,0,56.6616129181495,-165.842445729537,2.2,-6.49007147502806
"F-04",1995,117.435585228091,56.6616129181495,-165.842445729537,-0.2,4.76590290233937
"F-04",1996,21.1248202667816,56.6616129181495,-165.842445729537,1.4,3.05052054199304
"F-04",1997,41.6448447172309,56.6616129181495,-165.842445729537,1.5,3.72921404565756
"F-04",1998,19.1832713481574,56.6616129181495,-165.842445729537,3.3,2.95411776656988
"F-04",1999,0,56.6616129181495,-165.842445729537,1,-6.49007147502806
"F-04",2000,0,56.6616129181495,-165.842445729537,2.1,-6.49007147502806
"F-04",2001,0,56.6616129181495,-165.842445729537,3,-6.49007147502806
"F-04",2002,301.967364865642,56.6616129181495,-165.842445729537,3,5.71032397665614
"F-04",2003,0,56.6616129181495,-165.842445729537,3.4,-6.49007147502806
"F-04",2004,0,56.6616129181495,-165.842445729537,NA,-6.49007147502806
"F-04",2005,0,56.6616129181495,-165.842445729537,3.7,-6.49007147502806
"F-04",2006,0,56.6616129181495,-165.842445729537,2.3,-6.49007147502806
"F-04",2007,0,56.6616129181495,-165.842445729537,0.8,-6.49007147502806
"F-04",2008,0,56.6616129181495,-165.842445729537,-0.3,-6.49007147502806
"F-04",2009,0,56.6616129181495,-165.842445729537,-1.2,-6.49007147502806
"F-04",2010,19.0695548777549,56.6616129181495,-165.842445729537,-0.7,2.94817270110288
"F-04",2011,0,56.6616129181495,-165.842445729537,2.4,-6.49007147502806
"F-04",2012,0,56.6616129181495,-165.842445729537,-0.5,-6.49007147502806
"F-04",2013,165.258117979345,56.6616129181495,-165.842445729537,0.3,5.10751779122111
"F-04",2014,20.0893937774613,56.6616129181495,-165.842445729537,3.2,3.00026758436319
"F-04",2015,125.049733034098,56.6616129181495,-165.842445729537,4,4.82872366506701
"F-04",2016,63.3548926510473,56.6616129181495,-165.842445729537,4.5,4.14877610277564
"F-04",2017,42.9084757629765,56.6616129181495,-165.842445729537,1.4,3.7591047639172
"F-04",2018,0,56.6616129181495,-165.842445729537,4.1,-6.49007147502806
"F-04",2019,0,56.6616129181495,-165.842445729537,4,-6.49007147502806
"F-04",2021,0,56.6616129181495,-165.842445729537,3.4,-6.49007147502806
"F-04",2022,0,56.6616129181495,-165.842445729537,2.4,-6.49007147502806
"F-04",2023,0,56.6616129181495,-165.842445729537,3,-6.49007147502806
"F-05",1988,0,56.6637927848101,-165.21972821519,1,-6.49007147502806
"F-05",1989,131.168221934146,56.6637927848101,-165.21972821519,1.8,4.87649221252053
"F-05",1990,22.0619508750721,56.6637927848101,-165.21972821519,2.1,3.09392326871064
"F-05",1991,0,56.6637927848101,-165.21972821519,1.7,-6.49007147502806
"F-05",1992,0,56.6637927848101,-165.21972821519,-0.9,-6.49007147502806
"F-05",1993,18.3005399904097,56.6637927848101,-165.21972821519,1.8,2.90701353608362
"F-05",1994,19.340796128835,56.6637927848101,-165.21972821519,1.5,2.96229516069828
"F-05",1995,19.7637437870047,56.6637927848101,-165.21972821519,-0.2,2.98392596392491
"F-05",1996,0,56.6637927848101,-165.21972821519,2.2,-6.49007147502806
"F-05",1997,0,56.6637927848101,-165.21972821519,1.5,-6.49007147502806
"F-05",1998,0,56.6637927848101,-165.21972821519,3,-6.49007147502806
"F-05",1999,74.9925834173486,56.6637927848101,-165.21972821519,1.3,4.31740946854817
"F-05",2000,0,56.6637927848101,-165.21972821519,1.9,-6.49007147502806
"F-05",2001,0,56.6637927848101,-165.21972821519,2.9,-6.49007147502806
"F-05",2002,0,56.6637927848101,-165.21972821519,3.2,-6.49007147502806
"F-05",2003,0,56.6637927848101,-165.21972821519,3.1,-6.49007147502806
"F-05",2004,0,56.6637927848101,-165.21972821519,3,-6.49007147502806
"F-05",2005,0,56.6637927848101,-165.21972821519,3.5,-6.49007147502806
"F-05",2006,0,56.6637927848101,-165.21972821519,2.1,-6.49007147502806
"F-05",2007,0,56.6637927848101,-165.21972821519,1,-6.49007147502806
"F-05",2008,0,56.6637927848101,-165.21972821519,0.1,-6.49007147502806
"F-05",2009,19.6333246247145,56.6637927848101,-165.21972821519,-1.1,2.97730569539238
"F-05",2010,0,56.6637927848101,-165.21972821519,-1,-6.49007147502806
"F-05",2011,0,56.6637927848101,-165.21972821519,2.7,-6.49007147502806
"F-05",2012,429.51261058693,56.6637927848101,-165.21972821519,-0.2,6.06265463733819
"F-05",2013,1386.4400289834,56.6637927848101,-165.21972821519,0.2,7.23449570579994
"F-05",2014,0,56.6637927848101,-165.21972821519,3.1,-6.49007147502806
"F-05",2015,0,56.6637927848101,-165.21972821519,4,-6.49007147502806
"F-05",2016,0,56.6637927848101,-165.21972821519,4.5,-6.49007147502806
"F-05",2017,0,56.6637927848101,-165.21972821519,1.3,-6.49007147502806
"F-05",2018,0,56.6637927848101,-165.21972821519,4,-6.49007147502806
"F-05",2019,0,56.6637927848101,-165.21972821519,3.9,-6.49007147502806
"F-05",2021,0,56.6637927848101,-165.21972821519,3.1,-6.49007147502806
"F-05",2022,0,56.6637927848101,-165.21972821519,2,-6.49007147502806
"F-05",2023,0,56.6637927848101,-165.21972821519,3.2,-6.49007147502806
"F-06",1988,25.5428922090274,56.665195681445,-164.60208270936,1.5,3.240418531446
"F-06",1989,0,56.665195681445,-164.60208270936,1.7,-6.49007147502806
"F-06",1990,0,56.665195681445,-164.60208270936,2.2,-6.49007147502806
"F-06",1991,0,56.665195681445,-164.60208270936,2,-6.49007147502806
"F-06",1992,0,56.665195681445,-164.60208270936,-0.7,-6.49007147502806
"F-06",1993,0,56.665195681445,-164.60208270936,1.5,-6.49007147502806
"F-06",1994,0,56.665195681445,-164.60208270936,2.2,-6.49007147502806
"F-06",1995,0,56.665195681445,-164.60208270936,0.3,-6.49007147502806
"F-06",1996,0,56.665195681445,-164.60208270936,2.6,-6.49007147502806
"F-06",1997,0,56.665195681445,-164.60208270936,1.1,-6.49007147502806
"F-06",1998,0,56.665195681445,-164.60208270936,3.1,-6.49007147502806
"F-06",1999,0,56.665195681445,-164.60208270936,0.6,-6.49007147502806
"F-06",2000,0,56.665195681445,-164.60208270936,NA,-6.49007147502806
"F-06",2001,0,56.665195681445,-164.60208270936,2.8,-6.49007147502806
"F-06",2002,0,56.665195681445,-164.60208270936,3.8,-6.49007147502806
"F-06",2003,0,56.665195681445,-164.60208270936,2.9,-6.49007147502806
"F-06",2004,0,56.665195681445,-164.60208270936,2.9,-6.49007147502806
"F-06",2005,0,56.665195681445,-164.60208270936,NA,-6.49007147502806
"F-06",2006,0,56.665195681445,-164.60208270936,2.1,-6.49007147502806
"F-06",2007,0,56.665195681445,-164.60208270936,0.7,-6.49007147502806
"F-06",2008,0,56.665195681445,-164.60208270936,0.3,-6.49007147502806
"F-06",2009,0,56.665195681445,-164.60208270936,-0.9,-6.49007147502806
"F-06",2010,0,56.665195681445,-164.60208270936,-0.7,-6.49007147502806
"F-06",2011,0,56.665195681445,-164.60208270936,2.5,-6.49007147502806
"F-06",2012,0,56.665195681445,-164.60208270936,-0.4,-6.49007147502806
"F-06",2013,0,56.665195681445,-164.60208270936,0.6,-6.49007147502806
"F-06",2014,0,56.665195681445,-164.60208270936,2.9,-6.49007147502806
"F-06",2015,0,56.665195681445,-164.60208270936,3.9,-6.49007147502806
"F-06",2016,0,56.665195681445,-164.60208270936,4.7,-6.49007147502806
"F-06",2017,0,56.665195681445,-164.60208270936,1.4,-6.49007147502806
"F-06",2018,0,56.665195681445,-164.60208270936,3.8,-6.49007147502806
"F-06",2019,0,56.665195681445,-164.60208270936,3.9,-6.49007147502806
"F-06",2021,0,56.665195681445,-164.60208270936,2.6,-6.49007147502806
"F-06",2022,0,56.665195681445,-164.60208270936,2.2,-6.49007147502806
"F-06",2023,0,56.665195681445,-164.60208270936,2.9,-6.49007147502806
"F-07",1988,0,56.6649193924051,-163.994031974684,2,-6.49007147502806
"F-07",1989,0,56.6649193924051,-163.994031974684,2,-6.49007147502806
"F-07",1990,0,56.6649193924051,-163.994031974684,2.2,-6.49007147502806
"F-07",1991,0,56.6649193924051,-163.994031974684,2.2,-6.49007147502806
"F-07",1992,20.7442029062046,56.6649193924051,-163.994031974684,-0.4,3.03234002525445
"F-07",1993,0,56.6649193924051,-163.994031974684,1.6,-6.49007147502806
"F-07",1994,0,56.6649193924051,-163.994031974684,1.3,-6.49007147502806
"F-07",1995,59.0213170290362,56.6649193924051,-163.994031974684,0.5,4.07792441088044
"F-07",1996,0,56.6649193924051,-163.994031974684,1.3,-6.49007147502806
"F-07",1997,0,56.6649193924051,-163.994031974684,1.5,-6.49007147502806
"F-07",1998,0,56.6649193924051,-163.994031974684,3.1,-6.49007147502806
"F-07",1999,0,56.6649193924051,-163.994031974684,0.6,-6.49007147502806
"F-07",2000,0,56.6649193924051,-163.994031974684,1.6,-6.49007147502806
"F-07",2001,0,56.6649193924051,-163.994031974684,2.9,-6.49007147502806
"F-07",2002,0,56.6649193924051,-163.994031974684,2.2,-6.49007147502806
"F-07",2003,0,56.6649193924051,-163.994031974684,2.9,-6.49007147502806
"F-07",2004,0,56.6649193924051,-163.994031974684,2.9,-6.49007147502806
"F-07",2005,0,56.6649193924051,-163.994031974684,3.6,-6.49007147502806
"F-07",2006,0,56.6649193924051,-163.994031974684,2.1,-6.49007147502806
"F-07",2007,0,56.6649193924051,-163.994031974684,0.6,-6.49007147502806
"F-07",2008,0,56.6649193924051,-163.994031974684,0.2,-6.49007147502806
"F-07",2009,0,56.6649193924051,-163.994031974684,-0.8,-6.49007147502806
"F-07",2010,0,56.6649193924051,-163.994031974684,-0.9,-6.49007147502806
"F-07",2011,0,56.6649193924051,-163.994031974684,1.5,-6.49007147502806
"F-07",2012,0,56.6649193924051,-163.994031974684,-0.3,-6.49007147502806
"F-07",2013,0,56.6649193924051,-163.994031974684,0.7,-6.49007147502806
"F-07",2014,0,56.6649193924051,-163.994031974684,3.3,-6.49007147502806
"F-07",2015,0,56.6649193924051,-163.994031974684,3.5,-6.49007147502806
"F-07",2016,0,56.6649193924051,-163.994031974684,4.8,-6.49007147502806
"F-07",2017,0,56.6649193924051,-163.994031974684,0.4,-6.49007147502806
"F-07",2018,0,56.6649193924051,-163.994031974684,4.1,-6.49007147502806
"F-07",2019,0,56.6649193924051,-163.994031974684,4.1,-6.49007147502806
"F-07",2021,0,56.6649193924051,-163.994031974684,3.1,-6.49007147502806
"F-07",2022,0,56.6649193924051,-163.994031974684,2.3,-6.49007147502806
"F-07",2023,0,56.6649193924051,-163.994031974684,3,-6.49007147502806
"F-08",1988,0,56.6707414611872,-163.383743378995,1.4,-6.49007147502806
"F-08",1989,0,56.6707414611872,-163.383743378995,1.3,-6.49007147502806
"F-08",1990,0,56.6707414611872,-163.383743378995,2,-6.49007147502806
"F-08",1991,0,56.6707414611872,-163.383743378995,NA,-6.49007147502806
"F-08",1992,0,56.6707414611872,-163.383743378995,0.6,-6.49007147502806
"F-08",1993,0,56.6707414611872,-163.383743378995,1.9,-6.49007147502806
"F-08",1994,0,56.6707414611872,-163.383743378995,1.9,-6.49007147502806
"F-08",1995,0,56.6707414611872,-163.383743378995,0.8,-6.49007147502806
"F-08",1996,0,56.6707414611872,-163.383743378995,2.2,-6.49007147502806
"F-08",1997,0,56.6707414611872,-163.383743378995,1.5,-6.49007147502806
"F-08",1998,0,56.6707414611872,-163.383743378995,3.4,-6.49007147502806
"F-08",1999,0,56.6707414611872,-163.383743378995,0.5,-6.49007147502806
"F-08",2000,0,56.6707414611872,-163.383743378995,1.7,-6.49007147502806
"F-08",2001,0,56.6707414611872,-163.383743378995,2.9,-6.49007147502806
"F-08",2002,0,56.6707414611872,-163.383743378995,2.2,-6.49007147502806
"F-08",2003,0,56.6707414611872,-163.383743378995,3.2,-6.49007147502806
"F-08",2004,0,56.6707414611872,-163.383743378995,2.9,-6.49007147502806
"F-08",2005,0,56.6707414611872,-163.383743378995,3.6,-6.49007147502806
"F-08",2006,0,56.6707414611872,-163.383743378995,2.1,-6.49007147502806
"F-08",2007,0,56.6707414611872,-163.383743378995,0.4,-6.49007147502806
"F-08",2008,0,56.6707414611872,-163.383743378995,0.5,-6.49007147502806
"F-08",2009,0,56.6707414611872,-163.383743378995,-0.5,-6.49007147502806
"F-08",2010,0,56.6707414611872,-163.383743378995,-1,-6.49007147502806
"F-08",2011,0,56.6707414611872,-163.383743378995,1.8,-6.49007147502806
"F-08",2012,0,56.6707414611872,-163.383743378995,-0.1,-6.49007147502806
"F-08",2013,0,56.6707414611872,-163.383743378995,0.5,-6.49007147502806
"F-08",2014,0,56.6707414611872,-163.383743378995,3.3,-6.49007147502806
"F-08",2015,0,56.6707414611872,-163.383743378995,4.1,-6.49007147502806
"F-08",2016,0,56.6707414611872,-163.383743378995,4.7,-6.49007147502806
"F-08",2017,0,56.6707414611872,-163.383743378995,0.8,-6.49007147502806
"F-08",2018,0,56.6707414611872,-163.383743378995,4.1,-6.49007147502806
"F-08",2019,0,56.6707414611872,-163.383743378995,4.1,-6.49007147502806
"F-08",2021,0,56.6707414611872,-163.383743378995,3,-6.49007147502806
"F-08",2022,0,56.6707414611872,-163.383743378995,2.6,-6.49007147502806
"F-08",2023,0,56.6707414611872,-163.383743378995,3.3,-6.49007147502806
"F-09",1988,0,56.6650621472393,-162.784943312883,1.2,-6.49007147502806
"F-09",1989,0,56.6650621472393,-162.784943312883,2.1,-6.49007147502806
"F-09",1990,0,56.6650621472393,-162.784943312883,2.3,-6.49007147502806
"F-09",1991,0,56.6650621472393,-162.784943312883,3.2,-6.49007147502806
"F-09",1992,0,56.6650621472393,-162.784943312883,NA,-6.49007147502806
"F-09",1993,0,56.6650621472393,-162.784943312883,2.3,-6.49007147502806
"F-09",1994,0,56.6650621472393,-162.784943312883,1.7,-6.49007147502806
"F-09",1995,0,56.6650621472393,-162.784943312883,1.1,-6.49007147502806
"F-09",1996,0,56.6650621472393,-162.784943312883,3.2,-6.49007147502806
"F-09",1997,0,56.6650621472393,-162.784943312883,2,-6.49007147502806
"F-09",1998,0,56.6650621472393,-162.784943312883,3.5,-6.49007147502806
"F-09",1999,0,56.6650621472393,-162.784943312883,0.1,-6.49007147502806
"F-09",2000,0,56.6650621472393,-162.784943312883,1.4,-6.49007147502806
"F-09",2001,0,56.6650621472393,-162.784943312883,2.9,-6.49007147502806
"F-09",2002,0,56.6650621472393,-162.784943312883,3.3,-6.49007147502806
"F-09",2003,0,56.6650621472393,-162.784943312883,4.5,-6.49007147502806
"F-09",2004,0,56.6650621472393,-162.784943312883,3.6,-6.49007147502806
"F-09",2005,0,56.6650621472393,-162.784943312883,3.9,-6.49007147502806
"F-09",2006,0,56.6650621472393,-162.784943312883,2,-6.49007147502806
"F-09",2007,0,56.6650621472393,-162.784943312883,1.1,-6.49007147502806
"F-09",2008,0,56.6650621472393,-162.784943312883,1.3,-6.49007147502806
"F-09",2009,0,56.6650621472393,-162.784943312883,0.3,-6.49007147502806
"F-09",2010,0,56.6650621472393,-162.784943312883,-0.7,-6.49007147502806
"F-09",2011,0,56.6650621472393,-162.784943312883,1.9,-6.49007147502806
"F-09",2012,0,56.6650621472393,-162.784943312883,0,-6.49007147502806
"F-09",2013,0,56.6650621472393,-162.784943312883,1.3,-6.49007147502806
"F-09",2014,0,56.6650621472393,-162.784943312883,3.4,-6.49007147502806
"F-09",2015,0,56.6650621472393,-162.784943312883,4.3,-6.49007147502806
"F-09",2016,0,56.6650621472393,-162.784943312883,4.9,-6.49007147502806
"F-09",2017,0,56.6650621472393,-162.784943312883,1.6,-6.49007147502806
"F-09",2018,0,56.6650621472393,-162.784943312883,4.7,-6.49007147502806
"F-09",2019,0,56.6650621472393,-162.784943312883,4.2,-6.49007147502806
"F-09",2021,0,56.6650621472393,-162.784943312883,3.5,-6.49007147502806
"F-09",2022,0,56.6650621472393,-162.784943312883,3,-6.49007147502806
"F-09",2023,0,56.6650621472393,-162.784943312883,3,-6.49007147502806
"F-10",1988,0,56.6649595774648,-162.184674366197,1.2,-6.49007147502806
"F-10",1989,0,56.6649595774648,-162.184674366197,1.3,-6.49007147502806
"F-10",1990,0,56.6649595774648,-162.184674366197,NA,-6.49007147502806
"F-10",1991,0,56.6649595774648,-162.184674366197,3,-6.49007147502806
"F-10",1992,0,56.6649595774648,-162.184674366197,1.3,-6.49007147502806
"F-10",1993,0,56.6649595774648,-162.184674366197,3,-6.49007147502806
"F-10",1994,0,56.6649595774648,-162.184674366197,2.4,-6.49007147502806
"F-10",1995,0,56.6649595774648,-162.184674366197,1.4,-6.49007147502806
"F-10",1996,0,56.6649595774648,-162.184674366197,3.7,-6.49007147502806
"F-10",1997,0,56.6649595774648,-162.184674366197,1.3,-6.49007147502806
"F-10",1998,0,56.6649595774648,-162.184674366197,3.3,-6.49007147502806
"F-10",1999,0,56.6649595774648,-162.184674366197,-0.3,-6.49007147502806
"F-10",2000,0,56.6649595774648,-162.184674366197,1.1,-6.49007147502806
"F-10",2001,0,56.6649595774648,-162.184674366197,3.1,-6.49007147502806
"F-10",2002,0,56.6649595774648,-162.184674366197,2.5,-6.49007147502806
"F-10",2003,0,56.6649595774648,-162.184674366197,4.4,-6.49007147502806
"F-10",2004,0,56.6649595774648,-162.184674366197,3.5,-6.49007147502806
"F-10",2005,0,56.6649595774648,-162.184674366197,4.1,-6.49007147502806
"F-10",2006,0,56.6649595774648,-162.184674366197,2.5,-6.49007147502806
"F-10",2007,0,56.6649595774648,-162.184674366197,1.5,-6.49007147502806
"F-10",2008,0,56.6649595774648,-162.184674366197,0.9,-6.49007147502806
"F-10",2009,0,56.6649595774648,-162.184674366197,0.9,-6.49007147502806
"F-10",2010,0,56.6649595774648,-162.184674366197,0.6,-6.49007147502806
"F-10",2011,0,56.6649595774648,-162.184674366197,3,-6.49007147502806
"F-10",2012,0,56.6649595774648,-162.184674366197,-0.2,-6.49007147502806
"F-10",2013,0,56.6649595774648,-162.184674366197,1.3,-6.49007147502806
"F-10",2014,0,56.6649595774648,-162.184674366197,3.7,-6.49007147502806
"F-10",2015,0,56.6649595774648,-162.184674366197,4.4,-6.49007147502806
"F-10",2016,0,56.6649595774648,-162.184674366197,5,-6.49007147502806
"F-10",2017,0,56.6649595774648,-162.184674366197,1.4,-6.49007147502806
"F-10",2018,0,56.6649595774648,-162.184674366197,4.8,-6.49007147502806
"F-10",2019,0,56.6649595774648,-162.184674366197,4.6,-6.49007147502806
"F-10",2021,0,56.6649595774648,-162.184674366197,3.6,-6.49007147502806
"F-10",2022,0,56.6649595774648,-162.184674366197,3.1,-6.49007147502806
"F-10",2023,0,56.6649595774648,-162.184674366197,3.3,-6.49007147502806
"F-11",1988,0,56.6698864220184,-161.583443853211,1,-6.49007147502806
"F-11",1989,0,56.6698864220184,-161.583443853211,1.5,-6.49007147502806
"F-11",1990,0,56.6698864220184,-161.583443853211,2.7,-6.49007147502806
"F-11",1991,0,56.6698864220184,-161.583443853211,2.9,-6.49007147502806
"F-11",1992,0,56.6698864220184,-161.583443853211,NA,-6.49007147502806
"F-11",1993,0,56.6698864220184,-161.583443853211,3.1,-6.49007147502806
"F-11",1994,0,56.6698864220184,-161.583443853211,1.9,-6.49007147502806
"F-11",1995,0,56.6698864220184,-161.583443853211,1.5,-6.49007147502806
"F-11",1996,0,56.6698864220184,-161.583443853211,3.4,-6.49007147502806
"F-11",1997,0,56.6698864220184,-161.583443853211,2,-6.49007147502806
"F-11",1998,0,56.6698864220184,-161.583443853211,3.2,-6.49007147502806
"F-11",1999,0,56.6698864220184,-161.583443853211,-0.5,-6.49007147502806
"F-11",2000,0,56.6698864220184,-161.583443853211,1.5,-6.49007147502806
"F-11",2001,0,56.6698864220184,-161.583443853211,3,-6.49007147502806
"F-11",2002,0,56.6698864220184,-161.583443853211,2.4,-6.49007147502806
"F-11",2003,0,56.6698864220184,-161.583443853211,3.9,-6.49007147502806
"F-11",2004,0,56.6698864220184,-161.583443853211,3.4,-6.49007147502806
"F-11",2005,0,56.6698864220184,-161.583443853211,3.7,-6.49007147502806
"F-11",2006,0,56.6698864220184,-161.583443853211,2.7,-6.49007147502806
"F-11",2007,0,56.6698864220184,-161.583443853211,1.3,-6.49007147502806
"F-11",2008,0,56.6698864220184,-161.583443853211,0.7,-6.49007147502806
"F-11",2009,20.0739516458485,56.6698864220184,-161.583443853211,0.7,2.99949867606288
"F-11",2010,0,56.6698864220184,-161.583443853211,0.4,-6.49007147502806
"F-11",2011,0,56.6698864220184,-161.583443853211,2.6,-6.49007147502806
"F-11",2012,0,56.6698864220184,-161.583443853211,0.1,-6.49007147502806
"F-11",2013,0,56.6698864220184,-161.583443853211,1.6,-6.49007147502806
"F-11",2014,0,56.6698864220184,-161.583443853211,3.5,-6.49007147502806
"F-11",2015,0,56.6698864220184,-161.583443853211,4.3,-6.49007147502806
"F-11",2016,0,56.6698864220184,-161.583443853211,5,-6.49007147502806
"F-11",2017,0,56.6698864220184,-161.583443853211,1.8,-6.49007147502806
"F-11",2018,0,56.6698864220184,-161.583443853211,4.3,-6.49007147502806
"F-11",2019,0,56.6698864220184,-161.583443853211,4.6,-6.49007147502806
"F-11",2021,0,56.6698864220184,-161.583443853211,3.7,-6.49007147502806
"F-11",2022,0,56.6698864220184,-161.583443853211,3.3,-6.49007147502806
"F-11",2023,0,56.6698864220184,-161.583443853211,3.1,-6.49007147502806
"F-12",1988,0,56.6709468571429,-160.985716285714,2.2,-6.49007147502806
"F-12",1989,0,56.6709468571429,-160.985716285714,1.8,-6.49007147502806
"F-12",1990,0,56.6709468571429,-160.985716285714,NA,-6.49007147502806
"F-12",1991,0,56.6709468571429,-160.985716285714,3.5,-6.49007147502806
"F-12",1992,0,56.6709468571429,-160.985716285714,2.6,-6.49007147502806
"F-12",1993,0,56.6709468571429,-160.985716285714,3.8,-6.49007147502806
"F-12",1994,0,56.6709468571429,-160.985716285714,2.6,-6.49007147502806
"F-12",1995,0,56.6709468571429,-160.985716285714,1.9,-6.49007147502806
"F-12",1996,0,56.6709468571429,-160.985716285714,4.4,-6.49007147502806
"F-12",1997,0,56.6709468571429,-160.985716285714,3,-6.49007147502806
"F-12",1998,0,56.6709468571429,-160.985716285714,4.1,-6.49007147502806
"F-12",1999,0,56.6709468571429,-160.985716285714,-0.2,-6.49007147502806
"F-12",2000,0,56.6709468571429,-160.985716285714,1.1,-6.49007147502806
"F-12",2001,0,56.6709468571429,-160.985716285714,3.6,-6.49007147502806
"F-12",2002,0,56.6709468571429,-160.985716285714,3,-6.49007147502806
"F-12",2003,0,56.6709468571429,-160.985716285714,4.4,-6.49007147502806
"F-12",2004,0,56.6709468571429,-160.985716285714,3.9,-6.49007147502806
"F-12",2005,0,56.6709468571429,-160.985716285714,4.1,-6.49007147502806
"F-12",2006,0,56.6709468571429,-160.985716285714,2.8,-6.49007147502806
"F-12",2007,0,56.6709468571429,-160.985716285714,1.5,-6.49007147502806
"F-12",2008,0,56.6709468571429,-160.985716285714,1.2,-6.49007147502806
"F-12",2009,0,56.6709468571429,-160.985716285714,1.3,-6.49007147502806
"F-12",2010,0,56.6709468571429,-160.985716285714,1.5,-6.49007147502806
"F-12",2011,0,56.6709468571429,-160.985716285714,3.3,-6.49007147502806
"F-12",2012,0,56.6709468571429,-160.985716285714,-0.6,-6.49007147502806
"F-12",2013,0,56.6709468571429,-160.985716285714,2.4,-6.49007147502806
"F-12",2014,0,56.6709468571429,-160.985716285714,4.2,-6.49007147502806
"F-12",2015,0,56.6709468571429,-160.985716285714,4.5,-6.49007147502806
"F-12",2016,0,56.6709468571429,-160.985716285714,5.4,-6.49007147502806
"F-12",2017,0,56.6709468571429,-160.985716285714,2.9,-6.49007147502806
"F-12",2018,0,56.6709468571429,-160.985716285714,5.1,-6.49007147502806
"F-12",2019,0,56.6709468571429,-160.985716285714,5,-6.49007147502806
"F-12",2021,0,56.6709468571429,-160.985716285714,3.9,-6.49007147502806
"F-12",2022,0,56.6709468571429,-160.985716285714,3.7,-6.49007147502806
"F-12",2023,0,56.6709468571429,-160.985716285714,3.6,-6.49007147502806
"F-13",1988,0,56.6651625,-160.375308611111,2.5,-6.49007147502806
"F-13",1989,0,56.6651625,-160.375308611111,2.8,-6.49007147502806
"F-13",1990,0,56.6651625,-160.375308611111,NA,-6.49007147502806
"F-13",1991,0,56.6651625,-160.375308611111,3.4,-6.49007147502806
"F-13",1992,0,56.6651625,-160.375308611111,2.4,-6.49007147502806
"F-13",1993,0,56.6651625,-160.375308611111,4,-6.49007147502806
"F-13",1994,0,56.6651625,-160.375308611111,2.9,-6.49007147502806
"F-13",1995,0,56.6651625,-160.375308611111,2.2,-6.49007147502806
"F-13",1996,0,56.6651625,-160.375308611111,5.3,-6.49007147502806
"F-13",1997,0,56.6651625,-160.375308611111,3.6,-6.49007147502806
"F-13",1998,0,56.6651625,-160.375308611111,4.2,-6.49007147502806
"F-13",1999,0,56.6651625,-160.375308611111,-0.2,-6.49007147502806
"F-13",2000,0,56.6651625,-160.375308611111,1.1,-6.49007147502806
"F-13",2001,0,56.6651625,-160.375308611111,3.8,-6.49007147502806
"F-13",2002,0,56.6651625,-160.375308611111,3.5,-6.49007147502806
"F-13",2003,0,56.6651625,-160.375308611111,4.5,-6.49007147502806
"F-13",2004,0,56.6651625,-160.375308611111,3.9,-6.49007147502806
"F-13",2005,0,56.6651625,-160.375308611111,4.3,-6.49007147502806
"F-13",2006,0,56.6651625,-160.375308611111,3.1,-6.49007147502806
"F-13",2007,0,56.6651625,-160.375308611111,1.9,-6.49007147502806
"F-13",2008,0,56.6651625,-160.375308611111,1.3,-6.49007147502806
"F-13",2009,0,56.6651625,-160.375308611111,2,-6.49007147502806
"F-13",2010,0,56.6651625,-160.375308611111,1.8,-6.49007147502806
"F-13",2011,0,56.6651625,-160.375308611111,3.9,-6.49007147502806
"F-13",2012,0,56.6651625,-160.375308611111,0.1,-6.49007147502806
"F-13",2013,0,56.6651625,-160.375308611111,2.7,-6.49007147502806
"F-13",2014,0,56.6651625,-160.375308611111,5,-6.49007147502806
"F-13",2015,0,56.6651625,-160.375308611111,4.7,-6.49007147502806
"F-13",2016,0,56.6651625,-160.375308611111,5.7,-6.49007147502806
"F-13",2017,0,56.6651625,-160.375308611111,3.4,-6.49007147502806
"F-13",2018,0,56.6651625,-160.375308611111,5.3,-6.49007147502806
"F-13",2019,0,56.6651625,-160.375308611111,5.5,-6.49007147502806
"F-13",2021,0,56.6651625,-160.375308611111,4.1,-6.49007147502806
"F-13",2022,0,56.6651625,-160.375308611111,3.8,-6.49007147502806
"F-13",2023,0,56.6651625,-160.375308611111,3.7,-6.49007147502806
"F-14",1988,0,56.6759908571429,-159.750313428571,4.2,-6.49007147502806
"F-14",1989,0,56.6759908571429,-159.750313428571,NA,-6.49007147502806
"F-14",1990,0,56.6759908571429,-159.750313428571,NA,-6.49007147502806
"F-14",1991,0,56.6759908571429,-159.750313428571,4.1,-6.49007147502806
"F-14",1992,0,56.6759908571429,-159.750313428571,3.8,-6.49007147502806
"F-14",1993,0,56.6759908571429,-159.750313428571,5,-6.49007147502806
"F-14",1994,0,56.6759908571429,-159.750313428571,3.9,-6.49007147502806
"F-14",1995,0,56.6759908571429,-159.750313428571,4.1,-6.49007147502806
"F-14",1996,0,56.6759908571429,-159.750313428571,6.2,-6.49007147502806
"F-14",1997,0,56.6759908571429,-159.750313428571,5.2,-6.49007147502806
"F-14",1998,0,56.6759908571429,-159.750313428571,6,-6.49007147502806
"F-14",1999,0,56.6759908571429,-159.750313428571,0.9,-6.49007147502806
"F-14",2000,0,56.6759908571429,-159.750313428571,2.2,-6.49007147502806
"F-14",2001,0,56.6759908571429,-159.750313428571,4.7,-6.49007147502806
"F-14",2002,0,56.6759908571429,-159.750313428571,5.5,-6.49007147502806
"F-14",2003,0,56.6759908571429,-159.750313428571,5.6,-6.49007147502806
"F-14",2004,0,56.6759908571429,-159.750313428571,5.2,-6.49007147502806
"F-14",2005,0,56.6759908571429,-159.750313428571,6,-6.49007147502806
"F-14",2006,0,56.6759908571429,-159.750313428571,4.1,-6.49007147502806
"F-14",2007,0,56.6759908571429,-159.750313428571,4.7,-6.49007147502806
"F-14",2008,0,56.6759908571429,-159.750313428571,2.8,-6.49007147502806
"F-14",2009,0,56.6759908571429,-159.750313428571,2.9,-6.49007147502806
"F-14",2010,0,56.6759908571429,-159.750313428571,3.6,-6.49007147502806
"F-14",2011,0,56.6759908571429,-159.750313428571,4.7,-6.49007147502806
"F-14",2012,0,56.6759908571429,-159.750313428571,0.9,-6.49007147502806
"F-14",2013,0,56.6759908571429,-159.750313428571,5.5,-6.49007147502806
"F-14",2014,0,56.6759908571429,-159.750313428571,5.9,-6.49007147502806
"F-14",2015,0,56.6759908571429,-159.750313428571,5.5,-6.49007147502806
"F-14",2016,0,56.6759908571429,-159.750313428571,6.6,-6.49007147502806
"F-14",2017,0,56.6759908571429,-159.750313428571,4.8,-6.49007147502806
"F-14",2018,0,56.6759908571429,-159.750313428571,6.3,-6.49007147502806
"F-14",2019,0,56.6759908571429,-159.750313428571,7.7,-6.49007147502806
"F-14",2021,0,56.6759908571429,-159.750313428571,5.3,-6.49007147502806
"F-14",2022,0,56.6759908571429,-159.750313428571,5.1,-6.49007147502806
"F-14",2023,0,56.6759908571429,-159.750313428571,4.6,-6.49007147502806
"F-18",1988,12518.4370172216,56.6610611555425,-168.291097465451,2.6,9.43495791927733
"F-18",1989,36348.8403377419,56.6610611555425,-168.291097465451,2.7,10.5009176215513
"F-18",1990,32895.3513764303,56.6610611555425,-168.291097465451,3.4,10.4010866773808
"F-18",1991,126.311623401368,56.6610611555425,-168.291097465451,NA,4.83876407653117
"F-18",1992,63.2309168158016,56.6610611555425,-168.291097465451,0.5,4.14681738558278
"F-18",1993,6573.39535150956,56.6610611555425,-168.291097465451,3.4,8.7907860052557
"F-18",1994,368.202019698743,56.6610611555425,-168.291097465451,3.9,5.90863587803911
"F-18",1995,41374.9605569318,56.6610611555425,-168.291097465451,NA,10.6304311960716
"F-18",1996,22243.0443000202,56.6610611555425,-168.291097465451,3.6,10.0097846912563
"F-18",1997,129.149373259661,56.6610611555425,-168.291097465451,3,4.86098142389381
"F-18",1998,188.324579829304,56.6610611555425,-168.291097465451,3.8,5.23817502547374
"F-18",1999,64.3291391964745,56.6610611555425,-168.291097465451,2.4,4.16403630823632
"F-18",2000,0,56.6610611555425,-168.291097465451,2.8,-6.49007147502806
"F-18",2001,0,56.6610611555425,-168.291097465451,3.5,-6.49007147502806
"F-18",2002,19.7115417296668,56.6610611555425,-168.291097465451,3.3,2.98128136888682
"F-18",2003,0,56.6610611555425,-168.291097465451,4.4,-6.49007147502806
"F-18",2004,0,56.6610611555425,-168.291097465451,3.9,-6.49007147502806
"F-18",2005,0,56.6610611555425,-168.291097465451,3.8,-6.49007147502806
"F-18",2006,0,56.6610611555425,-168.291097465451,3.4,-6.49007147502806
"F-18",2007,2860.19597135104,56.6610611555425,-168.291097465451,3.1,7.95864595380455
"F-18",2008,38989.8352837125,56.6610611555425,-168.291097465451,2,10.5710562963345
"F-18",2009,11158.4449908491,56.6610611555425,-168.291097465451,1.8,9.31995202456928
"F-18",2010,33702.8871694593,56.6610611555425,-168.291097465451,2.3,10.4253388304087
"F-18",2011,904.937072863509,56.6610611555425,-168.291097465451,3.3,6.80786708648495
"F-18",2012,4009.52595594612,56.6610611555425,-168.291097465451,1.7,8.29642867654599
"F-18",2013,15229.4412529234,56.6610611555425,-168.291097465451,1.5,9.63098585765348
"F-18",2014,16874.2264516336,56.6610611555425,-168.291097465451,3.6,9.73354276477263
"F-18",2015,41169.6456494811,56.6610611555425,-168.291097465451,4.7,10.6254565446014
"F-18",2016,0,56.6610611555425,-168.291097465451,4.9,-6.49007147502806
"F-18",2017,16820.3843535603,56.6610611555425,-168.291097465451,2.2,9.73034687452424
"F-18",2018,2587.91373999823,56.6610611555425,-168.291097465451,4.5,7.85860791105019
"F-18",2019,19.1277394637429,56.6610611555425,-168.291097465451,4.5,2.95121899044758
"F-18",2021,0,56.6610611555425,-168.291097465451,3.5,-6.49007147502806
"F-18",2022,0,56.6610611555425,-168.291097465451,2.5,-6.49007147502806
"F-18",2023,0,56.6610611555425,-168.291097465451,4.2,-6.49007147502806
"F-19",1988,76.8289623981331,56.6657189737388,-168.906151074637,2.7,4.3416014473346
"F-19",1989,9241.79606063283,56.6657189737388,-168.906151074637,3.1,9.13149168890441
"F-19",1990,46840.6148434941,56.6657189737388,-168.906151074637,3,10.754505976505
"F-19",1991,11871.8165146731,56.6657189737388,-168.906151074637,2.8,9.38192263789023
"F-19",1992,40186.0075137931,56.6657189737388,-168.906151074637,1.4,10.6012741800052
"F-19",1993,3917.22705273619,56.6657189737388,-168.906151074637,3.8,8.27313968559536
"F-19",1994,3630.22441894685,56.6657189737388,-168.906151074637,2.5,8.19705016702646
"F-19",1995,45361.5150787573,56.6657189737388,-168.906151074637,1.2,10.7224193725252
"F-19",1996,29235.4698326194,56.6657189737388,-168.906151074637,3.5,10.2831380233141
"F-19",1997,26044.8498482874,56.6657189737388,-168.906151074637,3.1,10.1675753833758
"F-19",1998,3619.08723074759,56.6657189737388,-168.906151074637,3.6,8.19397754638769
"F-19",1999,20.1946284296973,56.6657189737388,-168.906151074637,NA,3.00549183721082
"F-19",2000,0,56.6657189737388,-168.906151074637,2.4,-6.49007147502806
"F-19",2001,0,56.6657189737388,-168.906151074637,3.1,-6.49007147502806
"F-19",2002,0,56.6657189737388,-168.906151074637,3.2,-6.49007147502806
"F-19",2003,0,56.6657189737388,-168.906151074637,4.3,-6.49007147502806
"F-19",2004,0,56.6657189737388,-168.906151074637,3.6,-6.49007147502806
"F-19",2005,0,56.6657189737388,-168.906151074637,4.1,-6.49007147502806
"F-19",2006,0,56.6657189737388,-168.906151074637,2.9,-6.49007147502806
"F-19",2007,0,56.6657189737388,-168.906151074637,3,-6.49007147502806
"F-19",2008,28.1998944038237,56.6657189737388,-168.906151074637,2.5,3.33937207755067
"F-19",2009,55.4723870337416,56.6657189737388,-168.906151074637,2,4.01591273855129
"F-19",2010,383.603477759025,56.6657189737388,-168.906151074637,1.8,5.94961336742785
"F-19",2011,0,56.6657189737388,-168.906151074637,3.4,-6.49007147502806
"F-19",2012,823.157394426294,56.6657189737388,-168.906151074637,1.1,6.7131492717907
"F-19",2013,1557.53822631547,56.6657189737388,-168.906151074637,2.1,7.35086276863839
"F-19",2014,30146.2654687611,56.6657189737388,-168.906151074637,3.2,10.3138163798031
"F-19",2015,36185.2191233659,56.6657189737388,-168.906151074637,3.7,10.4964060448858
"F-19",2016,15494.1832176756,56.6657189737388,-168.906151074637,4.8,9.64822005419525
"F-19",2017,6654.38068084544,56.6657189737388,-168.906151074637,2.2,8.8030308939559
"F-19",2018,913.570937409196,56.6657189737388,-168.906151074637,4.5,6.81736268942106
"F-19",2019,236.74580131882,56.6657189737388,-168.906151074637,4.4,5.46699341102763
"F-19",2021,0,56.6657189737388,-168.906151074637,3.7,-6.49007147502806
"F-19",2022,0,56.6657189737388,-168.906151074637,2.4,-6.49007147502806
"F-19",2023,0,56.6657189737388,-168.906151074637,4.1,-6.49007147502806
"F-20",1988,0,56.6721304794521,-169.509077773973,4.2,-6.49007147502806
"F-20",1989,0,56.6721304794521,-169.509077773973,4.1,-6.49007147502806
"F-20",1990,0,56.6721304794521,-169.509077773973,4.5,-6.49007147502806
"F-20",1992,0,56.6721304794521,-169.509077773973,2.8,-6.49007147502806
"F-20",1993,17.619932349694,56.6721304794521,-169.509077773973,NA,2.86911695481243
"F-20",1994,0,56.6721304794521,-169.509077773973,NA,-6.49007147502806
"F-20",1995,0,56.6721304794521,-169.509077773973,1,-6.49007147502806
"F-20",1996,0,56.6721304794521,-169.509077773973,5.6,-6.49007147502806
"F-20",1997,0,56.6721304794521,-169.509077773973,5.1,-6.49007147502806
"F-20",1998,0,56.6721304794521,-169.509077773973,4.7,-6.49007147502806
"F-20",1999,0,56.6721304794521,-169.509077773973,3.2,-6.49007147502806
"F-20",2000,0,56.6721304794521,-169.509077773973,3.9,-6.49007147502806
"F-20",2001,0,56.6721304794521,-169.509077773973,3.7,-6.49007147502806
"F-20",2002,0,56.6721304794521,-169.509077773973,3.7,-6.49007147502806
"F-20",2003,0,56.6721304794521,-169.509077773973,5.5,-6.49007147502806
"F-20",2004,0,56.6721304794521,-169.509077773973,5.3,-6.49007147502806
"F-20",2005,0,56.6721304794521,-169.509077773973,5.7,-6.49007147502806
"F-20",2006,0,56.6721304794521,-169.509077773973,4,-6.49007147502806
"F-20",2007,0,56.6721304794521,-169.509077773973,2.8,-6.49007147502806
"F-20",2008,0,56.6721304794521,-169.509077773973,3,-6.49007147502806
"F-20",2009,0,56.6721304794521,-169.509077773973,3.3,-6.49007147502806
"F-20",2010,0,56.6721304794521,-169.509077773973,0.4,-6.49007147502806
"F-20",2011,0,56.6721304794521,-169.509077773973,4.5,-6.49007147502806
"F-20",2012,0,56.6721304794521,-169.509077773973,1.7,-6.49007147502806
"F-20",2013,0,56.6721304794521,-169.509077773973,1.6,-6.49007147502806
"F-20",2014,0,56.6721304794521,-169.509077773973,5,-6.49007147502806
"F-20",2015,19.7022331063519,56.6721304794521,-169.509077773973,5.5,2.98080905146273
"F-20",2016,0,56.6721304794521,-169.509077773973,6.1,-6.49007147502806
"F-20",2017,0,56.6721304794521,-169.509077773973,4.6,-6.49007147502806
"F-20",2018,0,56.6721304794521,-169.509077773973,5.5,-6.49007147502806
"F-20",2019,0,56.6721304794521,-169.509077773973,6.1,-6.49007147502806
"F-20",2021,0,56.6721304794521,-169.509077773973,5,-6.49007147502806
"F-20",2022,0,56.6721304794521,-169.509077773973,4.1,-6.49007147502806
"F-20",2023,0,56.6721304794521,-169.509077773973,4,-6.49007147502806
"F-21",1988,0,56.6695067238913,-170.116043948498,3.5,-6.49007147502806
"F-21",1989,8201.91113392129,56.6695067238913,-170.116043948498,3.7,9.01212265634175
"F-21",1990,34.561981478821,56.6695067238913,-170.116043948498,3.5,3.54279820962124
"F-21",1991,0,56.6695067238913,-170.116043948498,3.3,-6.49007147502806
"F-21",1992,0,56.6695067238913,-170.116043948498,2.4,-6.49007147502806
"F-21",1993,218.824860408799,56.6695067238913,-170.116043948498,3.7,5.38827862474921
"F-21",1994,322.686031644417,56.6695067238913,-170.116043948498,3.2,5.7766845178516
"F-21",1995,1167.42844608025,56.6695067238913,-170.116043948498,2.6,7.06256000018118
"F-21",1996,0,56.6695067238913,-170.116043948498,6.1,-6.49007147502806
"F-21",1997,0,56.6695067238913,-170.116043948498,3.7,-6.49007147502806
"F-21",1998,0,56.6695067238913,-170.116043948498,3.9,-6.49007147502806
"F-21",1999,0,56.6695067238913,-170.116043948498,2.7,-6.49007147502806
"F-21",2000,0,56.6695067238913,-170.116043948498,NA,-6.49007147502806
"F-21",2001,0,56.6695067238913,-170.116043948498,3.6,-6.49007147502806
"F-21",2002,0,56.6695067238913,-170.116043948498,4.2,-6.49007147502806
"F-21",2003,0,56.6695067238913,-170.116043948498,4.5,-6.49007147502806
"F-21",2004,0,56.6695067238913,-170.116043948498,4.5,-6.49007147502806
"F-21",2005,0,56.6695067238913,-170.116043948498,4.6,-6.49007147502806
"F-21",2006,19.5940456436561,56.6695067238913,-170.116043948498,3.7,2.97530321838345
"F-21",2007,21.0908451841886,56.6695067238913,-170.116043948498,2.9,3.0489110614524
"F-21",2008,0,56.6695067238913,-170.116043948498,2.8,-6.49007147502806
"F-21",2009,17.9786026980881,56.6695067238913,-170.116043948498,2.6,2.88926676642688
"F-21",2010,0,56.6695067238913,-170.116043948498,2.3,-6.49007147502806
"F-21",2011,0,56.6695067238913,-170.116043948498,3.8,-6.49007147502806
"F-21",2012,0,56.6695067238913,-170.116043948498,1.5,-6.49007147502806
"F-21",2013,0,56.6695067238913,-170.116043948498,2.2,-6.49007147502806
"F-21",2014,0,56.6695067238913,-170.116043948498,4,-6.49007147502806
"F-21",2015,0,56.6695067238913,-170.116043948498,5.2,-6.49007147502806
"F-21",2016,0,56.6695067238913,-170.116043948498,5.6,-6.49007147502806
"F-21",2017,0,56.6695067238913,-170.116043948498,4,-6.49007147502806
"F-21",2018,0,56.6695067238913,-170.116043948498,4.9,-6.49007147502806
"F-21",2019,0,56.6695067238913,-170.116043948498,4.8,-6.49007147502806
"F-21",2021,0,56.6695067238913,-170.116043948498,4.4,-6.49007147502806
"F-21",2022,0,56.6695067238913,-170.116043948498,3.5,-6.49007147502806
"F-21",2023,0,56.6695067238913,-170.116043948498,4.1,-6.49007147502806
"F-22",1988,0,56.6719316374269,-170.735202465887,3.4,-6.49007147502806
"F-22",1989,4100.86963938129,56.6719316374269,-170.735202465887,3.5,8.31895470763975
"F-22",1990,0,56.6719316374269,-170.735202465887,4,-6.49007147502806
"F-22",1991,34.8668632982186,56.6719316374269,-170.735202465887,3.6,3.55158045119919
"F-22",1992,492.26252321728,56.6719316374269,-170.735202465887,5.3,6.19901524257253
"F-22",1993,19589.5564182884,56.6719316374269,-170.735202465887,3.7,9.88275194492231
"F-22",1994,0,56.6719316374269,-170.735202465887,NA,-6.49007147502806
"F-22",1995,0,56.6719316374269,-170.735202465887,2.9,-6.49007147502806
"F-22",1996,18.9585138308711,56.6719316374269,-170.735202465887,4.1,2.94233319890057
"F-22",1997,0,56.6719316374269,-170.735202465887,4.1,-6.49007147502806
"F-22",1998,0,56.6719316374269,-170.735202465887,3.8,-6.49007147502806
"F-22",1999,0,56.6719316374269,-170.735202465887,2.6,-6.49007147502806
"F-22",2000,0,56.6719316374269,-170.735202465887,3.7,-6.49007147502806
"F-22",2001,0,56.6719316374269,-170.735202465887,3.7,-6.49007147502806
"F-22",2002,19.564134382681,56.6719316374269,-170.735202465887,3.5,2.97377562199325
"F-22",2003,0,56.6719316374269,-170.735202465887,NA,-6.49007147502806
"F-22",2004,0,56.6719316374269,-170.735202465887,4.1,-6.49007147502806
"F-22",2005,0,56.6719316374269,-170.735202465887,4.3,-6.49007147502806
"F-22",2006,0,56.6719316374269,-170.735202465887,3.6,-6.49007147502806
"F-22",2007,0,56.6719316374269,-170.735202465887,3.2,-6.49007147502806
"F-22",2008,139.897162741793,56.6719316374269,-170.735202465887,3,4.94091845476686
"F-22",2009,1639.82513388242,56.6719316374269,-170.735202465887,2.8,7.40234581542851
"F-22",2010,0,56.6719316374269,-170.735202465887,3.7,-6.49007147502806
"F-22",2011,18.3359143823143,56.6719316374269,-170.735202465887,3.4,2.90894448008341
"F-22",2012,0,56.6719316374269,-170.735202465887,2.6,-6.49007147502806
"F-22",2013,0,56.6719316374269,-170.735202465887,3.1,-6.49007147502806
"F-22",2014,19.9128226567744,56.6719316374269,-170.735202465887,4.1,2.99144013033422
"F-22",2015,0,56.6719316374269,-170.735202465887,4.6,-6.49007147502806
"F-22",2016,0,56.6719316374269,-170.735202465887,4.8,-6.49007147502806
"F-22",2017,0,56.6719316374269,-170.735202465887,4.4,-6.49007147502806
"F-22",2018,0,56.6719316374269,-170.735202465887,4.2,-6.49007147502806
"F-22",2019,0,56.6719316374269,-170.735202465887,4.4,-6.49007147502806
"F-22",2021,18.3246275237263,56.6719316374269,-170.735202465887,3.9,2.90832878138088
"F-22",2022,0,56.6719316374269,-170.735202465887,3.3,-6.49007147502806
"F-22",2023,0,56.6719316374269,-170.735202465887,4.1,-6.49007147502806
"F-23",1988,93.5947273318614,56.6675414901664,-171.352390007564,4,4.53899027340922
"F-23",1989,83957.0396872435,56.6675414901664,-171.352390007564,3.8,11.3380605327905
"F-23",1990,14759.7472852924,56.6675414901664,-171.352390007564,4.7,9.59965907929236
"F-23",1991,42466.8312740212,56.6675414901664,-171.352390007564,3.5,10.6564786453548
"F-23",1992,15268.6754270663,56.6675414901664,-171.352390007564,NA,9.63355875041871
"F-23",1993,18618.9120177707,56.6675414901664,-171.352390007564,NA,9.83193319983819
"F-23",1994,16708.5938265222,56.6675414901664,-171.352390007564,NA,9.72367855731184
"F-23",1995,82128.83710671,56.6675414901664,-171.352390007564,3.2,11.3160444959445
"F-23",1996,19998.4494385445,56.6675414901664,-171.352390007564,4.1,9.9034100973858
"F-23",1997,65655.6851753318,56.6675414901664,-171.352390007564,4.1,11.0921794973622
"F-23",1998,35.5670290054601,56.6675414901664,-171.352390007564,3.6,3.57146174863324
"F-23",1999,21.6298259213383,56.6675414901664,-171.352390007564,2.7,3.07414339068322
"F-23",2000,185.255081201884,56.6675414901664,-171.352390007564,NA,5.22174188914139
"F-23",2001,0,56.6675414901664,-171.352390007564,4,-6.49007147502806
"F-23",2002,0,56.6675414901664,-171.352390007564,3.7,-6.49007147502806
"F-23",2003,0,56.6675414901664,-171.352390007564,4.6,-6.49007147502806
"F-23",2004,0,56.6675414901664,-171.352390007564,4.2,-6.49007147502806
"F-23",2006,0,56.6675414901664,-171.352390007564,4,-6.49007147502806
"F-23",2007,601.993221735566,56.6675414901664,-171.352390007564,3.3,6.40024870802155
"F-23",2008,11917.0796389548,56.6675414901664,-171.352390007564,3,9.38572804128792
"F-23",2009,19508.3766697697,56.6675414901664,-171.352390007564,3.3,9.87859930295586
"F-23",2010,6713.39380294553,56.6675414901664,-171.352390007564,3.7,8.8118601111347
"F-23",2011,0,56.6675414901664,-171.352390007564,3.6,-6.49007147502806
"F-23",2012,18.9729823686625,56.6675414901664,-171.352390007564,2.9,2.94309601511672
"F-23",2013,0,56.6675414901664,-171.352390007564,3.7,-6.49007147502806
"F-23",2014,10175.5772683342,56.6675414901664,-171.352390007564,4.2,9.22774589191411
"F-23",2015,6264.50792564249,56.6675414901664,-171.352390007564,4.4,8.74265556324022
"F-23",2016,28665.4086031654,56.6675414901664,-171.352390007564,4.8,10.2634464526396
"F-23",2017,15769.8720141671,56.6675414901664,-171.352390007564,4.4,9.6658566604327
"F-23",2018,17753.1232410049,56.6675414901664,-171.352390007564,4.1,9.7843168221955
"F-23",2019,365.394761986601,56.6675414901664,-171.352390007564,4.4,5.90098246443691
"F-23",2021,108.664549539932,56.6675414901664,-171.352390007564,4.2,4.68827958330065
"F-23",2022,0,56.6675414901664,-171.352390007564,3.4,-6.49007147502806
"F-23",2023,0,56.6675414901664,-171.352390007564,4.1,-6.49007147502806
"F-24",1988,0,56.6842522429907,-171.946999260833,3.8,-6.49007147502806
"F-24",1989,1628.13984166463,56.6842522429907,-171.946999260833,4,7.39519437332432
"F-24",1990,11237.4441734899,56.6842522429907,-171.946999260833,3.8,9.32700684601451
"F-24",1991,16243.0953017469,56.6842522429907,-171.946999260833,3.5,9.69542328643471
"F-24",1992,39.4751393495017,56.6842522429907,-171.946999260833,3.9,3.67570955520608
"F-24",1993,554.226060142523,56.6842522429907,-171.946999260833,4,6.31757539406155
"F-24",1994,157.145799500439,56.6842522429907,-171.946999260833,2.9,5.05718369622497
"F-24",1995,7049.3635453424,56.6842522429907,-171.946999260833,3.5,8.86069282987573
"F-24",1996,0,56.6842522429907,-171.946999260833,4,-6.49007147502806
"F-24",1997,0,56.6842522429907,-171.946999260833,4.4,-6.49007147502806
"F-24",1998,36.8975582123374,56.6842522429907,-171.946999260833,3.6,3.60818652777435
"F-24",1999,0,56.6842522429907,-171.946999260833,2.7,-6.49007147502806
"F-24",2000,0,56.6842522429907,-171.946999260833,3.9,-6.49007147502806
"F-24",2001,0,56.6842522429907,-171.946999260833,4.2,-6.49007147502806
"F-24",2002,0,56.6842522429907,-171.946999260833,3.6,-6.49007147502806
"F-24",2003,0,56.6842522429907,-171.946999260833,4.6,-6.49007147502806
"F-24",2004,0,56.6842522429907,-171.946999260833,NA,-6.49007147502806
"F-24",2005,0,56.6842522429907,-171.946999260833,NA,-6.49007147502806
"F-24",2006,0,56.6842522429907,-171.946999260833,4,-6.49007147502806
"F-24",2007,0,56.6842522429907,-171.946999260833,3.4,-6.49007147502806
"F-24",2008,0,56.6842522429907,-171.946999260833,3.2,-6.49007147502806
"F-24",2009,0,56.6842522429907,-171.946999260833,3.3,-6.49007147502806
"F-24",2010,0,56.6842522429907,-171.946999260833,3.7,-6.49007147502806
"F-24",2011,0,56.6842522429907,-171.946999260833,3.7,-6.49007147502806
"F-24",2012,0,56.6842522429907,-171.946999260833,2.8,-6.49007147502806
"F-24",2013,44.3875420665287,56.6842522429907,-171.946999260833,3.7,3.79299305410299
"F-24",2014,0,56.6842522429907,-171.946999260833,4.3,-6.49007147502806
"F-24",2015,0,56.6842522429907,-171.946999260833,4.6,-6.49007147502806
"F-24",2016,0,56.6842522429907,-171.946999260833,4.7,-6.49007147502806
"F-24",2017,0,56.6842522429907,-171.946999260833,4.1,-6.49007147502806
"F-24",2018,45.6869455935064,56.6842522429907,-171.946999260833,4.3,3.82184583789433
"F-24",2019,426.466484916127,56.6842522429907,-171.946999260833,4.4,6.05553734267927
"F-24",2021,0,56.6842522429907,-171.946999260833,4.1,-6.49007147502806
"F-24",2022,0,56.6842522429907,-171.946999260833,3.6,-6.49007147502806
"F-24",2023,0,56.6842522429907,-171.946999260833,4.1,-6.49007147502806
"F-25",1988,0,56.6701458461538,-172.569595307692,4,-6.49007147502806
"F-25",1989,159.791039078588,56.6701458461538,-172.569595307692,3.7,5.07387645852457
"F-25",1990,0,56.6701458461538,-172.569595307692,3.8,-6.49007147502806
"F-25",1991,0,56.6701458461538,-172.569595307692,3.4,-6.49007147502806
"F-25",1992,0,56.6701458461538,-172.569595307692,3.8,-6.49007147502806
"F-25",1993,0,56.6701458461538,-172.569595307692,4,-6.49007147502806
"F-25",1994,649.654155823931,56.6701458461538,-172.569595307692,NA,6.47644249063125
"F-25",1995,0,56.6701458461538,-172.569595307692,3.5,-6.49007147502806
"F-25",1996,0,56.6701458461538,-172.569595307692,4,-6.49007147502806
"F-25",1997,0,56.6701458461538,-172.569595307692,4.1,-6.49007147502806
"F-25",1998,0,56.6701458461538,-172.569595307692,3.6,-6.49007147502806
"F-25",1999,0,56.6701458461538,-172.569595307692,2.8,-6.49007147502806
"F-25",2000,0,56.6701458461538,-172.569595307692,3.8,-6.49007147502806
"F-25",2001,0,56.6701458461538,-172.569595307692,3.8,-6.49007147502806
"F-25",2002,0,56.6701458461538,-172.569595307692,3.9,-6.49007147502806
"F-25",2003,0,56.6701458461538,-172.569595307692,4.5,-6.49007147502806
"F-25",2004,0,56.6701458461538,-172.569595307692,4.2,-6.49007147502806
"F-25",2005,0,56.6701458461538,-172.569595307692,4,-6.49007147502806
"F-25",2006,18.8360815427403,56.6701458461538,-172.569595307692,3.8,2.93585487160748
"F-25",2007,0,56.6701458461538,-172.569595307692,3.5,-6.49007147502806
"F-25",2008,0,56.6701458461538,-172.569595307692,3.2,-6.49007147502806
"F-25",2009,0,56.6701458461538,-172.569595307692,3.3,-6.49007147502806
"F-25",2010,0,56.6701458461538,-172.569595307692,3.7,-6.49007147502806
"F-25",2011,0,56.6701458461538,-172.569595307692,3.7,-6.49007147502806
"F-25",2012,0,56.6701458461538,-172.569595307692,3.1,-6.49007147502806
"F-25",2013,0,56.6701458461538,-172.569595307692,3.6,-6.49007147502806
"F-25",2014,0,56.6701458461538,-172.569595307692,4.2,-6.49007147502806
"F-25",2015,0,56.6701458461538,-172.569595307692,4.6,-6.49007147502806
"F-25",2016,0,56.6701458461538,-172.569595307692,4.7,-6.49007147502806
"F-25",2017,0,56.6701458461538,-172.569595307692,4.1,-6.49007147502806
"F-25",2018,0,56.6701458461538,-172.569595307692,4.3,-6.49007147502806
"F-25",2019,0,56.6701458461538,-172.569595307692,4.4,-6.49007147502806
"F-25",2021,0,56.6701458461538,-172.569595307692,4,-6.49007147502806
"F-25",2022,0,56.6701458461538,-172.569595307692,3.9,-6.49007147502806
"F-25",2023,0,56.6701458461538,-172.569595307692,4.1,-6.49007147502806
"G-01",1988,39.496139052961,57.0031412529183,-167.701882435798,1.8,3.67624136618485
"G-01",1989,148.97596496631,57.0031412529183,-167.701882435798,3.7,5.0037951764507
"G-01",1990,95.6666103672213,57.0031412529183,-167.701882435798,2.1,4.56088521067884
"G-01",1991,540.148069792938,57.0031412529183,-167.701882435798,2.5,6.29184611644374
"G-01",1992,62.6157815485923,57.0031412529183,-167.701882435798,0.9,4.13704159757912
"G-01",1993,229.632729247565,57.0031412529183,-167.701882435798,2.7,5.43648781572615
"G-01",1994,22.319401984379,57.0031412529183,-167.701882435798,1.8,3.10552437433547
"G-01",1995,253.791957698955,57.0031412529183,-167.701882435798,0.3,5.53652085021953
"G-01",1996,86.5354362489733,57.0031412529183,-167.701882435798,NA,4.46057154454788
"G-01",1997,0,57.0031412529183,-167.701882435798,2.2,-6.49007147502806
"G-01",1998,0,57.0031412529183,-167.701882435798,3.6,-6.49007147502806
"G-01",1999,0,57.0031412529183,-167.701882435798,2.2,-6.49007147502806
"G-01",2000,0,57.0031412529183,-167.701882435798,2.5,-6.49007147502806
"G-01",2001,22.2647857227574,57.0031412529183,-167.701882435798,3.2,3.10307451164755
"G-01",2002,0,57.0031412529183,-167.701882435798,3.2,-6.49007147502806
"G-01",2003,20.1339957095382,57.0031412529183,-167.701882435798,NA,3.00248512911581
"G-01",2004,0,57.0031412529183,-167.701882435798,3.5,-6.49007147502806
"G-01",2005,0,57.0031412529183,-167.701882435798,3.7,-6.49007147502806
"G-01",2006,0,57.0031412529183,-167.701882435798,2.8,-6.49007147502806
"G-01",2007,64.1422507230656,57.0031412529183,-167.701882435798,1.3,4.1611269571711
"G-01",2008,38.9167528559408,57.0031412529183,-167.701882435798,0.4,3.66146383948691
"G-01",2009,138.88256948514,57.0031412529183,-167.701882435798,-0.5,4.9336396854271
"G-01",2010,38.0504105267844,57.0031412529183,-167.701882435798,-0.7,3.63895177861425
"G-01",2011,93.9283241437252,57.0031412529183,-167.701882435798,3.4,4.54254814812084
"G-01",2012,23.9800439466492,57.0031412529183,-167.701882435798,0.2,3.1772853012352
"G-01",2013,41.1317209060656,57.0031412529183,-167.701882435798,0.9,3.7168165378704
"G-01",2014,20.9060999399548,57.0031412529183,-167.701882435798,3.2,3.04011360836099
"G-01",2015,0,57.0031412529183,-167.701882435798,3.5,-6.49007147502806
"G-01",2016,0,57.0031412529183,-167.701882435798,4.5,-6.49007147502806
"G-01",2017,0,57.0031412529183,-167.701882435798,1.8,-6.49007147502806
"G-01",2018,0,57.0031412529183,-167.701882435798,4.7,-6.49007147502806
"G-01",2019,0,57.0031412529183,-167.701882435798,4.3,-6.49007147502806
"G-01",2021,0,57.0031412529183,-167.701882435798,3.7,-6.49007147502806
"G-01",2022,0,57.0031412529183,-167.701882435798,2.5,-6.49007147502806
"G-01",2023,0,57.0031412529183,-167.701882435798,3.4,-6.49007147502806
"G-02",1988,726.710997347283,56.9972678114843,-167.093258201517,1.6,6.58853096024538
"G-02",1989,47.3756598752011,56.9972678114843,-167.093258201517,3.5,3.85814064262363
"G-02",1990,63.3791615793661,56.9972678114843,-167.093258201517,2.5,4.14915908345482
"G-02",1991,83.1823504590086,56.9972678114843,-167.093258201517,2.9,4.42105344560966
"G-02",1992,67.8837644515105,56.9972678114843,-167.093258201517,1.1,4.21781926426731
"G-02",1993,0,56.9972678114843,-167.093258201517,3,-6.49007147502806
"G-02",1994,129.331177292105,56.9972678114843,-167.093258201517,2.4,4.86238812104027
"G-02",1995,196.79785947869,56.9972678114843,-167.093258201517,0.6,5.2821848236333
"G-02",1996,0,56.9972678114843,-167.093258201517,3.1,-6.49007147502806
"G-02",1997,0,56.9972678114843,-167.093258201517,1.9,-6.49007147502806
"G-02",1998,0,56.9972678114843,-167.093258201517,3.7,-6.49007147502806
"G-02",1999,0,56.9972678114843,-167.093258201517,2.1,-6.49007147502806
"G-02",2000,0,56.9972678114843,-167.093258201517,2.6,-6.49007147502806
"G-02",2001,0,56.9972678114843,-167.093258201517,4.1,-6.49007147502806
"G-02",2002,0,56.9972678114843,-167.093258201517,3.4,-6.49007147502806
"G-02",2003,0,56.9972678114843,-167.093258201517,3.8,-6.49007147502806
"G-02",2004,0,56.9972678114843,-167.093258201517,3.5,-6.49007147502806
"G-02",2005,0,56.9972678114843,-167.093258201517,3.6,-6.49007147502806
"G-02",2006,0,56.9972678114843,-167.093258201517,2.6,-6.49007147502806
"G-02",2007,20.3448646841506,56.9972678114843,-167.093258201517,1.2,3.01290316265844
"G-02",2008,0,56.9972678114843,-167.093258201517,0.7,-6.49007147502806
"G-02",2009,0,56.9972678114843,-167.093258201517,-0.8,-6.49007147502806
"G-02",2010,0,56.9972678114843,-167.093258201517,-0.4,-6.49007147502806
"G-02",2011,22.6356848674569,56.9972678114843,-167.093258201517,3.4,3.11959471690302
"G-02",2012,110.078750778956,56.9972678114843,-167.093258201517,-0.5,4.70120981985273
"G-02",2013,40.4593508545999,56.9972678114843,-167.093258201517,1.1,3.70033531680473
"G-02",2014,0,56.9972678114843,-167.093258201517,3.4,-6.49007147502806
"G-02",2015,0,56.9972678114843,-167.093258201517,3.5,-6.49007147502806
"G-02",2016,0,56.9972678114843,-167.093258201517,4.4,-6.49007147502806
"G-02",2017,20.9618150973096,56.9972678114843,-167.093258201517,1.5,3.04277488964004
"G-02",2018,0,56.9972678114843,-167.093258201517,4.9,-6.49007147502806
"G-02",2019,0,56.9972678114843,-167.093258201517,4.3,-6.49007147502806
"G-02",2021,0,56.9972678114843,-167.093258201517,3.8,-6.49007147502806
"G-02",2022,0,56.9972678114843,-167.093258201517,2.9,-6.49007147502806
"G-02",2023,0,56.9972678114843,-167.093258201517,3.3,-6.49007147502806
"G-03",1988,164.609448462094,57.0065801099405,-166.462507333944,1.1,5.10358491362106
"G-03",1989,1181.66268051487,57.0065801099405,-166.462507333944,3.2,7.07467906196478
"G-03",1990,21.7077314564928,57.0065801099405,-166.462507333944,2.1,3.07773843225536
"G-03",1991,19.8624657898992,57.0065801099405,-166.462507333944,2.7,2.98890825432581
"G-03",1992,119.359121617715,57.0065801099405,-166.462507333944,NA,4.78214949885887
"G-03",1993,0,57.0065801099405,-166.462507333944,3.3,-6.49007147502806
"G-03",1994,0,57.0065801099405,-166.462507333944,1.4,-6.49007147502806
"G-03",1995,83.0508153991278,57.0065801099405,-166.462507333944,NA,4.41947093728519
"G-03",1996,0,57.0065801099405,-166.462507333944,1.5,-6.49007147502806
"G-03",1997,0,57.0065801099405,-166.462507333944,1.4,-6.49007147502806
"G-03",1998,0,57.0065801099405,-166.462507333944,3.6,-6.49007147502806
"G-03",1999,0,57.0065801099405,-166.462507333944,1.5,-6.49007147502806
"G-03",2000,0,57.0065801099405,-166.462507333944,2.1,-6.49007147502806
"G-03",2001,0,57.0065801099405,-166.462507333944,3.1,-6.49007147502806
"G-03",2002,0,57.0065801099405,-166.462507333944,2.2,-6.49007147502806
"G-03",2003,0,57.0065801099405,-166.462507333944,3.6,-6.49007147502806
"G-03",2004,0,57.0065801099405,-166.462507333944,3.2,-6.49007147502806
"G-03",2005,0,57.0065801099405,-166.462507333944,3.4,-6.49007147502806
"G-03",2006,0,57.0065801099405,-166.462507333944,1.9,-6.49007147502806
"G-03",2007,0,57.0065801099405,-166.462507333944,0.8,-6.49007147502806
"G-03",2008,0,57.0065801099405,-166.462507333944,0.7,-6.49007147502806
"G-03",2009,44.6320838716376,57.0065801099405,-166.462507333944,-1,3.79848699042112
"G-03",2010,20.3469286639212,57.0065801099405,-166.462507333944,-0.3,3.01300459961055
"G-03",2011,77.8187844121886,57.0065801099405,-166.462507333944,1.6,4.35440235925614
"G-03",2012,1033.7954303082,57.0065801099405,-166.462507333944,-0.6,6.94099366126665
"G-03",2013,8294.30588566213,57.0065801099405,-166.462507333944,0.6,9.02332470355121
"G-03",2014,42.2105720406511,57.0065801099405,-166.462507333944,3.3,3.7427066842995
"G-03",2015,0,57.0065801099405,-166.462507333944,3.7,-6.49007147502806
"G-03",2016,0,57.0065801099405,-166.462507333944,4.2,-6.49007147502806
"G-03",2017,21.0427726437616,57.0065801099405,-166.462507333944,0.5,3.04662931594526
"G-03",2018,0,57.0065801099405,-166.462507333944,4.8,-6.49007147502806
"G-03",2019,0,57.0065801099405,-166.462507333944,4.1,-6.49007147502806
"G-03",2021,0,57.0065801099405,-166.462507333944,3.4,-6.49007147502806
"G-03",2022,0,57.0065801099405,-166.462507333944,2.1,-6.49007147502806
"G-03",2023,0,57.0065801099405,-166.462507333944,3,-6.49007147502806
"G-04",1988,1016.08236168055,56.9988120130152,-165.851681006508,0.9,6.92371118390485
"G-04",1989,284.578078724665,56.9988120130152,-165.851681006508,2,5.65101299357483
"G-04",1990,0,56.9988120130152,-165.851681006508,NA,-6.49007147502806
"G-04",1991,34.4745367864031,56.9988120130152,-165.851681006508,1.9,3.54026503167727
"G-04",1992,2533.91660653405,56.9988120130152,-165.851681006508,NA,7.83752204977287
"G-04",1993,0,56.9988120130152,-165.851681006508,2.5,-6.49007147502806
"G-04",1994,2270.9284013091,56.9988120130152,-165.851681006508,1.1,7.72794468286657
"G-04",1995,62.0987505706417,56.9988120130152,-165.851681006508,-0.2,4.12875032083207
"G-04",1996,0,56.9988120130152,-165.851681006508,1.2,-6.49007147502806
"G-04",1997,0,56.9988120130152,-165.851681006508,0.9,-6.49007147502806
"G-04",1998,0,56.9988120130152,-165.851681006508,3,-6.49007147502806
"G-04",1999,0,56.9988120130152,-165.851681006508,0,-6.49007147502806
"G-04",2000,0,56.9988120130152,-165.851681006508,1.9,-6.49007147502806
"G-04",2001,0,56.9988120130152,-165.851681006508,2.8,-6.49007147502806
"G-04",2002,0,56.9988120130152,-165.851681006508,3.4,-6.49007147502806
"G-04",2003,0,56.9988120130152,-165.851681006508,3.3,-6.49007147502806
"G-04",2004,0,56.9988120130152,-165.851681006508,3.1,-6.49007147502806
"G-04",2005,0,56.9988120130152,-165.851681006508,3.4,-6.49007147502806
"G-04",2006,0,56.9988120130152,-165.851681006508,1.8,-6.49007147502806
"G-04",2007,0,56.9988120130152,-165.851681006508,0.9,-6.49007147502806
"G-04",2008,0,56.9988120130152,-165.851681006508,0.2,-6.49007147502806
"G-04",2009,0,56.9988120130152,-165.851681006508,-1,-6.49007147502806
"G-04",2010,99.8308532719132,56.9988120130152,-165.851681006508,-0.2,4.60349249657777
"G-04",2011,955.366444547116,56.9988120130152,-165.851681006508,1.6,6.86209656782883
"G-04",2012,200.096519412413,56.9988120130152,-165.851681006508,-1,5.29880743570896
"G-04",2013,6273.02208200288,56.9988120130152,-165.851681006508,0.4,8.74401375031561
"G-04",2014,0,56.9988120130152,-165.851681006508,3.2,-6.49007147502806
"G-04",2015,0,56.9988120130152,-165.851681006508,3.8,-6.49007147502806
"G-04",2016,0,56.9988120130152,-165.851681006508,4.2,-6.49007147502806
"G-04",2017,0,56.9988120130152,-165.851681006508,0.4,-6.49007147502806
"G-04",2018,0,56.9988120130152,-165.851681006508,4.1,-6.49007147502806
"G-04",2019,0,56.9988120130152,-165.851681006508,4,-6.49007147502806
"G-04",2021,0,56.9988120130152,-165.851681006508,3.5,-6.49007147502806
"G-04",2022,0,56.9988120130152,-165.851681006508,1.9,-6.49007147502806
"G-04",2023,0,56.9988120130152,-165.851681006508,3,-6.49007147502806
"G-05",1988,20.2080449110414,56.9990202008457,-165.212070163848,1.3,3.00615592561632
"G-05",1989,105.381507467679,56.9990202008457,-165.212070163848,1.5,4.65760157862352
"G-05",1990,0,56.9990202008457,-165.212070163848,2,-6.49007147502806
"G-05",1991,0,56.9990202008457,-165.212070163848,2.1,-6.49007147502806
"G-05",1992,235.283520872617,56.9990202008457,-165.212070163848,-0.4,5.46079771238211
"G-05",1993,0,56.9990202008457,-165.212070163848,1.9,-6.49007147502806
"G-05",1994,0,56.9990202008457,-165.212070163848,1.3,-6.49007147502806
"G-05",1995,231.575828799977,56.9990202008457,-165.212070163848,-0.5,5.44491393107253
"G-05",1996,0,56.9990202008457,-165.212070163848,1,-6.49007147502806
"G-05",1997,0,56.9990202008457,-165.212070163848,0.8,-6.49007147502806
"G-05",1998,0,56.9990202008457,-165.212070163848,2.2,-6.49007147502806
"G-05",1999,20.647687571869,56.9990202008457,-165.212070163848,0.7,3.02767686890234
"G-05",2000,0,56.9990202008457,-165.212070163848,1.7,-6.49007147502806
"G-05",2001,348.769166312155,56.9990202008457,-165.212070163848,2.8,5.85441464249539
"G-05",2002,0,56.9990202008457,-165.212070163848,3.9,-6.49007147502806
"G-05",2003,0,56.9990202008457,-165.212070163848,2.7,-6.49007147502806
"G-05",2004,0,56.9990202008457,-165.212070163848,3.1,-6.49007147502806
"G-05",2005,0,56.9990202008457,-165.212070163848,3.2,-6.49007147502806
"G-05",2006,0,56.9990202008457,-165.212070163848,1.5,-6.49007147502806
"G-05",2007,0,56.9990202008457,-165.212070163848,0.9,-6.49007147502806
"G-05",2008,0,56.9990202008457,-165.212070163848,0,-6.49007147502806
"G-05",2009,0,56.9990202008457,-165.212070163848,-0.8,-6.49007147502806
"G-05",2010,0,56.9990202008457,-165.212070163848,-1,-6.49007147502806
"G-05",2011,0,56.9990202008457,-165.212070163848,1.2,-6.49007147502806
"G-05",2012,137.578677462716,56.9990202008457,-165.212070163848,-0.8,4.92420699001886
"G-05",2013,339.103129164592,56.9990202008457,-165.212070163848,0.1,5.82630875474414
"G-05",2014,0,56.9990202008457,-165.212070163848,3.1,-6.49007147502806
"G-05",2015,0,56.9990202008457,-165.212070163848,3.6,-6.49007147502806
"G-05",2016,0,56.9990202008457,-165.212070163848,4.6,-6.49007147502806
"G-05",2017,0,56.9990202008457,-165.212070163848,0.4,-6.49007147502806
"G-05",2018,0,56.9990202008457,-165.212070163848,3.8,-6.49007147502806
"G-05",2019,0,56.9990202008457,-165.212070163848,3.9,-6.49007147502806
"G-05",2021,0,56.9990202008457,-165.212070163848,2.6,-6.49007147502806
"G-05",2022,0,56.9990202008457,-165.212070163848,1.5,-6.49007147502806
"G-05",2023,0,56.9990202008457,-165.212070163848,2.6,-6.49007147502806
"G-06",1988,0,56.9932880366775,-164.607992988134,0.5,-6.49007147502806
"G-06",1989,0,56.9932880366775,-164.607992988134,1.3,-6.49007147502806
"G-06",1990,0,56.9932880366775,-164.607992988134,4,-6.49007147502806
"G-06",1991,0,56.9932880366775,-164.607992988134,2.5,-6.49007147502806
"G-06",1992,149.934627590118,56.9932880366775,-164.607992988134,NA,5.01020951033382
"G-06",1993,0,56.9932880366775,-164.607992988134,1.9,-6.49007147502806
"G-06",1994,0,56.9932880366775,-164.607992988134,1.7,-6.49007147502806
"G-06",1995,0,56.9932880366775,-164.607992988134,-0.3,-6.49007147502806
"G-06",1996,21.1587742591699,56.9932880366775,-164.607992988134,1.2,3.05212643958079
"G-06",1997,0,56.9932880366775,-164.607992988134,1,-6.49007147502806
"G-06",1998,0,56.9932880366775,-164.607992988134,2.9,-6.49007147502806
"G-06",1999,0,56.9932880366775,-164.607992988134,-0.2,-6.49007147502806
"G-06",2000,0,56.9932880366775,-164.607992988134,1.5,-6.49007147502806
"G-06",2001,0,56.9932880366775,-164.607992988134,2.5,-6.49007147502806
"G-06",2002,0,56.9932880366775,-164.607992988134,4,-6.49007147502806
"G-06",2003,0,56.9932880366775,-164.607992988134,2.3,-6.49007147502806
"G-06",2004,0,56.9932880366775,-164.607992988134,2.8,-6.49007147502806
"G-06",2005,0,56.9932880366775,-164.607992988134,NA,-6.49007147502806
"G-06",2006,0,56.9932880366775,-164.607992988134,2,-6.49007147502806
"G-06",2007,0,56.9932880366775,-164.607992988134,0.4,-6.49007147502806
"G-06",2008,0,56.9932880366775,-164.607992988134,0,-6.49007147502806
"G-06",2009,0,56.9932880366775,-164.607992988134,-0.4,-6.49007147502806
"G-06",2010,0,56.9932880366775,-164.607992988134,-1,-6.49007147502806
"G-06",2011,24.1175975783924,56.9932880366775,-164.607992988134,2,3.18300472188664
"G-06",2012,21.5855240744658,56.9932880366775,-164.607992988134,-0.9,3.07209325112036
"G-06",2013,0,56.9932880366775,-164.607992988134,0.1,-6.49007147502806
"G-06",2014,0,56.9932880366775,-164.607992988134,2.8,-6.49007147502806
"G-06",2015,0,56.9932880366775,-164.607992988134,3.3,-6.49007147502806
"G-06",2016,0,56.9932880366775,-164.607992988134,4.8,-6.49007147502806
"G-06",2017,0,56.9932880366775,-164.607992988134,0,-6.49007147502806
"G-06",2018,0,56.9932880366775,-164.607992988134,4,-6.49007147502806
"G-06",2019,0,56.9932880366775,-164.607992988134,4,-6.49007147502806
"G-06",2021,0,56.9932880366775,-164.607992988134,2.4,-6.49007147502806
"G-06",2022,0,56.9932880366775,-164.607992988134,2.3,-6.49007147502806
"G-06",2023,0,56.9932880366775,-164.607992988134,2.8,-6.49007147502806
"G-07",1988,0,57.0147981395349,-163.993271976744,1.1,-6.49007147502806
"G-07",1989,0,57.0147981395349,-163.993271976744,1.5,-6.49007147502806
"G-07",1990,0,57.0147981395349,-163.993271976744,2.2,-6.49007147502806
"G-07",1991,0,57.0147981395349,-163.993271976744,2.6,-6.49007147502806
"G-07",1992,0,57.0147981395349,-163.993271976744,-0.4,-6.49007147502806
"G-07",1993,0,57.0147981395349,-163.993271976744,1.9,-6.49007147502806
"G-07",1994,0,57.0147981395349,-163.993271976744,1.1,-6.49007147502806
"G-07",1995,0,57.0147981395349,-163.993271976744,0.1,-6.49007147502806
"G-07",1996,0,57.0147981395349,-163.993271976744,1.5,-6.49007147502806
"G-07",1997,0,57.0147981395349,-163.993271976744,0.8,-6.49007147502806
"G-07",1998,0,57.0147981395349,-163.993271976744,3,-6.49007147502806
"G-07",1999,19.6794536556364,57.0147981395349,-163.993271976744,-0.8,2.97965228553175
"G-07",2000,0,57.0147981395349,-163.993271976744,1.4,-6.49007147502806
"G-07",2001,0,57.0147981395349,-163.993271976744,2.4,-6.49007147502806
"G-07",2002,0,57.0147981395349,-163.993271976744,2.8,-6.49007147502806
"G-07",2003,0,57.0147981395349,-163.993271976744,2.5,-6.49007147502806
"G-07",2004,0,57.0147981395349,-163.993271976744,2.5,-6.49007147502806
"G-07",2005,0,57.0147981395349,-163.993271976744,NA,-6.49007147502806
"G-07",2006,0,57.0147981395349,-163.993271976744,1.9,-6.49007147502806
"G-07",2007,0,57.0147981395349,-163.993271976744,0.1,-6.49007147502806
"G-07",2008,0,57.0147981395349,-163.993271976744,0.4,-6.49007147502806
"G-07",2009,0,57.0147981395349,-163.993271976744,-0.2,-6.49007147502806
"G-07",2010,0,57.0147981395349,-163.993271976744,-1,-6.49007147502806
"G-07",2011,0,57.0147981395349,-163.993271976744,1.2,-6.49007147502806
"G-07",2012,0,57.0147981395349,-163.993271976744,-0.8,-6.49007147502806
"G-07",2013,0,57.0147981395349,-163.993271976744,0,-6.49007147502806
"G-07",2014,0,57.0147981395349,-163.993271976744,3.3,-6.49007147502806
"G-07",2015,0,57.0147981395349,-163.993271976744,3.6,-6.49007147502806
"G-07",2016,0,57.0147981395349,-163.993271976744,4.7,-6.49007147502806
"G-07",2017,0,57.0147981395349,-163.993271976744,-0.5,-6.49007147502806
"G-07",2018,0,57.0147981395349,-163.993271976744,3.9,-6.49007147502806
"G-07",2019,0,57.0147981395349,-163.993271976744,4,-6.49007147502806
"G-07",2021,0,57.0147981395349,-163.993271976744,3,-6.49007147502806
"G-07",2022,0,57.0147981395349,-163.993271976744,2.4,-6.49007147502806
"G-07",2023,0,57.0147981395349,-163.993271976744,2.8,-6.49007147502806
"G-08",1988,0,57.0039678212291,-163.395090782123,0.5,-6.49007147502806
"G-08",1989,0,57.0039678212291,-163.395090782123,1,-6.49007147502806
"G-08",1990,0,57.0039678212291,-163.395090782123,2.5,-6.49007147502806
"G-08",1991,0,57.0039678212291,-163.395090782123,2.8,-6.49007147502806
"G-08",1992,0,57.0039678212291,-163.395090782123,0.7,-6.49007147502806
"G-08",1993,0,57.0039678212291,-163.395090782123,2.5,-6.49007147502806
"G-08",1994,0,57.0039678212291,-163.395090782123,1.7,-6.49007147502806
"G-08",1995,0,57.0039678212291,-163.395090782123,0.6,-6.49007147502806
"G-08",1996,0,57.0039678212291,-163.395090782123,3.5,-6.49007147502806
"G-08",1997,0,57.0039678212291,-163.395090782123,1,-6.49007147502806
"G-08",1998,0,57.0039678212291,-163.395090782123,3.3,-6.49007147502806
"G-08",1999,0,57.0039678212291,-163.395090782123,-0.3,-6.49007147502806
"G-08",2000,0,57.0039678212291,-163.395090782123,0.9,-6.49007147502806
"G-08",2001,0,57.0039678212291,-163.395090782123,2.5,-6.49007147502806
"G-08",2002,0,57.0039678212291,-163.395090782123,1.6,-6.49007147502806
"G-08",2003,0,57.0039678212291,-163.395090782123,3.7,-6.49007147502806
"G-08",2004,0,57.0039678212291,-163.395090782123,3.2,-6.49007147502806
"G-08",2005,0,57.0039678212291,-163.395090782123,3.4,-6.49007147502806
"G-08",2006,0,57.0039678212291,-163.395090782123,1.5,-6.49007147502806
"G-08",2007,0,57.0039678212291,-163.395090782123,0.8,-6.49007147502806
"G-08",2008,0,57.0039678212291,-163.395090782123,1.1,-6.49007147502806
"G-08",2009,0,57.0039678212291,-163.395090782123,0.4,-6.49007147502806
"G-08",2010,0,57.0039678212291,-163.395090782123,-0.6,-6.49007147502806
"G-08",2011,0,57.0039678212291,-163.395090782123,2,-6.49007147502806
"G-08",2012,21.2329303859305,57.0039678212291,-163.395090782123,-0.5,3.05562480752558
"G-08",2013,0,57.0039678212291,-163.395090782123,0,-6.49007147502806
"G-08",2014,0,57.0039678212291,-163.395090782123,3.8,-6.49007147502806
"G-08",2015,0,57.0039678212291,-163.395090782123,4,-6.49007147502806
"G-08",2016,0,57.0039678212291,-163.395090782123,4.9,-6.49007147502806
"G-08",2017,0,57.0039678212291,-163.395090782123,0.6,-6.49007147502806
"G-08",2018,0,57.0039678212291,-163.395090782123,4.5,-6.49007147502806
"G-08",2019,0,57.0039678212291,-163.395090782123,4.1,-6.49007147502806
"G-08",2021,0,57.0039678212291,-163.395090782123,3.1,-6.49007147502806
"G-08",2022,0,57.0039678212291,-163.395090782123,2.1,-6.49007147502806
"G-08",2023,0,57.0039678212291,-163.395090782123,2.7,-6.49007147502806
"G-09",1988,0,56.9924834653465,-162.784454257426,1.1,-6.49007147502806
"G-09",1989,0,56.9924834653465,-162.784454257426,1.7,-6.49007147502806
"G-09",1990,0,56.9924834653465,-162.784454257426,3,-6.49007147502806
"G-09",1991,0,56.9924834653465,-162.784454257426,2.3,-6.49007147502806
"G-09",1992,0,56.9924834653465,-162.784454257426,NA,-6.49007147502806
"G-09",1993,0,56.9924834653465,-162.784454257426,3.4,-6.49007147502806
"G-09",1994,0,56.9924834653465,-162.784454257426,1.6,-6.49007147502806
"G-09",1995,0,56.9924834653465,-162.784454257426,1.4,-6.49007147502806
"G-09",1996,0,56.9924834653465,-162.784454257426,4.4,-6.49007147502806
"G-09",1997,0,56.9924834653465,-162.784454257426,1.3,-6.49007147502806
"G-09",1998,0,56.9924834653465,-162.784454257426,3.3,-6.49007147502806
"G-09",1999,0,56.9924834653465,-162.784454257426,0,-6.49007147502806
"G-09",2000,0,56.9924834653465,-162.784454257426,0.8,-6.49007147502806
"G-09",2001,0,56.9924834653465,-162.784454257426,2.5,-6.49007147502806
"G-09",2002,0,56.9924834653465,-162.784454257426,2.7,-6.49007147502806
"G-09",2003,0,56.9924834653465,-162.784454257426,4.1,-6.49007147502806
"G-09",2004,0,56.9924834653465,-162.784454257426,3.7,-6.49007147502806
"G-09",2005,0,56.9924834653465,-162.784454257426,4.1,-6.49007147502806
"G-09",2006,0,56.9924834653465,-162.784454257426,2.1,-6.49007147502806
"G-09",2007,0,56.9924834653465,-162.784454257426,1.4,-6.49007147502806
"G-09",2008,0,56.9924834653465,-162.784454257426,0.7,-6.49007147502806
"G-09",2009,0,56.9924834653465,-162.784454257426,1,-6.49007147502806
"G-09",2010,0,56.9924834653465,-162.784454257426,0.8,-6.49007147502806
"G-09",2011,0,56.9924834653465,-162.784454257426,2.1,-6.49007147502806
"G-09",2012,0,56.9924834653465,-162.784454257426,0.1,-6.49007147502806
"G-09",2013,0,56.9924834653465,-162.784454257426,0.9,-6.49007147502806
"G-09",2014,0,56.9924834653465,-162.784454257426,4,-6.49007147502806
"G-09",2015,0,56.9924834653465,-162.784454257426,4.6,-6.49007147502806
"G-09",2016,0,56.9924834653465,-162.784454257426,5.3,-6.49007147502806
"G-09",2017,0,56.9924834653465,-162.784454257426,0.9,-6.49007147502806
"G-09",2018,0,56.9924834653465,-162.784454257426,4.6,-6.49007147502806
"G-09",2019,0,56.9924834653465,-162.784454257426,4.8,-6.49007147502806
"G-09",2021,0,56.9924834653465,-162.784454257426,3.8,-6.49007147502806
"G-09",2022,0,56.9924834653465,-162.784454257426,3.1,-6.49007147502806
"G-09",2023,0,56.9924834653465,-162.784454257426,2,-6.49007147502806
"G-10",1988,0,56.9988637142857,-162.170010285714,2.1,-6.49007147502806
"G-10",1989,0,56.9988637142857,-162.170010285714,1.8,-6.49007147502806
"G-10",1990,0,56.9988637142857,-162.170010285714,NA,-6.49007147502806
"G-10",1991,0,56.9988637142857,-162.170010285714,3,-6.49007147502806
"G-10",1992,0,56.9988637142857,-162.170010285714,2.1,-6.49007147502806
"G-10",1993,0,56.9988637142857,-162.170010285714,3.8,-6.49007147502806
"G-10",1994,0,56.9988637142857,-162.170010285714,2.4,-6.49007147502806
"G-10",1995,0,56.9988637142857,-162.170010285714,1.4,-6.49007147502806
"G-10",1996,0,56.9988637142857,-162.170010285714,4.5,-6.49007147502806
"G-10",1997,0,56.9988637142857,-162.170010285714,1.7,-6.49007147502806
"G-10",1998,0,56.9988637142857,-162.170010285714,3.4,-6.49007147502806
"G-10",1999,0,56.9988637142857,-162.170010285714,-0.3,-6.49007147502806
"G-10",2000,0,56.9988637142857,-162.170010285714,0.7,-6.49007147502806
"G-10",2001,0,56.9988637142857,-162.170010285714,3.3,-6.49007147502806
"G-10",2002,0,56.9988637142857,-162.170010285714,2.4,-6.49007147502806
"G-10",2003,0,56.9988637142857,-162.170010285714,4.4,-6.49007147502806
"G-10",2004,0,56.9988637142857,-162.170010285714,4.1,-6.49007147502806
"G-10",2005,0,56.9988637142857,-162.170010285714,4.1,-6.49007147502806
"G-10",2006,0,56.9988637142857,-162.170010285714,2.4,-6.49007147502806
"G-10",2007,0,56.9988637142857,-162.170010285714,1.6,-6.49007147502806
"G-10",2008,0,56.9988637142857,-162.170010285714,0.9,-6.49007147502806
"G-10",2009,0,56.9988637142857,-162.170010285714,1,-6.49007147502806
"G-10",2010,0,56.9988637142857,-162.170010285714,2.2,-6.49007147502806
"G-10",2011,0,56.9988637142857,-162.170010285714,2.3,-6.49007147502806
"G-10",2012,0,56.9988637142857,-162.170010285714,0.7,-6.49007147502806
"G-10",2013,0,56.9988637142857,-162.170010285714,1.9,-6.49007147502806
"G-10",2014,0,56.9988637142857,-162.170010285714,4.3,-6.49007147502806
"G-10",2015,0,56.9988637142857,-162.170010285714,4.9,-6.49007147502806
"G-10",2016,0,56.9988637142857,-162.170010285714,5.6,-6.49007147502806
"G-10",2017,0,56.9988637142857,-162.170010285714,3,-6.49007147502806
"G-10",2018,0,56.9988637142857,-162.170010285714,4.7,-6.49007147502806
"G-10",2019,0,56.9988637142857,-162.170010285714,4.9,-6.49007147502806
"G-10",2021,0,56.9988637142857,-162.170010285714,4.6,-6.49007147502806
"G-10",2022,0,56.9988637142857,-162.170010285714,3.7,-6.49007147502806
"G-10",2023,0,56.9988637142857,-162.170010285714,3,-6.49007147502806
"G-11",1988,0,57.0017725806452,-161.564160322581,1.9,-6.49007147502806
"G-11",1989,0,57.0017725806452,-161.564160322581,2,-6.49007147502806
"G-11",1990,0,57.0017725806452,-161.564160322581,2.6,-6.49007147502806
"G-11",1991,0,57.0017725806452,-161.564160322581,3,-6.49007147502806
"G-11",1992,0,57.0017725806452,-161.564160322581,NA,-6.49007147502806
"G-11",1993,0,57.0017725806452,-161.564160322581,3.2,-6.49007147502806
"G-11",1994,0,57.0017725806452,-161.564160322581,1.7,-6.49007147502806
"G-11",1995,0,57.0017725806452,-161.564160322581,2,-6.49007147502806
"G-11",1996,0,57.0017725806452,-161.564160322581,3.9,-6.49007147502806
"G-11",1997,0,57.0017725806452,-161.564160322581,NA,-6.49007147502806
"G-11",1998,0,57.0017725806452,-161.564160322581,3,-6.49007147502806
"G-11",1999,0,57.0017725806452,-161.564160322581,-0.3,-6.49007147502806
"G-11",2000,0,57.0017725806452,-161.564160322581,0.9,-6.49007147502806
"G-11",2001,0,57.0017725806452,-161.564160322581,3.5,-6.49007147502806
"G-11",2002,0,57.0017725806452,-161.564160322581,2.3,-6.49007147502806
"G-11",2003,0,57.0017725806452,-161.564160322581,4,-6.49007147502806
"G-11",2004,0,57.0017725806452,-161.564160322581,3.4,-6.49007147502806
"G-11",2005,0,57.0017725806452,-161.564160322581,3.7,-6.49007147502806
"G-11",2006,0,57.0017725806452,-161.564160322581,2.4,-6.49007147502806
"G-11",2007,0,57.0017725806452,-161.564160322581,1.2,-6.49007147502806
"G-11",2008,0,57.0017725806452,-161.564160322581,0.8,-6.49007147502806
"G-11",2009,0,57.0017725806452,-161.564160322581,0.9,-6.49007147502806
"G-11",2010,0,57.0017725806452,-161.564160322581,1.5,-6.49007147502806
"G-11",2011,0,57.0017725806452,-161.564160322581,2.8,-6.49007147502806
"G-11",2012,0,57.0017725806452,-161.564160322581,0.3,-6.49007147502806
"G-11",2013,0,57.0017725806452,-161.564160322581,2,-6.49007147502806
"G-11",2014,0,57.0017725806452,-161.564160322581,3.6,-6.49007147502806
"G-11",2015,0,57.0017725806452,-161.564160322581,4.6,-6.49007147502806
"G-11",2016,0,57.0017725806452,-161.564160322581,5.2,-6.49007147502806
"G-11",2017,0,57.0017725806452,-161.564160322581,2,-6.49007147502806
"G-11",2018,0,57.0017725806452,-161.564160322581,4.5,-6.49007147502806
"G-11",2019,0,57.0017725806452,-161.564160322581,4.8,-6.49007147502806
"G-11",2021,0,57.0017725806452,-161.564160322581,3.9,-6.49007147502806
"G-11",2022,0,57.0017725806452,-161.564160322581,3.3,-6.49007147502806
"G-11",2023,0,57.0017725806452,-161.564160322581,3.3,-6.49007147502806
"G-12",1988,0,57.001007027027,-160.951084054054,2.5,-6.49007147502806
"G-12",1989,0,57.001007027027,-160.951084054054,1.8,-6.49007147502806
"G-12",1990,0,57.001007027027,-160.951084054054,NA,-6.49007147502806
"G-12",1991,0,57.001007027027,-160.951084054054,3,-6.49007147502806
"G-12",1992,0,57.001007027027,-160.951084054054,2.6,-6.49007147502806
"G-12",1993,0,57.001007027027,-160.951084054054,3.7,-6.49007147502806
"G-12",1994,0,57.001007027027,-160.951084054054,2.6,-6.49007147502806
"G-12",1995,0,57.001007027027,-160.951084054054,2.3,-6.49007147502806
"G-12",1996,0,57.001007027027,-160.951084054054,4.2,-6.49007147502806
"G-12",1997,0,57.001007027027,-160.951084054054,2.6,-6.49007147502806
"G-12",1998,0,57.001007027027,-160.951084054054,3.4,-6.49007147502806
"G-12",1999,0,57.001007027027,-160.951084054054,-0.7,-6.49007147502806
"G-12",2000,0,57.001007027027,-160.951084054054,0.9,-6.49007147502806
"G-12",2001,0,57.001007027027,-160.951084054054,3.5,-6.49007147502806
"G-12",2002,0,57.001007027027,-160.951084054054,2.9,-6.49007147502806
"G-12",2003,0,57.001007027027,-160.951084054054,4.2,-6.49007147502806
"G-12",2004,0,57.001007027027,-160.951084054054,4,-6.49007147502806
"G-12",2005,0,57.001007027027,-160.951084054054,4.2,-6.49007147502806
"G-12",2006,0,57.001007027027,-160.951084054054,2,-6.49007147502806
"G-12",2007,0,57.001007027027,-160.951084054054,1.3,-6.49007147502806
"G-12",2008,0,57.001007027027,-160.951084054054,1.1,-6.49007147502806
"G-12",2009,0,57.001007027027,-160.951084054054,1.5,-6.49007147502806
"G-12",2010,0,57.001007027027,-160.951084054054,2.1,-6.49007147502806
"G-12",2011,0,57.001007027027,-160.951084054054,3.2,-6.49007147502806
"G-12",2012,0,57.001007027027,-160.951084054054,0.1,-6.49007147502806
"G-12",2013,0,57.001007027027,-160.951084054054,2.6,-6.49007147502806
"G-12",2014,0,57.001007027027,-160.951084054054,4.3,-6.49007147502806
"G-12",2015,0,57.001007027027,-160.951084054054,4.4,-6.49007147502806
"G-12",2016,0,57.001007027027,-160.951084054054,5.4,-6.49007147502806
"G-12",2017,0,57.001007027027,-160.951084054054,3.2,-6.49007147502806
"G-12",2018,0,57.001007027027,-160.951084054054,4.8,-6.49007147502806
"G-12",2019,0,57.001007027027,-160.951084054054,4.8,-6.49007147502806
"G-12",2021,0,57.001007027027,-160.951084054054,4,-6.49007147502806
"G-12",2022,0,57.001007027027,-160.951084054054,3.8,-6.49007147502806
"G-12",2023,0,57.001007027027,-160.951084054054,3.1,-6.49007147502806
"G-13",1988,0,56.99518,-160.335945,2.6,-6.49007147502806
"G-13",1989,0,56.99518,-160.335945,NA,-6.49007147502806
"G-13",1990,0,56.99518,-160.335945,3.4,-6.49007147502806
"G-13",1991,0,56.99518,-160.335945,3.4,-6.49007147502806
"G-13",1992,0,56.99518,-160.335945,NA,-6.49007147502806
"G-13",1993,0,56.99518,-160.335945,3.8,-6.49007147502806
"G-13",1994,0,56.99518,-160.335945,2.3,-6.49007147502806
"G-13",1995,0,56.99518,-160.335945,2.4,-6.49007147502806
"G-13",1996,0,56.99518,-160.335945,NA,-6.49007147502806
"G-13",1997,0,56.99518,-160.335945,2.8,-6.49007147502806
"G-13",1998,0,56.99518,-160.335945,3.8,-6.49007147502806
"G-13",1999,0,56.99518,-160.335945,-0.6,-6.49007147502806
"G-13",2000,0,56.99518,-160.335945,1.1,-6.49007147502806
"G-13",2001,0,56.99518,-160.335945,3.7,-6.49007147502806
"G-13",2002,0,56.99518,-160.335945,3.5,-6.49007147502806
"G-13",2003,0,56.99518,-160.335945,4.3,-6.49007147502806
"G-13",2004,0,56.99518,-160.335945,3.7,-6.49007147502806
"G-13",2005,0,56.99518,-160.335945,4.6,-6.49007147502806
"G-13",2006,0,56.99518,-160.335945,2.4,-6.49007147502806
"G-13",2007,0,56.99518,-160.335945,1.5,-6.49007147502806
"G-13",2008,0,56.99518,-160.335945,0.9,-6.49007147502806
"G-13",2009,0,56.99518,-160.335945,1,-6.49007147502806
"G-13",2010,0,56.99518,-160.335945,2.3,-6.49007147502806
"G-13",2011,0,56.99518,-160.335945,3.4,-6.49007147502806
"G-13",2012,0,56.99518,-160.335945,0.3,-6.49007147502806
"G-13",2013,0,56.99518,-160.335945,3,-6.49007147502806
"G-13",2014,0,56.99518,-160.335945,5,-6.49007147502806
"G-13",2015,0,56.99518,-160.335945,4.5,-6.49007147502806
"G-13",2016,0,56.99518,-160.335945,5.5,-6.49007147502806
"G-13",2017,0,56.99518,-160.335945,3.6,-6.49007147502806
"G-13",2018,0,56.99518,-160.335945,4.8,-6.49007147502806
"G-13",2019,0,56.99518,-160.335945,5.2,-6.49007147502806
"G-13",2021,0,56.99518,-160.335945,4.3,-6.49007147502806
"G-13",2022,0,56.99518,-160.335945,3.8,-6.49007147502806
"G-13",2023,0,56.99518,-160.335945,3.3,-6.49007147502806
"G-14",1988,0,56.9969705714286,-159.701606285714,3.5,-6.49007147502806
"G-14",1989,0,56.9969705714286,-159.701606285714,2.7,-6.49007147502806
"G-14",1990,0,56.9969705714286,-159.701606285714,NA,-6.49007147502806
"G-14",1991,0,56.9969705714286,-159.701606285714,3.6,-6.49007147502806
"G-14",1992,0,56.9969705714286,-159.701606285714,2.3,-6.49007147502806
"G-14",1993,0,56.9969705714286,-159.701606285714,4.1,-6.49007147502806
"G-14",1994,0,56.9969705714286,-159.701606285714,3,-6.49007147502806
"G-14",1995,0,56.9969705714286,-159.701606285714,2.3,-6.49007147502806
"G-14",1996,0,56.9969705714286,-159.701606285714,4.7,-6.49007147502806
"G-14",1997,0,56.9969705714286,-159.701606285714,3.8,-6.49007147502806
"G-14",1998,0,56.9969705714286,-159.701606285714,4.9,-6.49007147502806
"G-14",1999,0,56.9969705714286,-159.701606285714,-0.4,-6.49007147502806
"G-14",2000,0,56.9969705714286,-159.701606285714,1.3,-6.49007147502806
"G-14",2001,0,56.9969705714286,-159.701606285714,4,-6.49007147502806
"G-14",2002,0,56.9969705714286,-159.701606285714,4,-6.49007147502806
"G-14",2003,0,56.9969705714286,-159.701606285714,4.4,-6.49007147502806
"G-14",2004,0,56.9969705714286,-159.701606285714,3.9,-6.49007147502806
"G-14",2005,0,56.9969705714286,-159.701606285714,5.1,-6.49007147502806
"G-14",2006,0,56.9969705714286,-159.701606285714,2.9,-6.49007147502806
"G-14",2007,0,56.9969705714286,-159.701606285714,2.1,-6.49007147502806
"G-14",2008,0,56.9969705714286,-159.701606285714,1.3,-6.49007147502806
"G-14",2009,0,56.9969705714286,-159.701606285714,1.5,-6.49007147502806
"G-14",2010,0,56.9969705714286,-159.701606285714,2.6,-6.49007147502806
"G-14",2011,0,56.9969705714286,-159.701606285714,3.9,-6.49007147502806
"G-14",2012,0,56.9969705714286,-159.701606285714,0,-6.49007147502806
"G-14",2013,0,56.9969705714286,-159.701606285714,3.5,-6.49007147502806
"G-14",2014,0,56.9969705714286,-159.701606285714,5.5,-6.49007147502806
"G-14",2015,0,56.9969705714286,-159.701606285714,4.8,-6.49007147502806
"G-14",2016,0,56.9969705714286,-159.701606285714,5.8,-6.49007147502806
"G-14",2017,0,56.9969705714286,-159.701606285714,3.7,-6.49007147502806
"G-14",2018,0,56.9969705714286,-159.701606285714,5.1,-6.49007147502806
"G-14",2019,0,56.9969705714286,-159.701606285714,5.7,-6.49007147502806
"G-14",2021,0,56.9969705714286,-159.701606285714,4.9,-6.49007147502806
"G-14",2022,0,56.9969705714286,-159.701606285714,4.2,-6.49007147502806
"G-14",2023,0,56.9969705714286,-159.701606285714,3.7,-6.49007147502806
"G-15",1988,0,57.0054238888889,-159.122054166667,4.4,-6.49007147502806
"G-15",1989,0,57.0054238888889,-159.122054166667,4,-6.49007147502806
"G-15",1990,0,57.0054238888889,-159.122054166667,NA,-6.49007147502806
"G-15",1991,0,57.0054238888889,-159.122054166667,4.8,-6.49007147502806
"G-15",1992,0,57.0054238888889,-159.122054166667,NA,-6.49007147502806
"G-15",1993,0,57.0054238888889,-159.122054166667,5.9,-6.49007147502806
"G-15",1994,0,57.0054238888889,-159.122054166667,3.6,-6.49007147502806
"G-15",1995,0,57.0054238888889,-159.122054166667,3.2,-6.49007147502806
"G-15",1996,0,57.0054238888889,-159.122054166667,6,-6.49007147502806
"G-15",1997,0,57.0054238888889,-159.122054166667,5.3,-6.49007147502806
"G-15",1998,0,57.0054238888889,-159.122054166667,5.4,-6.49007147502806
"G-15",1999,0,57.0054238888889,-159.122054166667,-0.2,-6.49007147502806
"G-15",2000,0,57.0054238888889,-159.122054166667,2.8,-6.49007147502806
"G-15",2001,0,57.0054238888889,-159.122054166667,4.6,-6.49007147502806
"G-15",2002,0,57.0054238888889,-159.122054166667,5.3,-6.49007147502806
"G-15",2003,0,57.0054238888889,-159.122054166667,5.3,-6.49007147502806
"G-15",2004,0,57.0054238888889,-159.122054166667,6.2,-6.49007147502806
"G-15",2005,0,57.0054238888889,-159.122054166667,5.8,-6.49007147502806
"G-15",2006,0,57.0054238888889,-159.122054166667,4.3,-6.49007147502806
"G-15",2007,0,57.0054238888889,-159.122054166667,4.5,-6.49007147502806
"G-15",2008,0,57.0054238888889,-159.122054166667,2.1,-6.49007147502806
"G-15",2009,0,57.0054238888889,-159.122054166667,3.6,-6.49007147502806
"G-15",2010,0,57.0054238888889,-159.122054166667,3.1,-6.49007147502806
"G-15",2011,0,57.0054238888889,-159.122054166667,4,-6.49007147502806
"G-15",2012,0,57.0054238888889,-159.122054166667,1.3,-6.49007147502806
"G-15",2013,0,57.0054238888889,-159.122054166667,4.7,-6.49007147502806
"G-15",2014,0,57.0054238888889,-159.122054166667,6.7,-6.49007147502806
"G-15",2015,0,57.0054238888889,-159.122054166667,6.5,-6.49007147502806
"G-15",2016,0,57.0054238888889,-159.122054166667,7.5,-6.49007147502806
"G-15",2017,0,57.0054238888889,-159.122054166667,5.2,-6.49007147502806
"G-15",2018,0,57.0054238888889,-159.122054166667,6,-6.49007147502806
"G-15",2019,0,57.0054238888889,-159.122054166667,7.3,-6.49007147502806
"G-15",2021,0,57.0054238888889,-159.122054166667,5.5,-6.49007147502806
"G-15",2022,0,57.0054238888889,-159.122054166667,5.1,-6.49007147502806
"G-15",2023,0,57.0054238888889,-159.122054166667,4.4,-6.49007147502806
"G-18",1988,131.051267515421,56.9975366444792,-168.338651139389,1.6,4.87560018826833
"G-18",1989,45.5237127092137,56.9975366444792,-168.338651139389,3.5,3.8182667030239
"G-18",1990,1901.31948473111,56.9975366444792,-168.338651139389,2.5,7.55030418839706
"G-18",1991,156.676173329809,56.9975366444792,-168.338651139389,NA,5.05419077656174
"G-18",1992,527.537847017345,56.9975366444792,-168.338651139389,0,6.26822348902613
"G-18",1993,211.815738491822,56.9975366444792,-168.338651139389,2.8,5.35572390733779
"G-18",1994,24.1454842162688,56.9975366444792,-168.338651139389,2.8,3.18416025880341
"G-18",1995,4481.67149933374,56.9975366444792,-168.338651139389,0.4,8.40775169716458
"G-18",1996,30.3660447779712,56.9975366444792,-168.338651139389,3.6,3.41337503936982
"G-18",1997,41.7127025871025,56.9975366444792,-168.338651139389,2.8,3.73084210250297
"G-18",1998,21.0803556891936,56.9975366444792,-168.338651139389,3.8,3.04841362530323
"G-18",1999,0,56.9975366444792,-168.338651139389,2.5,-6.49007147502806
"G-18",2000,0,56.9975366444792,-168.338651139389,2.5,-6.49007147502806
"G-18",2001,0,56.9975366444792,-168.338651139389,3.1,-6.49007147502806
"G-18",2002,0,56.9975366444792,-168.338651139389,3.3,-6.49007147502806
"G-18",2003,0,56.9975366444792,-168.338651139389,3.8,-6.49007147502806
"G-18",2004,0,56.9975366444792,-168.338651139389,3.6,-6.49007147502806
"G-18",2005,0,56.9975366444792,-168.338651139389,3.7,-6.49007147502806
"G-18",2006,45.2932227665013,56.9975366444792,-168.338651139389,3.1,3.81319093760399
"G-18",2007,2416.90079923519,56.9975366444792,-168.338651139389,1.9,7.79024196518909
"G-18",2008,213.724281216448,56.9975366444792,-168.338651139389,0.7,5.36469388342792
"G-18",2009,3129.82690272207,56.9975366444792,-168.338651139389,-0.1,8.04873346451171
"G-18",2010,816.608218981399,56.9975366444792,-168.338651139389,-0.5,6.70516130316152
"G-18",2011,21.0995468463273,56.9975366444792,-168.338651139389,3.4,3.04932352673368
"G-18",2012,141.980809568654,56.9975366444792,-168.338651139389,0.3,4.95570259921669
"G-18",2013,63.9069850787817,56.9975366444792,-168.338651139389,1,4.15745242794845
"G-18",2014,21.9095683801731,56.9975366444792,-168.338651139389,3.1,3.08699275624053
"G-18",2015,0,56.9975366444792,-168.338651139389,3.7,-6.49007147502806
"G-18",2016,0,56.9975366444792,-168.338651139389,4.4,-6.49007147502806
"G-18",2017,21.1489032019499,56.9975366444792,-168.338651139389,2.3,3.05165984110556
"G-18",2018,0,56.9975366444792,-168.338651139389,4.5,-6.49007147502806
"G-18",2019,0,56.9975366444792,-168.338651139389,4.3,-6.49007147502806
"G-18",2021,0,56.9975366444792,-168.338651139389,3.8,-6.49007147502806
"G-18",2022,0,56.9975366444792,-168.338651139389,2.6,-6.49007147502806
"G-18",2023,0,56.9975366444792,-168.338651139389,3.5,-6.49007147502806
"G-19",1988,165.236532075283,56.9988856304139,-168.954751280077,1.8,5.10738716456352
"G-19",1989,2400.98335721034,56.9988856304139,-168.954751280077,3.6,7.78363429701391
"G-19",1990,200.623318839758,56.9988856304139,-168.954751280077,NA,5.30143668281969
"G-19",1991,131.743867143889,56.9988856304139,-168.954751280077,2.5,4.88087116278051
"G-19",1992,0,56.9988856304139,-168.954751280077,0.7,-6.49007147502806
"G-19",1993,18.0191623628492,56.9988856304139,-168.954751280077,2.8,2.8915200318951
"G-19",1994,64.8575431560848,56.9988856304139,-168.954751280077,2.4,4.17221663263634
"G-19",1995,145.152366652761,56.9988856304139,-168.954751280077,0.6,4.97779445616986
"G-19",1996,322.694359501607,56.9988856304139,-168.954751280077,3.4,5.77671032532303
"G-19",1997,580.729923057896,56.9988856304139,-168.954751280077,2.5,6.36428841504584
"G-19",1998,58.8377882216509,56.9988856304139,-168.954751280077,3.8,4.07481011221929
"G-19",1999,59.0012959523009,56.9988856304139,-168.954751280077,2.5,4.07758514434048
"G-19",2000,19.8138150443221,56.9988856304139,-168.954751280077,2.7,2.98645605641729
"G-19",2001,43.2646490453139,56.9988856304139,-168.954751280077,3.3,3.76737097822687
"G-19",2002,22.1815892543713,56.9988856304139,-168.954751280077,3.6,3.09933108458912
"G-19",2003,0,56.9988856304139,-168.954751280077,3.7,-6.49007147502806
"G-19",2004,19.0272309961063,56.9988856304139,-168.954751280077,3.7,2.94595096378244
"G-19",2005,0,56.9988856304139,-168.954751280077,4.1,-6.49007147502806
"G-19",2006,0,56.9988856304139,-168.954751280077,3,-6.49007147502806
"G-19",2007,41.0764137611805,56.9988856304139,-168.954751280077,1.3,3.71547104790384
"G-19",2008,312.10288148536,56.9988856304139,-168.954751280077,0.5,5.74333774698522
"G-19",2009,842.790791282168,56.9988856304139,-168.954751280077,0.1,6.7367205572119
"G-19",2010,380.70792159557,56.9988856304139,-168.954751280077,-0.4,5.94203645960333
"G-19",2011,21.4691849569709,56.9988856304139,-168.954751280077,3.1,3.06668937322848
"G-19",2012,42.6951752623741,56.9988856304139,-168.954751280077,0,3.75412148639
"G-19",2013,0,56.9988856304139,-168.954751280077,1.6,-6.49007147502806
"G-19",2014,67.3687899916744,56.9988856304139,-168.954751280077,3.2,4.21020439314448
"G-19",2015,0,56.9988856304139,-168.954751280077,4.2,-6.49007147502806
"G-19",2016,212.938504248514,56.9988856304139,-168.954751280077,4.7,5.36101054243754
"G-19",2017,899.578064654679,56.9988856304139,-168.954751280077,2.8,6.80192752429088
"G-19",2018,44.9152378511208,56.9988856304139,-168.954751280077,4.5,3.80481091647918
"G-19",2019,18.3770125899362,56.9988856304139,-168.954751280077,4.3,2.91118319155785
"G-19",2021,0,56.9988856304139,-168.954751280077,4.2,-6.49007147502806
"G-19",2022,0,56.9988856304139,-168.954751280077,3.1,-6.49007147502806
"G-19",2023,0,56.9988856304139,-168.954751280077,3.7,-6.49007147502806
"G-20",1988,1167.45551384596,57.0080367654987,-169.552607486523,1.8,7.06258318568501
"G-20",1989,107.361347258408,57.0080367654987,-169.552607486523,4.5,4.67621436529338
"G-20",1990,0,57.0080367654987,-169.552607486523,2.5,-6.49007147502806
"G-20",1991,0,57.0080367654987,-169.552607486523,3,-6.49007147502806
"G-20",1992,106.655566010086,57.0080367654987,-169.552607486523,0.7,4.66961886981441
"G-20",1993,0,57.0080367654987,-169.552607486523,NA,-6.49007147502806
"G-20",1994,0,57.0080367654987,-169.552607486523,NA,-6.49007147502806
"G-20",1995,22.3499467633014,57.0080367654987,-169.552607486523,0.9,3.10689187612668
"G-20",1996,0,57.0080367654987,-169.552607486523,5.4,-6.49007147502806
"G-20",1997,0,57.0080367654987,-169.552607486523,2.8,-6.49007147502806
"G-20",1998,0,57.0080367654987,-169.552607486523,3,-6.49007147502806
"G-20",1999,0,57.0080367654987,-169.552607486523,2.2,-6.49007147502806
"G-20",2000,0,57.0080367654987,-169.552607486523,3,-6.49007147502806
"G-20",2001,0,57.0080367654987,-169.552607486523,3.8,-6.49007147502806
"G-20",2002,0,57.0080367654987,-169.552607486523,3.9,-6.49007147502806
"G-20",2003,20.968076619367,57.0080367654987,-169.552607486523,5.4,3.04307353427629
"G-20",2004,0,57.0080367654987,-169.552607486523,3.8,-6.49007147502806
"G-20",2005,0,57.0080367654987,-169.552607486523,5.4,-6.49007147502806
"G-20",2006,20.2213794579568,57.0080367654987,-169.552607486523,2.3,3.00681552174213
"G-20",2007,0,57.0080367654987,-169.552607486523,0.5,-6.49007147502806
"G-20",2008,0,57.0080367654987,-169.552607486523,1,-6.49007147502806
"G-20",2009,0,57.0080367654987,-169.552607486523,1.6,-6.49007147502806
"G-20",2010,19.2521096405666,57.0080367654987,-169.552607486523,-0.7,2.95769951471757
"G-20",2011,0,57.0080367654987,-169.552607486523,1.7,-6.49007147502806
"G-20",2012,82.9846356064962,57.0080367654987,-169.552607486523,-0.1,4.4186737751696
"G-20",2013,105.858230507675,57.0080367654987,-169.552607486523,0.5,4.66211509488111
"G-20",2014,0,57.0080367654987,-169.552607486523,4,-6.49007147502806
"G-20",2015,24.1585867522571,57.0080367654987,-169.552607486523,4.8,3.18470272706089
"G-20",2016,0,57.0080367654987,-169.552607486523,5,-6.49007147502806
"G-20",2017,0,57.0080367654987,-169.552607486523,3.9,-6.49007147502806
"G-20",2018,0,57.0080367654987,-169.552607486523,4.9,-6.49007147502806
"G-20",2019,0,57.0080367654987,-169.552607486523,5.3,-6.49007147502806
"G-20",2021,0,57.0080367654987,-169.552607486523,5.4,-6.49007147502806
"G-20",2022,0,57.0080367654987,-169.552607486523,2.2,-6.49007147502806
"G-20",2023,0,57.0080367654987,-169.552607486523,3.1,-6.49007147502806
"G-21",1988,23.9502421087962,57.0034385771543,-170.165541262525,3.9,3.17604183051933
"G-21",1989,0,57.0034385771543,-170.165541262525,5.4,-6.49007147502806
"G-21",1990,0,57.0034385771543,-170.165541262525,3.6,-6.49007147502806
"G-21",1991,0,57.0034385771543,-170.165541262525,5.3,-6.49007147502806
"G-21",1992,0,57.0034385771543,-170.165541262525,3.9,-6.49007147502806
"G-21",1993,130.587096900261,57.0034385771543,-170.165541262525,4.8,4.87205204107276
"G-21",1994,39.8008512929036,57.0034385771543,-170.165541262525,1.8,3.68392645155752
"G-21",1995,0,57.0034385771543,-170.165541262525,2.6,-6.49007147502806
"G-21",1996,0,57.0034385771543,-170.165541262525,5.8,-6.49007147502806
"G-21",1997,0,57.0034385771543,-170.165541262525,3.7,-6.49007147502806
"G-21",1998,0,57.0034385771543,-170.165541262525,4.1,-6.49007147502806
"G-21",1999,0,57.0034385771543,-170.165541262525,2,-6.49007147502806
"G-21",2000,0,57.0034385771543,-170.165541262525,3.5,-6.49007147502806
"G-21",2001,0,57.0034385771543,-170.165541262525,4.1,-6.49007147502806
"G-21",2002,0,57.0034385771543,-170.165541262525,4.8,-6.49007147502806
"G-21",2003,0,57.0034385771543,-170.165541262525,5.1,-6.49007147502806
"G-21",2004,0,57.0034385771543,-170.165541262525,4.7,-6.49007147502806
"G-21",2005,0,57.0034385771543,-170.165541262525,6,-6.49007147502806
"G-21",2006,0,57.0034385771543,-170.165541262525,2.8,-6.49007147502806
"G-21",2007,22.0899440691299,57.0034385771543,-170.165541262525,1.7,3.09519122210344
"G-21",2008,137.210524469882,57.0034385771543,-170.165541262525,2.4,4.92152748775422
"G-21",2009,21.2183459214495,57.0034385771543,-170.165541262525,2.3,3.05493774117309
"G-21",2010,0,57.0034385771543,-170.165541262525,1.6,-6.49007147502806
"G-21",2011,0,57.0034385771543,-170.165541262525,3.4,-6.49007147502806
"G-21",2012,0,57.0034385771543,-170.165541262525,1.2,-6.49007147502806
"G-21",2013,0,57.0034385771543,-170.165541262525,2.8,-6.49007147502806
"G-21",2014,0,57.0034385771543,-170.165541262525,4.5,-6.49007147502806
"G-21",2015,0,57.0034385771543,-170.165541262525,5.2,-6.49007147502806
"G-21",2016,0,57.0034385771543,-170.165541262525,6.1,-6.49007147502806
"G-21",2017,0,57.0034385771543,-170.165541262525,4.9,-6.49007147502806
"G-21",2018,0,57.0034385771543,-170.165541262525,5.2,-6.49007147502806
"G-21",2019,0,57.0034385771543,-170.165541262525,5.8,-6.49007147502806
"G-21",2021,0,57.0034385771543,-170.165541262525,5.8,-6.49007147502806
"G-21",2022,0,57.0034385771543,-170.165541262525,3.1,-6.49007147502806
"G-21",2023,0,57.0034385771543,-170.165541262525,3.7,-6.49007147502806
"G-22",1988,98.8958699240314,56.9950900682853,-170.783476138088,3.2,4.59408283144992
"G-22",1989,9969.27783911971,56.9950900682853,-170.783476138088,3.5,9.20726357925624
"G-22",1990,1281.82716445961,56.9950900682853,-170.783476138088,4.3,7.15604299586773
"G-22",1991,0,56.9950900682853,-170.783476138088,3.6,-6.49007147502806
"G-22",1992,349.695233034047,56.9950900682853,-170.783476138088,2.6,5.85706635456241
"G-22",1993,204.299790150928,56.9950900682853,-170.783476138088,3.5,5.31959590704732
"G-22",1994,0,56.9950900682853,-170.783476138088,NA,-6.49007147502806
"G-22",1995,0,56.9950900682853,-170.783476138088,2.8,-6.49007147502806
"G-22",1996,22.7009660801733,56.9950900682853,-170.783476138088,4.6,3.12247436874688
"G-22",1997,0,56.9950900682853,-170.783476138088,3.9,-6.49007147502806
"G-22",1998,0,56.9950900682853,-170.783476138088,4,-6.49007147502806
"G-22",1999,0,56.9950900682853,-170.783476138088,2.8,-6.49007147502806
"G-22",2000,0,56.9950900682853,-170.783476138088,3.1,-6.49007147502806
"G-22",2001,0,56.9950900682853,-170.783476138088,3.4,-6.49007147502806
"G-22",2002,0,56.9950900682853,-170.783476138088,3.9,-6.49007147502806
"G-22",2003,38.3344676426364,56.9950900682853,-170.783476138088,4.6,3.64638903946887
"G-22",2004,26.7966378414593,56.9950900682853,-170.783476138088,4.5,3.28833308970003
"G-22",2005,0,56.9950900682853,-170.783476138088,4.7,-6.49007147502806
"G-22",2006,0,56.9950900682853,-170.783476138088,3.1,-6.49007147502806
"G-22",2007,279.100027613108,56.9950900682853,-170.783476138088,2.3,5.63157567995216
"G-22",2008,59.2444004530744,56.9950900682853,-170.783476138088,2.1,4.08169689820915
"G-22",2009,0,56.9950900682853,-170.783476138088,2.8,-6.49007147502806
"G-22",2010,0,56.9950900682853,-170.783476138088,2.9,-6.49007147502806
"G-22",2011,18.7847619097385,56.9950900682853,-170.783476138088,3.1,2.93312683481944
"G-22",2012,0,56.9950900682853,-170.783476138088,1.9,-6.49007147502806
"G-22",2013,51.7042972961756,56.9950900682853,-170.783476138088,2,3.94557026525843
"G-22",2014,159.826266626999,56.9950900682853,-170.783476138088,3.9,5.07409689223206
"G-22",2015,217.159784565898,56.9950900682853,-170.783476138088,4.9,5.38064040923279
"G-22",2016,0,56.9950900682853,-170.783476138088,5.4,-6.49007147502806
"G-22",2017,0,56.9950900682853,-170.783476138088,3.9,-6.49007147502806
"G-22",2018,0,56.9950900682853,-170.783476138088,4.5,-6.49007147502806
"G-22",2019,0,56.9950900682853,-170.783476138088,4.9,-6.49007147502806
"G-22",2021,0,56.9950900682853,-170.783476138088,4.3,-6.49007147502806
"G-22",2022,0,56.9950900682853,-170.783476138088,3.1,-6.49007147502806
"G-22",2023,19.020440555807,56.9950900682853,-170.783476138088,3.9,2.94559404846333
"G-23",1988,38.1277673277197,57.0011735230677,-171.393107171959,3.9,3.6409826422016
"G-23",1989,7707.60676477206,57.0011735230677,-171.393107171959,3.7,8.94996320873233
"G-23",1990,6072.76628459803,57.0011735230677,-171.393107171959,3.2,8.71156976085714
"G-23",1991,2614.49519509882,57.0011735230677,-171.393107171959,3.1,7.86882689661431
"G-23",1992,2427.87086858523,57.0011735230677,-171.393107171959,3.3,7.7947705919125
"G-23",1993,25184.9769050342,57.0011735230677,-171.393107171959,NA,10.1340030014581
"G-23",1994,1612.45931561813,57.0011735230677,-171.393107171959,NA,7.38551675941904
"G-23",1995,0,57.0011735230677,-171.393107171959,3.2,-6.49007147502806
"G-23",1996,28.8356308336607,57.0011735230677,-171.393107171959,4.1,3.36166446128059
"G-23",1997,20.6424186684771,57.0011735230677,-171.393107171959,NA,3.02742167382528
"G-23",1998,0,57.0011735230677,-171.393107171959,3.5,-6.49007147502806
"G-23",1999,0,57.0011735230677,-171.393107171959,2.7,-6.49007147502806
"G-23",2000,467.251416572112,57.0011735230677,-171.393107171959,3.5,6.1468707277768
"G-23",2001,0,57.0011735230677,-171.393107171959,3.3,-6.49007147502806
"G-23",2002,25.0947996317181,57.0011735230677,-171.393107171959,3.4,3.22272114502673
"G-23",2003,0,57.0011735230677,-171.393107171959,4.6,-6.49007147502806
"G-23",2004,0,57.0011735230677,-171.393107171959,4.2,-6.49007147502806
"G-23",2005,40.4109777439368,57.0011735230677,-171.393107171959,4,3.69913904863547
"G-23",2006,0,57.0011735230677,-171.393107171959,3.4,-6.49007147502806
"G-23",2007,7714.38559632416,57.0011735230677,-171.393107171959,2.5,8.95084232091124
"G-23",2008,10848.5259959413,57.0011735230677,-171.393107171959,2.7,9.29178463679856
"G-23",2009,255.087971750269,57.0011735230677,-171.393107171959,3.1,5.54161442551719
"G-23",2010,0,57.0011735230677,-171.393107171959,3.6,-6.49007147502806
"G-23",2011,0,57.0011735230677,-171.393107171959,3.2,-6.49007147502806
"G-23",2012,9030.88302690216,57.0011735230677,-171.393107171959,2.4,9.10840559790849
"G-23",2013,18.4837905633032,57.0011735230677,-171.393107171959,3,2.91697630870962
"G-23",2014,211.076301468861,57.0011735230677,-171.393107171959,3.8,5.35222688021681
"G-23",2015,8892.3485054171,57.0011735230677,-171.393107171959,4.3,9.09294663821596
"G-23",2016,17196.8317311297,57.0011735230677,-171.393107171959,4.9,9.75248053245351
"G-23",2017,8134.45988272744,57.0011735230677,-171.393107171959,4.4,9.00386480986057
"G-23",2018,17115.8162220351,57.0011735230677,-171.393107171959,4.1,9.74775832899179
"G-23",2019,19956.2696980681,57.0011735230677,-171.393107171959,4.6,9.9012987196136
"G-23",2021,61.4071659727134,57.0011735230677,-171.393107171959,4,4.11755126510559
"G-23",2022,0,57.0011735230677,-171.393107171959,3.4,-6.49007147502806
"G-23",2023,0,57.0011735230677,-171.393107171959,4,-6.49007147502806
"G-24",1988,0,57.0007721347403,-172.036075470779,3.7,-6.49007147502806
"G-24",1989,12026.2041206816,57.0007721347403,-172.036075470779,3.6,9.39484335099781
"G-24",1990,2198.0464302691,57.0007721347403,-172.036075470779,3.7,7.69532494942516
"G-24",1991,397.597304123723,57.0007721347403,-172.036075470779,3.3,5.98544351342038
"G-24",1992,414.614464901831,57.0007721347403,-172.036075470779,4.1,6.02735275049426
"G-24",1993,8388.12197457282,57.0007721347403,-172.036075470779,3.9,9.03457211449489
"G-24",1994,2294.54171273594,57.0007721347403,-172.036075470779,2,7.73828907487614
"G-24",1995,2810.87365689873,57.0007721347403,-172.036075470779,3.4,7.94125116413587
"G-24",1996,349.450803802063,57.0007721347403,-172.036075470779,4,5.85636713532254
"G-24",1997,426.758130422456,57.0007721347403,-172.036075470779,4.3,6.0562209715254
"G-24",1998,0,57.0007721347403,-172.036075470779,3.6,-6.49007147502806
"G-24",1999,0,57.0007721347403,-172.036075470779,2.9,-6.49007147502806
"G-24",2000,0,57.0007721347403,-172.036075470779,3.7,-6.49007147502806
"G-24",2001,0,57.0007721347403,-172.036075470779,3.8,-6.49007147502806
"G-24",2002,20.6165687962112,57.0007721347403,-172.036075470779,3.5,3.0261687117587
"G-24",2003,0,57.0007721347403,-172.036075470779,4.6,-6.49007147502806
"G-24",2004,19.6016303526572,57.0007721347403,-172.036075470779,4.2,2.97569020604396
"G-24",2006,0,57.0007721347403,-172.036075470779,3.7,-6.49007147502806
"G-24",2007,0,57.0007721347403,-172.036075470779,2.6,-6.49007147502806
"G-24",2008,0,57.0007721347403,-172.036075470779,3,-6.49007147502806
"G-24",2009,40.0619487141294,57.0007721347403,-172.036075470779,3.2,3.69046487553403
"G-24",2010,0,57.0007721347403,-172.036075470779,3.7,-6.49007147502806
"G-24",2011,139.452171822696,57.0007721347403,-172.036075470779,3.4,4.93773257670772
"G-24",2012,95.493555943484,57.0007721347403,-172.036075470779,2.7,4.5590746690252
"G-24",2013,21.0423581932168,57.0007721347403,-172.036075470779,3.6,3.04660962154813
"G-24",2014,19.630747730705,57.0007721347403,-172.036075470779,4.1,2.97717444590327
"G-24",2015,0,57.0007721347403,-172.036075470779,4.3,-6.49007147502806
"G-24",2016,7600.28436005259,57.0007721347403,-172.036075470779,4.8,8.93594114115817
"G-24",2017,9823.3898110764,57.0007721347403,-172.036075470779,4.4,9.19252169096716
"G-24",2018,44616.0509908103,57.0007721347403,-172.036075470779,4.1,10.7058489949839
"G-24",2019,393.094271300911,57.0007721347403,-172.036075470779,4.4,5.9740533219695
"G-24",2021,20.3456519772117,57.0007721347403,-172.036075470779,4.1,3.01294185640685
"G-24",2022,0,57.0007721347403,-172.036075470779,3.5,-6.49007147502806
"G-24",2023,0,57.0007721347403,-172.036075470779,3.9,-6.49007147502806
"G-25",1988,0,56.9981199554235,-172.655331352155,4,-6.49007147502806
"G-25",1989,53.6210693971485,56.9981199554235,-172.655331352155,3.6,3.98197039418745
"G-25",1990,0,56.9981199554235,-172.655331352155,3.3,-6.49007147502806
"G-25",1991,1560.12490031356,56.9981199554235,-172.655331352155,3.1,7.35252213462305
"G-25",1992,0,56.9981199554235,-172.655331352155,3.9,-6.49007147502806
"G-25",1993,0,56.9981199554235,-172.655331352155,4,-6.49007147502806
"G-25",1994,83.8476400301211,56.9981199554235,-172.655331352155,NA,4.42901945208999
"G-25",1995,0,56.9981199554235,-172.655331352155,3.2,-6.49007147502806
"G-25",1996,0,56.9981199554235,-172.655331352155,4,-6.49007147502806
"G-25",1997,0,56.9981199554235,-172.655331352155,4.2,-6.49007147502806
"G-25",1998,0,56.9981199554235,-172.655331352155,3.3,-6.49007147502806
"G-25",1999,0,56.9981199554235,-172.655331352155,2.6,-6.49007147502806
"G-25",2000,0,56.9981199554235,-172.655331352155,3.6,-6.49007147502806
"G-25",2001,0,56.9981199554235,-172.655331352155,4.1,-6.49007147502806
"G-25",2002,0,56.9981199554235,-172.655331352155,3.6,-6.49007147502806
"G-25",2003,0,56.9981199554235,-172.655331352155,4.5,-6.49007147502806
"G-25",2004,0,56.9981199554235,-172.655331352155,4.2,-6.49007147502806
"G-25",2005,0,56.9981199554235,-172.655331352155,NA,-6.49007147502806
"G-25",2006,0,56.9981199554235,-172.655331352155,3.9,-6.49007147502806
"G-25",2007,0,56.9981199554235,-172.655331352155,2.8,-6.49007147502806
"G-25",2008,0,56.9981199554235,-172.655331352155,3,-6.49007147502806
"G-25",2009,0,56.9981199554235,-172.655331352155,3.3,-6.49007147502806
"G-25",2010,0,56.9981199554235,-172.655331352155,3.4,-6.49007147502806
"G-25",2011,0,56.9981199554235,-172.655331352155,3.5,-6.49007147502806
"G-25",2012,0,56.9981199554235,-172.655331352155,2.8,-6.49007147502806
"G-25",2013,0,56.9981199554235,-172.655331352155,3.6,-6.49007147502806
"G-25",2014,0,56.9981199554235,-172.655331352155,4,-6.49007147502806
"G-25",2015,0,56.9981199554235,-172.655331352155,4.5,-6.49007147502806
"G-25",2016,21.5023966078107,56.9981199554235,-172.655331352155,4.8,3.06823501382533
"G-25",2017,0,56.9981199554235,-172.655331352155,4.4,-6.49007147502806
"G-25",2018,0,56.9981199554235,-172.655331352155,4.2,-6.49007147502806
"G-25",2019,0,56.9981199554235,-172.655331352155,4.3,-6.49007147502806
"G-25",2021,0,56.9981199554235,-172.655331352155,4,-6.49007147502806
"G-25",2022,0,56.9981199554235,-172.655331352155,3.5,-6.49007147502806
"G-25",2023,0,56.9981199554235,-172.655331352155,3.6,-6.49007147502806
"G-26",1988,0,57.0082073684211,-173.233515657895,3.5,-6.49007147502806
"G-26",1989,0,57.0082073684211,-173.233515657895,3.5,-6.49007147502806
"G-26",1990,0,57.0082073684211,-173.233515657895,3.6,-6.49007147502806
"G-26",1991,52.4402375275882,57.0082073684211,-173.233515657895,3.4,3.95970314361447
"G-26",1992,0,57.0082073684211,-173.233515657895,3.4,-6.49007147502806
"G-26",1993,0,57.0082073684211,-173.233515657895,3.9,-6.49007147502806
"G-26",1994,19.5176199468352,57.0082073684211,-173.233515657895,3.1,2.97139544001632
"G-26",1995,18.8108007134619,57.0082073684211,-173.233515657895,3.5,2.93451192938305
"G-26",1996,0,57.0082073684211,-173.233515657895,3.8,-6.49007147502806
"G-26",1997,0,57.0082073684211,-173.233515657895,4.1,-6.49007147502806
"G-26",1998,0,57.0082073684211,-173.233515657895,3.6,-6.49007147502806
"G-26",1999,0,57.0082073684211,-173.233515657895,2.8,-6.49007147502806
"G-26",2000,0,57.0082073684211,-173.233515657895,3.3,-6.49007147502806
"G-26",2001,0,57.0082073684211,-173.233515657895,3.7,-6.49007147502806
"G-26",2002,0,57.0082073684211,-173.233515657895,3.7,-6.49007147502806
"G-26",2003,0,57.0082073684211,-173.233515657895,4.2,-6.49007147502806
"G-26",2004,0,57.0082073684211,-173.233515657895,4.1,-6.49007147502806
"G-26",2005,0,57.0082073684211,-173.233515657895,4.2,-6.49007147502806
"G-26",2006,20.0881794687988,57.0082073684211,-173.233515657895,3.7,3.00020714184333
"G-26",2007,84.7314032335548,57.0082073684211,-173.233515657895,3.5,4.43950421178309
"G-26",2008,0,57.0082073684211,-173.233515657895,3.3,-6.49007147502806
"G-26",2009,0,57.0082073684211,-173.233515657895,3.3,-6.49007147502806
"G-26",2010,0,57.0082073684211,-173.233515657895,3.7,-6.49007147502806
"G-26",2011,0,57.0082073684211,-173.233515657895,3.6,-6.49007147502806
"G-26",2012,0,57.0082073684211,-173.233515657895,3.2,-6.49007147502806
"G-26",2013,0,57.0082073684211,-173.233515657895,3.3,-6.49007147502806
"G-26",2014,0,57.0082073684211,-173.233515657895,3.8,-6.49007147502806
"G-26",2015,0,57.0082073684211,-173.233515657895,3.9,-6.49007147502806
"G-26",2016,0,57.0082073684211,-173.233515657895,4.4,-6.49007147502806
"G-26",2017,0,57.0082073684211,-173.233515657895,4.4,-6.49007147502806
"G-26",2018,0,57.0082073684211,-173.233515657895,4.3,-6.49007147502806
"G-26",2019,0,57.0082073684211,-173.233515657895,4.3,-6.49007147502806
"G-26",2021,0,57.0082073684211,-173.233515657895,4,-6.49007147502806
"G-26",2022,0,57.0082073684211,-173.233515657895,3.8,-6.49007147502806
"G-26",2023,0,57.0082073684211,-173.233515657895,4,-6.49007147502806
"H-01",1988,306.413138711075,57.3294473711175,-167.736135991034,1,5.72493927337879
"H-01",1989,169.491467499243,57.3294473711175,-167.736135991034,3.8,5.13281154507767
"H-01",1990,0,57.3294473711175,-167.736135991034,2.3,-6.49007147502806
"H-01",1991,464.473412251212,57.3294473711175,-167.736135991034,NA,6.14090758627361
"H-01",1992,8583.94874616207,57.3294473711175,-167.736135991034,0.7,9.05764949032853
"H-01",1993,0,57.3294473711175,-167.736135991034,2.9,-6.49007147502806
"H-01",1994,0,57.3294473711175,-167.736135991034,1.4,-6.49007147502806
"H-01",1995,399.452289568522,57.3294473711175,-167.736135991034,0.3,5.99009813401315
"H-01",1996,0,57.3294473711175,-167.736135991034,2.5,-6.49007147502806
"H-01",1997,0,57.3294473711175,-167.736135991034,1.7,-6.49007147502806
"H-01",1998,0,57.3294473711175,-167.736135991034,3.4,-6.49007147502806
"H-01",1999,0,57.3294473711175,-167.736135991034,1.8,-6.49007147502806
"H-01",2000,0,57.3294473711175,-167.736135991034,2.3,-6.49007147502806
"H-01",2001,0,57.3294473711175,-167.736135991034,2.9,-6.49007147502806
"H-01",2002,0,57.3294473711175,-167.736135991034,2.8,-6.49007147502806
"H-01",2003,0,57.3294473711175,-167.736135991034,3.1,-6.49007147502806
"H-01",2004,0,57.3294473711175,-167.736135991034,2.8,-6.49007147502806
"H-01",2005,0,57.3294473711175,-167.736135991034,3.1,-6.49007147502806
"H-01",2006,877.138749153528,57.3294473711175,-167.736135991034,1.2,6.77666691982712
"H-01",2007,0,57.3294473711175,-167.736135991034,0.7,-6.49007147502806
"H-01",2008,61.0826399615251,57.3294473711175,-167.736135991034,0.2,4.11225255927071
"H-01",2009,40.1271251862065,57.3294473711175,-167.736135991034,-0.9,3.69209038422294
"H-01",2010,68.29178529336,57.3294473711175,-167.736135991034,0.2,4.22381171980595
"H-01",2011,4107.84191305157,57.3294473711175,-167.736135991034,2.6,8.32065345724813
"H-01",2012,7112.68257808962,57.3294473711175,-167.736135991034,-0.4,8.86963496161878
"H-01",2013,8423.9532185107,57.3294473711175,-167.736135991034,0.1,9.03883468069291
"H-01",2014,18.50358371138,57.3294473711175,-167.736135991034,3.2,2.91804648605275
"H-01",2015,0,57.3294473711175,-167.736135991034,2.9,-6.49007147502806
"H-01",2016,0,57.3294473711175,-167.736135991034,4.3,-6.49007147502806
"H-01",2017,0,57.3294473711175,-167.736135991034,1.5,-6.49007147502806
"H-01",2018,0,57.3294473711175,-167.736135991034,4.9,-6.49007147502806
"H-01",2019,0,57.3294473711175,-167.736135991034,3.8,-6.49007147502806
"H-01",2021,0,57.3294473711175,-167.736135991034,4,-6.49007147502806
"H-01",2022,0,57.3294473711175,-167.736135991034,1.5,-6.49007147502806
"H-01",2023,58.404887566616,57.3294473711175,-167.736135991034,3.1,4.06742557572068
"H-02",1988,77098.2753592864,57.3330942572396,-167.121455622414,0.4,11.2528362101153
"H-02",1989,64.7233188031609,57.3330942572396,-167.121455622414,3.5,4.17014501105174
"H-02",1990,201.938132253442,57.3330942572396,-167.121455622414,2.5,5.30796889382285
"H-02",1991,258.846623456706,57.3330942572396,-167.121455622414,3.2,5.55624156502267
"H-02",1992,1979.17020796491,57.3330942572396,-167.121455622414,0.7,7.59043371617108
"H-02",1993,0,57.3330942572396,-167.121455622414,2.8,-6.49007147502806
"H-02",1994,2206.09999352469,57.3330942572396,-167.121455622414,1.2,7.69898221505807
"H-02",1995,6929.34555971451,57.3330942572396,-167.121455622414,0.1,8.84352087102882
"H-02",1996,0,57.3330942572396,-167.121455622414,2.8,-6.49007147502806
"H-02",1997,0,57.3330942572396,-167.121455622414,1.5,-6.49007147502806
"H-02",1998,0,57.3330942572396,-167.121455622414,2.9,-6.49007147502806
"H-02",1999,0,57.3330942572396,-167.121455622414,NA,-6.49007147502806
"H-02",2000,0,57.3330942572396,-167.121455622414,1.9,-6.49007147502806
"H-02",2001,0,57.3330942572396,-167.121455622414,2.7,-6.49007147502806
"H-02",2002,0,57.3330942572396,-167.121455622414,2.2,-6.49007147502806
"H-02",2003,0,57.3330942572396,-167.121455622414,3.2,-6.49007147502806
"H-02",2004,0,57.3330942572396,-167.121455622414,2.8,-6.49007147502806
"H-02",2005,0,57.3330942572396,-167.121455622414,3,-6.49007147502806
"H-02",2006,0,57.3330942572396,-167.121455622414,1.3,-6.49007147502806
"H-02",2007,0,57.3330942572396,-167.121455622414,0.4,-6.49007147502806
"H-02",2008,58.5092814824634,57.3330942572396,-167.121455622414,0.7,4.06921135126603
"H-02",2009,21.2537316161037,57.3330942572396,-167.121455622414,-1.1,3.05660392634176
"H-02",2010,37.8678410039645,57.3330942572396,-167.121455622414,0,3.63414232717963
"H-02",2011,266.536552070215,57.3330942572396,-167.121455622414,2.1,5.58551708710193
"H-02",2012,1991.8345234088,57.3330942572396,-167.121455622414,-0.8,7.59681212644843
"H-02",2013,26948.3563050895,57.3330942572396,-167.121455622414,0.2,10.2016776402887
"H-02",2014,1039.44795486136,57.3330942572396,-167.121455622414,3.3,6.94644649938448
"H-02",2015,0,57.3330942572396,-167.121455622414,3.1,-6.49007147502806
"H-02",2016,0,57.3330942572396,-167.121455622414,4,-6.49007147502806
"H-02",2017,0,57.3330942572396,-167.121455622414,0.7,-6.49007147502806
"H-02",2018,0,57.3330942572396,-167.121455622414,4.9,-6.49007147502806
"H-02",2019,0,57.3330942572396,-167.121455622414,3.9,-6.49007147502806
"H-02",2021,0,57.3330942572396,-167.121455622414,3.5,-6.49007147502806
"H-02",2022,0,57.3330942572396,-167.121455622414,1.5,-6.49007147502806
"H-02",2023,0,57.3330942572396,-167.121455622414,2.6,-6.49007147502806
"H-03",1988,20558.830094217,57.3458385205862,-166.486763597348,1.1,9.93104588977618
"H-03",1989,22.559008993733,57.3458385205862,-166.486763597348,3.7,3.1162018055324
"H-03",1990,0,57.3458385205862,-166.486763597348,2.6,-6.49007147502806
"H-03",1991,43.6960031022534,57.3458385205862,-166.486763597348,2.8,3.77729138522377
"H-03",1992,493.312498223513,57.3458385205862,-166.486763597348,1.2,6.20114592191262
"H-03",1993,0,57.3458385205862,-166.486763597348,3.4,-6.49007147502806
"H-03",1994,27834.9660823606,57.3458385205862,-166.486763597348,0,10.2340483366436
"H-03",1995,43.6827009732301,57.3458385205862,-166.486763597348,0.8,3.77698692507041
"H-03",1996,115.540551034077,57.3458385205862,-166.486763597348,1.6,4.74963470151823
"H-03",1997,0,57.3458385205862,-166.486763597348,1.4,-6.49007147502806
"H-03",1998,0,57.3458385205862,-166.486763597348,3.3,-6.49007147502806
"H-03",1999,0,57.3458385205862,-166.486763597348,0.4,-6.49007147502806
"H-03",2000,0,57.3458385205862,-166.486763597348,1.9,-6.49007147502806
"H-03",2001,21.5843742098532,57.3458385205862,-166.486763597348,2.7,3.0720399832752
"H-03",2002,0,57.3458385205862,-166.486763597348,3.6,-6.49007147502806
"H-03",2003,0,57.3458385205862,-166.486763597348,3.5,-6.49007147502806
"H-03",2004,0,57.3458385205862,-166.486763597348,2.7,-6.49007147502806
"H-03",2005,0,57.3458385205862,-166.486763597348,3.2,-6.49007147502806
"H-03",2006,0,57.3458385205862,-166.486763597348,0.6,-6.49007147502806
"H-03",2007,42.8024405082663,57.3458385205862,-166.486763597348,0.7,3.75663059711233
"H-03",2008,44.6378525127503,57.3458385205862,-166.486763597348,0.7,3.79861622642412
"H-03",2009,0,57.3458385205862,-166.486763597348,-1.1,-6.49007147502806
"H-03",2010,0,57.3458385205862,-166.486763597348,0,-6.49007147502806
"H-03",2011,21.2828224334554,57.3458385205862,-166.486763597348,0.7,3.05797163210715
"H-03",2012,1290.15052899622,57.3458385205862,-166.486763597348,-0.8,7.16251535664003
"H-03",2013,752.15627144262,57.3458385205862,-166.486763597348,0.5,6.62294612891144
"H-03",2014,0,57.3458385205862,-166.486763597348,3.3,-6.49007147502806
"H-03",2015,0,57.3458385205862,-166.486763597348,3.4,-6.49007147502806
"H-03",2016,0,57.3458385205862,-166.486763597348,4.2,-6.49007147502806
"H-03",2017,0,57.3458385205862,-166.486763597348,0.2,-6.49007147502806
"H-03",2018,0,57.3458385205862,-166.486763597348,4,-6.49007147502806
"H-03",2019,0,57.3458385205862,-166.486763597348,3.7,-6.49007147502806
"H-03",2021,0,57.3458385205862,-166.486763597348,3.3,-6.49007147502806
"H-03",2022,0,57.3458385205862,-166.486763597348,1.5,-6.49007147502806
"H-03",2023,0,57.3458385205862,-166.486763597348,2.6,-6.49007147502806
"H-04",1988,7961.45871686402,57.3351845225603,-165.86462838405,0.9,8.98236770866044
"H-04",1989,20.1922331642173,57.3351845225603,-165.86462838405,1.7,3.0053732300554
"H-04",1990,0,57.3351845225603,-165.86462838405,NA,-6.49007147502806
"H-04",1991,0,57.3351845225603,-165.86462838405,NA,-6.49007147502806
"H-04",1992,579.896337219672,57.3351845225603,-165.86462838405,0.2,6.36285197710033
"H-04",1993,0,57.3351845225603,-165.86462838405,2,-6.49007147502806
"H-04",1994,1651.40563924481,57.3351845225603,-165.86462838405,0,7.40938302628741
"H-04",1995,470.310359719449,57.3351845225603,-165.86462838405,0.6,6.15339604519154
"H-04",1996,0,57.3351845225603,-165.86462838405,2,-6.49007147502806
"H-04",1997,0,57.3351845225603,-165.86462838405,1,-6.49007147502806
"H-04",1998,0,57.3351845225603,-165.86462838405,2,-6.49007147502806
"H-04",1999,20.4237153132725,57.3351845225603,-165.86462838405,NA,3.01677108517243
"H-04",2000,22.2078411406653,57.3351845225603,-165.86462838405,1.9,3.10051380278277
"H-04",2001,0,57.3351845225603,-165.86462838405,2.5,-6.49007147502806
"H-04",2002,0,57.3351845225603,-165.86462838405,3.9,-6.49007147502806
"H-04",2003,0,57.3351845225603,-165.86462838405,3.6,-6.49007147502806
"H-04",2004,0,57.3351845225603,-165.86462838405,2.9,-6.49007147502806
"H-04",2005,0,57.3351845225603,-165.86462838405,3.1,-6.49007147502806
"H-04",2006,0,57.3351845225603,-165.86462838405,0.7,-6.49007147502806
"H-04",2007,0,57.3351845225603,-165.86462838405,0.5,-6.49007147502806
"H-04",2008,42.6341697822128,57.3351845225603,-165.86462838405,0.6,3.75269165426348
"H-04",2009,18.3257145455582,57.3351845225603,-165.86462838405,-1,2.90838809497561
"H-04",2010,20.4847884406513,57.3351845225603,-165.86462838405,0.2,3.01975670594339
"H-04",2011,22.7837770773223,57.3351845225603,-165.86462838405,0.4,3.12611539447136
"H-04",2012,917.358707240644,57.3351845225603,-165.86462838405,-0.3,6.82150022574153
"H-04",2013,815.457876245673,57.3351845225603,-165.86462838405,0.8,6.70375162889762
"H-04",2014,0,57.3351845225603,-165.86462838405,2.3,-6.49007147502806
"H-04",2015,0,57.3351845225603,-165.86462838405,3.2,-6.49007147502806
"H-04",2016,0,57.3351845225603,-165.86462838405,4.3,-6.49007147502806
"H-04",2017,0,57.3351845225603,-165.86462838405,0.2,-6.49007147502806
"H-04",2018,20.590631377338,57.3351845225603,-165.86462838405,3.7,3.02490992636206
"H-04",2019,0,57.3351845225603,-165.86462838405,3.7,-6.49007147502806
"H-04",2021,0,57.3351845225603,-165.86462838405,3,-6.49007147502806
"H-04",2022,0,57.3351845225603,-165.86462838405,1,-6.49007147502806
"H-04",2023,0,57.3351845225603,-165.86462838405,2.6,-6.49007147502806
"H-05",1988,390.78630085596,57.3267130482257,-165.240233089172,0.9,5.9681647510453
"H-05",1989,0,57.3267130482257,-165.240233089172,1.3,-6.49007147502806
"H-05",1990,0,57.3267130482257,-165.240233089172,1.9,-6.49007147502806
"H-05",1991,0,57.3267130482257,-165.240233089172,2.4,-6.49007147502806
"H-05",1992,43.7742252775001,57.3267130482257,-165.240233089172,0.1,3.77907986758725
"H-05",1993,0,57.3267130482257,-165.240233089172,1.7,-6.49007147502806
"H-05",1994,0,57.3267130482257,-165.240233089172,0,-6.49007147502806
"H-05",1995,44.5183006323286,57.3267130482257,-165.240233089172,-0.4,3.79593446244586
"H-05",1996,0,57.3267130482257,-165.240233089172,1.4,-6.49007147502806
"H-05",1997,20.3050939316888,57.3267130482257,-165.240233089172,0.9,3.01094656562723
"H-05",1998,0,57.3267130482257,-165.240233089172,2.6,-6.49007147502806
"H-05",1999,200.968365915129,57.3267130482257,-165.240233089172,-1.2,5.30315506775697
"H-05",2000,0,57.3267130482257,-165.240233089172,1.3,-6.49007147502806
"H-05",2001,22.7701199639266,57.3267130482257,-165.240233089172,2.4,3.12551583200616
"H-05",2002,0,57.3267130482257,-165.240233089172,4.1,-6.49007147502806
"H-05",2003,0,57.3267130482257,-165.240233089172,1.7,-6.49007147502806
"H-05",2004,0,57.3267130482257,-165.240233089172,2.5,-6.49007147502806
"H-05",2005,0,57.3267130482257,-165.240233089172,3.4,-6.49007147502806
"H-05",2006,0,57.3267130482257,-165.240233089172,0.8,-6.49007147502806
"H-05",2007,0,57.3267130482257,-165.240233089172,0.5,-6.49007147502806
"H-05",2008,0,57.3267130482257,-165.240233089172,0.7,-6.49007147502806
"H-05",2009,0,57.3267130482257,-165.240233089172,-0.9,-6.49007147502806
"H-05",2010,0,57.3267130482257,-165.240233089172,-0.5,-6.49007147502806
"H-05",2011,0,57.3267130482257,-165.240233089172,0.2,-6.49007147502806
"H-05",2012,63.4251886396966,57.3267130482257,-165.240233089172,-0.5,4.14988502006473
"H-05",2013,59.6618587453259,57.3267130482257,-165.240233089172,-0.2,4.08871838468862
"H-05",2014,0,57.3267130482257,-165.240233089172,2.4,-6.49007147502806
"H-05",2015,0,57.3267130482257,-165.240233089172,3.2,-6.49007147502806
"H-05",2016,0,57.3267130482257,-165.240233089172,4.8,-6.49007147502806
"H-05",2017,0,57.3267130482257,-165.240233089172,0.2,-6.49007147502806
"H-05",2018,0,57.3267130482257,-165.240233089172,3.6,-6.49007147502806
"H-05",2019,0,57.3267130482257,-165.240233089172,3.7,-6.49007147502806
"H-05",2021,0,57.3267130482257,-165.240233089172,2.5,-6.49007147502806
"H-05",2022,0,57.3267130482257,-165.240233089172,1.2,-6.49007147502806
"H-05",2023,0,57.3267130482257,-165.240233089172,2.2,-6.49007147502806
"H-06",1988,298.777911810724,57.3306509594096,-164.614671623616,0.5,5.69970560969488
"H-06",1989,0,57.3306509594096,-164.614671623616,1,-6.49007147502806
"H-06",1990,0,57.3306509594096,-164.614671623616,2.1,-6.49007147502806
"H-06",1991,0,57.3306509594096,-164.614671623616,1.9,-6.49007147502806
"H-06",1992,0,57.3306509594096,-164.614671623616,0.2,-6.49007147502806
"H-06",1993,0,57.3306509594096,-164.614671623616,NA,-6.49007147502806
"H-06",1994,0,57.3306509594096,-164.614671623616,1,-6.49007147502806
"H-06",1995,23.0769272358645,57.3306509594096,-164.614671623616,0.1,3.13889909432611
"H-06",1996,0,57.3306509594096,-164.614671623616,2.5,-6.49007147502806
"H-06",1997,0,57.3306509594096,-164.614671623616,1,-6.49007147502806
"H-06",1998,0,57.3306509594096,-164.614671623616,2.8,-6.49007147502806
"H-06",1999,318.498867168166,57.3306509594096,-164.614671623616,-1.3,5.76362368571365
"H-06",2000,0,57.3306509594096,-164.614671623616,0.7,-6.49007147502806
"H-06",2001,48.0797714038564,57.3306509594096,-164.614671623616,1.7,3.87289311691225
"H-06",2002,0,57.3306509594096,-164.614671623616,3.2,-6.49007147502806
"H-06",2003,0,57.3306509594096,-164.614671623616,1.9,-6.49007147502806
"H-06",2004,0,57.3306509594096,-164.614671623616,2.1,-6.49007147502806
"H-06",2005,0,57.3306509594096,-164.614671623616,NA,-6.49007147502806
"H-06",2006,0,57.3306509594096,-164.614671623616,1.1,-6.49007147502806
"H-06",2007,0,57.3306509594096,-164.614671623616,0,-6.49007147502806
"H-06",2008,0,57.3306509594096,-164.614671623616,0.6,-6.49007147502806
"H-06",2009,0,57.3306509594096,-164.614671623616,-0.7,-6.49007147502806
"H-06",2010,0,57.3306509594096,-164.614671623616,-0.5,-6.49007147502806
"H-06",2011,0,57.3306509594096,-164.614671623616,0.8,-6.49007147502806
"H-06",2012,0,57.3306509594096,-164.614671623616,0.2,-6.49007147502806
"H-06",2013,22.5262381901008,57.3306509594096,-164.614671623616,-0.2,3.11474817694207
"H-06",2014,0,57.3306509594096,-164.614671623616,2.6,-6.49007147502806
"H-06",2015,0,57.3306509594096,-164.614671623616,3.5,-6.49007147502806
"H-06",2016,0,57.3306509594096,-164.614671623616,4.8,-6.49007147502806
"H-06",2017,0,57.3306509594096,-164.614671623616,-0.2,-6.49007147502806
"H-06",2018,0,57.3306509594096,-164.614671623616,3.7,-6.49007147502806
"H-06",2019,0,57.3306509594096,-164.614671623616,3.6,-6.49007147502806
"H-06",2021,21.033777953992,57.3306509594096,-164.614671623616,2.8,3.04620180748116
"H-06",2022,20.6179957623544,57.3306509594096,-164.614671623616,1,3.02623791879761
"H-06",2023,0,57.3306509594096,-164.614671623616,2.2,-6.49007147502806
"H-07",1988,0,57.3325212408759,-163.998675510949,1,-6.49007147502806
"H-07",1989,0,57.3325212408759,-163.998675510949,1.5,-6.49007147502806
"H-07",1990,0,57.3325212408759,-163.998675510949,2.8,-6.49007147502806
"H-07",1991,0,57.3325212408759,-163.998675510949,2,-6.49007147502806
"H-07",1992,0,57.3325212408759,-163.998675510949,0.8,-6.49007147502806
"H-07",1993,19.5404514197852,57.3325212408759,-163.998675510949,3.2,2.9725644532151
"H-07",1994,0,57.3325212408759,-163.998675510949,0.7,-6.49007147502806
"H-07",1995,0,57.3325212408759,-163.998675510949,0.6,-6.49007147502806
"H-07",1996,22.0772915547649,57.3325212408759,-163.998675510949,3.2,3.09461832481332
"H-07",1997,0,57.3325212408759,-163.998675510949,1.5,-6.49007147502806
"H-07",1998,0,57.3325212408759,-163.998675510949,3.2,-6.49007147502806
"H-07",1999,0,57.3325212408759,-163.998675510949,-0.9,-6.49007147502806
"H-07",2000,0,57.3325212408759,-163.998675510949,1.5,-6.49007147502806
"H-07",2001,0,57.3325212408759,-163.998675510949,2,-6.49007147502806
"H-07",2002,0,57.3325212408759,-163.998675510949,2.5,-6.49007147502806
"H-07",2003,0,57.3325212408759,-163.998675510949,2.7,-6.49007147502806
"H-07",2004,0,57.3325212408759,-163.998675510949,3,-6.49007147502806
"H-07",2005,0,57.3325212408759,-163.998675510949,3.4,-6.49007147502806
"H-07",2006,0,57.3325212408759,-163.998675510949,NA,-6.49007147502806
"H-07",2007,0,57.3325212408759,-163.998675510949,0.4,-6.49007147502806
"H-07",2008,0,57.3325212408759,-163.998675510949,0.8,-6.49007147502806
"H-07",2009,0,57.3325212408759,-163.998675510949,0.1,-6.49007147502806
"H-07",2010,0,57.3325212408759,-163.998675510949,0.7,-6.49007147502806
"H-07",2011,0,57.3325212408759,-163.998675510949,1.8,-6.49007147502806
"H-07",2012,0,57.3325212408759,-163.998675510949,0,-6.49007147502806
"H-07",2013,0,57.3325212408759,-163.998675510949,1,-6.49007147502806
"H-07",2014,0,57.3325212408759,-163.998675510949,3.4,-6.49007147502806
"H-07",2015,0,57.3325212408759,-163.998675510949,3.8,-6.49007147502806
"H-07",2016,0,57.3325212408759,-163.998675510949,4.9,-6.49007147502806
"H-07",2017,0,57.3325212408759,-163.998675510949,0,-6.49007147502806
"H-07",2018,0,57.3325212408759,-163.998675510949,3.7,-6.49007147502806
"H-07",2019,0,57.3325212408759,-163.998675510949,4,-6.49007147502806
"H-07",2021,0,57.3325212408759,-163.998675510949,3,-6.49007147502806
"H-07",2022,0,57.3325212408759,-163.998675510949,1.5,-6.49007147502806
"H-07",2023,0,57.3325212408759,-163.998675510949,1.6,-6.49007147502806
"H-08",1988,0,57.340042739726,-163.388411917808,1.8,-6.49007147502806
"H-08",1989,0,57.340042739726,-163.388411917808,1.8,-6.49007147502806
"H-08",1990,0,57.340042739726,-163.388411917808,2.8,-6.49007147502806
"H-08",1991,0,57.340042739726,-163.388411917808,2.7,-6.49007147502806
"H-08",1992,0,57.340042739726,-163.388411917808,2.4,-6.49007147502806
"H-08",1993,0,57.340042739726,-163.388411917808,3.9,-6.49007147502806
"H-08",1994,0,57.340042739726,-163.388411917808,1.7,-6.49007147502806
"H-08",1995,0,57.340042739726,-163.388411917808,0.9,-6.49007147502806
"H-08",1996,0,57.340042739726,-163.388411917808,4,-6.49007147502806
"H-08",1997,0,57.340042739726,-163.388411917808,2.3,-6.49007147502806
"H-08",1998,0,57.340042739726,-163.388411917808,3.7,-6.49007147502806
"H-08",1999,0,57.340042739726,-163.388411917808,0.3,-6.49007147502806
"H-08",2000,0,57.340042739726,-163.388411917808,0.9,-6.49007147502806
"H-08",2001,0,57.340042739726,-163.388411917808,2.8,-6.49007147502806
"H-08",2002,0,57.340042739726,-163.388411917808,3.1,-6.49007147502806
"H-08",2003,0,57.340042739726,-163.388411917808,3.8,-6.49007147502806
"H-08",2004,0,57.340042739726,-163.388411917808,3.9,-6.49007147502806
"H-08",2005,0,57.340042739726,-163.388411917808,4.4,-6.49007147502806
"H-08",2006,0,57.340042739726,-163.388411917808,1.1,-6.49007147502806
"H-08",2007,0,57.340042739726,-163.388411917808,1.1,-6.49007147502806
"H-08",2008,0,57.340042739726,-163.388411917808,1.1,-6.49007147502806
"H-08",2009,0,57.340042739726,-163.388411917808,1.2,-6.49007147502806
"H-08",2010,0,57.340042739726,-163.388411917808,1.3,-6.49007147502806
"H-08",2011,0,57.340042739726,-163.388411917808,2.1,-6.49007147502806
"H-08",2012,0,57.340042739726,-163.388411917808,1.1,-6.49007147502806
"H-08",2013,0,57.340042739726,-163.388411917808,0.7,-6.49007147502806
"H-08",2014,0,57.340042739726,-163.388411917808,4.6,-6.49007147502806
"H-08",2015,0,57.340042739726,-163.388411917808,4.8,-6.49007147502806
"H-08",2016,0,57.340042739726,-163.388411917808,5.7,-6.49007147502806
"H-08",2017,0,57.340042739726,-163.388411917808,1.6,-6.49007147502806
"H-08",2018,0,57.340042739726,-163.388411917808,4.6,-6.49007147502806
"H-08",2019,0,57.340042739726,-163.388411917808,5.3,-6.49007147502806
"H-08",2021,0,57.340042739726,-163.388411917808,4.2,-6.49007147502806
"H-08",2022,0,57.340042739726,-163.388411917808,2,-6.49007147502806
"H-08",2023,0,57.340042739726,-163.388411917808,1.7,-6.49007147502806
"H-09",1988,0,57.3310429268293,-162.770804634146,2.2,-6.49007147502806
"H-09",1989,0,57.3310429268293,-162.770804634146,2.5,-6.49007147502806
"H-09",1990,0,57.3310429268293,-162.770804634146,3.1,-6.49007147502806
"H-09",1991,0,57.3310429268293,-162.770804634146,4,-6.49007147502806
"H-09",1992,0,57.3310429268293,-162.770804634146,NA,-6.49007147502806
"H-09",1993,0,57.3310429268293,-162.770804634146,3.8,-6.49007147502806
"H-09",1994,0,57.3310429268293,-162.770804634146,1.7,-6.49007147502806
"H-09",1995,0,57.3310429268293,-162.770804634146,1.4,-6.49007147502806
"H-09",1996,0,57.3310429268293,-162.770804634146,4.5,-6.49007147502806
"H-09",1997,0,57.3310429268293,-162.770804634146,2.1,-6.49007147502806
"H-09",1998,0,57.3310429268293,-162.770804634146,3.7,-6.49007147502806
"H-09",1999,0,57.3310429268293,-162.770804634146,0.1,-6.49007147502806
"H-09",2000,0,57.3310429268293,-162.770804634146,1.1,-6.49007147502806
"H-09",2001,0,57.3310429268293,-162.770804634146,3.3,-6.49007147502806
"H-09",2002,0,57.3310429268293,-162.770804634146,3.5,-6.49007147502806
"H-09",2003,0,57.3310429268293,-162.770804634146,4.1,-6.49007147502806
"H-09",2004,0,57.3310429268293,-162.770804634146,4.5,-6.49007147502806
"H-09",2005,0,57.3310429268293,-162.770804634146,4.9,-6.49007147502806
"H-09",2006,0,57.3310429268293,-162.770804634146,1.4,-6.49007147502806
"H-09",2007,0,57.3310429268293,-162.770804634146,1.6,-6.49007147502806
"H-09",2008,0,57.3310429268293,-162.770804634146,1.1,-6.49007147502806
"H-09",2009,0,57.3310429268293,-162.770804634146,1.5,-6.49007147502806
"H-09",2010,0,57.3310429268293,-162.770804634146,2.1,-6.49007147502806
"H-09",2011,0,57.3310429268293,-162.770804634146,2.3,-6.49007147502806
"H-09",2012,0,57.3310429268293,-162.770804634146,1.1,-6.49007147502806
"H-09",2013,0,57.3310429268293,-162.770804634146,1.9,-6.49007147502806
"H-09",2014,0,57.3310429268293,-162.770804634146,4.9,-6.49007147502806
"H-09",2015,0,57.3310429268293,-162.770804634146,5,-6.49007147502806
"H-09",2016,0,57.3310429268293,-162.770804634146,5.9,-6.49007147502806
"H-09",2017,0,57.3310429268293,-162.770804634146,2.6,-6.49007147502806
"H-09",2018,0,57.3310429268293,-162.770804634146,4.6,-6.49007147502806
"H-09",2019,0,57.3310429268293,-162.770804634146,6.2,-6.49007147502806
"H-09",2021,0,57.3310429268293,-162.770804634146,4.2,-6.49007147502806
"H-09",2022,0,57.3310429268293,-162.770804634146,3.4,-6.49007147502806
"H-09",2023,0,57.3310429268293,-162.770804634146,2.3,-6.49007147502806
"H-10",1988,0,57.3338268571429,-162.150878,2.4,-6.49007147502806
"H-10",1989,0,57.3338268571429,-162.150878,1.8,-6.49007147502806
"H-10",1990,0,57.3338268571429,-162.150878,NA,-6.49007147502806
"H-10",1991,0,57.3338268571429,-162.150878,3.8,-6.49007147502806
"H-10",1992,0,57.3338268571429,-162.150878,3.9,-6.49007147502806
"H-10",1993,0,57.3338268571429,-162.150878,3.6,-6.49007147502806
"H-10",1994,0,57.3338268571429,-162.150878,2.1,-6.49007147502806
"H-10",1995,0,57.3338268571429,-162.150878,1.4,-6.49007147502806
"H-10",1996,0,57.3338268571429,-162.150878,4.6,-6.49007147502806
"H-10",1997,0,57.3338268571429,-162.150878,2.8,-6.49007147502806
"H-10",1998,0,57.3338268571429,-162.150878,3.9,-6.49007147502806
"H-10",1999,0,57.3338268571429,-162.150878,0,-6.49007147502806
"H-10",2000,0,57.3338268571429,-162.150878,NA,-6.49007147502806
"H-10",2001,0,57.3338268571429,-162.150878,3.4,-6.49007147502806
"H-10",2002,0,57.3338268571429,-162.150878,4.3,-6.49007147502806
"H-10",2003,0,57.3338268571429,-162.150878,4.5,-6.49007147502806
"H-10",2004,0,57.3338268571429,-162.150878,4.2,-6.49007147502806
"H-10",2005,0,57.3338268571429,-162.150878,4.8,-6.49007147502806
"H-10",2006,0,57.3338268571429,-162.150878,1.5,-6.49007147502806
"H-10",2007,0,57.3338268571429,-162.150878,1.8,-6.49007147502806
"H-10",2008,0,57.3338268571429,-162.150878,1.1,-6.49007147502806
"H-10",2009,0,57.3338268571429,-162.150878,1.3,-6.49007147502806
"H-10",2010,0,57.3338268571429,-162.150878,2.2,-6.49007147502806
"H-10",2011,0,57.3338268571429,-162.150878,2.3,-6.49007147502806
"H-10",2012,0,57.3338268571429,-162.150878,1.1,-6.49007147502806
"H-10",2013,0,57.3338268571429,-162.150878,2.1,-6.49007147502806
"H-10",2014,0,57.3338268571429,-162.150878,4.8,-6.49007147502806
"H-10",2015,0,57.3338268571429,-162.150878,5.3,-6.49007147502806
"H-10",2016,0,57.3338268571429,-162.150878,6,-6.49007147502806
"H-10",2017,0,57.3338268571429,-162.150878,3.5,-6.49007147502806
"H-10",2018,0,57.3338268571429,-162.150878,4.6,-6.49007147502806
"H-10",2019,0,57.3338268571429,-162.150878,5.7,-6.49007147502806
"H-10",2021,0,57.3338268571429,-162.150878,4.9,-6.49007147502806
"H-10",2022,0,57.3338268571429,-162.150878,4,-6.49007147502806
"H-10",2023,0,57.3338268571429,-162.150878,2.7,-6.49007147502806
"H-11",1988,0,57.3333918604651,-161.539587906977,2.3,-6.49007147502806
"H-11",1989,0,57.3333918604651,-161.539587906977,2.1,-6.49007147502806
"H-11",1990,0,57.3333918604651,-161.539587906977,2.9,-6.49007147502806
"H-11",1991,0,57.3333918604651,-161.539587906977,3.6,-6.49007147502806
"H-11",1992,0,57.3333918604651,-161.539587906977,NA,-6.49007147502806
"H-11",1993,0,57.3333918604651,-161.539587906977,3.9,-6.49007147502806
"H-11",1994,0,57.3333918604651,-161.539587906977,1.8,-6.49007147502806
"H-11",1995,0,57.3333918604651,-161.539587906977,2.3,-6.49007147502806
"H-11",1996,0,57.3333918604651,-161.539587906977,4.6,-6.49007147502806
"H-11",1997,0,57.3333918604651,-161.539587906977,2.2,-6.49007147502806
"H-11",1998,0,57.3333918604651,-161.539587906977,3.6,-6.49007147502806
"H-11",1999,0,57.3333918604651,-161.539587906977,-0.3,-6.49007147502806
"H-11",2000,0,57.3333918604651,-161.539587906977,0.9,-6.49007147502806
"H-11",2001,0,57.3333918604651,-161.539587906977,3.6,-6.49007147502806
"H-11",2002,0,57.3333918604651,-161.539587906977,3,-6.49007147502806
"H-11",2003,0,57.3333918604651,-161.539587906977,4,-6.49007147502806
"H-11",2004,0,57.3333918604651,-161.539587906977,3.7,-6.49007147502806
"H-11",2005,0,57.3333918604651,-161.539587906977,4.6,-6.49007147502806
"H-11",2006,0,57.3333918604651,-161.539587906977,1.5,-6.49007147502806
"H-11",2007,0,57.3333918604651,-161.539587906977,1.3,-6.49007147502806
"H-11",2008,0,57.3333918604651,-161.539587906977,1,-6.49007147502806
"H-11",2009,0,57.3333918604651,-161.539587906977,1.8,-6.49007147502806
"H-11",2010,0,57.3333918604651,-161.539587906977,2.3,-6.49007147502806
"H-11",2011,0,57.3333918604651,-161.539587906977,2.3,-6.49007147502806
"H-11",2012,0,57.3333918604651,-161.539587906977,0.9,-6.49007147502806
"H-11",2013,0,57.3333918604651,-161.539587906977,2.4,-6.49007147502806
"H-11",2014,0,57.3333918604651,-161.539587906977,4.5,-6.49007147502806
"H-11",2015,0,57.3333918604651,-161.539587906977,4.9,-6.49007147502806
"H-11",2016,0,57.3333918604651,-161.539587906977,5.8,-6.49007147502806
"H-11",2017,0,57.3333918604651,-161.539587906977,3.2,-6.49007147502806
"H-11",2018,0,57.3333918604651,-161.539587906977,4.7,-6.49007147502806
"H-11",2019,0,57.3333918604651,-161.539587906977,5.8,-6.49007147502806
"H-11",2021,0,57.3333918604651,-161.539587906977,3.9,-6.49007147502806
"H-11",2022,0,57.3333918604651,-161.539587906977,3.9,-6.49007147502806
"H-11",2023,0,57.3333918604651,-161.539587906977,3.1,-6.49007147502806
"H-12",1988,0,57.3362594285714,-160.932940285714,2.7,-6.49007147502806
"H-12",1989,0,57.3362594285714,-160.932940285714,NA,-6.49007147502806
"H-12",1990,0,57.3362594285714,-160.932940285714,NA,-6.49007147502806
"H-12",1991,0,57.3362594285714,-160.932940285714,3.3,-6.49007147502806
"H-12",1992,0,57.3362594285714,-160.932940285714,2.6,-6.49007147502806
"H-12",1993,0,57.3362594285714,-160.932940285714,3.6,-6.49007147502806
"H-12",1994,0,57.3362594285714,-160.932940285714,2.9,-6.49007147502806
"H-12",1995,0,57.3362594285714,-160.932940285714,2.4,-6.49007147502806
"H-12",1996,0,57.3362594285714,-160.932940285714,4.2,-6.49007147502806
"H-12",1997,0,57.3362594285714,-160.932940285714,2.6,-6.49007147502806
"H-12",1998,0,57.3362594285714,-160.932940285714,3.6,-6.49007147502806
"H-12",1999,0,57.3362594285714,-160.932940285714,-0.6,-6.49007147502806
"H-12",2000,0,57.3362594285714,-160.932940285714,0.8,-6.49007147502806
"H-12",2001,0,57.3362594285714,-160.932940285714,3.4,-6.49007147502806
"H-12",2002,0,57.3362594285714,-160.932940285714,3.4,-6.49007147502806
"H-12",2003,0,57.3362594285714,-160.932940285714,3.9,-6.49007147502806
"H-12",2004,0,57.3362594285714,-160.932940285714,4,-6.49007147502806
"H-12",2005,0,57.3362594285714,-160.932940285714,4.3,-6.49007147502806
"H-12",2006,0,57.3362594285714,-160.932940285714,1.7,-6.49007147502806
"H-12",2007,0,57.3362594285714,-160.932940285714,0.7,-6.49007147502806
"H-12",2008,0,57.3362594285714,-160.932940285714,0.8,-6.49007147502806
"H-12",2009,0,57.3362594285714,-160.932940285714,1.3,-6.49007147502806
"H-12",2010,0,57.3362594285714,-160.932940285714,2.3,-6.49007147502806
"H-12",2011,0,57.3362594285714,-160.932940285714,2.7,-6.49007147502806
"H-12",2012,0,57.3362594285714,-160.932940285714,-0.2,-6.49007147502806
"H-12",2013,0,57.3362594285714,-160.932940285714,2.6,-6.49007147502806
"H-12",2014,0,57.3362594285714,-160.932940285714,4.2,-6.49007147502806
"H-12",2015,0,57.3362594285714,-160.932940285714,4.2,-6.49007147502806
"H-12",2016,0,57.3362594285714,-160.932940285714,5.7,-6.49007147502806
"H-12",2017,0,57.3362594285714,-160.932940285714,3.3,-6.49007147502806
"H-12",2018,0,57.3362594285714,-160.932940285714,4.7,-6.49007147502806
"H-12",2019,0,57.3362594285714,-160.932940285714,4.6,-6.49007147502806
"H-12",2021,0,57.3362594285714,-160.932940285714,4.1,-6.49007147502806
"H-12",2022,0,57.3362594285714,-160.932940285714,3.7,-6.49007147502806
"H-12",2023,0,57.3362594285714,-160.932940285714,3,-6.49007147502806
"H-13",1988,0,57.3307377142857,-160.30096,3.1,-6.49007147502806
"H-13",1989,0,57.3307377142857,-160.30096,2,-6.49007147502806
"H-13",1990,0,57.3307377142857,-160.30096,2.9,-6.49007147502806
"H-13",1991,0,57.3307377142857,-160.30096,3.5,-6.49007147502806
"H-13",1992,0,57.3307377142857,-160.30096,NA,-6.49007147502806
"H-13",1993,0,57.3307377142857,-160.30096,3.1,-6.49007147502806
"H-13",1994,0,57.3307377142857,-160.30096,2.5,-6.49007147502806
"H-13",1995,0,57.3307377142857,-160.30096,2.4,-6.49007147502806
"H-13",1996,0,57.3307377142857,-160.30096,4.5,-6.49007147502806
"H-13",1997,0,57.3307377142857,-160.30096,3.3,-6.49007147502806
"H-13",1998,0,57.3307377142857,-160.30096,4.1,-6.49007147502806
"H-13",1999,0,57.3307377142857,-160.30096,-0.7,-6.49007147502806
"H-13",2000,0,57.3307377142857,-160.30096,1.1,-6.49007147502806
"H-13",2001,0,57.3307377142857,-160.30096,3.8,-6.49007147502806
"H-13",2002,0,57.3307377142857,-160.30096,4,-6.49007147502806
"H-13",2003,0,57.3307377142857,-160.30096,4.2,-6.49007147502806
"H-13",2004,0,57.3307377142857,-160.30096,3.7,-6.49007147502806
"H-13",2005,0,57.3307377142857,-160.30096,4.5,-6.49007147502806
"H-13",2006,0,57.3307377142857,-160.30096,2.4,-6.49007147502806
"H-13",2007,0,57.3307377142857,-160.30096,1,-6.49007147502806
"H-13",2008,0,57.3307377142857,-160.30096,0.8,-6.49007147502806
"H-13",2009,0,57.3307377142857,-160.30096,1.3,-6.49007147502806
"H-13",2010,0,57.3307377142857,-160.30096,2.3,-6.49007147502806
"H-13",2011,0,57.3307377142857,-160.30096,2.6,-6.49007147502806
"H-13",2012,0,57.3307377142857,-160.30096,-0.1,-6.49007147502806
"H-13",2013,0,57.3307377142857,-160.30096,3.1,-6.49007147502806
"H-13",2014,0,57.3307377142857,-160.30096,4.7,-6.49007147502806
"H-13",2015,0,57.3307377142857,-160.30096,4.5,-6.49007147502806
"H-13",2016,0,57.3307377142857,-160.30096,5.8,-6.49007147502806
"H-13",2017,0,57.3307377142857,-160.30096,3.6,-6.49007147502806
"H-13",2018,0,57.3307377142857,-160.30096,4.6,-6.49007147502806
"H-13",2019,0,57.3307377142857,-160.30096,5,-6.49007147502806
"H-13",2021,0,57.3307377142857,-160.30096,4.5,-6.49007147502806
"H-13",2022,0,57.3307377142857,-160.30096,3.7,-6.49007147502806
"H-13",2023,0,57.3307377142857,-160.30096,3.4,-6.49007147502806
"H-14",1988,0,57.3314377142857,-159.670517428571,3.6,-6.49007147502806
"H-14",1989,0,57.3314377142857,-159.670517428571,2.3,-6.49007147502806
"H-14",1990,0,57.3314377142857,-159.670517428571,NA,-6.49007147502806
"H-14",1991,0,57.3314377142857,-159.670517428571,3.5,-6.49007147502806
"H-14",1992,0,57.3314377142857,-159.670517428571,2.6,-6.49007147502806
"H-14",1993,0,57.3314377142857,-159.670517428571,4,-6.49007147502806
"H-14",1994,0,57.3314377142857,-159.670517428571,3.1,-6.49007147502806
"H-14",1995,0,57.3314377142857,-159.670517428571,2.3,-6.49007147502806
"H-14",1996,0,57.3314377142857,-159.670517428571,4.6,-6.49007147502806
"H-14",1997,0,57.3314377142857,-159.670517428571,3.8,-6.49007147502806
"H-14",1998,0,57.3314377142857,-159.670517428571,4.5,-6.49007147502806
"H-14",1999,0,57.3314377142857,-159.670517428571,NA,-6.49007147502806
"H-14",2000,0,57.3314377142857,-159.670517428571,1.3,-6.49007147502806
"H-14",2001,0,57.3314377142857,-159.670517428571,3.8,-6.49007147502806
"H-14",2002,0,57.3314377142857,-159.670517428571,4.3,-6.49007147502806
"H-14",2003,0,57.3314377142857,-159.670517428571,4.2,-6.49007147502806
"H-14",2004,0,57.3314377142857,-159.670517428571,4.4,-6.49007147502806
"H-14",2005,0,57.3314377142857,-159.670517428571,4.8,-6.49007147502806
"H-14",2006,0,57.3314377142857,-159.670517428571,2.5,-6.49007147502806
"H-14",2007,0,57.3314377142857,-159.670517428571,1.8,-6.49007147502806
"H-14",2008,0,57.3314377142857,-159.670517428571,1.1,-6.49007147502806
"H-14",2009,0,57.3314377142857,-159.670517428571,1.7,-6.49007147502806
"H-14",2010,0,57.3314377142857,-159.670517428571,2.3,-6.49007147502806
"H-14",2011,0,57.3314377142857,-159.670517428571,3,-6.49007147502806
"H-14",2012,0,57.3314377142857,-159.670517428571,0,-6.49007147502806
"H-14",2013,0,57.3314377142857,-159.670517428571,3.4,-6.49007147502806
"H-14",2014,0,57.3314377142857,-159.670517428571,5.1,-6.49007147502806
"H-14",2015,0,57.3314377142857,-159.670517428571,4.8,-6.49007147502806
"H-14",2016,0,57.3314377142857,-159.670517428571,6.1,-6.49007147502806
"H-14",2017,0,57.3314377142857,-159.670517428571,3.4,-6.49007147502806
"H-14",2018,0,57.3314377142857,-159.670517428571,5.1,-6.49007147502806
"H-14",2019,0,57.3314377142857,-159.670517428571,5.5,-6.49007147502806
"H-14",2021,0,57.3314377142857,-159.670517428571,4.7,-6.49007147502806
"H-14",2022,0,57.3314377142857,-159.670517428571,3.2,-6.49007147502806
"H-14",2023,0,57.3314377142857,-159.670517428571,3.6,-6.49007147502806
"H-15",1988,0,57.3362857142857,-159.067565428571,3.4,-6.49007147502806
"H-15",1989,0,57.3362857142857,-159.067565428571,2.5,-6.49007147502806
"H-15",1990,0,57.3362857142857,-159.067565428571,3.3,-6.49007147502806
"H-15",1991,0,57.3362857142857,-159.067565428571,NA,-6.49007147502806
"H-15",1992,0,57.3362857142857,-159.067565428571,2.6,-6.49007147502806
"H-15",1993,0,57.3362857142857,-159.067565428571,4.8,-6.49007147502806
"H-15",1994,0,57.3362857142857,-159.067565428571,2.8,-6.49007147502806
"H-15",1995,0,57.3362857142857,-159.067565428571,2.6,-6.49007147502806
"H-15",1996,0,57.3362857142857,-159.067565428571,5.2,-6.49007147502806
"H-15",1997,0,57.3362857142857,-159.067565428571,3.6,-6.49007147502806
"H-15",1998,0,57.3362857142857,-159.067565428571,4.9,-6.49007147502806
"H-15",1999,0,57.3362857142857,-159.067565428571,-1.1,-6.49007147502806
"H-15",2000,0,57.3362857142857,-159.067565428571,1.9,-6.49007147502806
"H-15",2001,0,57.3362857142857,-159.067565428571,3.8,-6.49007147502806
"H-15",2002,0,57.3362857142857,-159.067565428571,4.2,-6.49007147502806
"H-15",2003,0,57.3362857142857,-159.067565428571,4.5,-6.49007147502806
"H-15",2004,0,57.3362857142857,-159.067565428571,4.8,-6.49007147502806
"H-15",2005,0,57.3362857142857,-159.067565428571,4.8,-6.49007147502806
"H-15",2006,0,57.3362857142857,-159.067565428571,2.8,-6.49007147502806
"H-15",2007,0,57.3362857142857,-159.067565428571,1.9,-6.49007147502806
"H-15",2008,0,57.3362857142857,-159.067565428571,1.3,-6.49007147502806
"H-15",2009,0,57.3362857142857,-159.067565428571,2,-6.49007147502806
"H-15",2010,0,57.3362857142857,-159.067565428571,2.1,-6.49007147502806
"H-15",2011,0,57.3362857142857,-159.067565428571,2.7,-6.49007147502806
"H-15",2012,0,57.3362857142857,-159.067565428571,0.3,-6.49007147502806
"H-15",2013,0,57.3362857142857,-159.067565428571,3.4,-6.49007147502806
"H-15",2014,0,57.3362857142857,-159.067565428571,5.5,-6.49007147502806
"H-15",2015,0,57.3362857142857,-159.067565428571,5,-6.49007147502806
"H-15",2016,0,57.3362857142857,-159.067565428571,6.4,-6.49007147502806
"H-15",2017,0,57.3362857142857,-159.067565428571,3.8,-6.49007147502806
"H-15",2018,0,57.3362857142857,-159.067565428571,5.5,-6.49007147502806
"H-15",2019,0,57.3362857142857,-159.067565428571,6,-6.49007147502806
"H-15",2021,0,57.3362857142857,-159.067565428571,4.5,-6.49007147502806
"H-15",2022,0,57.3362857142857,-159.067565428571,3.8,-6.49007147502806
"H-15",2023,0,57.3362857142857,-159.067565428571,4,-6.49007147502806
"H-16",1988,0,57.3380954285714,-158.406348285714,4.6,-6.49007147502806
"H-16",1989,0,57.3380954285714,-158.406348285714,3.6,-6.49007147502806
"H-16",1990,0,57.3380954285714,-158.406348285714,NA,-6.49007147502806
"H-16",1991,0,57.3380954285714,-158.406348285714,4.6,-6.49007147502806
"H-16",1992,0,57.3380954285714,-158.406348285714,NA,-6.49007147502806
"H-16",1993,0,57.3380954285714,-158.406348285714,5.5,-6.49007147502806
"H-16",1994,0,57.3380954285714,-158.406348285714,4.2,-6.49007147502806
"H-16",1995,0,57.3380954285714,-158.406348285714,3.3,-6.49007147502806
"H-16",1996,0,57.3380954285714,-158.406348285714,6.1,-6.49007147502806
"H-16",1997,0,57.3380954285714,-158.406348285714,4.7,-6.49007147502806
"H-16",1998,0,57.3380954285714,-158.406348285714,5.6,-6.49007147502806
"H-16",1999,0,57.3380954285714,-158.406348285714,-0.3,-6.49007147502806
"H-16",2000,0,57.3380954285714,-158.406348285714,2.9,-6.49007147502806
"H-16",2001,0,57.3380954285714,-158.406348285714,4.5,-6.49007147502806
"H-16",2002,0,57.3380954285714,-158.406348285714,5.4,-6.49007147502806
"H-16",2003,0,57.3380954285714,-158.406348285714,5.3,-6.49007147502806
"H-16",2004,0,57.3380954285714,-158.406348285714,5.2,-6.49007147502806
"H-16",2005,0,57.3380954285714,-158.406348285714,6,-6.49007147502806
"H-16",2006,0,57.3380954285714,-158.406348285714,4.3,-6.49007147502806
"H-16",2007,0,57.3380954285714,-158.406348285714,4.8,-6.49007147502806
"H-16",2008,0,57.3380954285714,-158.406348285714,2.2,-6.49007147502806
"H-16",2009,0,57.3380954285714,-158.406348285714,4.4,-6.49007147502806
"H-16",2010,0,57.3380954285714,-158.406348285714,2.9,-6.49007147502806
"H-16",2011,0,57.3380954285714,-158.406348285714,3.7,-6.49007147502806
"H-16",2012,0,57.3380954285714,-158.406348285714,0.8,-6.49007147502806
"H-16",2013,0,57.3380954285714,-158.406348285714,5.2,-6.49007147502806
"H-16",2014,0,57.3380954285714,-158.406348285714,6.9,-6.49007147502806
"H-16",2015,0,57.3380954285714,-158.406348285714,5.8,-6.49007147502806
"H-16",2016,0,57.3380954285714,-158.406348285714,7.3,-6.49007147502806
"H-16",2017,0,57.3380954285714,-158.406348285714,5.4,-6.49007147502806
"H-16",2018,0,57.3380954285714,-158.406348285714,6.2,-6.49007147502806
"H-16",2019,0,57.3380954285714,-158.406348285714,7.4,-6.49007147502806
"H-16",2021,0,57.3380954285714,-158.406348285714,5.4,-6.49007147502806
"H-16",2022,0,57.3380954285714,-158.406348285714,5,-6.49007147502806
"H-16",2023,0,57.3380954285714,-158.406348285714,4.1,-6.49007147502806
"H-18",1988,52.3457772101595,57.3323142259641,-168.372453476372,2.4,3.95790027696848
"H-18",1989,27057.2192928627,57.3323142259641,-168.372453476372,3.9,10.2057091917682
"H-18",1990,0,57.3323142259641,-168.372453476372,2.6,-6.49007147502806
"H-18",1991,0,57.3323142259641,-168.372453476372,2.8,-6.49007147502806
"H-18",1992,141.369039486437,57.3323142259641,-168.372453476372,0,4.95138451344335
"H-18",1993,37.2936814260474,57.3323142259641,-168.372453476372,3,3.61886462846291
"H-18",1994,258.507448194872,57.3323142259641,-168.372453476372,1.4,5.55493038052425
"H-18",1995,499.22626168521,57.3323142259641,-168.372453476372,0.3,6.21306246479709
"H-18",1996,20.3142233898987,57.3323142259641,-168.372453476372,3.6,3.01139604515853
"H-18",1997,20.5312100480848,57.3323142259641,-168.372453476372,2.4,3.02202012471145
"H-18",1998,0,57.3323142259641,-168.372453476372,3.6,-6.49007147502806
"H-18",1999,0,57.3323142259641,-168.372453476372,2.7,-6.49007147502806
"H-18",2000,0,57.3323142259641,-168.372453476372,2.6,-6.49007147502806
"H-18",2001,0,57.3323142259641,-168.372453476372,NA,-6.49007147502806
"H-18",2002,0,57.3323142259641,-168.372453476372,3.6,-6.49007147502806
"H-18",2003,0,57.3323142259641,-168.372453476372,3.6,-6.49007147502806
"H-18",2004,0,57.3323142259641,-168.372453476372,3.5,-6.49007147502806
"H-18",2005,82.7582348091577,57.3323142259641,-168.372453476372,3.4,4.41594187135563
"H-18",2006,20.8454931520208,57.3323142259641,-168.372453476372,2.2,3.03721060907509
"H-18",2007,0,57.3323142259641,-168.372453476372,0.7,-6.49007147502806
"H-18",2008,0,57.3323142259641,-168.372453476372,0.4,-6.49007147502806
"H-18",2009,0,57.3323142259641,-168.372453476372,-0.7,-6.49007147502806
"H-18",2010,0,57.3323142259641,-168.372453476372,-0.7,-6.49007147502806
"H-18",2011,21.354662277613,57.3323142259641,-168.372453476372,3.3,3.06134119277139
"H-18",2012,388.388240136812,57.3323142259641,-168.372453476372,-0.1,5.9620093678339
"H-18",2013,0,57.3323142259641,-168.372453476372,0.4,-6.49007147502806
"H-18",2014,0,57.3323142259641,-168.372453476372,3.1,-6.49007147502806
"H-18",2015,20.4828952628107,57.3323142259641,-168.372453476372,3.3,3.01966428980743
"H-18",2016,0,57.3323142259641,-168.372453476372,4.6,-6.49007147502806
"H-18",2017,0,57.3323142259641,-168.372453476372,2.3,-6.49007147502806
"H-18",2018,0,57.3323142259641,-168.372453476372,4.7,-6.49007147502806
"H-18",2019,0,57.3323142259641,-168.372453476372,4.1,-6.49007147502806
"H-18",2021,0,57.3323142259641,-168.372453476372,4.1,-6.49007147502806
"H-18",2022,0,57.3323142259641,-168.372453476372,1.7,-6.49007147502806
"H-18",2023,41.3706025282562,57.3323142259641,-168.372453476372,3.1,3.72260724743881
"H-19",1988,67.2566901162614,57.3324890472028,-168.995524755245,1.8,4.20853907135639
"H-19",1989,58.458148535339,57.3324890472028,-168.995524755245,4.1,4.0683370630506
"H-19",1990,66.0902610057576,57.3324890472028,-168.995524755245,2.2,4.19104437371108
"H-19",1991,0,57.3324890472028,-168.995524755245,2.7,-6.49007147502806
"H-19",1992,33.3430371962605,57.3324890472028,-168.995524755245,0.2,3.50689450976168
"H-19",1993,0,57.3324890472028,-168.995524755245,3,-6.49007147502806
"H-19",1994,0,57.3324890472028,-168.995524755245,2.2,-6.49007147502806
"H-19",1995,0,57.3324890472028,-168.995524755245,0.3,-6.49007147502806
"H-19",1996,0,57.3324890472028,-168.995524755245,4,-6.49007147502806
"H-19",1997,0,57.3324890472028,-168.995524755245,2.2,-6.49007147502806
"H-19",1998,0,57.3324890472028,-168.995524755245,3.1,-6.49007147502806
"H-19",1999,0,57.3324890472028,-168.995524755245,2.4,-6.49007147502806
"H-19",2000,0,57.3324890472028,-168.995524755245,NA,-6.49007147502806
"H-19",2001,21.7051235391542,57.3324890472028,-168.995524755245,2.8,3.07761829572337
"H-19",2002,0,57.3324890472028,-168.995524755245,3.8,-6.49007147502806
"H-19",2003,0,57.3324890472028,-168.995524755245,3.8,-6.49007147502806
"H-19",2004,0,57.3324890472028,-168.995524755245,3.9,-6.49007147502806
"H-19",2005,0,57.3324890472028,-168.995524755245,3.8,-6.49007147502806
"H-19",2006,0,57.3324890472028,-168.995524755245,1.2,-6.49007147502806
"H-19",2007,0,57.3324890472028,-168.995524755245,0.4,-6.49007147502806
"H-19",2008,43.0823751215237,57.3324890472028,-168.995524755245,0.5,3.76314922800913
"H-19",2009,172.305055551319,57.3324890472028,-168.995524755245,-0.2,5.14927529714028
"H-19",2010,199.551704591894,57.3324890472028,-168.995524755245,-0.9,5.29608098286703
"H-19",2011,0,57.3324890472028,-168.995524755245,2.9,-6.49007147502806
"H-19",2012,103.087191285674,57.3324890472028,-168.995524755245,0,4.63558987703567
"H-19",2013,30.346749286901,57.3324890472028,-168.995524755245,0.7,3.41273943934856
"H-19",2014,0,57.3324890472028,-168.995524755245,3.5,-6.49007147502806
"H-19",2015,0,57.3324890472028,-168.995524755245,4,-6.49007147502806
"H-19",2016,0,57.3324890472028,-168.995524755245,4.8,-6.49007147502806
"H-19",2017,0,57.3324890472028,-168.995524755245,2.5,-6.49007147502806
"H-19",2018,0,57.3324890472028,-168.995524755245,4.6,-6.49007147502806
"H-19",2019,0,57.3324890472028,-168.995524755245,4.3,-6.49007147502806
"H-19",2021,0,57.3324890472028,-168.995524755245,4.2,-6.49007147502806
"H-19",2022,0,57.3324890472028,-168.995524755245,1.7,-6.49007147502806
"H-19",2023,0,57.3324890472028,-168.995524755245,3,-6.49007147502806
"H-20",1988,1010.25887442948,57.3351133963924,-169.602700739111,1.8,6.91796339132953
"H-20",1989,66.3363545271429,57.3351133963924,-169.602700739111,3.3,4.19476097041243
"H-20",1990,0,57.3351133963924,-169.602700739111,2.6,-6.49007147502806
"H-20",1991,6708.4598060671,57.3351133963924,-169.602700739111,NA,8.81112489286634
"H-20",1992,1165.60331808472,57.3351133963924,-169.602700739111,0.7,7.06099540425913
"H-20",1993,85.6042984296215,57.3351133963924,-169.602700739111,NA,4.44975323492882
"H-20",1994,1369.39506125851,57.3351133963924,-169.602700739111,NA,7.22212546901989
"H-20",1995,143.682457087324,57.3351133963924,-169.602700739111,0.5,4.9676162734904
"H-20",1996,0,57.3351133963924,-169.602700739111,4.1,-6.49007147502806
"H-20",1997,25.9579151259284,57.3351133963924,-169.602700739111,2,3.2565350721218
"H-20",1998,0,57.3351133963924,-169.602700739111,2.4,-6.49007147502806
"H-20",1999,45.8204864410056,57.3351133963924,-169.602700739111,1.5,3.82476443166564
"H-20",2000,44.673552409336,57.3351133963924,-169.602700739111,NA,3.79941564693813
"H-20",2001,0,57.3351133963924,-169.602700739111,3,-6.49007147502806
"H-20",2002,0,57.3351133963924,-169.602700739111,3.6,-6.49007147502806
"H-20",2003,0,57.3351133963924,-169.602700739111,4.3,-6.49007147502806
"H-20",2004,0,57.3351133963924,-169.602700739111,3.6,-6.49007147502806
"H-20",2005,0,57.3351133963924,-169.602700739111,4.2,-6.49007147502806
"H-20",2006,528.354739514208,57.3351133963924,-169.602700739111,0.7,6.26977078715244
"H-20",2007,44.6422106134615,57.3351133963924,-169.602700739111,0.1,3.79871385073857
"H-20",2008,86.8046394279543,57.3351133963924,-169.602700739111,0.9,4.46367756233461
"H-20",2009,150.729842821568,57.3351133963924,-169.602700739111,0,5.01549918791044
"H-20",2010,40.7843059578117,57.3351133963924,-169.602700739111,-0.4,3.70833457981993
"H-20",2011,21.7592357476923,57.3351133963924,-169.602700739111,1.4,3.08010808076974
"H-20",2012,22.4339749779891,57.3351133963924,-169.602700739111,0,3.11064423243159
"H-20",2013,1320.92665606839,57.3351133963924,-169.602700739111,0,7.18608993098421
"H-20",2014,52728.0469023379,57.3351133963924,-169.602700739111,2.9,10.8729028210446
"H-20",2015,0,57.3351133963924,-169.602700739111,3.8,-6.49007147502806
"H-20",2016,0,57.3351133963924,-169.602700739111,4.7,-6.49007147502806
"H-20",2017,42.6176235915017,57.3351133963924,-169.602700739111,3,3.75230349582438
"H-20",2018,23.2697498592381,57.3351133963924,-169.602700739111,4.2,3.14721947946931
"H-20",2019,0,57.3351133963924,-169.602700739111,4.4,-6.49007147502806
"H-20",2021,0,57.3351133963924,-169.602700739111,4.4,-6.49007147502806
"H-20",2022,0,57.3351133963924,-169.602700739111,1.5,-6.49007147502806
"H-20",2023,339.613013064879,57.3351133963924,-169.602700739111,1.7,5.8278112435846
"H-21",1988,0,57.3238003954802,-170.212311242938,4.4,-6.49007147502806
"H-21",1989,0,57.3238003954802,-170.212311242938,5.6,-6.49007147502806
"H-21",1990,0,57.3238003954802,-170.212311242938,4.9,-6.49007147502806
"H-21",1991,0,57.3238003954802,-170.212311242938,5.4,-6.49007147502806
"H-21",1992,84.3461749253585,57.3238003954802,-170.212311242938,4.3,4.43494746262912
"H-21",1993,0,57.3238003954802,-170.212311242938,4.5,-6.49007147502806
"H-21",1994,89053.7278609503,57.3238003954802,-170.212311242938,2.5,11.3969951674522
"H-21",1995,0,57.3238003954802,-170.212311242938,3.2,-6.49007147502806
"H-21",1996,0,57.3238003954802,-170.212311242938,6.2,-6.49007147502806
"H-21",1997,0,57.3238003954802,-170.212311242938,4.1,-6.49007147502806
"H-21",1998,0,57.3238003954802,-170.212311242938,4.3,-6.49007147502806
"H-21",1999,0,57.3238003954802,-170.212311242938,2.7,-6.49007147502806
"H-21",2000,20.5308357361848,57.3238003954802,-170.212311242938,4.2,3.02200189453264
"H-21",2001,0,57.3238003954802,-170.212311242938,4.3,-6.49007147502806
"H-21",2002,0,57.3238003954802,-170.212311242938,5.6,-6.49007147502806
"H-21",2003,0,57.3238003954802,-170.212311242938,6.8,-6.49007147502806
"H-21",2004,0,57.3238003954802,-170.212311242938,5.1,-6.49007147502806
"H-21",2005,0,57.3238003954802,-170.212311242938,6.5,-6.49007147502806
"H-21",2006,0,57.3238003954802,-170.212311242938,3.2,-6.49007147502806
"H-21",2007,0,57.3238003954802,-170.212311242938,2.9,-6.49007147502806
"H-21",2008,0,57.3238003954802,-170.212311242938,2.1,-6.49007147502806
"H-21",2009,21.8369968966248,57.3238003954802,-170.212311242938,3,3.08367516949543
"H-21",2010,0,57.3238003954802,-170.212311242938,2.2,-6.49007147502806
"H-21",2011,0,57.3238003954802,-170.212311242938,3.8,-6.49007147502806
"H-21",2012,0,57.3238003954802,-170.212311242938,2.1,-6.49007147502806
"H-21",2013,0,57.3238003954802,-170.212311242938,3.7,-6.49007147502806
"H-21",2014,0,57.3238003954802,-170.212311242938,4.7,-6.49007147502806
"H-21",2015,0,57.3238003954802,-170.212311242938,6.5,-6.49007147502806
"H-21",2016,0,57.3238003954802,-170.212311242938,7.2,-6.49007147502806
"H-21",2017,0,57.3238003954802,-170.212311242938,5.9,-6.49007147502806
"H-21",2018,0,57.3238003954802,-170.212311242938,5.8,-6.49007147502806
"H-21",2019,0,57.3238003954802,-170.212311242938,7.2,-6.49007147502806
"H-21",2021,0,57.3238003954802,-170.212311242938,6.1,-6.49007147502806
"H-21",2022,0,57.3238003954802,-170.212311242938,4.2,-6.49007147502806
"H-21",2023,0,57.3238003954802,-170.212311242938,4,-6.49007147502806
"H-22",1988,0,57.3473203931624,-170.855256692308,3.4,-6.49007147502806
"H-22",1989,0,57.3473203931624,-170.855256692308,4.4,-6.49007147502806
"H-22",1990,15685.887897395,57.3473203931624,-170.855256692308,3.4,9.6605168238839
"H-22",1991,0,57.3473203931624,-170.855256692308,3.7,-6.49007147502806
"H-22",1992,7763.22255196753,57.3473203931624,-170.855256692308,1.4,8.95715299988298
"H-22",1993,394.967290039221,57.3473203931624,-170.855256692308,3.6,5.97880679590896
"H-22",1994,123.288895731787,57.3473203931624,-170.855256692308,NA,4.81454266320859
"H-22",1995,259.07947223406,57.3473203931624,-170.855256692308,2.5,5.5571407181245
"H-22",1996,28.5460297867299,57.3473203931624,-170.855256692308,4.9,3.35157105595921
"H-22",1997,60.4631450253012,57.3473203931624,-170.855256692308,3.8,4.10205911945271
"H-22",1998,0,57.3473203931624,-170.855256692308,3.9,-6.49007147502806
"H-22",1999,0,57.3473203931624,-170.855256692308,2.6,-6.49007147502806
"H-22",2000,0,57.3473203931624,-170.855256692308,3.1,-6.49007147502806
"H-22",2001,0,57.3473203931624,-170.855256692308,3.8,-6.49007147502806
"H-22",2002,40.2582736276532,57.3473203931624,-170.855256692308,4.1,3.6953532554722
"H-22",2003,77.6314881672172,57.3473203931624,-170.855256692308,5.3,4.35199267963915
"H-22",2004,19.8315259265835,57.3473203931624,-170.855256692308,4.9,2.98734945404912
"H-22",2005,41.1999540553627,57.3473203931624,-170.855256692308,4.8,3.71847399590702
"H-22",2006,0,57.3473203931624,-170.855256692308,2.9,-6.49007147502806
"H-22",2007,152.23628213192,57.3473203931624,-170.855256692308,1.9,5.02544377577629
"H-22",2008,163.641578042395,57.3473203931624,-170.855256692308,1.5,5.09768781541253
"H-22",2009,85.9991847576045,57.3473203931624,-170.855256692308,2.7,4.45435547294192
"H-22",2010,57.4302807638546,57.3473203931624,-170.855256692308,2.7,4.05059814303475
"H-22",2011,0,57.3473203931624,-170.855256692308,2.9,-6.49007147502806
"H-22",2012,39.2307935021468,57.3473203931624,-170.855256692308,1.2,3.66950069151124
"H-22",2013,1006.45905505098,57.3473203931624,-170.855256692308,2,6.91419507242136
"H-22",2014,0,57.3473203931624,-170.855256692308,3.8,-6.49007147502806
"H-22",2015,0,57.3473203931624,-170.855256692308,5.1,-6.49007147502806
"H-22",2016,1569.79374437019,57.3473203931624,-170.855256692308,5.5,7.35870048398569
"H-22",2017,0,57.3473203931624,-170.855256692308,4.8,-6.49007147502806
"H-22",2018,0,57.3473203931624,-170.855256692308,4.6,-6.49007147502806
"H-22",2019,0,57.3473203931624,-170.855256692308,5.5,-6.49007147502806
"H-22",2021,0,57.3473203931624,-170.855256692308,4.6,-6.49007147502806
"H-22",2022,0,57.3473203931624,-170.855256692308,2.9,-6.49007147502806
"H-22",2023,0,57.3473203931624,-170.855256692308,3,-6.49007147502806
"H-23",1988,0,57.332864720696,-171.459977655678,3.5,-6.49007147502806
"H-23",1989,87902.5399174618,57.332864720696,-171.459977655678,3,11.3839839960642
"H-23",1990,110621.559189254,57.332864720696,-171.459977655678,2.4,11.613870292179
"H-23",1991,16247.273359402,57.332864720696,-171.459977655678,3.1,9.69568047386961
"H-23",1992,36781.2698044929,57.332864720696,-171.459977655678,3.3,10.5127440631654
"H-23",1993,13312.9635634643,57.332864720696,-171.459977655678,3.5,9.49649365757148
"H-23",1994,4402.7430909602,57.332864720696,-171.459977655678,NA,8.38998340030347
"H-23",1995,123.004937859744,57.332864720696,-171.459977655678,2.4,4.81223684424052
"H-23",1996,76.117729696693,57.332864720696,-171.459977655678,3.8,4.33230116504294
"H-23",1997,0,57.332864720696,-171.459977655678,NA,-6.49007147502806
"H-23",1998,167.817107228522,57.332864720696,-171.459977655678,3.4,5.12288378709243
"H-23",1999,234.787237482226,57.332864720696,-171.459977655678,2.5,5.45868619891418
"H-23",2000,132.103978049147,57.332864720696,-171.459977655678,3.3,4.88360081921392
"H-23",2001,0,57.332864720696,-171.459977655678,3.1,-6.49007147502806
"H-23",2002,22.3435702180924,57.332864720696,-171.459977655678,3.4,3.10660655009139
"H-23",2003,18.977874951822,57.332864720696,-171.459977655678,4.5,2.94335383230727
"H-23",2004,0,57.332864720696,-171.459977655678,4.2,-6.49007147502806
"H-23",2005,1475.25456271563,57.332864720696,-171.459977655678,4.1,7.29658686804782
"H-23",2006,0,57.332864720696,-171.459977655678,3.1,-6.49007147502806
"H-23",2007,2001.96726676484,57.332864720696,-171.459977655678,2.2,7.60188636794808
"H-23",2008,102.36015682585,57.332864720696,-171.459977655678,2.4,4.62851237757348
"H-23",2009,176.87239818111,57.332864720696,-171.459977655678,2.7,5.17543714327109
"H-23",2010,0,57.332864720696,-171.459977655678,3.5,-6.49007147502806
"H-23",2011,44.6327392560354,57.332864720696,-171.459977655678,2.9,3.79850167396787
"H-23",2012,42.4014798453856,57.332864720696,-171.459977655678,1.9,3.74721907402691
"H-23",2013,235.508196225913,57.332864720696,-171.459977655678,2.1,5.46175216384297
"H-23",2014,35.823120212574,57.332864720696,-171.459977655678,3.6,3.57863588721669
"H-23",2015,61.9729656165312,57.332864720696,-171.459977655678,4.5,4.12672275286853
"H-23",2016,293.173396471317,57.332864720696,-171.459977655678,4.8,5.68076941011699
"H-23",2017,41.950638873353,57.332864720696,-171.459977655678,3.9,3.73652985742711
"H-23",2018,0,57.332864720696,-171.459977655678,4.1,-6.49007147502806
"H-23",2019,219.123202498606,57.332864720696,-171.459977655678,4.4,5.38964106971671
"H-23",2021,21.1411225757341,57.332864720696,-171.459977655678,3.9,3.05129190245016
"H-23",2022,0,57.332864720696,-171.459977655678,2.9,-6.49007147502806
"H-23",2023,0,57.332864720696,-171.459977655678,3.6,-6.49007147502806
"H-24",1988,0,57.3361418777174,-172.099224581522,3.1,-6.49007147502806
"H-24",1989,8630.17708002663,57.3361418777174,-172.099224581522,3.4,9.06302047893484
"H-24",1990,24499.1232197758,57.3361418777174,-172.099224581522,3,10.1063926709239
"H-24",1991,71209.1236143761,57.3361418777174,-172.099224581522,2.8,11.1733762511658
"H-24",1992,15991.7297090195,57.3361418777174,-172.099224581522,NA,9.67982706935191
"H-24",1993,21696.5320174274,57.3361418777174,-172.099224581522,3.8,9.9849077818771
"H-24",1994,17856.6917800731,57.3361418777174,-172.099224581522,1.5,9.79013369162898
"H-24",1995,58369.9036628459,57.3361418777174,-172.099224581522,2.7,10.9745557137539
"H-24",1996,383.223078029194,57.3361418777174,-172.099224581522,3.9,5.94862123106621
"H-24",1997,1353.07896386939,57.3361418777174,-172.099224581522,4,7.21013911074007
"H-24",1998,37.1158833855324,57.3361418777174,-172.099224581522,3.5,3.61408591155684
"H-24",1999,0,57.3361418777174,-172.099224581522,1.9,-6.49007147502806
"H-24",2000,0,57.3361418777174,-172.099224581522,3.2,-6.49007147502806
"H-24",2001,40.1173360441531,57.3361418777174,-172.099224581522,3.2,3.69184641045846
"H-24",2002,19.361096652212,57.3361418777174,-172.099224581522,3.5,2.96334414982787
"H-24",2003,98.3577776554559,57.3361418777174,-172.099224581522,4.6,4.58862706091663
"H-24",2004,0,57.3361418777174,-172.099224581522,4.2,-6.49007147502806
"H-24",2005,0,57.3361418777174,-172.099224581522,4.1,-6.49007147502806
"H-24",2006,0,57.3361418777174,-172.099224581522,NA,-6.49007147502806
"H-24",2007,20.2040457713306,57.3361418777174,-172.099224581522,2.3,3.00595802250602
"H-24",2008,37.7761595477397,57.3361418777174,-172.099224581522,2.6,3.63171839878203
"H-24",2009,9685.83802527142,57.3361418777174,-172.099224581522,2.7,9.17842025703119
"H-24",2010,38.4365462880163,57.3361418777174,-172.099224581522,3.4,3.64904823758212
"H-24",2011,943.729188576791,57.3361418777174,-172.099224581522,3.1,6.84984085745866
"H-24",2012,31710.8319475861,57.3361418777174,-172.099224581522,1.7,10.3644136511992
"H-24",2013,101.682293437833,57.3361418777174,-172.099224581522,3.6,4.6218681151469
"H-24",2014,1973.6590851221,57.3361418777174,-172.099224581522,3.7,7.5876452718589
"H-24",2015,0,57.3361418777174,-172.099224581522,3.9,-6.49007147502806
"H-24",2016,1078.59890428324,57.3361418777174,-172.099224581522,4.7,6.98341957482193
"H-24",2017,22452.2030277217,57.3361418777174,-172.099224581522,4.1,10.0191440863966
"H-24",2018,3009.92881055144,57.3361418777174,-172.099224581522,3.9,8.00967221096072
"H-24",2019,834.756346247645,57.3361418777174,-172.099224581522,4.2,6.72714170038839
"H-24",2021,0,57.3361418777174,-172.099224581522,3.4,-6.49007147502806
"H-24",2022,0,57.3361418777174,-172.099224581522,2.5,-6.49007147502806
"H-24",2023,0,57.3361418777174,-172.099224581522,3.4,-6.49007147502806
"H-25",1988,0,57.345016633565,-172.782889056604,3.4,-6.49007147502806
"H-25",1989,2067.92624523928,57.345016633565,-172.782889056604,3.5,7.63430230449587
"H-25",1990,0,57.345016633565,-172.782889056604,2.7,-6.49007147502806
"H-25",1991,38186.4372013628,57.345016633565,-172.782889056604,3,10.5502357242297
"H-25",1992,0,57.345016633565,-172.782889056604,NA,-6.49007147502806
"H-25",1993,3796.84668256751,57.345016633565,-172.782889056604,3.8,8.24192658076737
"H-25",1994,42.2105560050844,57.345016633565,-172.782889056604,NA,3.74270630441854
"H-25",1995,1037.82635683128,57.345016633565,-172.782889056604,2.8,6.94488522653799
"H-25",1996,487.294331952686,57.345016633565,-172.782889056604,3.8,6.18887143430563
"H-25",1997,116.286564395236,57.345016633565,-172.782889056604,4.1,4.75607058510585
"H-25",1998,0,57.345016633565,-172.782889056604,3,-6.49007147502806
"H-25",1999,0,57.345016633565,-172.782889056604,2.3,-6.49007147502806
"H-25",2000,0,57.345016633565,-172.782889056604,3.2,-6.49007147502806
"H-25",2001,0,57.345016633565,-172.782889056604,NA,-6.49007147502806
"H-25",2002,0,57.345016633565,-172.782889056604,3.5,-6.49007147502806
"H-25",2003,18.7895416487623,57.345016633565,-172.782889056604,4.5,2.9333812295687
"H-25",2004,0,57.345016633565,-172.782889056604,4,-6.49007147502806
"H-25",2005,0,57.345016633565,-172.782889056604,4.1,-6.49007147502806
"H-25",2006,0,57.345016633565,-172.782889056604,2.9,-6.49007147502806
"H-25",2007,0,57.345016633565,-172.782889056604,2.8,-6.49007147502806
"H-25",2008,0,57.345016633565,-172.782889056604,2.8,-6.49007147502806
"H-25",2009,0,57.345016633565,-172.782889056604,2.9,-6.49007147502806
"H-25",2010,0,57.345016633565,-172.782889056604,3.1,-6.49007147502806
"H-25",2011,0,57.345016633565,-172.782889056604,3.3,-6.49007147502806
"H-25",2012,69.0358641819232,57.345016633565,-172.782889056604,2.1,4.2346481350252
"H-25",2013,0,57.345016633565,-172.782889056604,3.1,-6.49007147502806
"H-25",2014,0,57.345016633565,-172.782889056604,3.7,-6.49007147502806
"H-25",2015,110.9716948641,57.345016633565,-172.782889056604,4.5,4.70928885060918
"H-25",2016,185.62651595641,57.345016633565,-172.782889056604,4.7,5.22374485634259
"H-25",2017,0,57.345016633565,-172.782889056604,4.4,-6.49007147502806
"H-25",2018,0,57.345016633565,-172.782889056604,3.8,-6.49007147502806
"H-25",2019,0,57.345016633565,-172.782889056604,4.2,-6.49007147502806
"H-25",2021,0,57.345016633565,-172.782889056604,3.6,-6.49007147502806
"H-25",2022,0,57.345016633565,-172.782889056604,3.7,-6.49007147502806
"H-25",2023,0,57.345016633565,-172.782889056604,3.2,-6.49007147502806
"H-26",1988,0,57.3462801984127,-173.325576309524,3.5,-6.49007147502806
"H-26",1989,0,57.3462801984127,-173.325576309524,3.5,-6.49007147502806
"H-26",1990,0,57.3462801984127,-173.325576309524,3.2,-6.49007147502806
"H-26",1991,148.87409110037,57.3462801984127,-173.325576309524,3.3,5.00311112198006
"H-26",1992,0,57.3462801984127,-173.325576309524,3.5,-6.49007147502806
"H-26",1993,0,57.3462801984127,-173.325576309524,3.9,-6.49007147502806
"H-26",1994,0,57.3462801984127,-173.325576309524,2.5,-6.49007147502806
"H-26",1995,0,57.3462801984127,-173.325576309524,3,-6.49007147502806
"H-26",1996,59.474406537488,57.3462801984127,-173.325576309524,3.8,4.08557160845079
"H-26",1997,22.2557875793567,57.3462801984127,-173.325576309524,4.1,3.10267031515557
"H-26",1998,0,57.3462801984127,-173.325576309524,3.1,-6.49007147502806
"H-26",1999,0,57.3462801984127,-173.325576309524,2.5,-6.49007147502806
"H-26",2000,0,57.3462801984127,-173.325576309524,3.3,-6.49007147502806
"H-26",2001,0,57.3462801984127,-173.325576309524,3.6,-6.49007147502806
"H-26",2002,21.1228140835514,57.3462801984127,-173.325576309524,3.7,3.0504255762482
"H-26",2003,0,57.3462801984127,-173.325576309524,4.5,-6.49007147502806
"H-26",2004,0,57.3462801984127,-173.325576309524,4,-6.49007147502806
"H-26",2005,0,57.3462801984127,-173.325576309524,4.1,-6.49007147502806
"H-26",2006,0,57.3462801984127,-173.325576309524,3.1,-6.49007147502806
"H-26",2007,0,57.3462801984127,-173.325576309524,3.3,-6.49007147502806
"H-26",2008,0,57.3462801984127,-173.325576309524,2.4,-6.49007147502806
"H-26",2009,0,57.3462801984127,-173.325576309524,3.2,-6.49007147502806
"H-26",2010,0,57.3462801984127,-173.325576309524,3.4,-6.49007147502806
"H-26",2011,0,57.3462801984127,-173.325576309524,3.4,-6.49007147502806
"H-26",2012,0,57.3462801984127,-173.325576309524,3,-6.49007147502806
"H-26",2013,0,57.3462801984127,-173.325576309524,3.2,-6.49007147502806
"H-26",2014,0,57.3462801984127,-173.325576309524,3.4,-6.49007147502806
"H-26",2015,0,57.3462801984127,-173.325576309524,4.6,-6.49007147502806
"H-26",2016,0,57.3462801984127,-173.325576309524,4.7,-6.49007147502806
"H-26",2017,0,57.3462801984127,-173.325576309524,4.4,-6.49007147502806
"H-26",2018,0,57.3462801984127,-173.325576309524,4,-6.49007147502806
"H-26",2019,0,57.3462801984127,-173.325576309524,4.3,-6.49007147502806
"H-26",2021,0,57.3462801984127,-173.325576309524,3.9,-6.49007147502806
"H-26",2022,0,57.3462801984127,-173.325576309524,3.8,-6.49007147502806
"H-26",2023,20.3456950275903,57.3462801984127,-173.325576309524,3.3,3.01294397219652
"I-01",1988,580.072952694993,57.6674174528302,-167.770765429245,1.5,6.36315649380751
"I-01",1989,0,57.6674174528302,-167.770765429245,3.8,-6.49007147502806
"I-01",1990,44.5305886864096,57.6674174528302,-167.770765429245,2,3.79621043747938
"I-01",1991,756.057909696083,57.6674174528302,-167.770765429245,3.4,6.62811998173627
"I-01",1992,2126.0010320516,57.6674174528302,-167.770765429245,0.9,7.66199875856819
"I-01",1993,0,57.6674174528302,-167.770765429245,3.2,-6.49007147502806
"I-01",1994,1172.01371039929,57.6674174528302,-167.770765429245,NA,7.06647996394312
"I-01",1995,1724.03841774737,57.6674174528302,-167.770765429245,0.6,7.45242561579747
"I-01",1996,0,57.6674174528302,-167.770765429245,2.8,-6.49007147502806
"I-01",1997,0,57.6674174528302,-167.770765429245,1,-6.49007147502806
"I-01",1998,0,57.6674174528302,-167.770765429245,2.9,-6.49007147502806
"I-01",1999,0,57.6674174528302,-167.770765429245,1.4,-6.49007147502806
"I-01",2000,0,57.6674174528302,-167.770765429245,2.3,-6.49007147502806
"I-01",2001,0,57.6674174528302,-167.770765429245,2.7,-6.49007147502806
"I-01",2002,0,57.6674174528302,-167.770765429245,2.3,-6.49007147502806
"I-01",2003,21.1325710324343,57.6674174528302,-167.770765429245,3.1,3.05088735161014
"I-01",2004,20.0612284999823,57.6674174528302,-167.770765429245,2.1,2.99886470937304
"I-01",2005,110.95256111569,57.6674174528302,-167.770765429245,3,4.70911641802362
"I-01",2006,222.737756751536,57.6674174528302,-167.770765429245,0.2,5.40600191790565
"I-01",2007,0,57.6674174528302,-167.770765429245,0.6,-6.49007147502806
"I-01",2008,22.1002996363169,57.6674174528302,-167.770765429245,0.7,3.09565987105818
"I-01",2009,0,57.6674174528302,-167.770765429245,-0.5,-6.49007147502806
"I-01",2010,22.0324731139444,57.6674174528302,-167.770765429245,-1.1,3.09258633162008
"I-01",2011,1930.69046157363,57.6674174528302,-167.770765429245,2.5,7.56563375650664
"I-01",2012,9702.54615280538,57.6674174528302,-167.770765429245,0.5,9.1801437765261
"I-01",2013,411.4789867322,57.6674174528302,-167.770765429245,0.6,6.01976164395886
"I-01",2014,66.7926112876948,57.6674174528302,-167.770765429245,3.4,4.20161519836024
"I-01",2015,0,57.6674174528302,-167.770765429245,3.3,-6.49007147502806
"I-01",2016,0,57.6674174528302,-167.770765429245,4.7,-6.49007147502806
"I-01",2017,21.0443765795124,57.6674174528302,-167.770765429245,0.4,3.04670553018426
"I-01",2018,120.829124235921,57.6674174528302,-167.770765429245,5,4.79438991787299
"I-01",2019,0,57.6674174528302,-167.770765429245,3.9,-6.49007147502806
"I-01",2021,0,57.6674174528302,-167.770765429245,3.7,-6.49007147502806
"I-01",2022,0,57.6674174528302,-167.770765429245,0.9,-6.49007147502806
"I-01",2023,0,57.6674174528302,-167.770765429245,2.6,-6.49007147502806
"I-02",1988,6408.96498039869,57.6722727012564,-167.128943371336,0.4,8.76545330428494
"I-02",1989,218.919581641185,57.6722727012564,-167.128943371336,3,5.38871139130264
"I-02",1990,0,57.6722727012564,-167.128943371336,1.9,-6.49007147502806
"I-02",1991,620.093748753609,57.6722727012564,-167.128943371336,1.7,6.42987312299979
"I-02",1992,1758.8766711576,57.6722727012564,-167.128943371336,0.6,7.47243149253756
"I-02",1993,0,57.6722727012564,-167.128943371336,2.5,-6.49007147502806
"I-02",1994,21277.2876195782,57.6722727012564,-167.128943371336,0.5,9.96539554521007
"I-02",1995,1994.23804985795,57.6722727012564,-167.128943371336,0.1,7.59801808788796
"I-02",1996,0,57.6722727012564,-167.128943371336,1,-6.49007147502806
"I-02",1997,0,57.6722727012564,-167.128943371336,1,-6.49007147502806
"I-02",1998,0,57.6722727012564,-167.128943371336,3.3,-6.49007147502806
"I-02",1999,0,57.6722727012564,-167.128943371336,0.2,-6.49007147502806
"I-02",2000,21.4670750480203,57.6722727012564,-167.128943371336,1.3,3.06659109919489
"I-02",2001,0,57.6722727012564,-167.128943371336,2.3,-6.49007147502806
"I-02",2002,0,57.6722727012564,-167.128943371336,1.9,-6.49007147502806
"I-02",2003,20.7913365769241,57.6722727012564,-167.128943371336,3,3.03460941891566
"I-02",2004,0,57.6722727012564,-167.128943371336,2.1,-6.49007147502806
"I-02",2005,0,57.6722727012564,-167.128943371336,2.6,-6.49007147502806
"I-02",2006,1411.95378270795,57.6722727012564,-167.128943371336,-0.4,7.25273076114164
"I-02",2007,0,57.6722727012564,-167.128943371336,0.5,-6.49007147502806
"I-02",2008,470.461180291631,57.6722727012564,-167.128943371336,0.6,6.15371667582332
"I-02",2009,20.7828552624696,57.6722727012564,-167.128943371336,-0.6,3.03420144008527
"I-02",2010,96.0363136730925,57.6722727012564,-167.128943371336,-0.3,4.56474219835324
"I-02",2011,868.442721196475,57.6722727012564,-167.128943371336,1.1,6.76670338055379
"I-02",2012,3831.78763363178,57.6722727012564,-167.128943371336,0.5,8.25108711463128
"I-02",2013,230.483860767794,57.6722727012564,-167.128943371336,0.8,5.44018742965815
"I-02",2014,22.0993609278087,57.6722727012564,-167.128943371336,3.2,3.0956173981521
"I-02",2015,0,57.6722727012564,-167.128943371336,3,-6.49007147502806
"I-02",2016,0,57.6722727012564,-167.128943371336,4.4,-6.49007147502806
"I-02",2017,0,57.6722727012564,-167.128943371336,0.4,-6.49007147502806
"I-02",2018,0,57.6722727012564,-167.128943371336,4.4,-6.49007147502806
"I-02",2019,0,57.6722727012564,-167.128943371336,3.6,-6.49007147502806
"I-02",2021,0,57.6722727012564,-167.128943371336,3.4,-6.49007147502806
"I-02",2022,0,57.6722727012564,-167.128943371336,0.7,-6.49007147502806
"I-02",2023,19.2443226107625,57.6722727012564,-167.128943371336,2.4,2.95729498810535
"I-03",1988,3113.14947326426,57.6692221733188,-166.506019641881,1.7,8.04339067286468
"I-03",1989,0,57.6692221733188,-166.506019641881,3.5,-6.49007147502806
"I-03",1990,0,57.6692221733188,-166.506019641881,2,-6.49007147502806
"I-03",1991,291.521852821387,57.6692221733188,-166.506019641881,2.1,5.67512017843207
"I-03",1992,310.843567795014,57.6692221733188,-166.506019641881,0.9,5.73929467308031
"I-03",1993,0,57.6692221733188,-166.506019641881,2.7,-6.49007147502806
"I-03",1994,54671.1830570807,57.6692221733188,-166.506019641881,-0.4,10.9090920593975
"I-03",1995,84.7948843675858,57.6692221733188,-166.506019641881,0.4,4.44025312218184
"I-03",1996,0,57.6692221733188,-166.506019641881,1.7,-6.49007147502806
"I-03",1997,0,57.6692221733188,-166.506019641881,1.2,-6.49007147502806
"I-03",1998,0,57.6692221733188,-166.506019641881,2.2,-6.49007147502806
"I-03",1999,0,57.6692221733188,-166.506019641881,-0.4,-6.49007147502806
"I-03",2000,101.212201419936,57.6692221733188,-166.506019641881,1.7,4.61723431940753
"I-03",2001,22.7269551973681,57.6692221733188,-166.506019641881,2.5,3.12361848373292
"I-03",2002,0,57.6692221733188,-166.506019641881,3.6,-6.49007147502806
"I-03",2003,21.4477935433585,57.6692221733188,-166.506019641881,3.3,3.06569256951378
"I-03",2004,0,57.6692221733188,-166.506019641881,3,-6.49007147502806
"I-03",2005,0,57.6692221733188,-166.506019641881,3,-6.49007147502806
"I-03",2006,0,57.6692221733188,-166.506019641881,0,-6.49007147502806
"I-03",2007,148.911503992834,57.6692221733188,-166.506019641881,0.3,5.00336239344339
"I-03",2008,21.7464715539925,57.6692221733188,-166.506019641881,0.6,3.07952133921672
"I-03",2009,19.3798224662337,57.6692221733188,-166.506019641881,-1.1,2.96431079430166
"I-03",2010,0,57.6692221733188,-166.506019641881,-0.6,-6.49007147502806
"I-03",2011,19.9563078070972,57.6692221733188,-166.506019641881,0.9,2.99362135952037
"I-03",2012,111.654018635465,57.6692221733188,-166.506019641881,0.4,4.7154185702131
"I-03",2013,161.63053744194,57.6692221733188,-166.506019641881,1,5.08532249202414
"I-03",2014,23.4476955405714,57.6692221733188,-166.506019641881,3,3.15483697539853
"I-03",2015,0,57.6692221733188,-166.506019641881,2.9,-6.49007147502806
"I-03",2016,0,57.6692221733188,-166.506019641881,4.6,-6.49007147502806
"I-03",2017,0,57.6692221733188,-166.506019641881,0.6,-6.49007147502806
"I-03",2018,0,57.6692221733188,-166.506019641881,3.8,-6.49007147502806
"I-03",2019,0,57.6692221733188,-166.506019641881,3.8,-6.49007147502806
"I-03",2021,0,57.6692221733188,-166.506019641881,3.2,-6.49007147502806
"I-03",2022,20.9669564262359,57.6692221733188,-166.506019641881,0.7,3.04302011297515
"I-03",2023,0,57.6692221733188,-166.506019641881,1.2,-6.49007147502806
"I-04",1988,714.168164238665,57.6661390425532,-165.882722443262,1.6,6.57112058491622
"I-04",1989,0,57.6661390425532,-165.882722443262,1.7,-6.49007147502806
"I-04",1990,40.9457626850381,57.6661390425532,-165.882722443262,NA,3.71228541311343
"I-04",1991,0,57.6661390425532,-165.882722443262,2.5,-6.49007147502806
"I-04",1992,153.67356865018,57.6661390425532,-165.882722443262,0.2,5.03484054951264
"I-04",1993,0,57.6661390425532,-165.882722443262,1.7,-6.49007147502806
"I-04",1994,767.767865568512,57.6661390425532,-165.882722443262,0,6.64348940681593
"I-04",1995,47.6542946494181,57.6661390425532,-165.882722443262,NA,3.86400461824995
"I-04",1996,21.4964145062012,57.6661390425532,-165.882722443262,2.3,3.06795678849655
"I-04",1997,22.707472480877,57.6661390425532,-165.882722443262,1,3.12276092190045
"I-04",1998,0,57.6661390425532,-165.882722443262,2.3,-6.49007147502806
"I-04",1999,1704.40876444045,57.6661390425532,-165.882722443262,-0.7,7.44097445474586
"I-04",2000,182.031602257837,57.6661390425532,-165.882722443262,1.3,5.20418865237895
"I-04",2001,0,57.6661390425532,-165.882722443262,2,-6.49007147502806
"I-04",2002,0,57.6661390425532,-165.882722443262,3.4,-6.49007147502806
"I-04",2003,21.5862970871626,57.6661390425532,-165.882722443262,2.7,3.07212905958538
"I-04",2004,0,57.6661390425532,-165.882722443262,2.4,-6.49007147502806
"I-04",2005,0,57.6661390425532,-165.882722443262,3.1,-6.49007147502806
"I-04",2006,0,57.6661390425532,-165.882722443262,0.2,-6.49007147502806
"I-04",2007,0,57.6661390425532,-165.882722443262,0.1,-6.49007147502806
"I-04",2008,0,57.6661390425532,-165.882722443262,0.6,-6.49007147502806
"I-04",2009,0,57.6661390425532,-165.882722443262,-0.4,-6.49007147502806
"I-04",2010,0,57.6661390425532,-165.882722443262,0.6,-6.49007147502806
"I-04",2011,0,57.6661390425532,-165.882722443262,0.8,-6.49007147502806
"I-04",2012,89.6371800090164,57.6661390425532,-165.882722443262,0.3,4.49578712907597
"I-04",2013,19.9602393460721,57.6661390425532,-165.882722443262,1,2.99381833246399
"I-04",2014,0,57.6661390425532,-165.882722443262,2.2,-6.49007147502806
"I-04",2015,0,57.6661390425532,-165.882722443262,3,-6.49007147502806
"I-04",2016,0,57.6661390425532,-165.882722443262,4.7,-6.49007147502806
"I-04",2017,0,57.6661390425532,-165.882722443262,0.5,-6.49007147502806
"I-04",2018,0,57.6661390425532,-165.882722443262,3.5,-6.49007147502806
"I-04",2019,0,57.6661390425532,-165.882722443262,3.8,-6.49007147502806
"I-04",2021,0,57.6661390425532,-165.882722443262,2.2,-6.49007147502806
"I-04",2022,0,57.6661390425532,-165.882722443262,0.6,-6.49007147502806
"I-04",2023,0,57.6661390425532,-165.882722443262,1.2,-6.49007147502806
"I-05",1988,665.317199476248,57.6564286817326,-165.248834362837,0.7,6.50026620090298
"I-05",1989,22.6876164970623,57.6564286817326,-165.248834362837,1.3,3.1218861727911
"I-05",1990,0,57.6564286817326,-165.248834362837,2.1,-6.49007147502806
"I-05",1991,0,57.6564286817326,-165.248834362837,1.9,-6.49007147502806
"I-05",1992,0,57.6564286817326,-165.248834362837,0.9,-6.49007147502806
"I-05",1993,0,57.6564286817326,-165.248834362837,2.8,-6.49007147502806
"I-05",1994,42.1304308099632,57.6564286817326,-165.248834362837,-0.1,3.74080634243633
"I-05",1995,0,57.6564286817326,-165.248834362837,0.1,-6.49007147502806
"I-05",1996,0,57.6564286817326,-165.248834362837,2.8,-6.49007147502806
"I-05",1997,0,57.6564286817326,-165.248834362837,0.9,-6.49007147502806
"I-05",1998,0,57.6564286817326,-165.248834362837,2.8,-6.49007147502806
"I-05",1999,20.4432664310438,57.6564286817326,-165.248834362837,-1.5,3.01772783145835
"I-05",2000,21.1684891833244,57.6564286817326,-165.248834362837,1.1,3.05258544526943
"I-05",2001,22.6158483004019,57.6564286817326,-165.248834362837,1.4,3.11871805104125
"I-05",2002,0,57.6564286817326,-165.248834362837,3.1,-6.49007147502806
"I-05",2003,0,57.6564286817326,-165.248834362837,2.1,-6.49007147502806
"I-05",2004,0,57.6564286817326,-165.248834362837,2.3,-6.49007147502806
"I-05",2005,0,57.6564286817326,-165.248834362837,3.6,-6.49007147502806
"I-05",2006,0,57.6564286817326,-165.248834362837,0.1,-6.49007147502806
"I-05",2007,0,57.6564286817326,-165.248834362837,0,-6.49007147502806
"I-05",2008,0,57.6564286817326,-165.248834362837,0.9,-6.49007147502806
"I-05",2009,0,57.6564286817326,-165.248834362837,0,-6.49007147502806
"I-05",2010,0,57.6564286817326,-165.248834362837,0.5,-6.49007147502806
"I-05",2011,0,57.6564286817326,-165.248834362837,0.8,-6.49007147502806
"I-05",2012,0,57.6564286817326,-165.248834362837,0.4,-6.49007147502806
"I-05",2013,0,57.6564286817326,-165.248834362837,-0.1,-6.49007147502806
"I-05",2014,0,57.6564286817326,-165.248834362837,2.3,-6.49007147502806
"I-05",2015,0,57.6564286817326,-165.248834362837,3,-6.49007147502806
"I-05",2016,0,57.6564286817326,-165.248834362837,4.9,-6.49007147502806
"I-05",2017,0,57.6564286817326,-165.248834362837,1.2,-6.49007147502806
"I-05",2018,0,57.6564286817326,-165.248834362837,3.8,-6.49007147502806
"I-05",2019,0,57.6564286817326,-165.248834362837,4,-6.49007147502806
"I-05",2021,0,57.6564286817326,-165.248834362837,2.9,-6.49007147502806
"I-05",2022,0,57.6564286817326,-165.248834362837,0.9,-6.49007147502806
"I-05",2023,0,57.6564286817326,-165.248834362837,0.6,-6.49007147502806
"I-06",1988,53.5852030440838,57.6642147058824,-164.618867782805,1.7,3.98130130388868
"I-06",1989,0,57.6642147058824,-164.618867782805,1.7,-6.49007147502806
"I-06",1990,0,57.6642147058824,-164.618867782805,2.8,-6.49007147502806
"I-06",1991,0,57.6642147058824,-164.618867782805,2.4,-6.49007147502806
"I-06",1992,0,57.6642147058824,-164.618867782805,1.9,-6.49007147502806
"I-06",1993,0,57.6642147058824,-164.618867782805,NA,-6.49007147502806
"I-06",1994,0,57.6642147058824,-164.618867782805,1.1,-6.49007147502806
"I-06",1995,0,57.6642147058824,-164.618867782805,0.4,-6.49007147502806
"I-06",1996,0,57.6642147058824,-164.618867782805,4,-6.49007147502806
"I-06",1997,0,57.6642147058824,-164.618867782805,2.4,-6.49007147502806
"I-06",1998,0,57.6642147058824,-164.618867782805,3.6,-6.49007147502806
"I-06",1999,96.1109623638422,57.6642147058824,-164.618867782805,-0.3,4.56551918063728
"I-06",2000,23.5181012343568,57.6642147058824,-164.618867782805,1.9,3.15783495261187
"I-06",2001,0,57.6642147058824,-164.618867782805,2,-6.49007147502806
"I-06",2002,0,57.6642147058824,-164.618867782805,3.2,-6.49007147502806
"I-06",2003,0,57.6642147058824,-164.618867782805,2.8,-6.49007147502806
"I-06",2004,0,57.6642147058824,-164.618867782805,3,-6.49007147502806
"I-06",2005,0,57.6642147058824,-164.618867782805,NA,-6.49007147502806
"I-06",2006,0,57.6642147058824,-164.618867782805,0.5,-6.49007147502806
"I-06",2007,0,57.6642147058824,-164.618867782805,0.4,-6.49007147502806
"I-06",2008,22.9277797065806,57.6642147058824,-164.618867782805,1.1,3.13241548789959
"I-06",2009,0,57.6642147058824,-164.618867782805,0.9,-6.49007147502806
"I-06",2010,0,57.6642147058824,-164.618867782805,1.4,-6.49007147502806
"I-06",2011,0,57.6642147058824,-164.618867782805,2.2,-6.49007147502806
"I-06",2012,0,57.6642147058824,-164.618867782805,1.7,-6.49007147502806
"I-06",2013,0,57.6642147058824,-164.618867782805,1.2,-6.49007147502806
"I-06",2014,0,57.6642147058824,-164.618867782805,3.3,-6.49007147502806
"I-06",2015,0,57.6642147058824,-164.618867782805,4.1,-6.49007147502806
"I-06",2016,0,57.6642147058824,-164.618867782805,5.5,-6.49007147502806
"I-06",2017,0,57.6642147058824,-164.618867782805,1.8,-6.49007147502806
"I-06",2018,0,57.6642147058824,-164.618867782805,4.1,-6.49007147502806
"I-06",2019,0,57.6642147058824,-164.618867782805,5.2,-6.49007147502806
"I-06",2021,0,57.6642147058824,-164.618867782805,3.7,-6.49007147502806
"I-06",2022,0,57.6642147058824,-164.618867782805,1.3,-6.49007147502806
"I-06",2023,0,57.6642147058824,-164.618867782805,0.6,-6.49007147502806
"I-07",1988,0,57.6689257407407,-163.997355925926,2.2,-6.49007147502806
"I-07",1989,0,57.6689257407407,-163.997355925926,2.3,-6.49007147502806
"I-07",1990,0,57.6689257407407,-163.997355925926,2.4,-6.49007147502806
"I-07",1991,0,57.6689257407407,-163.997355925926,3.4,-6.49007147502806
"I-07",1992,0,57.6689257407407,-163.997355925926,3.3,-6.49007147502806
"I-07",1993,0,57.6689257407407,-163.997355925926,4,-6.49007147502806
"I-07",1994,0,57.6689257407407,-163.997355925926,1.2,-6.49007147502806
"I-07",1995,0,57.6689257407407,-163.997355925926,0.8,-6.49007147502806
"I-07",1996,0,57.6689257407407,-163.997355925926,3.8,-6.49007147502806
"I-07",1997,0,57.6689257407407,-163.997355925926,2,-6.49007147502806
"I-07",1998,0,57.6689257407407,-163.997355925926,4.2,-6.49007147502806
"I-07",1999,0,57.6689257407407,-163.997355925926,-0.2,-6.49007147502806
"I-07",2000,0,57.6689257407407,-163.997355925926,2.6,-6.49007147502806
"I-07",2001,0,57.6689257407407,-163.997355925926,2.6,-6.49007147502806
"I-07",2002,0,57.6689257407407,-163.997355925926,3.2,-6.49007147502806
"I-07",2003,0,57.6689257407407,-163.997355925926,3.4,-6.49007147502806
"I-07",2004,0,57.6689257407407,-163.997355925926,3.9,-6.49007147502806
"I-07",2005,0,57.6689257407407,-163.997355925926,4.4,-6.49007147502806
"I-07",2006,0,57.6689257407407,-163.997355925926,0.8,-6.49007147502806
"I-07",2007,0,57.6689257407407,-163.997355925926,1,-6.49007147502806
"I-07",2008,0,57.6689257407407,-163.997355925926,1.5,-6.49007147502806
"I-07",2009,0,57.6689257407407,-163.997355925926,1.3,-6.49007147502806
"I-07",2010,0,57.6689257407407,-163.997355925926,1.8,-6.49007147502806
"I-07",2011,0,57.6689257407407,-163.997355925926,1.7,-6.49007147502806
"I-07",2012,0,57.6689257407407,-163.997355925926,1.3,-6.49007147502806
"I-07",2013,0,57.6689257407407,-163.997355925926,1.4,-6.49007147502806
"I-07",2014,0,57.6689257407407,-163.997355925926,3.3,-6.49007147502806
"I-07",2015,0,57.6689257407407,-163.997355925926,4.5,-6.49007147502806
"I-07",2016,0,57.6689257407407,-163.997355925926,6,-6.49007147502806
"I-07",2017,0,57.6689257407407,-163.997355925926,2.2,-6.49007147502806
"I-07",2018,0,57.6689257407407,-163.997355925926,4.3,-6.49007147502806
"I-07",2019,0,57.6689257407407,-163.997355925926,6,-6.49007147502806
"I-07",2021,0,57.6689257407407,-163.997355925926,4,-6.49007147502806
"I-07",2022,0,57.6689257407407,-163.997355925926,2,-6.49007147502806
"I-07",2023,0,57.6689257407407,-163.997355925926,1,-6.49007147502806
"I-08",1988,0,57.666816,-163.371977714286,2.4,-6.49007147502806
"I-08",1989,0,57.666816,-163.371977714286,2.4,-6.49007147502806
"I-08",1990,0,57.666816,-163.371977714286,3,-6.49007147502806
"I-08",1991,0,57.666816,-163.371977714286,3.5,-6.49007147502806
"I-08",1992,0,57.666816,-163.371977714286,3.5,-6.49007147502806
"I-08",1993,0,57.666816,-163.371977714286,3.3,-6.49007147502806
"I-08",1994,0,57.666816,-163.371977714286,2.1,-6.49007147502806
"I-08",1995,0,57.666816,-163.371977714286,2.3,-6.49007147502806
"I-08",1996,0,57.666816,-163.371977714286,NA,-6.49007147502806
"I-08",1997,0,57.666816,-163.371977714286,2.6,-6.49007147502806
"I-08",1998,0,57.666816,-163.371977714286,3.6,-6.49007147502806
"I-08",1999,0,57.666816,-163.371977714286,NA,-6.49007147502806
"I-08",2000,0,57.666816,-163.371977714286,1.2,-6.49007147502806
"I-08",2001,0,57.666816,-163.371977714286,3,-6.49007147502806
"I-08",2002,0,57.666816,-163.371977714286,3.9,-6.49007147502806
"I-08",2003,0,57.666816,-163.371977714286,4.7,-6.49007147502806
"I-08",2004,0,57.666816,-163.371977714286,4.2,-6.49007147502806
"I-08",2005,0,57.666816,-163.371977714286,4.9,-6.49007147502806
"I-08",2006,0,57.666816,-163.371977714286,1.5,-6.49007147502806
"I-08",2007,0,57.666816,-163.371977714286,1.7,-6.49007147502806
"I-08",2008,0,57.666816,-163.371977714286,1.6,-6.49007147502806
"I-08",2009,0,57.666816,-163.371977714286,1.3,-6.49007147502806
"I-08",2010,0,57.666816,-163.371977714286,2.3,-6.49007147502806
"I-08",2011,0,57.666816,-163.371977714286,2.1,-6.49007147502806
"I-08",2012,0,57.666816,-163.371977714286,1.5,-6.49007147502806
"I-08",2013,0,57.666816,-163.371977714286,1.8,-6.49007147502806
"I-08",2014,0,57.666816,-163.371977714286,4.7,-6.49007147502806
"I-08",2015,0,57.666816,-163.371977714286,4.9,-6.49007147502806
"I-08",2016,0,57.666816,-163.371977714286,6.7,-6.49007147502806
"I-08",2017,0,57.666816,-163.371977714286,3.3,-6.49007147502806
"I-08",2018,0,57.666816,-163.371977714286,4.5,-6.49007147502806
"I-08",2019,0,57.666816,-163.371977714286,6.6,-6.49007147502806
"I-08",2021,0,57.666816,-163.371977714286,4,-6.49007147502806
"I-08",2022,0,57.666816,-163.371977714286,2.8,-6.49007147502806
"I-08",2023,0,57.666816,-163.371977714286,1.8,-6.49007147502806
"I-09",1988,0,57.6652468571429,-162.753536571429,3,-6.49007147502806
"I-09",1989,0,57.6652468571429,-162.753536571429,3.4,-6.49007147502806
"I-09",1990,0,57.6652468571429,-162.753536571429,2.3,-6.49007147502806
"I-09",1991,0,57.6652468571429,-162.753536571429,NA,-6.49007147502806
"I-09",1992,0,57.6652468571429,-162.753536571429,4,-6.49007147502806
"I-09",1993,0,57.6652468571429,-162.753536571429,3.6,-6.49007147502806
"I-09",1994,0,57.6652468571429,-162.753536571429,1.8,-6.49007147502806
"I-09",1995,0,57.6652468571429,-162.753536571429,1.6,-6.49007147502806
"I-09",1996,0,57.6652468571429,-162.753536571429,4.5,-6.49007147502806
"I-09",1997,0,57.6652468571429,-162.753536571429,3.2,-6.49007147502806
"I-09",1998,0,57.6652468571429,-162.753536571429,3.8,-6.49007147502806
"I-09",1999,0,57.6652468571429,-162.753536571429,0.2,-6.49007147502806
"I-09",2000,0,57.6652468571429,-162.753536571429,1.8,-6.49007147502806
"I-09",2001,0,57.6652468571429,-162.753536571429,3.5,-6.49007147502806
"I-09",2002,0,57.6652468571429,-162.753536571429,4.1,-6.49007147502806
"I-09",2003,0,57.6652468571429,-162.753536571429,4.4,-6.49007147502806
"I-09",2004,0,57.6652468571429,-162.753536571429,4.5,-6.49007147502806
"I-09",2005,0,57.6652468571429,-162.753536571429,5.3,-6.49007147502806
"I-09",2006,0,57.6652468571429,-162.753536571429,1.7,-6.49007147502806
"I-09",2007,0,57.6652468571429,-162.753536571429,2,-6.49007147502806
"I-09",2008,0,57.6652468571429,-162.753536571429,1.3,-6.49007147502806
"I-09",2009,0,57.6652468571429,-162.753536571429,1.6,-6.49007147502806
"I-09",2010,0,57.6652468571429,-162.753536571429,2.2,-6.49007147502806
"I-09",2011,0,57.6652468571429,-162.753536571429,2.2,-6.49007147502806
"I-09",2012,0,57.6652468571429,-162.753536571429,1.6,-6.49007147502806
"I-09",2013,0,57.6652468571429,-162.753536571429,2.6,-6.49007147502806
"I-09",2014,0,57.6652468571429,-162.753536571429,4.9,-6.49007147502806
"I-09",2015,0,57.6652468571429,-162.753536571429,5.2,-6.49007147502806
"I-09",2016,0,57.6652468571429,-162.753536571429,7,-6.49007147502806
"I-09",2017,0,57.6652468571429,-162.753536571429,3.9,-6.49007147502806
"I-09",2018,0,57.6652468571429,-162.753536571429,4.7,-6.49007147502806
"I-09",2019,0,57.6652468571429,-162.753536571429,6.6,-6.49007147502806
"I-09",2021,0,57.6652468571429,-162.753536571429,4.2,-6.49007147502806
"I-09",2022,0,57.6652468571429,-162.753536571429,3.9,-6.49007147502806
"I-09",2023,0,57.6652468571429,-162.753536571429,2.9,-6.49007147502806
"I-10",1988,0,57.664486,-162.134549714286,3.3,-6.49007147502806
"I-10",1989,0,57.664486,-162.134549714286,2.5,-6.49007147502806
"I-10",1990,0,57.664486,-162.134549714286,NA,-6.49007147502806
"I-10",1991,0,57.664486,-162.134549714286,4.1,-6.49007147502806
"I-10",1992,0,57.664486,-162.134549714286,3.8,-6.49007147502806
"I-10",1993,0,57.664486,-162.134549714286,3.8,-6.49007147502806
"I-10",1994,0,57.664486,-162.134549714286,2.4,-6.49007147502806
"I-10",1995,0,57.664486,-162.134549714286,2.1,-6.49007147502806
"I-10",1996,0,57.664486,-162.134549714286,4.6,-6.49007147502806
"I-10",1997,0,57.664486,-162.134549714286,3.3,-6.49007147502806
"I-10",1998,0,57.664486,-162.134549714286,3.8,-6.49007147502806
"I-10",1999,0,57.664486,-162.134549714286,-0.1,-6.49007147502806
"I-10",2000,0,57.664486,-162.134549714286,1.5,-6.49007147502806
"I-10",2001,0,57.664486,-162.134549714286,3.8,-6.49007147502806
"I-10",2002,0,57.664486,-162.134549714286,4,-6.49007147502806
"I-10",2003,0,57.664486,-162.134549714286,4.6,-6.49007147502806
"I-10",2004,0,57.664486,-162.134549714286,4.4,-6.49007147502806
"I-10",2005,0,57.664486,-162.134549714286,5.1,-6.49007147502806
"I-10",2006,0,57.664486,-162.134549714286,1.9,-6.49007147502806
"I-10",2007,0,57.664486,-162.134549714286,2.2,-6.49007147502806
"I-10",2008,0,57.664486,-162.134549714286,1.4,-6.49007147502806
"I-10",2009,0,57.664486,-162.134549714286,1.9,-6.49007147502806
"I-10",2010,0,57.664486,-162.134549714286,2.1,-6.49007147502806
"I-10",2011,0,57.664486,-162.134549714286,2.3,-6.49007147502806
"I-10",2012,0,57.664486,-162.134549714286,1.5,-6.49007147502806
"I-10",2013,0,57.664486,-162.134549714286,2.4,-6.49007147502806
"I-10",2014,0,57.664486,-162.134549714286,5,-6.49007147502806
"I-10",2015,0,57.664486,-162.134549714286,5.3,-6.49007147502806
"I-10",2016,0,57.664486,-162.134549714286,6.5,-6.49007147502806
"I-10",2017,0,57.664486,-162.134549714286,3.6,-6.49007147502806
"I-10",2018,0,57.664486,-162.134549714286,4.8,-6.49007147502806
"I-10",2019,0,57.664486,-162.134549714286,6.2,-6.49007147502806
"I-10",2021,0,57.664486,-162.134549714286,4.2,-6.49007147502806
"I-10",2022,0,57.664486,-162.134549714286,3.8,-6.49007147502806
"I-10",2023,0,57.664486,-162.134549714286,2.8,-6.49007147502806
"I-11",1988,0,57.6686985714286,-161.499500571429,3,-6.49007147502806
"I-11",1989,0,57.6686985714286,-161.499500571429,2.7,-6.49007147502806
"I-11",1990,0,57.6686985714286,-161.499500571429,2.4,-6.49007147502806
"I-11",1991,0,57.6686985714286,-161.499500571429,3.7,-6.49007147502806
"I-11",1992,0,57.6686985714286,-161.499500571429,NA,-6.49007147502806
"I-11",1993,0,57.6686985714286,-161.499500571429,4.1,-6.49007147502806
"I-11",1994,0,57.6686985714286,-161.499500571429,2.5,-6.49007147502806
"I-11",1995,0,57.6686985714286,-161.499500571429,2.1,-6.49007147502806
"I-11",1996,0,57.6686985714286,-161.499500571429,4.5,-6.49007147502806
"I-11",1997,0,57.6686985714286,-161.499500571429,3,-6.49007147502806
"I-11",1998,0,57.6686985714286,-161.499500571429,3.4,-6.49007147502806
"I-11",1999,0,57.6686985714286,-161.499500571429,-0.4,-6.49007147502806
"I-11",2000,0,57.6686985714286,-161.499500571429,1.1,-6.49007147502806
"I-11",2001,0,57.6686985714286,-161.499500571429,3.5,-6.49007147502806
"I-11",2002,0,57.6686985714286,-161.499500571429,3.3,-6.49007147502806
"I-11",2003,0,57.6686985714286,-161.499500571429,4,-6.49007147502806
"I-11",2004,0,57.6686985714286,-161.499500571429,3.5,-6.49007147502806
"I-11",2005,0,57.6686985714286,-161.499500571429,4.7,-6.49007147502806
"I-11",2006,0,57.6686985714286,-161.499500571429,1.8,-6.49007147502806
"I-11",2007,0,57.6686985714286,-161.499500571429,1.4,-6.49007147502806
"I-11",2008,0,57.6686985714286,-161.499500571429,1.2,-6.49007147502806
"I-11",2009,0,57.6686985714286,-161.499500571429,1.5,-6.49007147502806
"I-11",2010,0,57.6686985714286,-161.499500571429,1.9,-6.49007147502806
"I-11",2011,0,57.6686985714286,-161.499500571429,2.3,-6.49007147502806
"I-11",2012,0,57.6686985714286,-161.499500571429,1,-6.49007147502806
"I-11",2013,0,57.6686985714286,-161.499500571429,1.9,-6.49007147502806
"I-11",2014,0,57.6686985714286,-161.499500571429,4.8,-6.49007147502806
"I-11",2015,0,57.6686985714286,-161.499500571429,3.9,-6.49007147502806
"I-11",2016,0,57.6686985714286,-161.499500571429,6,-6.49007147502806
"I-11",2017,0,57.6686985714286,-161.499500571429,2.8,-6.49007147502806
"I-11",2018,0,57.6686985714286,-161.499500571429,4.6,-6.49007147502806
"I-11",2019,0,57.6686985714286,-161.499500571429,5.4,-6.49007147502806
"I-11",2021,0,57.6686985714286,-161.499500571429,4.1,-6.49007147502806
"I-11",2022,0,57.6686985714286,-161.499500571429,3.4,-6.49007147502806
"I-11",2023,0,57.6686985714286,-161.499500571429,3.1,-6.49007147502806
"I-12",1988,0,57.6723548648649,-160.883936486486,2.2,-6.49007147502806
"I-12",1989,0,57.6723548648649,-160.883936486486,2.1,-6.49007147502806
"I-12",1990,0,57.6723548648649,-160.883936486486,NA,-6.49007147502806
"I-12",1991,0,57.6723548648649,-160.883936486486,3.2,-6.49007147502806
"I-12",1992,0,57.6723548648649,-160.883936486486,2.1,-6.49007147502806
"I-12",1993,0,57.6723548648649,-160.883936486486,3.5,-6.49007147502806
"I-12",1994,0,57.6723548648649,-160.883936486486,3,-6.49007147502806
"I-12",1995,0,57.6723548648649,-160.883936486486,1.9,-6.49007147502806
"I-12",1996,0,57.6723548648649,-160.883936486486,4.4,-6.49007147502806
"I-12",1997,0,57.6723548648649,-160.883936486486,2.7,-6.49007147502806
"I-12",1998,0,57.6723548648649,-160.883936486486,3.9,-6.49007147502806
"I-12",1999,0,57.6723548648649,-160.883936486486,-0.4,-6.49007147502806
"I-12",2000,0,57.6723548648649,-160.883936486486,1.1,-6.49007147502806
"I-12",2001,0,57.6723548648649,-160.883936486486,3.6,-6.49007147502806
"I-12",2002,0,57.6723548648649,-160.883936486486,3.6,-6.49007147502806
"I-12",2003,0,57.6723548648649,-160.883936486486,4.1,-6.49007147502806
"I-12",2004,0,57.6723548648649,-160.883936486486,3.6,-6.49007147502806
"I-12",2005,0,57.6723548648649,-160.883936486486,4.5,-6.49007147502806
"I-12",2006,0,57.6723548648649,-160.883936486486,1.7,-6.49007147502806
"I-12",2007,0,57.6723548648649,-160.883936486486,0.4,-6.49007147502806
"I-12",2008,0,57.6723548648649,-160.883936486486,1,-6.49007147502806
"I-12",2009,0,57.6723548648649,-160.883936486486,0.9,-6.49007147502806
"I-12",2010,0,57.6723548648649,-160.883936486486,1.6,-6.49007147502806
"I-12",2011,0,57.6723548648649,-160.883936486486,2.2,-6.49007147502806
"I-12",2012,0,57.6723548648649,-160.883936486486,0.8,-6.49007147502806
"I-12",2013,0,57.6723548648649,-160.883936486486,2.1,-6.49007147502806
"I-12",2014,0,57.6723548648649,-160.883936486486,4.8,-6.49007147502806
"I-12",2015,0,57.6723548648649,-160.883936486486,3.3,-6.49007147502806
"I-12",2016,0,57.6723548648649,-160.883936486486,5.9,-6.49007147502806
"I-12",2017,0,57.6723548648649,-160.883936486486,2.9,-6.49007147502806
"I-12",2018,0,57.6723548648649,-160.883936486486,4.1,-6.49007147502806
"I-12",2019,0,57.6723548648649,-160.883936486486,5.1,-6.49007147502806
"I-12",2021,0,57.6723548648649,-160.883936486486,4.3,-6.49007147502806
"I-12",2022,0,57.6723548648649,-160.883936486486,3.3,-6.49007147502806
"I-12",2023,0,57.6723548648649,-160.883936486486,3,-6.49007147502806
"I-13",1988,0,57.6647311764706,-160.270452058824,3.2,-6.49007147502806
"I-13",1989,0,57.6647311764706,-160.270452058824,2.1,-6.49007147502806
"I-13",1990,0,57.6647311764706,-160.270452058824,2.6,-6.49007147502806
"I-13",1991,0,57.6647311764706,-160.270452058824,3.2,-6.49007147502806
"I-13",1992,0,57.6647311764706,-160.270452058824,NA,-6.49007147502806
"I-13",1993,0,57.6647311764706,-160.270452058824,3.4,-6.49007147502806
"I-13",1994,0,57.6647311764706,-160.270452058824,2.5,-6.49007147502806
"I-13",1995,0,57.6647311764706,-160.270452058824,2.2,-6.49007147502806
"I-13",1996,0,57.6647311764706,-160.270452058824,4.4,-6.49007147502806
"I-13",1997,0,57.6647311764706,-160.270452058824,3.1,-6.49007147502806
"I-13",1998,0,57.6647311764706,-160.270452058824,3.9,-6.49007147502806
"I-13",1999,0,57.6647311764706,-160.270452058824,-0.4,-6.49007147502806
"I-13",2001,0,57.6647311764706,-160.270452058824,3.8,-6.49007147502806
"I-13",2002,0,57.6647311764706,-160.270452058824,3.9,-6.49007147502806
"I-13",2003,0,57.6647311764706,-160.270452058824,4,-6.49007147502806
"I-13",2004,0,57.6647311764706,-160.270452058824,3.8,-6.49007147502806
"I-13",2005,0,57.6647311764706,-160.270452058824,4.8,-6.49007147502806
"I-13",2006,0,57.6647311764706,-160.270452058824,2.4,-6.49007147502806
"I-13",2007,0,57.6647311764706,-160.270452058824,1.3,-6.49007147502806
"I-13",2008,0,57.6647311764706,-160.270452058824,0.9,-6.49007147502806
"I-13",2009,0,57.6647311764706,-160.270452058824,1.5,-6.49007147502806
"I-13",2010,0,57.6647311764706,-160.270452058824,1.7,-6.49007147502806
"I-13",2011,0,57.6647311764706,-160.270452058824,2.2,-6.49007147502806
"I-13",2012,0,57.6647311764706,-160.270452058824,0.8,-6.49007147502806
"I-13",2013,0,57.6647311764706,-160.270452058824,2.5,-6.49007147502806
"I-13",2014,0,57.6647311764706,-160.270452058824,5,-6.49007147502806
"I-13",2015,0,57.6647311764706,-160.270452058824,4.6,-6.49007147502806
"I-13",2016,0,57.6647311764706,-160.270452058824,6,-6.49007147502806
"I-13",2017,0,57.6647311764706,-160.270452058824,3.3,-6.49007147502806
"I-13",2018,0,57.6647311764706,-160.270452058824,4.3,-6.49007147502806
"I-13",2019,0,57.6647311764706,-160.270452058824,5.5,-6.49007147502806
"I-13",2021,0,57.6647311764706,-160.270452058824,4.4,-6.49007147502806
"I-13",2022,0,57.6647311764706,-160.270452058824,3.6,-6.49007147502806
"I-13",2023,0,57.6647311764706,-160.270452058824,3.4,-6.49007147502806
"I-14",1988,0,57.6631074285714,-159.636454,4,-6.49007147502806
"I-14",1989,0,57.6631074285714,-159.636454,1.9,-6.49007147502806
"I-14",1990,0,57.6631074285714,-159.636454,NA,-6.49007147502806
"I-14",1991,0,57.6631074285714,-159.636454,3.4,-6.49007147502806
"I-14",1992,0,57.6631074285714,-159.636454,NA,-6.49007147502806
"I-14",1993,0,57.6631074285714,-159.636454,4.1,-6.49007147502806
"I-14",1994,0,57.6631074285714,-159.636454,3.2,-6.49007147502806
"I-14",1995,0,57.6631074285714,-159.636454,2.3,-6.49007147502806
"I-14",1996,0,57.6631074285714,-159.636454,4.5,-6.49007147502806
"I-14",1997,0,57.6631074285714,-159.636454,3.3,-6.49007147502806
"I-14",1998,0,57.6631074285714,-159.636454,4.2,-6.49007147502806
"I-14",1999,0,57.6631074285714,-159.636454,-0.2,-6.49007147502806
"I-14",2000,0,57.6631074285714,-159.636454,1.6,-6.49007147502806
"I-14",2001,0,57.6631074285714,-159.636454,3.9,-6.49007147502806
"I-14",2002,0,57.6631074285714,-159.636454,3.9,-6.49007147502806
"I-14",2003,0,57.6631074285714,-159.636454,4.2,-6.49007147502806
"I-14",2004,0,57.6631074285714,-159.636454,4.1,-6.49007147502806
"I-14",2005,0,57.6631074285714,-159.636454,4.9,-6.49007147502806
"I-14",2006,0,57.6631074285714,-159.636454,2.4,-6.49007147502806
"I-14",2007,0,57.6631074285714,-159.636454,2.1,-6.49007147502806
"I-14",2008,0,57.6631074285714,-159.636454,1.2,-6.49007147502806
"I-14",2009,0,57.6631074285714,-159.636454,2,-6.49007147502806
"I-14",2010,0,57.6631074285714,-159.636454,2,-6.49007147502806
"I-14",2011,0,57.6631074285714,-159.636454,2.3,-6.49007147502806
"I-14",2012,0,57.6631074285714,-159.636454,0.4,-6.49007147502806
"I-14",2013,0,57.6631074285714,-159.636454,3.2,-6.49007147502806
"I-14",2014,0,57.6631074285714,-159.636454,5.7,-6.49007147502806
"I-14",2015,0,57.6631074285714,-159.636454,4.6,-6.49007147502806
"I-14",2016,0,57.6631074285714,-159.636454,6.4,-6.49007147502806
"I-14",2017,0,57.6631074285714,-159.636454,3.4,-6.49007147502806
"I-14",2018,0,57.6631074285714,-159.636454,5.1,-6.49007147502806
"I-14",2019,0,57.6631074285714,-159.636454,5.9,-6.49007147502806
"I-14",2021,0,57.6631074285714,-159.636454,4.5,-6.49007147502806
"I-14",2022,0,57.6631074285714,-159.636454,3.2,-6.49007147502806
"I-14",2023,0,57.6631074285714,-159.636454,3.5,-6.49007147502806
"I-15",1988,0,57.6672482857143,-159.022309428571,4.4,-6.49007147502806
"I-15",1989,0,57.6672482857143,-159.022309428571,NA,-6.49007147502806
"I-15",1990,0,57.6672482857143,-159.022309428571,2.6,-6.49007147502806
"I-15",1991,0,57.6672482857143,-159.022309428571,3.7,-6.49007147502806
"I-15",1992,0,57.6672482857143,-159.022309428571,2.6,-6.49007147502806
"I-15",1993,0,57.6672482857143,-159.022309428571,4.4,-6.49007147502806
"I-15",1994,0,57.6672482857143,-159.022309428571,2.7,-6.49007147502806
"I-15",1995,0,57.6672482857143,-159.022309428571,2.4,-6.49007147502806
"I-15",1996,0,57.6672482857143,-159.022309428571,4.2,-6.49007147502806
"I-15",1997,0,57.6672482857143,-159.022309428571,3.1,-6.49007147502806
"I-15",1998,0,57.6672482857143,-159.022309428571,4.1,-6.49007147502806
"I-15",1999,0,57.6672482857143,-159.022309428571,NA,-6.49007147502806
"I-15",2000,0,57.6672482857143,-159.022309428571,2.1,-6.49007147502806
"I-15",2001,0,57.6672482857143,-159.022309428571,4,-6.49007147502806
"I-15",2002,0,57.6672482857143,-159.022309428571,4.1,-6.49007147502806
"I-15",2003,0,57.6672482857143,-159.022309428571,4.6,-6.49007147502806
"I-15",2004,0,57.6672482857143,-159.022309428571,4.2,-6.49007147502806
"I-15",2005,0,57.6672482857143,-159.022309428571,5,-6.49007147502806
"I-15",2006,0,57.6672482857143,-159.022309428571,2.6,-6.49007147502806
"I-15",2007,0,57.6672482857143,-159.022309428571,2.4,-6.49007147502806
"I-15",2008,0,57.6672482857143,-159.022309428571,1.1,-6.49007147502806
"I-15",2009,0,57.6672482857143,-159.022309428571,1.7,-6.49007147502806
"I-15",2010,0,57.6672482857143,-159.022309428571,2,-6.49007147502806
"I-15",2011,0,57.6672482857143,-159.022309428571,2.5,-6.49007147502806
"I-15",2012,0,57.6672482857143,-159.022309428571,-0.2,-6.49007147502806
"I-15",2013,0,57.6672482857143,-159.022309428571,3.5,-6.49007147502806
"I-15",2014,0,57.6672482857143,-159.022309428571,5.5,-6.49007147502806
"I-15",2015,0,57.6672482857143,-159.022309428571,5.1,-6.49007147502806
"I-15",2016,0,57.6672482857143,-159.022309428571,6.6,-6.49007147502806
"I-15",2017,0,57.6672482857143,-159.022309428571,4,-6.49007147502806
"I-15",2018,0,57.6672482857143,-159.022309428571,5.3,-6.49007147502806
"I-15",2019,0,57.6672482857143,-159.022309428571,6.2,-6.49007147502806
"I-15",2021,0,57.6672482857143,-159.022309428571,4.4,-6.49007147502806
"I-15",2022,0,57.6672482857143,-159.022309428571,3.9,-6.49007147502806
"I-15",2023,0,57.6672482857143,-159.022309428571,3.1,-6.49007147502806
"I-16",1988,0,57.6651308571429,-158.360318285714,3.6,-6.49007147502806
"I-16",1989,0,57.6651308571429,-158.360318285714,3.2,-6.49007147502806
"I-16",1990,0,57.6651308571429,-158.360318285714,NA,-6.49007147502806
"I-16",1991,0,57.6651308571429,-158.360318285714,NA,-6.49007147502806
"I-16",1992,0,57.6651308571429,-158.360318285714,NA,-6.49007147502806
"I-16",1993,0,57.6651308571429,-158.360318285714,4.9,-6.49007147502806
"I-16",1994,0,57.6651308571429,-158.360318285714,3.6,-6.49007147502806
"I-16",1995,0,57.6651308571429,-158.360318285714,2.9,-6.49007147502806
"I-16",1996,0,57.6651308571429,-158.360318285714,5.5,-6.49007147502806
"I-16",1997,0,57.6651308571429,-158.360318285714,5.3,-6.49007147502806
"I-16",1998,0,57.6651308571429,-158.360318285714,NA,-6.49007147502806
"I-16",1999,0,57.6651308571429,-158.360318285714,-1.5,-6.49007147502806
"I-16",2000,0,57.6651308571429,-158.360318285714,2.7,-6.49007147502806
"I-16",2001,0,57.6651308571429,-158.360318285714,4.4,-6.49007147502806
"I-16",2002,0,57.6651308571429,-158.360318285714,4.5,-6.49007147502806
"I-16",2003,0,57.6651308571429,-158.360318285714,5.3,-6.49007147502806
"I-16",2004,0,57.6651308571429,-158.360318285714,5.1,-6.49007147502806
"I-16",2005,0,57.6651308571429,-158.360318285714,5.4,-6.49007147502806
"I-16",2006,0,57.6651308571429,-158.360318285714,2.8,-6.49007147502806
"I-16",2007,0,57.6651308571429,-158.360318285714,4,-6.49007147502806
"I-16",2008,0,57.6651308571429,-158.360318285714,1.9,-6.49007147502806
"I-16",2009,0,57.6651308571429,-158.360318285714,2.1,-6.49007147502806
"I-16",2010,0,57.6651308571429,-158.360318285714,2.4,-6.49007147502806
"I-16",2011,0,57.6651308571429,-158.360318285714,3.6,-6.49007147502806
"I-16",2012,0,57.6651308571429,-158.360318285714,0.3,-6.49007147502806
"I-16",2013,0,57.6651308571429,-158.360318285714,4.3,-6.49007147502806
"I-16",2014,0,57.6651308571429,-158.360318285714,6.7,-6.49007147502806
"I-16",2015,0,57.6651308571429,-158.360318285714,5.8,-6.49007147502806
"I-16",2016,0,57.6651308571429,-158.360318285714,6.9,-6.49007147502806
"I-16",2017,0,57.6651308571429,-158.360318285714,4.9,-6.49007147502806
"I-16",2018,0,57.6651308571429,-158.360318285714,6.4,-6.49007147502806
"I-16",2019,0,57.6651308571429,-158.360318285714,6.9,-6.49007147502806
"I-16",2021,0,57.6651308571429,-158.360318285714,4.7,-6.49007147502806
"I-16",2022,0,57.6651308571429,-158.360318285714,4.7,-6.49007147502806
"I-16",2023,0,57.6651308571429,-158.360318285714,3.6,-6.49007147502806
"I-18",1988,126025.749438261,57.6664739442112,-168.403237042591,1.8,11.7442415377246
"I-18",1989,115.395537379276,57.6664739442112,-168.403237042591,3.7,4.74837884092141
"I-18",1990,331.297244353106,57.6664739442112,-168.403237042591,2.4,5.80302057489978
"I-18",1991,348.55089605233,57.6664739442112,-168.403237042591,3.1,5.85378861915789
"I-18",1992,8657.19776417201,57.6664739442112,-168.403237042591,0.7,9.06614654077437
"I-18",1993,0,57.6664739442112,-168.403237042591,3.2,-6.49007147502806
"I-18",1994,164651.99598704,57.6664739442112,-168.403237042591,1.4,12.0115894195589
"I-18",1995,2470.30871575496,57.6664739442112,-168.403237042591,NA,7.81209902262373
"I-18",1996,0,57.6664739442112,-168.403237042591,2.8,-6.49007147502806
"I-18",1997,0,57.6664739442112,-168.403237042591,1.9,-6.49007147502806
"I-18",1998,0,57.6664739442112,-168.403237042591,3.4,-6.49007147502806
"I-18",1999,0,57.6664739442112,-168.403237042591,2.5,-6.49007147502806
"I-18",2000,0,57.6664739442112,-168.403237042591,2.6,-6.49007147502806
"I-18",2001,0,57.6664739442112,-168.403237042591,NA,-6.49007147502806
"I-18",2002,0,57.6664739442112,-168.403237042591,3.4,-6.49007147502806
"I-18",2003,0,57.6664739442112,-168.403237042591,3,-6.49007147502806
"I-18",2004,0,57.6664739442112,-168.403237042591,3,-6.49007147502806
"I-18",2005,0,57.6664739442112,-168.403237042591,3.3,-6.49007147502806
"I-18",2006,0,57.6664739442112,-168.403237042591,1.8,-6.49007147502806
"I-18",2007,63.6690363089038,57.6664739442112,-168.403237042591,0.4,4.15372220687581
"I-18",2008,576.226175191635,57.6664739442112,-168.403237042591,0.2,6.35650288402949
"I-18",2009,47.6283565967272,57.6664739442112,-168.403237042591,-0.7,3.86346019119398
"I-18",2010,40.8901164793012,57.6664739442112,-168.403237042591,-0.2,3.71092551694175
"I-18",2011,1307.87002685634,57.6664739442112,-168.403237042591,3.6,7.1761563202349
"I-18",2012,11088.7916732738,57.6664739442112,-168.403237042591,0.5,9.31369025492037
"I-18",2013,16794.4970556992,57.6664739442112,-168.403237042591,0.2,9.72880664593769
"I-18",2014,43.291715749625,57.6664739442112,-168.403237042591,2.8,3.76799636852923
"I-18",2015,0,57.6664739442112,-168.403237042591,2.7,-6.49007147502806
"I-18",2016,0,57.6664739442112,-168.403237042591,4.4,-6.49007147502806
"I-18",2017,0,57.6664739442112,-168.403237042591,1.6,-6.49007147502806
"I-18",2018,0,57.6664739442112,-168.403237042591,4.5,-6.49007147502806
"I-18",2019,0,57.6664739442112,-168.403237042591,4,-6.49007147502806
"I-18",2021,0,57.6664739442112,-168.403237042591,4.4,-6.49007147502806
"I-18",2022,0,57.6664739442112,-168.403237042591,1,-6.49007147502806
"I-18",2023,0,57.6664739442112,-168.403237042591,2.7,-6.49007147502806
"I-19",1988,320.420471450317,57.6636198446267,-169.037351214933,2.2,5.76963884545704
"I-19",1989,27845.8528259675,57.6636198446267,-169.037351214933,3.9,10.234439377701
"I-19",1990,188.247959893133,57.6636198446267,-169.037351214933,1.7,5.23776809553994
"I-19",1991,2396.54952938421,57.6636198446267,-169.037351214933,2.7,7.78178591936372
"I-19",1992,124.990146392833,57.6636198446267,-169.037351214933,-0.1,4.82824705374546
"I-19",1993,0,57.6636198446267,-169.037351214933,3,-6.49007147502806
"I-19",1994,365.322506380631,57.6636198446267,-169.037351214933,-1,5.90078469901097
"I-19",1995,410.952257069172,57.6636198446267,-169.037351214933,0.1,6.01848073982483
"I-19",1996,62.5046200133783,57.6636198446267,-169.037351214933,2.5,4.13526476718118
"I-19",1997,0,57.6636198446267,-169.037351214933,1.5,-6.49007147502806
"I-19",1998,0,57.6636198446267,-169.037351214933,2.4,-6.49007147502806
"I-19",1999,0,57.6636198446267,-169.037351214933,0.7,-6.49007147502806
"I-19",2000,0,57.6636198446267,-169.037351214933,3,-6.49007147502806
"I-19",2001,22.2302509978338,57.6636198446267,-169.037351214933,2.1,3.10152232167337
"I-19",2002,0,57.6636198446267,-169.037351214933,3.8,-6.49007147502806
"I-19",2003,0,57.6636198446267,-169.037351214933,3.7,-6.49007147502806
"I-19",2004,0,57.6636198446267,-169.037351214933,3.8,-6.49007147502806
"I-19",2005,0,57.6636198446267,-169.037351214933,3.2,-6.49007147502806
"I-19",2006,981.476182464732,57.6636198446267,-169.037351214933,-0.2,6.88905929405466
"I-19",2007,63.993849227874,57.6636198446267,-169.037351214933,-0.1,4.15881070055803
"I-19",2008,1185.2029622368,57.6636198446267,-169.037351214933,-0.4,7.07767059621646
"I-19",2009,97.3542309823362,57.6636198446267,-169.037351214933,-0.6,4.57837178937381
"I-19",2010,0,57.6636198446267,-169.037351214933,-1.1,-6.49007147502806
"I-19",2011,108.288871581065,57.6636198446267,-169.037351214933,2.8,4.68481641527328
"I-19",2012,4725.96425509454,57.6636198446267,-169.037351214933,0.1,8.46082721555707
"I-19",2013,4146.27108181738,57.6636198446267,-169.037351214933,-0.2,8.32996504101707
"I-19",2014,3968.41082990582,57.6636198446267,-169.037351214933,2.6,8.28612138143966
"I-19",2015,11017.7277415142,57.6636198446267,-169.037351214933,2.7,9.30726100520894
"I-19",2016,22.8687130856261,57.6636198446267,-169.037351214933,4.5,3.1298361315558
"I-19",2017,0,57.6636198446267,-169.037351214933,1.4,-6.49007147502806
"I-19",2018,0,57.6636198446267,-169.037351214933,4.4,-6.49007147502806
"I-19",2019,0,57.6636198446267,-169.037351214933,3.9,-6.49007147502806
"I-19",2021,0,57.6636198446267,-169.037351214933,3.6,-6.49007147502806
"I-19",2022,0,57.6636198446267,-169.037351214933,0.9,-6.49007147502806
"I-19",2023,0,57.6636198446267,-169.037351214933,2.4,-6.49007147502806
"I-20",1988,246.88508153445,57.6693435969327,-169.654189379343,1.9,5.50892912179172
"I-20",1989,7909.49685266539,57.6693435969327,-169.654189379343,3,8.97581964169713
"I-20",1990,150.886357245549,57.6693435969327,-169.654189379343,1.5,5.01653701586607
"I-20",1991,5844.0574621696,57.6693435969327,-169.654189379343,NA,8.67318086532652
"I-20",1992,1407.78102873569,57.6693435969327,-169.654189379343,-0.5,7.24977108386474
"I-20",1993,0,57.6693435969327,-169.654189379343,2.8,-6.49007147502806
"I-20",1994,566.640810856504,57.6693435969327,-169.654189379343,NA,6.33972829215444
"I-20",1995,891.854488255924,57.6693435969327,-169.654189379343,0.3,6.79330469207879
"I-20",1996,44.5476527395285,57.6693435969327,-169.654189379343,3.3,3.79659354947893
"I-20",1997,18.6688485205115,57.6693435969327,-169.654189379343,1.3,2.92693761247483
"I-20",1998,20.7205901058957,57.6693435969327,-169.654189379343,2.1,3.03120117603461
"I-20",1999,46.175859022882,57.6693435969327,-169.654189379343,0.8,3.83249001286716
"I-20",2000,22.4642176842239,57.6693435969327,-169.654189379343,NA,3.11199130961036
"I-20",2001,0,57.6693435969327,-169.654189379343,2.5,-6.49007147502806
"I-20",2002,42.9297154802659,57.6693435969327,-169.654189379343,3,3.75959962444487
"I-20",2003,0,57.6693435969327,-169.654189379343,4,-6.49007147502806
"I-20",2004,162.631555178715,57.6693435969327,-169.654189379343,3.4,5.09149658122182
"I-20",2005,42.620300018278,57.6693435969327,-169.654189379343,3.6,3.75236629255407
"I-20",2006,40183.1448375078,57.6693435969327,-169.654189379343,0.7,10.6012029418225
"I-20",2007,599.420447506825,57.6693435969327,-169.654189379343,-0.7,6.39596580076982
"I-20",2008,433.833114936079,57.6693435969327,-169.654189379343,0.5,6.07266343240409
"I-20",2009,148.911503992834,57.6693435969327,-169.654189379343,-0.4,5.00336239344339
"I-20",2010,39.6720240169535,57.6693435969327,-169.654189379343,-1.2,3.68068452868477
"I-20",2011,383.006568026496,57.6693435969327,-169.654189379343,0.3,5.94805610244854
"I-20",2012,894.66005035359,57.6693435969327,-169.654189379343,-0.6,6.796445511338
"I-20",2013,19575.2003144207,57.6693435969327,-169.654189379343,-0.5,9.88201883155227
"I-20",2014,25815.6871602417,57.6693435969327,-169.654189379343,2.8,10.1587376744199
"I-20",2015,22.7728257023548,57.6693435969327,-169.654189379343,3.9,3.12563464549003
"I-20",2016,0,57.6693435969327,-169.654189379343,4.7,-6.49007147502806
"I-20",2017,0,57.6693435969327,-169.654189379343,2,-6.49007147502806
"I-20",2018,0,57.6693435969327,-169.654189379343,4,-6.49007147502806
"I-20",2019,20.9795100462754,57.6693435969327,-169.654189379343,3.9,3.04361862401393
"I-20",2021,0,57.6693435969327,-169.654189379343,3.9,-6.49007147502806
"I-20",2022,0,57.6693435969327,-169.654189379343,1,-6.49007147502806
"I-20",2023,20.4568597516429,57.6693435969327,-169.654189379343,1.8,3.01839249013418
"I-21",1988,9341.65526885387,57.6662362242563,-170.272982464858,1.5,9.14223890171176
"I-21",1989,76.8087199653299,57.6662362242563,-170.272982464858,3.8,4.34133794384386
"I-21",1990,237.811048126326,57.6662362242563,-170.272982464858,-0.5,5.47148282796892
"I-21",1991,4448.92717374006,57.6662362242563,-170.272982464858,2.1,8.40041860284674
"I-21",1992,125492.845143742,57.6662362242563,-170.272982464858,0.5,11.7400040372218
"I-21",1993,0,57.6662362242563,-170.272982464858,2.4,-6.49007147502806
"I-21",1994,58.8590345326352,57.6662362242563,-170.272982464858,1.1,4.07517113747932
"I-21",1995,172.338353247432,57.6662362242563,-170.272982464858,1.2,5.14946852528254
"I-21",1996,0,57.6662362242563,-170.272982464858,3.2,-6.49007147502806
"I-21",1997,152.152094400581,57.6662362242563,-170.272982464858,2.9,5.0248906213194
"I-21",1998,78.1660060216173,57.6662362242563,-170.272982464858,3.3,4.35885427308668
"I-21",1999,39.1211737761046,57.6662362242563,-170.272982464858,0.5,3.66670266224085
"I-21",2000,20.4753247917412,57.6662362242563,-170.272982464858,2.8,3.01929464923865
"I-21",2001,0,57.6662362242563,-170.272982464858,2.1,-6.49007147502806
"I-21",2002,0,57.6662362242563,-170.272982464858,2.9,-6.49007147502806
"I-21",2003,0,57.6662362242563,-170.272982464858,4.1,-6.49007147502806
"I-21",2004,109.570926540795,57.6662362242563,-170.272982464858,3.3,4.69658592849953
"I-21",2005,18.9282877448519,57.6662362242563,-170.272982464858,NA,2.94073772667571
"I-21",2006,496.666357686869,57.6662362242563,-170.272982464858,0.2,6.20792154542415
"I-21",2007,97.0532460697904,57.6662362242563,-170.272982464858,-0.2,4.57527540176664
"I-21",2008,213.143451052827,57.6662362242563,-170.272982464858,0.8,5.36197254215064
"I-21",2009,58.2565130416193,57.6662362242563,-170.272982464858,0.7,4.06488196246221
"I-21",2010,0,57.6662362242563,-170.272982464858,-0.3,-6.49007147502806
"I-21",2011,22.7045868737525,57.6662362242563,-170.272982464858,3.1,3.12263384489886
"I-21",2012,466.518348493038,57.6662362242563,-170.272982464858,-0.2,6.14530060659069
"I-21",2013,41.028812894896,57.6662362242563,-170.272982464858,1.5,3.71431158186311
"I-21",2014,11147.1363462275,57.6662362242563,-170.272982464858,2.8,9.31893805018503
"I-21",2015,0,57.6662362242563,-170.272982464858,3.5,-6.49007147502806
"I-21",2016,0,57.6662362242563,-170.272982464858,4.6,-6.49007147502806
"I-21",2017,0,57.6662362242563,-170.272982464858,2.8,-6.49007147502806
"I-21",2018,0,57.6662362242563,-170.272982464858,4.1,-6.49007147502806
"I-21",2019,0,57.6662362242563,-170.272982464858,4.1,-6.49007147502806
"I-21",2021,20.3907716539314,57.6662362242563,-170.272982464858,3.9,3.01515689286538
"I-21",2022,0,57.6662362242563,-170.272982464858,2,-6.49007147502806
"I-21",2023,0,57.6662362242563,-170.272982464858,2.3,-6.49007147502806
"I-22",1988,4140.17115872571,57.6684987642276,-170.894977731707,3,8.32849277540998
"I-22",1989,0,57.6684987642276,-170.894977731707,3.5,-6.49007147502806
"I-22",1990,1725.53545060152,57.6684987642276,-170.894977731707,2.5,7.45329356742706
"I-22",1991,8698.30046314554,57.6684987642276,-170.894977731707,3,9.0708831110633
"I-22",1992,10863.1929619731,57.6684987642276,-170.894977731707,1.5,9.29313570128496
"I-22",1993,7393.71541608905,57.6684987642276,-170.894977731707,2.8,8.90838585563278
"I-22",1994,2586.97055507556,57.6684987642276,-170.894977731707,NA,7.85824338719774
"I-22",1995,174.520577668784,57.6684987642276,-170.894977731707,1.7,5.16205135889413
"I-22",1996,1253.73916593389,57.6684987642276,-170.894977731707,4.4,7.13388690903866
"I-22",1997,102.342699948374,57.6684987642276,-170.894977731707,3.6,4.62834182188301
"I-22",1998,97.2091258301025,57.6684987642276,-170.894977731707,3.1,4.57688021442727
"I-22",1999,691.240514413977,57.6684987642276,-170.894977731707,2,6.53849002706228
"I-22",2000,63.0753674600334,57.6684987642276,-170.894977731707,2.9,4.14435439341438
"I-22",2001,44.9441897111974,57.6684987642276,-170.894977731707,2.9,3.80545527586232
"I-22",2002,41.4293251683005,57.6684987642276,-170.894977731707,3.4,3.72402561815026
"I-22",2003,0,57.6684987642276,-170.894977731707,4.3,-6.49007147502806
"I-22",2004,0,57.6684987642276,-170.894977731707,3.9,-6.49007147502806
"I-22",2005,45.3549329979774,57.6684987642276,-170.894977731707,4.4,3.81455242528457
"I-22",2006,0,57.6684987642276,-170.894977731707,2.4,-6.49007147502806
"I-22",2007,42.7811645377225,57.6684987642276,-170.894977731707,1.3,3.75613341740057
"I-22",2008,277.046272957789,57.6684987642276,-170.894977731707,1.1,5.62419002342907
"I-22",2009,213.894109884197,57.6684987642276,-170.894977731707,1.7,5.36548817793967
"I-22",2010,21.1463549327454,57.6684987642276,-170.894977731707,1.8,3.05153935070723
"I-22",2011,64.9181733239434,57.6684987642276,-170.894977731707,2.7,4.17315099470562
"I-22",2012,1538.3313244596,57.6684987642276,-170.894977731707,0.6,7.33845453946061
"I-22",2013,21.8639819834954,57.6684987642276,-170.894977731707,2.2,3.0849100715899
"I-22",2014,141.888736209333,57.6684987642276,-170.894977731707,3.4,4.95505390421637
"I-22",2015,143.387438960643,57.6684987642276,-170.894977731707,3.9,4.96556091962942
"I-22",2016,24.1132841938054,57.6684987642276,-170.894977731707,4.5,3.18282586913244
"I-22",2017,0,57.6684987642276,-170.894977731707,3.1,-6.49007147502806
"I-22",2018,19.1410272077011,57.6684987642276,-170.894977731707,4.1,2.95191337865293
"I-22",2019,1270.87892921363,57.6684987642276,-170.894977731707,4.8,7.14746520512424
"I-22",2021,0,57.6684987642276,-170.894977731707,4,-6.49007147502806
"I-22",2022,0,57.6684987642276,-170.894977731707,2.7,-6.49007147502806
"I-22",2023,0,57.6684987642276,-170.894977731707,2.9,-6.49007147502806
"I-23",1988,0,57.6645692607973,-171.530303826135,2.5,-6.49007147502806
"I-23",1989,5587.35955080652,57.6645692607973,-171.530303826135,3.5,8.6282623740484
"I-23",1990,128867.105195908,57.6645692607973,-171.530303826135,2.2,11.7665369718342
"I-23",1991,45927.4676768805,57.6645692607973,-171.530303826135,2.8,10.7348186744588
"I-23",1992,20871.7149444452,57.6645692607973,-171.530303826135,2.3,9.94615024215576
"I-23",1993,11132.9972658101,57.6645692607973,-171.530303826135,3.1,9.31766884052639
"I-23",1994,11078.9318694429,57.6645692607973,-171.530303826135,NA,9.31280069103607
"I-23",1995,370.915576685063,57.6645692607973,-171.530303826135,1.6,5.91597857436231
"I-23",1996,35.4644297445627,57.6645692607973,-171.530303826135,3.6,3.56857303009353
"I-23",1997,0,57.6645692607973,-171.530303826135,NA,-6.49007147502806
"I-23",1998,18.1447719010019,57.6645692607973,-171.530303826135,3.3,2.89846615092118
"I-23",1999,110.483517384998,57.6645692607973,-171.530303826135,1.7,4.70488008939345
"I-23",2000,81.2956532351248,57.6645692607973,-171.530303826135,3.1,4.3981112272106
"I-23",2001,20.8523071348662,57.6645692607973,-171.530303826135,2.8,3.03753741224591
"I-23",2002,0,57.6645692607973,-171.530303826135,3.5,-6.49007147502806
"I-23",2003,56.3074878982037,57.6645692607973,-171.530303826135,4.5,4.03085449284333
"I-23",2004,21.1417295465655,57.6645692607973,-171.530303826135,4,3.05132061041141
"I-23",2005,1743.18612231963,57.6645692607973,-171.530303826135,4,7.46347069363287
"I-23",2006,2352.61325829277,57.6645692607973,-171.530303826135,2.5,7.76328265952899
"I-23",2007,138.420650570259,57.6645692607973,-171.530303826135,1.6,4.93030821106939
"I-23",2008,962.734254424,57.6645692607973,-171.530303826135,2,6.86977899498466
"I-23",2009,5628.07667557519,57.6645692607973,-171.530303826135,1.7,8.6355233118861
"I-23",2010,21.0207046307793,57.6645692607973,-171.530303826135,2.8,3.04558011966885
"I-23",2011,0,57.6645692607973,-171.530303826135,2.9,-6.49007147502806
"I-23",2012,20.1729433463388,57.6645692607973,-171.530303826135,1.2,3.00441753656658
"I-23",2013,1327.59716129754,57.6645692607973,-171.530303826135,2.2,7.1911270853726
"I-23",2014,65.0121208350509,57.6645692607973,-171.530303826135,3.1,4.17459708289142
"I-23",2015,76.9746818316895,57.6645692607973,-171.530303826135,2.3,4.34349628670183
"I-23",2016,266.413067875139,57.6645692607973,-171.530303826135,4.6,5.5850536906043
"I-23",2017,107.997765748751,57.6645692607973,-171.530303826135,3.4,4.68212459922471
"I-23",2018,8650.93802494118,57.6645692607973,-171.530303826135,3.7,9.06542321175943
"I-23",2019,17840.7031066514,57.6645692607973,-171.530303826135,4.3,9.78923790227621
"I-23",2021,72.4129116152461,57.6645692607973,-171.530303826135,3.6,4.28240558969391
"I-23",2022,42.7937895001775,57.6645692607973,-171.530303826135,2.3,3.75642846902333
"I-23",2023,0,57.6645692607973,-171.530303826135,3.1,-6.49007147502806
"I-24",1988,942.723947332407,57.6693042118863,-172.172792834625,2.5,6.84877511169257
"I-24",1989,126476.214874996,57.6693042118863,-172.172792834625,3.3,11.747809556773
"I-24",1990,23936.5720574006,57.6693042118863,-172.172792834625,2.7,10.0831628433815
"I-24",1991,74932.5465094003,57.6693042118863,-172.172792834625,2.7,11.2243436282231
"I-24",1992,468.150821407278,57.6693042118863,-172.172792834625,NA,6.14879375544515
"I-24",1993,11095.2280679515,57.6693042118863,-172.172792834625,3.4,9.31427052793241
"I-24",1994,26709.4192801696,57.6693042118863,-172.172792834625,1.2,10.1927716210546
"I-24",1995,39114.5358651076,57.6693042118863,-172.172792834625,2.4,10.5742494769637
"I-24",1996,473.794454922902,57.6693042118863,-172.172792834625,3.7,6.16077679308869
"I-24",1997,246.714894691438,57.6693042118863,-172.172792834625,3.8,5.50823955205557
"I-24",1998,0,57.6693042118863,-172.172792834625,3.1,-6.49007147502806
"I-24",1999,18.1322664036685,57.6693042118863,-172.172792834625,1.5,2.89777676437693
"I-24",2000,0,57.6693042118863,-172.172792834625,3.1,-6.49007147502806
"I-24",2001,40.6759283954139,57.6693042118863,-172.172792834625,3.2,3.70567380706441
"I-24",2002,39.7830206677865,57.6693042118863,-172.172792834625,3.3,3.68347837220189
"I-24",2003,191.572755864056,57.6693042118863,-172.172792834625,4.5,5.25527558880038
"I-24",2004,18.591886458819,57.6693042118863,-172.172792834625,4,2.92280694253562
"I-24",2005,0,57.6693042118863,-172.172792834625,4.1,-6.49007147502806
"I-24",2006,0,57.6693042118863,-172.172792834625,2.6,-6.49007147502806
"I-24",2007,7970.44282531289,57.6693042118863,-172.172792834625,1.6,8.98349552226949
"I-24",2008,2586.81637153411,57.6693042118863,-172.172792834625,2.3,7.85818378541932
"I-24",2009,32530.637974112,57.6693042118863,-172.172792834625,1.8,10.3899376778217
"I-24",2010,12206.3828462703,57.6693042118863,-172.172792834625,3.1,9.40971440242601
"I-24",2011,21163.1478342193,57.6693042118863,-172.172792834625,3.1,9.96001671008924
"I-24",2012,40179.6100048529,57.6693042118863,-172.172792834625,1.3,10.6011149699124
"I-24",2013,234.652382806842,57.6693042118863,-172.172792834625,2.8,5.45811166791648
"I-24",2014,38.2909822098909,57.6693042118863,-172.172792834625,2.9,3.64525407154069
"I-24",2015,6807.89930443751,57.6693042118863,-172.172792834625,3.3,8.82583910241472
"I-24",2016,17496.7131452152,57.6693042118863,-172.172792834625,4.4,9.76976840878208
"I-24",2017,10027.4044491638,57.6693042118863,-172.172792834625,3.4,9.21307722014866
"I-24",2018,31201.8524948614,57.6693042118863,-172.172792834625,3.8,10.3482327955353
"I-24",2019,14525.8147337353,57.6693042118863,-172.172792834625,4.1,9.58368277650438
"I-24",2021,0,57.6693042118863,-172.172792834625,3.4,-6.49007147502806
"I-24",2022,0,57.6693042118863,-172.172792834625,2.3,-6.49007147502806
"I-24",2023,0,57.6693042118863,-172.172792834625,3.2,-6.49007147502806
"I-25",1988,0,57.6661779353979,-172.795596366966,2.7,-6.49007147502806
"I-25",1989,41.4940567026561,57.6661779353979,-172.795596366966,3.4,3.72558679849489
"I-25",1990,663.149985177857,57.6661779353979,-172.795596366966,2.5,6.49700347632576
"I-25",1991,76020.7019663129,57.6661779353979,-172.795596366966,NA,11.2387609964435
"I-25",1992,30760.0643247855,57.6661779353979,-172.795596366966,NA,10.3339725641643
"I-25",1993,3025.3857110251,57.6661779353979,-172.795596366966,3.4,8.01479437201308
"I-25",1994,3789.66558704576,57.6661779353979,-172.795596366966,NA,8.2400334592547
"I-25",1995,39182.0127687799,57.6661779353979,-172.795596366966,2.9,10.5759731012853
"I-25",1996,58088.5413515408,57.6661779353979,-172.795596366966,3.5,10.9697237266641
"I-25",1997,272.92762509202,57.6661779353979,-172.795596366966,4,5.60921221399666
"I-25",1998,0,57.6661779353979,-172.795596366966,3,-6.49007147502806
"I-25",1999,36.0543650459235,57.6661779353979,-172.795596366966,2.2,3.58507005392088
"I-25",2000,0,57.6661779353979,-172.795596366966,3,-6.49007147502806
"I-25",2001,40.9867451003009,57.6661779353979,-172.795596366966,3.4,3.71328577062243
"I-25",2002,19.7172619860378,57.6661779353979,-172.795596366966,3.4,2.98157150276465
"I-25",2003,185.266163219366,57.6661779353979,-172.795596366966,4.4,5.22180170717786
"I-25",2005,0,57.6661779353979,-172.795596366966,4.1,-6.49007147502806
"I-25",2006,0,57.6661779353979,-172.795596366966,2.8,-6.49007147502806
"I-25",2007,0,57.6661779353979,-172.795596366966,2.6,-6.49007147502806
"I-25",2008,0,57.6661779353979,-172.795596366966,2.1,-6.49007147502806
"I-25",2009,4153.16651674174,57.6661779353979,-172.795596366966,2.4,8.33162670396855
"I-25",2010,28121.8701239874,57.6661779353979,-172.795596366966,3,10.2443029028287
"I-25",2011,48163.4205334195,57.6661779353979,-172.795596366966,3.1,10.7823551333525
"I-25",2012,66608.3217277924,57.6661779353979,-172.795596366966,1.6,11.1065848223871
"I-25",2013,50256.5923269488,57.6661779353979,-172.795596366966,3,10.8248970381164
"I-25",2014,41852.4777279714,57.6661779353979,-172.795596366966,3.2,10.6419063154153
"I-25",2015,14301.1502255587,57.6661779353979,-172.795596366966,4.3,9.5680953545431
"I-25",2016,16982.7892878055,57.6661779353979,-172.795596366966,4.6,9.73995580479613
"I-25",2017,6406.31639424053,57.6661779353979,-172.795596366966,4.4,8.76503995626849
"I-25",2018,2029.81885300725,57.6661779353979,-172.795596366966,4.3,7.61570258114907
"I-25",2019,5844.3434118031,57.6661779353979,-172.795596366966,4.1,8.67322979409998
"I-25",2021,0,57.6661779353979,-172.795596366966,3.6,-6.49007147502806
"I-25",2022,0,57.6661779353979,-172.795596366966,3.3,-6.49007147502806
"I-25",2023,0,57.6661779353979,-172.795596366966,3.3,-6.49007147502806
"I-26",1988,750.516186379905,57.6742295825932,-173.39357026643,3.6,6.6207632414953
"I-26",1989,0,57.6742295825932,-173.39357026643,3.4,-6.49007147502806
"I-26",1990,0,57.6742295825932,-173.39357026643,3.6,-6.49007147502806
"I-26",1991,0,57.6742295825932,-173.39357026643,3.3,-6.49007147502806
"I-26",1992,0,57.6742295825932,-173.39357026643,3.3,-6.49007147502806
"I-26",1993,0,57.6742295825932,-173.39357026643,3.6,-6.49007147502806
"I-26",1994,0,57.6742295825932,-173.39357026643,2.7,-6.49007147502806
"I-26",1995,20.6001247055186,57.6742295825932,-173.39357026643,3.2,3.02537083698308
"I-26",1996,1729.95801355392,57.6742295825932,-173.39357026643,3.7,7.45585329530747
"I-26",1997,901.54780899218,57.6742295825932,-173.39357026643,4,6.80411475820985
"I-26",1998,19.0382309094144,57.6742295825932,-173.39357026643,3.3,2.94652886487993
"I-26",1999,0,57.6742295825932,-173.39357026643,2.7,-6.49007147502806
"I-26",2000,0,57.6742295825932,-173.39357026643,3.3,-6.49007147502806
"I-26",2001,0,57.6742295825932,-173.39357026643,3.7,-6.49007147502806
"I-26",2002,0,57.6742295825932,-173.39357026643,3.3,-6.49007147502806
"I-26",2003,0,57.6742295825932,-173.39357026643,4.4,-6.49007147502806
"I-26",2004,0,57.6742295825932,-173.39357026643,3.7,-6.49007147502806
"I-26",2005,0,57.6742295825932,-173.39357026643,4.2,-6.49007147502806
"I-26",2006,0,57.6742295825932,-173.39357026643,3.3,-6.49007147502806
"I-26",2007,0,57.6742295825932,-173.39357026643,3.2,-6.49007147502806
"I-26",2008,0,57.6742295825932,-173.39357026643,2.8,-6.49007147502806
"I-26",2009,0,57.6742295825932,-173.39357026643,3.1,-6.49007147502806
"I-26",2010,84.6101803981164,57.6742295825932,-173.39357026643,3.4,4.4380725411959
"I-26",2011,0,57.6742295825932,-173.39357026643,3.4,-6.49007147502806
"I-26",2012,56.9764006778868,57.6742295825932,-173.39357026643,2.5,4.04266380889361
"I-26",2013,0,57.6742295825932,-173.39357026643,3,-6.49007147502806
"I-26",2014,0,57.6742295825932,-173.39357026643,4,-6.49007147502806
"I-26",2015,0,57.6742295825932,-173.39357026643,4.1,-6.49007147502806
"I-26",2016,0,57.6742295825932,-173.39357026643,4.2,-6.49007147502806
"I-26",2017,0,57.6742295825932,-173.39357026643,4.1,-6.49007147502806
"I-26",2018,0,57.6742295825932,-173.39357026643,4.2,-6.49007147502806
"I-26",2019,0,57.6742295825932,-173.39357026643,4,-6.49007147502806
"I-26",2021,0,57.6742295825932,-173.39357026643,3.8,-6.49007147502806
"I-26",2022,0,57.6742295825932,-173.39357026643,3.9,-6.49007147502806
"I-26",2023,0,57.6742295825932,-173.39357026643,3.9,-6.49007147502806
"J-01",1988,1266.64622650749,57.9984823533319,-167.804927761789,0.7,7.14412911873581
"J-01",1989,0,57.9984823533319,-167.804927761789,3.3,-6.49007147502806
"J-01",1990,266.115606485202,57.9984823533319,-167.804927761789,1.5,5.58393653113908
"J-01",1991,0,57.9984823533319,-167.804927761789,2.4,-6.49007147502806
"J-01",1992,1201.61247268344,57.9984823533319,-167.804927761789,0.8,7.09142092468702
"J-01",1993,0,57.9984823533319,-167.804927761789,2.1,-6.49007147502806
"J-01",1994,2907.8147482707,57.9984823533319,-167.804927761789,-0.6,7.97515765464605
"J-01",1995,1298.60600630077,57.9984823533319,-167.804927761789,0,7.16904783456033
"J-01",1996,0,57.9984823533319,-167.804927761789,2.3,-6.49007147502806
"J-01",1997,0,57.9984823533319,-167.804927761789,0.7,-6.49007147502806
"J-01",1998,0,57.9984823533319,-167.804927761789,2.9,-6.49007147502806
"J-01",1999,61.9141137600154,57.9984823533319,-167.804927761789,0.3,4.12577268739566
"J-01",2000,0,57.9984823533319,-167.804927761789,1.5,-6.49007147502806
"J-01",2001,0,57.9984823533319,-167.804927761789,2,-6.49007147502806
"J-01",2002,0,57.9984823533319,-167.804927761789,2.2,-6.49007147502806
"J-01",2003,0,57.9984823533319,-167.804927761789,2.9,-6.49007147502806
"J-01",2004,0,57.9984823533319,-167.804927761789,2.5,-6.49007147502806
"J-01",2005,0,57.9984823533319,-167.804927761789,2.4,-6.49007147502806
"J-01",2006,159.831394830992,57.9984823533319,-167.804927761789,-0.3,5.07412897752763
"J-01",2007,0,57.9984823533319,-167.804927761789,0.3,-6.49007147502806
"J-01",2008,151.465741006965,57.9984823533319,-167.804927761789,0.6,5.02036949233662
"J-01",2009,76.125763789746,57.9984823533319,-167.804927761789,-0.7,4.33240670561639
"J-01",2010,87.379081894757,57.9984823533319,-167.804927761789,-1.3,4.47027329389601
"J-01",2011,20.3806203767275,57.9984823533319,-167.804927761789,1,3.01465896915758
"J-01",2012,204.360075974059,57.9984823533319,-167.804927761789,0.4,5.31989094642146
"J-01",2013,249.515856174327,57.9984823533319,-167.804927761789,0.8,5.51952855050165
"J-01",2014,0,57.9984823533319,-167.804927761789,2.8,-6.49007147502806
"J-01",2015,64.2986259294424,57.9984823533319,-167.804927761789,2.9,4.16356187649636
"J-01",2016,0,57.9984823533319,-167.804927761789,4.6,-6.49007147502806
"J-01",2017,0,57.9984823533319,-167.804927761789,0.7,-6.49007147502806
"J-01",2018,0,57.9984823533319,-167.804927761789,4.3,-6.49007147502806
"J-01",2019,0,57.9984823533319,-167.804927761789,3.7,-6.49007147502806
"J-01",2021,0,57.9984823533319,-167.804927761789,3.6,-6.49007147502806
"J-01",2022,0,57.9984823533319,-167.804927761789,0.9,-6.49007147502806
"J-01",2023,0,57.9984823533319,-167.804927761789,1.9,-6.49007147502806
"J-02",1988,7242.07562080444,58.0044326636266,-167.172012540236,0.9,8.88766334191825
"J-02",1989,0,58.0044326636266,-167.172012540236,2.3,-6.49007147502806
"J-02",1990,0,58.0044326636266,-167.172012540236,1.4,-6.49007147502806
"J-02",1991,163.905128440371,58.0044326636266,-167.172012540236,1.5,5.09929703941707
"J-02",1992,492.779156882997,58.0044326636266,-167.172012540236,1,6.20006419741525
"J-02",1993,0,58.0044326636266,-167.172012540236,1.9,-6.49007147502806
"J-02",1994,16155.706793289,58.0044326636266,-167.172012540236,-0.3,9.69002872203465
"J-02",1995,0,58.0044326636266,-167.172012540236,0,-6.49007147502806
"J-02",1996,0,58.0044326636266,-167.172012540236,1.6,-6.49007147502806
"J-02",1997,0,58.0044326636266,-167.172012540236,0.8,-6.49007147502806
"J-02",1998,0,58.0044326636266,-167.172012540236,2.8,-6.49007147502806
"J-02",1999,446.115118014646,58.0044326636266,-167.172012540236,-0.3,6.10058043454604
"J-02",2000,0,58.0044326636266,-167.172012540236,1.1,-6.49007147502806
"J-02",2001,0,58.0044326636266,-167.172012540236,1.7,-6.49007147502806
"J-02",2002,0,58.0044326636266,-167.172012540236,3,-6.49007147502806
"J-02",2003,20.6846243782361,58.0044326636266,-167.172012540236,3,3.02946404705581
"J-02",2004,0,58.0044326636266,-167.172012540236,3.1,-6.49007147502806
"J-02",2005,0,58.0044326636266,-167.172012540236,2.8,-6.49007147502806
"J-02",2006,0,58.0044326636266,-167.172012540236,-0.4,-6.49007147502806
"J-02",2007,374.029478706639,58.0044326636266,-167.172012540236,0.4,5.92433867405266
"J-02",2008,20.1867026556739,58.0044326636266,-167.172012540236,0.5,3.00509932027794
"J-02",2009,62.3688876432257,58.0044326636266,-167.172012540236,-1,4.13309090139866
"J-02",2010,0,58.0044326636266,-167.172012540236,-0.4,-6.49007147502806
"J-02",2011,21.6394103067689,58.0044326636266,-167.172012540236,1.1,3.07458637113693
"J-02",2012,0,58.0044326636266,-167.172012540236,0.5,-6.49007147502806
"J-02",2013,0,58.0044326636266,-167.172012540236,1,-6.49007147502806
"J-02",2014,0,58.0044326636266,-167.172012540236,2.8,-6.49007147502806
"J-02",2015,0,58.0044326636266,-167.172012540236,3,-6.49007147502806
"J-02",2016,0,58.0044326636266,-167.172012540236,4.8,-6.49007147502806
"J-02",2017,0,58.0044326636266,-167.172012540236,0.5,-6.49007147502806
"J-02",2018,0,58.0044326636266,-167.172012540236,3.8,-6.49007147502806
"J-02",2019,0,58.0044326636266,-167.172012540236,3.6,-6.49007147502806
"J-02",2021,22.1489851709252,58.0044326636266,-167.172012540236,3.3,3.09786023263894
"J-02",2022,0,58.0044326636266,-167.172012540236,0.5,-6.49007147502806
"J-02",2023,0,58.0044326636266,-167.172012540236,1.2,-6.49007147502806
"J-03",1988,136.616392973714,57.9972699907834,-166.514288086022,1.8,4.91718806163149
"J-03",1989,0,57.9972699907834,-166.514288086022,2.6,-6.49007147502806
"J-03",1990,0,57.9972699907834,-166.514288086022,1.9,-6.49007147502806
"J-03",1991,65.6939051786023,57.9972699907834,-166.514288086022,2.2,4.18502926734266
"J-03",1992,0,57.9972699907834,-166.514288086022,0.8,-6.49007147502806
"J-03",1993,21.3357477869278,57.9972699907834,-166.514288086022,1.6,3.06045513210982
"J-03",1994,1053.10910196553,57.9972699907834,-166.514288086022,0.3,6.95950355923362
"J-03",1995,22.6145655913534,57.9972699907834,-166.514288086022,0.5,3.11866133597631
"J-03",1996,0,57.9972699907834,-166.514288086022,2.1,-6.49007147502806
"J-03",1997,0,57.9972699907834,-166.514288086022,0.9,-6.49007147502806
"J-03",1998,0,57.9972699907834,-166.514288086022,2.8,-6.49007147502806
"J-03",1999,211.735055563736,57.9972699907834,-166.514288086022,-0.3,5.35534292658319
"J-03",2000,123.708474495221,57.9972699907834,-166.514288086022,1.3,4.81794005977099
"J-03",2001,0,57.9972699907834,-166.514288086022,1.5,-6.49007147502806
"J-03",2002,0,57.9972699907834,-166.514288086022,3.3,-6.49007147502806
"J-03",2003,0,57.9972699907834,-166.514288086022,2.9,-6.49007147502806
"J-03",2004,0,57.9972699907834,-166.514288086022,2.7,-6.49007147502806
"J-03",2005,0,57.9972699907834,-166.514288086022,NA,-6.49007147502806
"J-03",2006,0,57.9972699907834,-166.514288086022,-0.1,-6.49007147502806
"J-03",2007,117.425917594666,57.9972699907834,-166.514288086022,0.3,4.76582057715361
"J-03",2008,179.190403439799,57.9972699907834,-166.514288086022,0.8,5.18845742073163
"J-03",2009,387.904366493309,57.9972699907834,-166.514288086022,-0.6,5.96076274559607
"J-03",2010,42.6705633167635,57.9972699907834,-166.514288086022,0.1,3.75354488338358
"J-03",2011,0,57.9972699907834,-166.514288086022,1.1,-6.49007147502806
"J-03",2012,0,57.9972699907834,-166.514288086022,0.7,-6.49007147502806
"J-03",2013,0,57.9972699907834,-166.514288086022,1.3,-6.49007147502806
"J-03",2014,0,57.9972699907834,-166.514288086022,2.2,-6.49007147502806
"J-03",2015,0,57.9972699907834,-166.514288086022,3.1,-6.49007147502806
"J-03",2016,0,57.9972699907834,-166.514288086022,4.9,-6.49007147502806
"J-03",2017,0,57.9972699907834,-166.514288086022,0.8,-6.49007147502806
"J-03",2018,0,57.9972699907834,-166.514288086022,3.4,-6.49007147502806
"J-03",2019,0,57.9972699907834,-166.514288086022,4.2,-6.49007147502806
"J-03",2021,0,57.9972699907834,-166.514288086022,2.4,-6.49007147502806
"J-03",2022,0,57.9972699907834,-166.514288086022,0.6,-6.49007147502806
"J-03",2023,0,57.9972699907834,-166.514288086022,0.3,-6.49007147502806
"J-04",1988,0,58.0001122192152,-165.901581596752,2.2,-6.49007147502806
"J-04",1989,21.8184611203408,58.0001122192152,-165.901581596752,2,3.08282604368654
"J-04",1990,0,58.0001122192152,-165.901581596752,NA,-6.49007147502806
"J-04",1991,0,58.0001122192152,-165.901581596752,2.5,-6.49007147502806
"J-04",1992,0,58.0001122192152,-165.901581596752,2.1,-6.49007147502806
"J-04",1993,0,58.0001122192152,-165.901581596752,2.9,-6.49007147502806
"J-04",1994,214.817998353109,58.0001122192152,-165.901581596752,0.6,5.36979821881248
"J-04",1995,0,58.0001122192152,-165.901581596752,NA,-6.49007147502806
"J-04",1996,21.1353107401991,58.0001122192152,-165.901581596752,3.5,3.05101697773873
"J-04",1997,0,58.0001122192152,-165.901581596752,1.7,-6.49007147502806
"J-04",1998,0,58.0001122192152,-165.901581596752,3.5,-6.49007147502806
"J-04",1999,0,58.0001122192152,-165.901581596752,-0.2,-6.49007147502806
"J-04",2000,67.1087403822454,58.0001122192152,-165.901581596752,2.1,4.20633692085648
"J-04",2001,26.769387239973,58.0001122192152,-165.901581596752,1.2,3.28731568887804
"J-04",2002,0,58.0001122192152,-165.901581596752,3.3,-6.49007147502806
"J-04",2003,0,58.0001122192152,-165.901581596752,2.6,-6.49007147502806
"J-04",2004,0,58.0001122192152,-165.901581596752,3.1,-6.49007147502806
"J-04",2005,0,58.0001122192152,-165.901581596752,3.1,-6.49007147502806
"J-04",2006,0,58.0001122192152,-165.901581596752,0,-6.49007147502806
"J-04",2007,0,58.0001122192152,-165.901581596752,0.1,-6.49007147502806
"J-04",2008,21.9831689324624,58.0001122192152,-165.901581596752,1,3.09034618251511
"J-04",2009,135.225199029132,58.0001122192152,-165.901581596752,1,4.90695275850587
"J-04",2010,0,58.0001122192152,-165.901581596752,1.6,-6.49007147502806
"J-04",2011,0,58.0001122192152,-165.901581596752,2.1,-6.49007147502806
"J-04",2012,0,58.0001122192152,-165.901581596752,1.2,-6.49007147502806
"J-04",2013,0,58.0001122192152,-165.901581596752,2.1,-6.49007147502806
"J-04",2014,0,58.0001122192152,-165.901581596752,2.4,-6.49007147502806
"J-04",2015,0,58.0001122192152,-165.901581596752,3.7,-6.49007147502806
"J-04",2016,0,58.0001122192152,-165.901581596752,5.4,-6.49007147502806
"J-04",2017,0,58.0001122192152,-165.901581596752,2.2,-6.49007147502806
"J-04",2018,0,58.0001122192152,-165.901581596752,3.7,-6.49007147502806
"J-04",2019,0,58.0001122192152,-165.901581596752,4.8,-6.49007147502806
"J-04",2021,0,58.0001122192152,-165.901581596752,3,-6.49007147502806
"J-04",2022,0,58.0001122192152,-165.901581596752,1.3,-6.49007147502806
"J-04",2023,0,58.0001122192152,-165.901581596752,0.2,-6.49007147502806
"J-05",1988,0,57.9937885714286,-165.24998042471,3.2,-6.49007147502806
"J-05",1989,25.5694610177748,57.9937885714286,-165.24998042471,2.9,3.24145809354595
"J-05",1990,0,57.9937885714286,-165.24998042471,2.2,-6.49007147502806
"J-05",1991,0,57.9937885714286,-165.24998042471,3.5,-6.49007147502806
"J-05",1992,0,57.9937885714286,-165.24998042471,3.3,-6.49007147502806
"J-05",1993,0,57.9937885714286,-165.24998042471,3.6,-6.49007147502806
"J-05",1994,0,57.9937885714286,-165.24998042471,1.2,-6.49007147502806
"J-05",1995,0,57.9937885714286,-165.24998042471,0.8,-6.49007147502806
"J-05",1996,0,57.9937885714286,-165.24998042471,3.9,-6.49007147502806
"J-05",1997,0,57.9937885714286,-165.24998042471,2.1,-6.49007147502806
"J-05",1998,0,57.9937885714286,-165.24998042471,3.4,-6.49007147502806
"J-05",1999,0,57.9937885714286,-165.24998042471,-0.2,-6.49007147502806
"J-05",2000,0,57.9937885714286,-165.24998042471,2.6,-6.49007147502806
"J-05",2001,0,57.9937885714286,-165.24998042471,1.7,-6.49007147502806
"J-05",2002,0,57.9937885714286,-165.24998042471,3.1,-6.49007147502806
"J-05",2003,0,57.9937885714286,-165.24998042471,3,-6.49007147502806
"J-05",2004,0,57.9937885714286,-165.24998042471,3.9,-6.49007147502806
"J-05",2005,0,57.9937885714286,-165.24998042471,4.2,-6.49007147502806
"J-05",2006,0,57.9937885714286,-165.24998042471,1,-6.49007147502806
"J-05",2007,0,57.9937885714286,-165.24998042471,0.9,-6.49007147502806
"J-05",2008,0,57.9937885714286,-165.24998042471,1.4,-6.49007147502806
"J-05",2009,0,57.9937885714286,-165.24998042471,1.4,-6.49007147502806
"J-05",2010,0,57.9937885714286,-165.24998042471,1.7,-6.49007147502806
"J-05",2011,0,57.9937885714286,-165.24998042471,2.2,-6.49007147502806
"J-05",2012,0,57.9937885714286,-165.24998042471,2.3,-6.49007147502806
"J-05",2013,0,57.9937885714286,-165.24998042471,1.6,-6.49007147502806
"J-05",2014,0,57.9937885714286,-165.24998042471,3.2,-6.49007147502806
"J-05",2015,0,57.9937885714286,-165.24998042471,4.5,-6.49007147502806
"J-05",2016,0,57.9937885714286,-165.24998042471,6,-6.49007147502806
"J-05",2017,0,57.9937885714286,-165.24998042471,2.9,-6.49007147502806
"J-05",2018,0,57.9937885714286,-165.24998042471,4.4,-6.49007147502806
"J-05",2019,0,57.9937885714286,-165.24998042471,6.3,-6.49007147502806
"J-05",2021,0,57.9937885714286,-165.24998042471,3.7,-6.49007147502806
"J-05",2022,0,57.9937885714286,-165.24998042471,2.5,-6.49007147502806
"J-05",2023,0,57.9937885714286,-165.24998042471,0.5,-6.49007147502806
"J-06",1988,0,57.9998084090909,-164.618070681818,2.8,-6.49007147502806
"J-06",1989,0,57.9998084090909,-164.618070681818,2.1,-6.49007147502806
"J-06",1990,0,57.9998084090909,-164.618070681818,3.5,-6.49007147502806
"J-06",1991,0,57.9998084090909,-164.618070681818,3.8,-6.49007147502806
"J-06",1992,0,57.9998084090909,-164.618070681818,3.1,-6.49007147502806
"J-06",1993,0,57.9998084090909,-164.618070681818,4,-6.49007147502806
"J-06",1994,0,57.9998084090909,-164.618070681818,2,-6.49007147502806
"J-06",1995,0,57.9998084090909,-164.618070681818,2,-6.49007147502806
"J-06",1996,0,57.9998084090909,-164.618070681818,4.2,-6.49007147502806
"J-06",1997,0,57.9998084090909,-164.618070681818,2.7,-6.49007147502806
"J-06",1998,0,57.9998084090909,-164.618070681818,3.8,-6.49007147502806
"J-06",1999,0,57.9998084090909,-164.618070681818,-0.2,-6.49007147502806
"J-06",2000,23.4392339700756,57.9998084090909,-164.618070681818,2.7,3.1544760636198
"J-06",2001,0,57.9998084090909,-164.618070681818,2.2,-6.49007147502806
"J-06",2002,0,57.9998084090909,-164.618070681818,3.6,-6.49007147502806
"J-06",2003,0,57.9998084090909,-164.618070681818,4.5,-6.49007147502806
"J-06",2004,0,57.9998084090909,-164.618070681818,3.6,-6.49007147502806
"J-06",2005,0,57.9998084090909,-164.618070681818,NA,-6.49007147502806
"J-06",2006,0,57.9998084090909,-164.618070681818,1.7,-6.49007147502806
"J-06",2007,0,57.9998084090909,-164.618070681818,2.3,-6.49007147502806
"J-06",2008,0,57.9998084090909,-164.618070681818,1.6,-6.49007147502806
"J-06",2009,0,57.9998084090909,-164.618070681818,1.5,-6.49007147502806
"J-06",2010,0,57.9998084090909,-164.618070681818,2.2,-6.49007147502806
"J-06",2011,0,57.9998084090909,-164.618070681818,2,-6.49007147502806
"J-06",2012,0,57.9998084090909,-164.618070681818,1.7,-6.49007147502806
"J-06",2013,0,57.9998084090909,-164.618070681818,2.2,-6.49007147502806
"J-06",2014,0,57.9998084090909,-164.618070681818,4.5,-6.49007147502806
"J-06",2015,0,57.9998084090909,-164.618070681818,4.8,-6.49007147502806
"J-06",2016,0,57.9998084090909,-164.618070681818,6.9,-6.49007147502806
"J-06",2017,0,57.9998084090909,-164.618070681818,3.3,-6.49007147502806
"J-06",2018,0,57.9998084090909,-164.618070681818,4.6,-6.49007147502806
"J-06",2019,0,57.9998084090909,-164.618070681818,6.6,-6.49007147502806
"J-06",2021,0,57.9998084090909,-164.618070681818,3.9,-6.49007147502806
"J-06",2022,0,57.9998084090909,-164.618070681818,2.3,-6.49007147502806
"J-06",2023,0,57.9998084090909,-164.618070681818,1,-6.49007147502806
"J-07",1988,0,58.0016233333333,-164.017034444444,2.6,-6.49007147502806
"J-07",1989,0,58.0016233333333,-164.017034444444,2.4,-6.49007147502806
"J-07",1990,0,58.0016233333333,-164.017034444444,2.6,-6.49007147502806
"J-07",1991,0,58.0016233333333,-164.017034444444,4,-6.49007147502806
"J-07",1992,0,58.0016233333333,-164.017034444444,2.8,-6.49007147502806
"J-07",1993,0,58.0016233333333,-164.017034444444,3.4,-6.49007147502806
"J-07",1994,0,58.0016233333333,-164.017034444444,1.8,-6.49007147502806
"J-07",1995,0,58.0016233333333,-164.017034444444,2.5,-6.49007147502806
"J-07",1996,0,58.0016233333333,-164.017034444444,4.3,-6.49007147502806
"J-07",1997,0,58.0016233333333,-164.017034444444,3,-6.49007147502806
"J-07",1998,0,58.0016233333333,-164.017034444444,3.3,-6.49007147502806
"J-07",1999,0,58.0016233333333,-164.017034444444,0,-6.49007147502806
"J-07",2000,0,58.0016233333333,-164.017034444444,2.6,-6.49007147502806
"J-07",2001,0,58.0016233333333,-164.017034444444,2.5,-6.49007147502806
"J-07",2002,0,58.0016233333333,-164.017034444444,3.9,-6.49007147502806
"J-07",2003,0,58.0016233333333,-164.017034444444,4.2,-6.49007147502806
"J-07",2004,0,58.0016233333333,-164.017034444444,3.9,-6.49007147502806
"J-07",2005,0,58.0016233333333,-164.017034444444,4.6,-6.49007147502806
"J-07",2006,0,58.0016233333333,-164.017034444444,1.2,-6.49007147502806
"J-07",2007,0,58.0016233333333,-164.017034444444,2.1,-6.49007147502806
"J-07",2008,0,58.0016233333333,-164.017034444444,1.7,-6.49007147502806
"J-07",2009,0,58.0016233333333,-164.017034444444,1.5,-6.49007147502806
"J-07",2010,0,58.0016233333333,-164.017034444444,2,-6.49007147502806
"J-07",2011,0,58.0016233333333,-164.017034444444,1.9,-6.49007147502806
"J-07",2012,0,58.0016233333333,-164.017034444444,1.6,-6.49007147502806
"J-07",2013,0,58.0016233333333,-164.017034444444,2.3,-6.49007147502806
"J-07",2014,0,58.0016233333333,-164.017034444444,4.4,-6.49007147502806
"J-07",2015,0,58.0016233333333,-164.017034444444,5.2,-6.49007147502806
"J-07",2016,0,58.0016233333333,-164.017034444444,7.3,-6.49007147502806
"J-07",2017,0,58.0016233333333,-164.017034444444,3.5,-6.49007147502806
"J-07",2018,0,58.0016233333333,-164.017034444444,4.3,-6.49007147502806
"J-07",2019,0,58.0016233333333,-164.017034444444,6.1,-6.49007147502806
"J-07",2021,0,58.0016233333333,-164.017034444444,3.4,-6.49007147502806
"J-07",2022,0,58.0016233333333,-164.017034444444,3.1,-6.49007147502806
"J-07",2023,0,58.0016233333333,-164.017034444444,1.5,-6.49007147502806
"J-08",1988,0,57.9983371428571,-163.372842285714,3,-6.49007147502806
"J-08",1989,0,57.9983371428571,-163.372842285714,2.5,-6.49007147502806
"J-08",1990,0,57.9983371428571,-163.372842285714,3,-6.49007147502806
"J-08",1991,0,57.9983371428571,-163.372842285714,3.6,-6.49007147502806
"J-08",1992,0,57.9983371428571,-163.372842285714,3.1,-6.49007147502806
"J-08",1993,0,57.9983371428571,-163.372842285714,3.7,-6.49007147502806
"J-08",1994,0,57.9983371428571,-163.372842285714,2.8,-6.49007147502806
"J-08",1995,0,57.9983371428571,-163.372842285714,2,-6.49007147502806
"J-08",1996,0,57.9983371428571,-163.372842285714,4.6,-6.49007147502806
"J-08",1997,0,57.9983371428571,-163.372842285714,3.2,-6.49007147502806
"J-08",1998,0,57.9983371428571,-163.372842285714,4.3,-6.49007147502806
"J-08",1999,0,57.9983371428571,-163.372842285714,0.2,-6.49007147502806
"J-08",2000,0,57.9983371428571,-163.372842285714,1.7,-6.49007147502806
"J-08",2001,0,57.9983371428571,-163.372842285714,2.6,-6.49007147502806
"J-08",2002,0,57.9983371428571,-163.372842285714,4.2,-6.49007147502806
"J-08",2003,0,57.9983371428571,-163.372842285714,5.4,-6.49007147502806
"J-08",2004,0,57.9983371428571,-163.372842285714,4.4,-6.49007147502806
"J-08",2005,0,57.9983371428571,-163.372842285714,5.1,-6.49007147502806
"J-08",2006,0,57.9983371428571,-163.372842285714,NA,-6.49007147502806
"J-08",2007,0,57.9983371428571,-163.372842285714,2.5,-6.49007147502806
"J-08",2008,0,57.9983371428571,-163.372842285714,1.8,-6.49007147502806
"J-08",2009,0,57.9983371428571,-163.372842285714,1.9,-6.49007147502806
"J-08",2010,0,57.9983371428571,-163.372842285714,2.5,-6.49007147502806
"J-08",2011,0,57.9983371428571,-163.372842285714,2.4,-6.49007147502806
"J-08",2012,0,57.9983371428571,-163.372842285714,2.2,-6.49007147502806
"J-08",2013,0,57.9983371428571,-163.372842285714,2.4,-6.49007147502806
"J-08",2014,0,57.9983371428571,-163.372842285714,4.7,-6.49007147502806
"J-08",2015,0,57.9983371428571,-163.372842285714,5.2,-6.49007147502806
"J-08",2016,0,57.9983371428571,-163.372842285714,7.2,-6.49007147502806
"J-08",2017,0,57.9983371428571,-163.372842285714,4,-6.49007147502806
"J-08",2018,0,57.9983371428571,-163.372842285714,4.9,-6.49007147502806
"J-08",2019,0,57.9983371428571,-163.372842285714,6.2,-6.49007147502806
"J-08",2021,0,57.9983371428571,-163.372842285714,3.9,-6.49007147502806
"J-08",2022,0,57.9983371428571,-163.372842285714,3.6,-6.49007147502806
"J-08",2023,0,57.9983371428571,-163.372842285714,2.3,-6.49007147502806
"J-09",1988,0,58.001848,-162.754684571429,NA,-6.49007147502806
"J-09",1989,0,58.001848,-162.754684571429,3.2,-6.49007147502806
"J-09",1990,0,58.001848,-162.754684571429,1.9,-6.49007147502806
"J-09",1991,0,58.001848,-162.754684571429,3.7,-6.49007147502806
"J-09",1992,0,58.001848,-162.754684571429,3.4,-6.49007147502806
"J-09",1993,0,58.001848,-162.754684571429,4.6,-6.49007147502806
"J-09",1994,0,58.001848,-162.754684571429,2.7,-6.49007147502806
"J-09",1995,0,58.001848,-162.754684571429,2.4,-6.49007147502806
"J-09",1996,0,58.001848,-162.754684571429,4.2,-6.49007147502806
"J-09",1997,0,58.001848,-162.754684571429,3.8,-6.49007147502806
"J-09",1998,0,58.001848,-162.754684571429,3.8,-6.49007147502806
"J-09",1999,0,58.001848,-162.754684571429,0.1,-6.49007147502806
"J-09",2000,0,58.001848,-162.754684571429,NA,-6.49007147502806
"J-09",2001,0,58.001848,-162.754684571429,3.2,-6.49007147502806
"J-09",2002,0,58.001848,-162.754684571429,3.4,-6.49007147502806
"J-09",2003,0,58.001848,-162.754684571429,5.6,-6.49007147502806
"J-09",2004,0,58.001848,-162.754684571429,3.9,-6.49007147502806
"J-09",2005,0,58.001848,-162.754684571429,5.2,-6.49007147502806
"J-09",2006,0,58.001848,-162.754684571429,1.9,-6.49007147502806
"J-09",2007,0,58.001848,-162.754684571429,3.2,-6.49007147502806
"J-09",2008,0,58.001848,-162.754684571429,2,-6.49007147502806
"J-09",2009,0,58.001848,-162.754684571429,2.2,-6.49007147502806
"J-09",2010,0,58.001848,-162.754684571429,2.6,-6.49007147502806
"J-09",2011,0,58.001848,-162.754684571429,2.7,-6.49007147502806
"J-09",2012,0,58.001848,-162.754684571429,2.2,-6.49007147502806
"J-09",2013,0,58.001848,-162.754684571429,3.2,-6.49007147502806
"J-09",2014,0,58.001848,-162.754684571429,4.7,-6.49007147502806
"J-09",2015,0,58.001848,-162.754684571429,4.8,-6.49007147502806
"J-09",2016,0,58.001848,-162.754684571429,6.9,-6.49007147502806
"J-09",2017,0,58.001848,-162.754684571429,3.9,-6.49007147502806
"J-09",2018,0,58.001848,-162.754684571429,4.8,-6.49007147502806
"J-09",2019,0,58.001848,-162.754684571429,6.6,-6.49007147502806
"J-09",2021,0,58.001848,-162.754684571429,3.9,-6.49007147502806
"J-09",2022,0,58.001848,-162.754684571429,3.9,-6.49007147502806
"J-09",2023,0,58.001848,-162.754684571429,2.5,-6.49007147502806
"J-10",1988,0,57.9956097142857,-162.118997142857,3.1,-6.49007147502806
"J-10",1989,0,57.9956097142857,-162.118997142857,2.5,-6.49007147502806
"J-10",1990,0,57.9956097142857,-162.118997142857,NA,-6.49007147502806
"J-10",1991,0,57.9956097142857,-162.118997142857,4.5,-6.49007147502806
"J-10",1992,0,57.9956097142857,-162.118997142857,2.8,-6.49007147502806
"J-10",1993,0,57.9956097142857,-162.118997142857,4.6,-6.49007147502806
"J-10",1994,0,57.9956097142857,-162.118997142857,3.2,-6.49007147502806
"J-10",1995,0,57.9956097142857,-162.118997142857,2.9,-6.49007147502806
"J-10",1996,0,57.9956097142857,-162.118997142857,4.8,-6.49007147502806
"J-10",1997,0,57.9956097142857,-162.118997142857,4.5,-6.49007147502806
"J-10",1998,0,57.9956097142857,-162.118997142857,3.7,-6.49007147502806
"J-10",1999,0,57.9956097142857,-162.118997142857,0.2,-6.49007147502806
"J-10",2000,0,57.9956097142857,-162.118997142857,1.6,-6.49007147502806
"J-10",2001,0,57.9956097142857,-162.118997142857,3.9,-6.49007147502806
"J-10",2002,0,57.9956097142857,-162.118997142857,3.4,-6.49007147502806
"J-10",2003,0,57.9956097142857,-162.118997142857,4.9,-6.49007147502806
"J-10",2004,0,57.9956097142857,-162.118997142857,4,-6.49007147502806
"J-10",2005,0,57.9956097142857,-162.118997142857,5.4,-6.49007147502806
"J-10",2006,0,57.9956097142857,-162.118997142857,2.1,-6.49007147502806
"J-10",2007,0,57.9956097142857,-162.118997142857,3.3,-6.49007147502806
"J-10",2008,0,57.9956097142857,-162.118997142857,1.5,-6.49007147502806
"J-10",2009,0,57.9956097142857,-162.118997142857,2.1,-6.49007147502806
"J-10",2010,0,57.9956097142857,-162.118997142857,2.8,-6.49007147502806
"J-10",2011,0,57.9956097142857,-162.118997142857,2.7,-6.49007147502806
"J-10",2012,0,57.9956097142857,-162.118997142857,2.4,-6.49007147502806
"J-10",2013,0,57.9956097142857,-162.118997142857,3.2,-6.49007147502806
"J-10",2014,0,57.9956097142857,-162.118997142857,5.6,-6.49007147502806
"J-10",2015,0,57.9956097142857,-162.118997142857,4.3,-6.49007147502806
"J-10",2016,0,57.9956097142857,-162.118997142857,6.5,-6.49007147502806
"J-10",2017,0,57.9956097142857,-162.118997142857,3.7,-6.49007147502806
"J-10",2018,0,57.9956097142857,-162.118997142857,4.8,-6.49007147502806
"J-10",2019,0,57.9956097142857,-162.118997142857,6.3,-6.49007147502806
"J-10",2021,0,57.9956097142857,-162.118997142857,3.9,-6.49007147502806
"J-10",2022,0,57.9956097142857,-162.118997142857,4.2,-6.49007147502806
"J-10",2023,0,57.9956097142857,-162.118997142857,2.9,-6.49007147502806
"J-11",1988,0,57.9951317142857,-161.484920571429,2.7,-6.49007147502806
"J-11",1989,0,57.9951317142857,-161.484920571429,3,-6.49007147502806
"J-11",1990,0,57.9951317142857,-161.484920571429,3.1,-6.49007147502806
"J-11",1991,0,57.9951317142857,-161.484920571429,3.4,-6.49007147502806
"J-11",1992,0,57.9951317142857,-161.484920571429,NA,-6.49007147502806
"J-11",1993,0,57.9951317142857,-161.484920571429,4.1,-6.49007147502806
"J-11",1994,0,57.9951317142857,-161.484920571429,2.6,-6.49007147502806
"J-11",1995,0,57.9951317142857,-161.484920571429,2.4,-6.49007147502806
"J-11",1996,0,57.9951317142857,-161.484920571429,4.7,-6.49007147502806
"J-11",1997,0,57.9951317142857,-161.484920571429,3.6,-6.49007147502806
"J-11",1998,0,57.9951317142857,-161.484920571429,3.5,-6.49007147502806
"J-11",1999,0,57.9951317142857,-161.484920571429,-0.4,-6.49007147502806
"J-11",2000,0,57.9951317142857,-161.484920571429,1.5,-6.49007147502806
"J-11",2001,0,57.9951317142857,-161.484920571429,3.8,-6.49007147502806
"J-11",2002,0,57.9951317142857,-161.484920571429,3.5,-6.49007147502806
"J-11",2003,0,57.9951317142857,-161.484920571429,4.3,-6.49007147502806
"J-11",2004,0,57.9951317142857,-161.484920571429,3.8,-6.49007147502806
"J-11",2005,0,57.9951317142857,-161.484920571429,5.2,-6.49007147502806
"J-11",2006,0,57.9951317142857,-161.484920571429,1.9,-6.49007147502806
"J-11",2007,0,57.9951317142857,-161.484920571429,3.1,-6.49007147502806
"J-11",2008,0,57.9951317142857,-161.484920571429,1.8,-6.49007147502806
"J-11",2009,0,57.9951317142857,-161.484920571429,1.1,-6.49007147502806
"J-11",2010,0,57.9951317142857,-161.484920571429,2.4,-6.49007147502806
"J-11",2011,0,57.9951317142857,-161.484920571429,2.7,-6.49007147502806
"J-11",2012,0,57.9951317142857,-161.484920571429,2.6,-6.49007147502806
"J-11",2013,0,57.9951317142857,-161.484920571429,2.9,-6.49007147502806
"J-11",2014,0,57.9951317142857,-161.484920571429,5.1,-6.49007147502806
"J-11",2015,0,57.9951317142857,-161.484920571429,4.2,-6.49007147502806
"J-11",2016,0,57.9951317142857,-161.484920571429,6.1,-6.49007147502806
"J-11",2017,0,57.9951317142857,-161.484920571429,3,-6.49007147502806
"J-11",2018,0,57.9951317142857,-161.484920571429,4.5,-6.49007147502806
"J-11",2019,0,57.9951317142857,-161.484920571429,6.1,-6.49007147502806
"J-11",2021,0,57.9951317142857,-161.484920571429,3.8,-6.49007147502806
"J-11",2022,0,57.9951317142857,-161.484920571429,3.9,-6.49007147502806
"J-11",2023,0,57.9951317142857,-161.484920571429,2.7,-6.49007147502806
"J-12",1988,0,58.0026120588235,-160.853022352941,3.4,-6.49007147502806
"J-12",1989,0,58.0026120588235,-160.853022352941,3.5,-6.49007147502806
"J-12",1990,0,58.0026120588235,-160.853022352941,NA,-6.49007147502806
"J-12",1991,0,58.0026120588235,-160.853022352941,3.5,-6.49007147502806
"J-12",1993,0,58.0026120588235,-160.853022352941,4.6,-6.49007147502806
"J-12",1994,0,58.0026120588235,-160.853022352941,3,-6.49007147502806
"J-12",1995,0,58.0026120588235,-160.853022352941,2.4,-6.49007147502806
"J-12",1996,0,58.0026120588235,-160.853022352941,4.3,-6.49007147502806
"J-12",1997,0,58.0026120588235,-160.853022352941,3.9,-6.49007147502806
"J-12",1998,0,58.0026120588235,-160.853022352941,4,-6.49007147502806
"J-12",1999,0,58.0026120588235,-160.853022352941,0.2,-6.49007147502806
"J-12",2000,0,58.0026120588235,-160.853022352941,2.4,-6.49007147502806
"J-12",2001,0,58.0026120588235,-160.853022352941,3.7,-6.49007147502806
"J-12",2002,0,58.0026120588235,-160.853022352941,3.6,-6.49007147502806
"J-12",2003,0,58.0026120588235,-160.853022352941,4.4,-6.49007147502806
"J-12",2004,0,58.0026120588235,-160.853022352941,3.6,-6.49007147502806
"J-12",2005,0,58.0026120588235,-160.853022352941,4.8,-6.49007147502806
"J-12",2006,0,58.0026120588235,-160.853022352941,2.2,-6.49007147502806
"J-12",2007,0,58.0026120588235,-160.853022352941,2,-6.49007147502806
"J-12",2008,0,58.0026120588235,-160.853022352941,1.6,-6.49007147502806
"J-12",2009,0,58.0026120588235,-160.853022352941,1.5,-6.49007147502806
"J-12",2010,0,58.0026120588235,-160.853022352941,2.2,-6.49007147502806
"J-12",2011,0,58.0026120588235,-160.853022352941,2.8,-6.49007147502806
"J-12",2012,0,58.0026120588235,-160.853022352941,2,-6.49007147502806
"J-12",2013,0,58.0026120588235,-160.853022352941,3.3,-6.49007147502806
"J-12",2014,0,58.0026120588235,-160.853022352941,5.1,-6.49007147502806
"J-12",2015,0,58.0026120588235,-160.853022352941,3.8,-6.49007147502806
"J-12",2016,0,58.0026120588235,-160.853022352941,5.8,-6.49007147502806
"J-12",2017,0,58.0026120588235,-160.853022352941,3.2,-6.49007147502806
"J-12",2018,0,58.0026120588235,-160.853022352941,4.1,-6.49007147502806
"J-12",2019,0,58.0026120588235,-160.853022352941,6,-6.49007147502806
"J-12",2021,0,58.0026120588235,-160.853022352941,3.7,-6.49007147502806
"J-12",2022,0,58.0026120588235,-160.853022352941,3.2,-6.49007147502806
"J-12",2023,0,58.0026120588235,-160.853022352941,2.6,-6.49007147502806
"J-13",1988,0,57.9951388571429,-160.218210285714,2.9,-6.49007147502806
"J-13",1989,0,57.9951388571429,-160.218210285714,2.5,-6.49007147502806
"J-13",1990,0,57.9951388571429,-160.218210285714,2.4,-6.49007147502806
"J-13",1991,0,57.9951388571429,-160.218210285714,3.4,-6.49007147502806
"J-13",1992,0,57.9951388571429,-160.218210285714,NA,-6.49007147502806
"J-13",1993,0,57.9951388571429,-160.218210285714,3.9,-6.49007147502806
"J-13",1994,0,57.9951388571429,-160.218210285714,NA,-6.49007147502806
"J-13",1995,0,57.9951388571429,-160.218210285714,2.1,-6.49007147502806
"J-13",1996,0,57.9951388571429,-160.218210285714,3.7,-6.49007147502806
"J-13",1997,0,57.9951388571429,-160.218210285714,3.4,-6.49007147502806
"J-13",1998,0,57.9951388571429,-160.218210285714,3.8,-6.49007147502806
"J-13",1999,0,57.9951388571429,-160.218210285714,0,-6.49007147502806
"J-13",2000,0,57.9951388571429,-160.218210285714,1.9,-6.49007147502806
"J-13",2001,0,57.9951388571429,-160.218210285714,3.6,-6.49007147502806
"J-13",2002,0,57.9951388571429,-160.218210285714,3.5,-6.49007147502806
"J-13",2003,0,57.9951388571429,-160.218210285714,3.8,-6.49007147502806
"J-13",2004,0,57.9951388571429,-160.218210285714,3.3,-6.49007147502806
"J-13",2005,0,57.9951388571429,-160.218210285714,4.5,-6.49007147502806
"J-13",2006,0,57.9951388571429,-160.218210285714,1.9,-6.49007147502806
"J-13",2007,0,57.9951388571429,-160.218210285714,1.6,-6.49007147502806
"J-13",2008,0,57.9951388571429,-160.218210285714,1.2,-6.49007147502806
"J-13",2009,0,57.9951388571429,-160.218210285714,1.5,-6.49007147502806
"J-13",2010,0,57.9951388571429,-160.218210285714,1.9,-6.49007147502806
"J-13",2011,0,57.9951388571429,-160.218210285714,2,-6.49007147502806
"J-13",2012,0,57.9951388571429,-160.218210285714,0.4,-6.49007147502806
"J-13",2013,0,57.9951388571429,-160.218210285714,2.6,-6.49007147502806
"J-13",2014,0,57.9951388571429,-160.218210285714,4.7,-6.49007147502806
"J-13",2015,0,57.9951388571429,-160.218210285714,4.4,-6.49007147502806
"J-13",2016,0,57.9951388571429,-160.218210285714,5.9,-6.49007147502806
"J-13",2017,0,57.9951388571429,-160.218210285714,3.3,-6.49007147502806
"J-13",2018,0,57.9951388571429,-160.218210285714,4.4,-6.49007147502806
"J-13",2019,0,57.9951388571429,-160.218210285714,6.1,-6.49007147502806
"J-13",2021,0,57.9951388571429,-160.218210285714,3.7,-6.49007147502806
"J-13",2022,0,57.9951388571429,-160.218210285714,3.8,-6.49007147502806
"J-13",2023,0,57.9951388571429,-160.218210285714,3,-6.49007147502806
"J-14",1988,0,58.0015885714286,-159.607546571429,3.3,-6.49007147502806
"J-14",1989,0,58.0015885714286,-159.607546571429,2.8,-6.49007147502806
"J-14",1990,0,58.0015885714286,-159.607546571429,NA,-6.49007147502806
"J-14",1991,0,58.0015885714286,-159.607546571429,3.6,-6.49007147502806
"J-14",1992,0,58.0015885714286,-159.607546571429,NA,-6.49007147502806
"J-14",1993,0,58.0015885714286,-159.607546571429,4.6,-6.49007147502806
"J-14",1994,0,58.0015885714286,-159.607546571429,3,-6.49007147502806
"J-14",1995,0,58.0015885714286,-159.607546571429,2.4,-6.49007147502806
"J-14",1996,0,58.0015885714286,-159.607546571429,4.3,-6.49007147502806
"J-14",1997,0,58.0015885714286,-159.607546571429,4.1,-6.49007147502806
"J-14",1998,0,58.0015885714286,-159.607546571429,4.1,-6.49007147502806
"J-14",1999,0,58.0015885714286,-159.607546571429,0.2,-6.49007147502806
"J-14",2000,0,58.0015885714286,-159.607546571429,2.4,-6.49007147502806
"J-14",2001,0,58.0015885714286,-159.607546571429,3.9,-6.49007147502806
"J-14",2002,0,58.0015885714286,-159.607546571429,4,-6.49007147502806
"J-14",2003,0,58.0015885714286,-159.607546571429,3.9,-6.49007147502806
"J-14",2004,0,58.0015885714286,-159.607546571429,3.1,-6.49007147502806
"J-14",2005,0,58.0015885714286,-159.607546571429,5.3,-6.49007147502806
"J-14",2006,0,58.0015885714286,-159.607546571429,2.2,-6.49007147502806
"J-14",2007,0,58.0015885714286,-159.607546571429,2.8,-6.49007147502806
"J-14",2008,0,58.0015885714286,-159.607546571429,1.1,-6.49007147502806
"J-14",2009,0,58.0015885714286,-159.607546571429,2.2,-6.49007147502806
"J-14",2010,0,58.0015885714286,-159.607546571429,2,-6.49007147502806
"J-14",2011,0,58.0015885714286,-159.607546571429,3.4,-6.49007147502806
"J-14",2012,0,58.0015885714286,-159.607546571429,0.5,-6.49007147502806
"J-14",2013,0,58.0015885714286,-159.607546571429,3.4,-6.49007147502806
"J-14",2014,0,58.0015885714286,-159.607546571429,5.7,-6.49007147502806
"J-14",2015,0,58.0015885714286,-159.607546571429,5.3,-6.49007147502806
"J-14",2016,0,58.0015885714286,-159.607546571429,6.8,-6.49007147502806
"J-14",2017,0,58.0015885714286,-159.607546571429,4,-6.49007147502806
"J-14",2018,0,58.0015885714286,-159.607546571429,5.1,-6.49007147502806
"J-14",2019,0,58.0015885714286,-159.607546571429,6.5,-6.49007147502806
"J-14",2021,0,58.0015885714286,-159.607546571429,4.4,-6.49007147502806
"J-14",2022,0,58.0015885714286,-159.607546571429,4.3,-6.49007147502806
"J-14",2023,0,58.0015885714286,-159.607546571429,3,-6.49007147502806
"J-15",1988,0,57.9950164705882,-158.969355882353,3.2,-6.49007147502806
"J-15",1989,0,57.9950164705882,-158.969355882353,3.3,-6.49007147502806
"J-15",1990,0,57.9950164705882,-158.969355882353,3.3,-6.49007147502806
"J-15",1991,0,57.9950164705882,-158.969355882353,NA,-6.49007147502806
"J-15",1992,0,57.9950164705882,-158.969355882353,NA,-6.49007147502806
"J-15",1993,0,57.9950164705882,-158.969355882353,4.6,-6.49007147502806
"J-15",1994,0,57.9950164705882,-158.969355882353,2.8,-6.49007147502806
"J-15",1995,0,57.9950164705882,-158.969355882353,2.4,-6.49007147502806
"J-15",1996,0,57.9950164705882,-158.969355882353,5,-6.49007147502806
"J-15",1997,0,57.9950164705882,-158.969355882353,4.8,-6.49007147502806
"J-15",1998,0,57.9950164705882,-158.969355882353,4.4,-6.49007147502806
"J-15",2000,0,57.9950164705882,-158.969355882353,3.2,-6.49007147502806
"J-15",2001,0,57.9950164705882,-158.969355882353,4,-6.49007147502806
"J-15",2002,0,57.9950164705882,-158.969355882353,4.6,-6.49007147502806
"J-15",2003,0,57.9950164705882,-158.969355882353,4.1,-6.49007147502806
"J-15",2004,0,57.9950164705882,-158.969355882353,3.4,-6.49007147502806
"J-15",2005,0,57.9950164705882,-158.969355882353,5.5,-6.49007147502806
"J-15",2006,0,57.9950164705882,-158.969355882353,2.4,-6.49007147502806
"J-15",2007,0,57.9950164705882,-158.969355882353,3.9,-6.49007147502806
"J-15",2008,0,57.9950164705882,-158.969355882353,1.2,-6.49007147502806
"J-15",2009,0,57.9950164705882,-158.969355882353,2.2,-6.49007147502806
"J-15",2010,0,57.9950164705882,-158.969355882353,1.8,-6.49007147502806
"J-15",2011,0,57.9950164705882,-158.969355882353,4,-6.49007147502806
"J-15",2012,0,57.9950164705882,-158.969355882353,1,-6.49007147502806
"J-15",2013,0,57.9950164705882,-158.969355882353,4,-6.49007147502806
"J-15",2014,0,57.9950164705882,-158.969355882353,6,-6.49007147502806
"J-15",2015,0,57.9950164705882,-158.969355882353,5.6,-6.49007147502806
"J-15",2016,0,57.9950164705882,-158.969355882353,7.1,-6.49007147502806
"J-15",2017,0,57.9950164705882,-158.969355882353,4.9,-6.49007147502806
"J-15",2018,0,57.9950164705882,-158.969355882353,5.8,-6.49007147502806
"J-15",2019,0,57.9950164705882,-158.969355882353,6.5,-6.49007147502806
"J-15",2021,0,57.9950164705882,-158.969355882353,4.9,-6.49007147502806
"J-15",2022,0,57.9950164705882,-158.969355882353,4.5,-6.49007147502806
"J-15",2023,0,57.9950164705882,-158.969355882353,3.3,-6.49007147502806
"J-16",1988,0,58.0005120588235,-158.322167058824,4.5,-6.49007147502806
"J-16",1989,0,58.0005120588235,-158.322167058824,3.9,-6.49007147502806
"J-16",1990,0,58.0005120588235,-158.322167058824,NA,-6.49007147502806
"J-16",1991,0,58.0005120588235,-158.322167058824,4.8,-6.49007147502806
"J-16",1992,0,58.0005120588235,-158.322167058824,NA,-6.49007147502806
"J-16",1993,0,58.0005120588235,-158.322167058824,5.4,-6.49007147502806
"J-16",1994,0,58.0005120588235,-158.322167058824,3.4,-6.49007147502806
"J-16",1995,0,58.0005120588235,-158.322167058824,3.2,-6.49007147502806
"J-16",1996,0,58.0005120588235,-158.322167058824,5.6,-6.49007147502806
"J-16",1997,0,58.0005120588235,-158.322167058824,5.7,-6.49007147502806
"J-16",1998,0,58.0005120588235,-158.322167058824,5.1,-6.49007147502806
"J-16",2000,0,58.0005120588235,-158.322167058824,3.3,-6.49007147502806
"J-16",2001,0,58.0005120588235,-158.322167058824,NA,-6.49007147502806
"J-16",2002,0,58.0005120588235,-158.322167058824,5.5,-6.49007147502806
"J-16",2003,0,58.0005120588235,-158.322167058824,4.6,-6.49007147502806
"J-16",2004,0,58.0005120588235,-158.322167058824,5.1,-6.49007147502806
"J-16",2005,0,58.0005120588235,-158.322167058824,6.1,-6.49007147502806
"J-16",2006,0,58.0005120588235,-158.322167058824,2.4,-6.49007147502806
"J-16",2007,0,58.0005120588235,-158.322167058824,5,-6.49007147502806
"J-16",2008,0,58.0005120588235,-158.322167058824,2.2,-6.49007147502806
"J-16",2009,0,58.0005120588235,-158.322167058824,3.4,-6.49007147502806
"J-16",2010,0,58.0005120588235,-158.322167058824,1.9,-6.49007147502806
"J-16",2011,0,58.0005120588235,-158.322167058824,4.4,-6.49007147502806
"J-16",2012,0,58.0005120588235,-158.322167058824,1,-6.49007147502806
"J-16",2013,0,58.0005120588235,-158.322167058824,4.6,-6.49007147502806
"J-16",2014,0,58.0005120588235,-158.322167058824,7,-6.49007147502806
"J-16",2015,0,58.0005120588235,-158.322167058824,6,-6.49007147502806
"J-16",2016,0,58.0005120588235,-158.322167058824,7.6,-6.49007147502806
"J-16",2017,0,58.0005120588235,-158.322167058824,5.2,-6.49007147502806
"J-16",2018,0,58.0005120588235,-158.322167058824,6.2,-6.49007147502806
"J-16",2019,0,58.0005120588235,-158.322167058824,6.8,-6.49007147502806
"J-16",2021,0,58.0005120588235,-158.322167058824,5.4,-6.49007147502806
"J-16",2022,0,58.0005120588235,-158.322167058824,4.3,-6.49007147502806
"J-16",2023,0,58.0005120588235,-158.322167058824,3.4,-6.49007147502806
"J-18",1988,22445.0256406684,57.9985651747975,-168.435602245704,0.6,10.0188243612447
"J-18",1989,108.589251498609,57.9985651747975,-168.435602245704,3.3,4.68758641253504
"J-18",1990,150.694776335029,57.9985651747975,-168.435602245704,NA,5.01526651857175
"J-18",1991,958.323142724751,57.9985651747975,-168.435602245704,2.5,6.8651866153035
"J-18",1992,142.747444711139,57.9985651747975,-168.435602245704,0.2,4.96108758512349
"J-18",1993,0,57.9985651747975,-168.435602245704,3.3,-6.49007147502806
"J-18",1994,43815.1807165643,57.9985651747975,-168.435602245704,-0.5,10.6877356626735
"J-18",1995,2836.6915509078,57.9985651747975,-168.435602245704,0.3,7.95039424049933
"J-18",1996,0,57.9985651747975,-168.435602245704,2.1,-6.49007147502806
"J-18",1997,0,57.9985651747975,-168.435602245704,1,-6.49007147502806
"J-18",1998,0,57.9985651747975,-168.435602245704,NA,-6.49007147502806
"J-18",1999,0,57.9985651747975,-168.435602245704,1.6,-6.49007147502806
"J-18",2000,0,57.9985651747975,-168.435602245704,2,-6.49007147502806
"J-18",2001,0,57.9985651747975,-168.435602245704,NA,-6.49007147502806
"J-18",2002,0,57.9985651747975,-168.435602245704,2.6,-6.49007147502806
"J-18",2003,0,57.9985651747975,-168.435602245704,3,-6.49007147502806
"J-18",2004,19.4250692199173,57.9985651747975,-168.435602245704,2.6,2.96664262575242
"J-18",2005,61.8971771767348,57.9985651747975,-168.435602245704,2.2,4.12549910704863
"J-18",2006,0,57.9985651747975,-168.435602245704,0.6,-6.49007147502806
"J-18",2007,195.964854996785,57.9985651747975,-168.435602245704,0.5,5.27794308041609
"J-18",2008,0,57.9985651747975,-168.435602245704,0.5,-6.49007147502806
"J-18",2009,0,57.9985651747975,-168.435602245704,-0.8,-6.49007147502806
"J-18",2010,41.7832382070648,57.9985651747975,-168.435602245704,-1.3,3.73253159951729
"J-18",2011,0,57.9985651747975,-168.435602245704,1.7,-6.49007147502806
"J-18",2012,1215.74871666078,57.9985651747975,-168.435602245704,0.3,7.10311664266348
"J-18",2013,1277.55160424259,57.9985651747975,-168.435602245704,0.3,7.15270190452685
"J-18",2014,21.4079908922882,57.9985651747975,-168.435602245704,2.7,3.06383518467255
"J-18",2015,260.914196577236,57.9985651747975,-168.435602245704,2.6,5.56419742420263
"J-18",2016,0,57.9985651747975,-168.435602245704,4.4,-6.49007147502806
"J-18",2017,0,57.9985651747975,-168.435602245704,1,-6.49007147502806
"J-18",2018,0,57.9985651747975,-168.435602245704,4.5,-6.49007147502806
"J-18",2019,0,57.9985651747975,-168.435602245704,3.5,-6.49007147502806
"J-18",2021,0,57.9985651747975,-168.435602245704,3.8,-6.49007147502806
"J-18",2022,0,57.9985651747975,-168.435602245704,0.9,-6.49007147502806
"J-18",2023,0,57.9985651747975,-168.435602245704,2,-6.49007147502806
"J-19",1988,1806.42574666057,57.9947629236379,-169.07049492278,1,7.49910628689367
"J-19",1989,588.833437930879,57.9947629236379,-169.07049492278,3.8,6.37814593448962
"J-19",1990,5400.22138925991,57.9947629236379,-169.07049492278,1.4,8.59419551090418
"J-19",1991,429.633133372214,57.9947629236379,-169.07049492278,2,6.06293520058582
"J-19",1992,397.702055822868,57.9947629236379,-169.07049492278,0,5.98570693950879
"J-19",1993,0,57.9947629236379,-169.07049492278,3.2,-6.49007147502806
"J-19",1994,221.817983658324,57.9947629236379,-169.07049492278,-1,5.40186399755591
"J-19",1995,672.021130103623,57.9947629236379,-169.07049492278,-0.2,6.51029204314583
"J-19",1996,0,57.9947629236379,-169.07049492278,1.6,-6.49007147502806
"J-19",1997,0,57.9947629236379,-169.07049492278,0.7,-6.49007147502806
"J-19",1998,0,57.9947629236379,-169.07049492278,2.1,-6.49007147502806
"J-19",1999,0,57.9947629236379,-169.07049492278,0.7,-6.49007147502806
"J-19",2000,0,57.9947629236379,-169.07049492278,2.6,-6.49007147502806
"J-19",2001,0,57.9947629236379,-169.07049492278,1.8,-6.49007147502806
"J-19",2002,0,57.9947629236379,-169.07049492278,3.1,-6.49007147502806
"J-19",2003,0,57.9947629236379,-169.07049492278,2.7,-6.49007147502806
"J-19",2004,21.2614814488976,57.9947629236379,-169.07049492278,2.8,3.05696846782169
"J-19",2005,0,57.9947629236379,-169.07049492278,2.7,-6.49007147502806
"J-19",2006,452.352450103935,57.9947629236379,-169.07049492278,-0.7,6.11446498960539
"J-19",2007,333.869247885728,57.9947629236379,-169.07049492278,-0.3,5.81075399093401
"J-19",2008,2080.50481992382,57.9947629236379,-169.07049492278,-0.3,7.64036657497654
"J-19",2009,188.776036472461,57.9947629236379,-169.07049492278,-0.8,5.24056936376787
"J-19",2010,18.099921092334,57.9947629236379,-169.07049492278,-1.4,2.89599146730858
"J-19",2011,63.2314072586256,57.9947629236379,-169.07049492278,0.6,4.14682514174337
"J-19",2012,4020.45413605415,57.9947629236379,-169.07049492278,-0.2,8.299150522079
"J-19",2013,547.978715056779,57.9947629236379,-169.07049492278,-0.2,6.30623921603698
"J-19",2014,501.719494310666,57.9947629236379,-169.07049492278,1.8,6.21804421371287
"J-19",2015,595.497039860356,57.9947629236379,-169.07049492278,2.5,6.38939896780305
"J-19",2016,23.9942265360038,57.9947629236379,-169.07049492278,4.3,3.17787652198297
"J-19",2017,21.6427172208575,57.9947629236379,-169.07049492278,1,3.07473916778863
"J-19",2018,0,57.9947629236379,-169.07049492278,4.2,-6.49007147502806
"J-19",2019,0,57.9947629236379,-169.07049492278,3.3,-6.49007147502806
"J-19",2021,0,57.9947629236379,-169.07049492278,3.6,-6.49007147502806
"J-19",2022,0,57.9947629236379,-169.07049492278,0.7,-6.49007147502806
"J-19",2023,0,57.9947629236379,-169.07049492278,0.9,-6.49007147502806
"J-20",1988,759.082257728823,57.999705761194,-169.699866052239,0.9,6.63211214833918
"J-20",1989,624.837777208157,57.999705761194,-169.699866052239,2.4,6.4374944897114
"J-20",1990,801.916516991642,57.999705761194,-169.699866052239,1.1,6.68700640243438
"J-20",1991,2988.72146732484,57.999705761194,-169.699866052239,NA,8.00260148009189
"J-20",1992,234.773264130791,57.999705761194,-169.699866052239,-0.7,5.45862668257488
"J-20",1993,55.1503672000756,57.999705761194,-169.699866052239,2,4.01009093624011
"J-20",1994,2118.40937208756,57.999705761194,-169.699866052239,NA,7.65842150665094
"J-20",1995,363.103045154119,57.999705761194,-169.699866052239,NA,5.89469084676486
"J-20",1996,349.657114337868,57.999705761194,-169.699866052239,2.4,5.85695734361583
"J-20",1997,44.3743886253113,57.999705761194,-169.699866052239,1.1,3.79269668850576
"J-20",1998,41.2737410341717,57.999705761194,-169.699866052239,1.7,3.72026327627087
"J-20",1999,0,57.999705761194,-169.699866052239,-0.1,-6.49007147502806
"J-20",2000,0,57.999705761194,-169.699866052239,NA,-6.49007147502806
"J-20",2001,0,57.999705761194,-169.699866052239,1.8,-6.49007147502806
"J-20",2002,0,57.999705761194,-169.699866052239,1.9,-6.49007147502806
"J-20",2003,20.5057273421483,57.999705761194,-169.699866052239,3.5,3.02077827650546
"J-20",2004,59.1468178952249,57.999705761194,-169.699866052239,3.4,4.08004846383609
"J-20",2005,0,57.999705761194,-169.699866052239,3,-6.49007147502806
"J-20",2006,11843.388623452,57.999705761194,-169.699866052239,-0.8,9.37952519700524
"J-20",2007,49746.3936646946,57.999705761194,-169.699866052239,-0.9,10.814693281331
"J-20",2008,1583.09275588275,57.999705761194,-169.699866052239,0.1,7.36713661232328
"J-20",2009,44.3607785536627,57.999705761194,-169.699866052239,-0.5,3.79238994189308
"J-20",2010,40.6570763309437,57.999705761194,-169.699866052239,-1.3,3.70521024713611
"J-20",2011,687.881990075052,57.999705761194,-169.699866052239,0.1,6.53361950457913
"J-20",2012,2314.78062461235,57.999705761194,-169.699866052239,-0.2,7.74707085541938
"J-20",2013,9263.72216425796,57.999705761194,-169.699866052239,-0.4,9.1338613723708
"J-20",2014,1178.73947720545,57.999705761194,-169.699866052239,2.3,7.0722021950179
"J-20",2015,0,57.999705761194,-169.699866052239,2.6,-6.49007147502806
"J-20",2016,42.9144160872379,57.999705761194,-169.699866052239,4.6,3.75924319118175
"J-20",2017,21.6960960814045,57.999705761194,-169.699866052239,1.7,3.07720232463631
"J-20",2018,0,57.999705761194,-169.699866052239,3.8,-6.49007147502806
"J-20",2019,0,57.999705761194,-169.699866052239,3.3,-6.49007147502806
"J-20",2021,0,57.999705761194,-169.699866052239,3.8,-6.49007147502806
"J-20",2022,0,57.999705761194,-169.699866052239,0.7,-6.49007147502806
"J-20",2023,0,57.999705761194,-169.699866052239,1.2,-6.49007147502806
"J-21",1988,3631.16482107676,58.0008846949293,-170.337666872818,-0.2,8.19730918130342
"J-21",1989,1219.83155289115,58.0008846949293,-170.337666872818,3.3,7.10646930158831
"J-21",1990,759.142810376469,58.0008846949293,-170.337666872818,-0.4,6.63219191586223
"J-21",1991,342.271626676972,58.0008846949293,-170.337666872818,0.8,5.83560908822954
"J-21",1992,435.107128073898,58.0008846949293,-170.337666872818,0.1,6.07559576200533
"J-21",1993,295.345759352661,58.0008846949293,-170.337666872818,1.7,5.68815187682617
"J-21",1994,23011.4061172146,58.0008846949293,-170.337666872818,-1.6,10.0437453561107
"J-21",1995,478.287693606187,58.0008846949293,-170.337666872818,0.1,6.17021559564757
"J-21",1996,523.626341116169,58.0008846949293,-170.337666872818,2.5,6.26078124032967
"J-21",1997,127.970118777847,58.0008846949293,-170.337666872818,2.3,4.85180865513434
"J-21",1998,232.853186315364,58.0008846949293,-170.337666872818,2.2,5.45041467431698
"J-21",1999,308.532527242556,58.0008846949293,-170.337666872818,0.2,5.73183219603441
"J-21",2000,20.356966417281,58.0008846949293,-170.337666872818,2.4,3.01349777131765
"J-21",2001,194.988444966302,58.0008846949293,-170.337666872818,1.9,5.2729480875303
"J-21",2002,19.8987589106062,58.0008846949293,-170.337666872818,2,2.99073366887352
"J-21",2003,111.518493685368,58.0008846949293,-170.337666872818,3.2,4.71420405574465
"J-21",2004,384.591770990362,58.0008846949293,-170.337666872818,1.1,5.9521863848247
"J-21",2005,0,58.0008846949293,-170.337666872818,3.5,-6.49007147502806
"J-21",2006,55536.7155280261,58.0008846949293,-170.337666872818,-0.7,10.9247996493994
"J-21",2007,2766.8596161764,58.0008846949293,-170.337666872818,-1.1,7.92546879226694
"J-21",2008,1191.67076794231,58.0008846949293,-170.337666872818,0.7,7.08311288229457
"J-21",2009,142.283182103856,58.0008846949293,-170.337666872818,-0.5,4.95782998381546
"J-21",2010,16.3029100112101,58.0008846949293,-170.337666872818,-0.7,2.79143675506564
"J-21",2011,597.544135207562,58.0008846949293,-170.337666872818,1.4,6.39283068866588
"J-21",2012,4835.58580182346,58.0008846949293,-170.337666872818,-0.6,8.48375787316043
"J-21",2013,11239.7246062688,58.0008846949293,-170.337666872818,-0.9,9.32720975702175
"J-21",2014,1937.74751728874,58.0008846949293,-170.337666872818,1.5,7.56928228753756
"J-21",2015,356.745120119993,58.0008846949293,-170.337666872818,2.9,5.87702583391723
"J-21",2016,2496.66602192697,58.0008846949293,-170.337666872818,4.1,7.82271213779
"J-21",2017,20.5230933239657,58.0008846949293,-170.337666872818,2.5,3.02162473990695
"J-21",2018,46.4865771715729,58.0008846949293,-170.337666872818,3.8,3.8391962714745
"J-21",2019,31.0218243503031,58.0008846949293,-170.337666872818,4,3.43473991437883
"J-21",2021,0,58.0008846949293,-170.337666872818,3.6,-6.49007147502806
"J-21",2022,0,58.0008846949293,-170.337666872818,0.3,-6.49007147502806
"J-21",2023,0,58.0008846949293,-170.337666872818,0.4,-6.49007147502806
"J-22",1988,47.9500060793995,58.0000306038292,-170.967430541237,2.1,3.87019059477342
"J-22",1989,200.041841670339,58.0000306038292,-170.967430541237,3.3,5.29853414360425
"J-22",1990,791.770738961164,58.0000306038292,-170.967430541237,1.5,6.6742737966771
"J-22",1991,151.627118544727,58.0000306038292,-170.967430541237,2,5.02143435368849
"J-22",1992,1576.52877228596,58.0000306038292,-170.967430541237,1,7.36298169270883
"J-22",1993,58.3761618206544,58.0000306038292,-170.967430541237,2.7,4.06693362947255
"J-22",1994,43.8188218638295,58.0000306038292,-170.967430541237,NA,3.7800981000957
"J-22",1995,864.576003536263,58.0000306038292,-170.967430541237,0.7,6.76224097371923
"J-22",1996,295.960655622041,58.0000306038292,-170.967430541237,3.6,5.69023165582884
"J-22",1997,826.345437109031,58.0000306038292,-170.967430541237,2.9,6.71701472836574
"J-22",1998,0,58.0000306038292,-170.967430541237,2.5,-6.49007147502806
"J-22",1999,0,58.0000306038292,-170.967430541237,1.1,-6.49007147502806
"J-22",2000,19.9547806208168,58.0000306038292,-170.967430541237,2.7,2.9935448359203
"J-22",2001,21.7868851391167,58.0000306038292,-170.967430541237,2.3,3.08137788237128
"J-22",2002,0,58.0000306038292,-170.967430541237,3.1,-6.49007147502806
"J-22",2003,57.5843422388004,58.0000306038292,-170.967430541237,4,4.05327706324993
"J-22",2004,18.108691113776,58.0000306038292,-170.967430541237,2.2,2.89647584301831
"J-22",2005,48665.2988628552,58.0000306038292,-170.967430541237,3.6,10.7927215372713
"J-22",2006,326.991754993636,58.0000306038292,-170.967430541237,0.2,5.78993960014779
"J-22",2007,42.214001259215,58.0000306038292,-170.967430541237,0.4,3.74278791882831
"J-22",2008,315.0066355555,58.0000306038292,-170.967430541237,1.1,5.75259852419211
"J-22",2009,418.795330285215,58.0000306038292,-170.967430541237,-0.2,6.03738595443533
"J-22",2010,0,58.0000306038292,-170.967430541237,1.2,-6.49007147502806
"J-22",2011,255.041000007389,58.0000306038292,-170.967430541237,2.4,5.54143027027025
"J-22",2012,844.112953604164,58.0000306038292,-170.967430541237,-0.6,6.73828811578363
"J-22",2013,591.955173980666,58.0000306038292,-170.967430541237,1.4,6.38343347751405
"J-22",2014,493.086095274476,58.0000306038292,-170.967430541237,3.3,6.20068687369932
"J-22",2015,481.138635702366,58.0000306038292,-170.967430541237,2.6,6.17615860841698
"J-22",2016,246.31984722992,58.0000306038292,-170.967430541237,3.6,5.50663704789445
"J-22",2017,0,58.0000306038292,-170.967430541237,2.6,-6.49007147502806
"J-22",2018,40.6464090417489,58.0000306038292,-170.967430541237,3.5,3.7049478502469
"J-22",2019,0,58.0000306038292,-170.967430541237,4,-6.49007147502806
"J-22",2021,19.9424892153409,58.0000306038292,-170.967430541237,3.4,2.99292873008673
"J-22",2022,0,58.0000306038292,-170.967430541237,1.3,-6.49007147502806
"J-22",2023,86.2572213275494,58.0000306038292,-170.967430541237,2.3,4.45735138142161
"J-23",1988,519.865284781277,58.0002221653342,-171.596104580711,1.8,6.25357263111358
"J-23",1989,44763.4092483818,58.0002221653342,-171.596104580711,3.3,10.7091463607475
"J-23",1990,25053.6909921166,58.0002221653342,-171.596104580711,1.6,10.1287765012609
"J-23",1991,5260.70648554291,58.0002221653342,-171.596104580711,2.2,8.56802089819154
"J-23",1992,392.891503611005,58.0002221653342,-171.596104580711,2.7,5.97353736629339
"J-23",1993,53.7208348943826,58.0002221653342,-171.596104580711,3,3.98382917812025
"J-23",1994,761.10894149973,58.0002221653342,-171.596104580711,NA,6.63477849836667
"J-23",1995,949.901351444044,58.0002221653342,-171.596104580711,1.1,6.85635973714067
"J-23",1996,2608.61322570138,58.0002221653342,-171.596104580711,3.3,7.8665746100485
"J-23",1997,298.93424743282,58.0002221653342,-171.596104580711,3,5.70022872045624
"J-23",1998,0,58.0002221653342,-171.596104580711,3,-6.49007147502806
"J-23",1999,22.4433177800505,58.0002221653342,-171.596104580711,1.2,3.11106057528253
"J-23",2000,229.428692627562,58.0002221653342,-171.596104580711,2.8,5.43559889204868
"J-23",2001,0,58.0002221653342,-171.596104580711,2.5,-6.49007147502806
"J-23",2002,38.2250291402955,58.0002221653342,-171.596104580711,3.1,3.64353023708503
"J-23",2003,344.510919032228,58.0002221653342,-171.596104580711,4.4,5.84213019277067
"J-23",2004,0,58.0002221653342,-171.596104580711,3.5,-6.49007147502806
"J-23",2005,73301.7897599891,58.0002221653342,-171.596104580711,3.6,11.2023403252082
"J-23",2006,45350.8204831905,58.0002221653342,-171.596104580711,2.2,10.7221835811041
"J-23",2007,4849.83828861227,58.0002221653342,-171.596104580711,0.9,8.48670095391238
"J-23",2008,10247.7871771079,58.0002221653342,-171.596104580711,1.5,9.2348172242723
"J-23",2009,10088.466752969,58.0002221653342,-171.596104580711,1.2,9.21914829522421
"J-23",2010,1570.66025480743,58.0002221653342,-171.596104580711,2,7.35925232115415
"J-23",2011,12923.6080321149,58.0002221653342,-171.596104580711,2.5,9.46681111529608
"J-23",2012,10118.4074093951,58.0002221653342,-171.596104580711,0.8,9.2221117099114
"J-23",2013,977.219982666326,58.0002221653342,-171.596104580711,1.9,6.88471334191148
"J-23",2014,4819.62084624102,58.0002221653342,-171.596104580711,3,8.48045085639886
"J-23",2015,337.455174138936,58.0002221653342,-171.596104580711,1.3,5.82143718379586
"J-23",2016,29845.9850177401,58.0002221653342,-171.596104580711,3.4,10.3038056553816
"J-23",2017,76171.9725865822,58.0002221653342,-171.596104580711,2.9,11.2407488801246
"J-23",2018,145198.507812121,58.0002221653342,-171.596104580711,3.6,11.8858571150017
"J-23",2019,96270.3596814902,58.0002221653342,-171.596104580711,3.9,11.4749157747119
"J-23",2021,1357.77873430746,58.0002221653342,-171.596104580711,3.3,7.21360647819715
"J-23",2022,328.923569216657,58.0002221653342,-171.596104580711,1.6,5.79583002774767
"J-23",2023,0,58.0002221653342,-171.596104580711,3,-6.49007147502806
"J-24",1988,194222.265181558,58.0021436170823,-172.238098598452,2,12.1767584868659
"J-24",1989,337714.844678485,58.0021436170823,-172.238098598452,3.2,12.729957168087
"J-24",1990,131743.967226179,58.0021436170823,-172.238098598452,2.4,11.7886156873263
"J-24",1991,78522.9416892012,58.0021436170823,-172.238098598452,1.7,11.2711461312289
"J-24",1992,83278.0621414781,58.0021436170823,-172.238098598452,3,11.329940452057
"J-24",1993,25788.9979061613,58.0021436170823,-172.238098598452,3.3,10.157703301093
"J-24",1994,33308.159093793,58.0021436170823,-172.238098598452,0.7,10.4135577093758
"J-24",1995,49383.0385907078,58.0021436170823,-172.238098598452,NA,10.8073623266004
"J-24",1996,58469.1823115996,58.0021436170823,-172.238098598452,3.3,10.9762551222907
"J-24",1997,4215.61271567002,58.0021436170823,-172.238098598452,3.3,8.3465505855866
"J-24",1998,926.559631343953,58.0021436170823,-172.238098598452,2.8,6.83148004439411
"J-24",1999,136.431845460447,58.0021436170823,-172.238098598452,1.7,4.91583631887802
"J-24",2000,0,58.0021436170823,-172.238098598452,NA,-6.49007147502806
"J-24",2001,0,58.0021436170823,-172.238098598452,2.8,-6.49007147502806
"J-24",2002,538.549775915317,58.0021436170823,-172.238098598452,3.2,6.28888274620266
"J-24",2003,552.575889014985,58.0021436170823,-172.238098598452,4.3,6.31459352757004
"J-24",2004,0,58.0021436170823,-172.238098598452,3.4,-6.49007147502806
"J-24",2005,21.2740110672884,58.0021436170823,-172.238098598452,3.4,3.05755756288119
"J-24",2006,0,58.0021436170823,-172.238098598452,2.6,-6.49007147502806
"J-24",2007,3303.68449456797,58.0021436170823,-172.238098598452,1.4,8.10279409774257
"J-24",2008,145.009396677807,58.0021436170823,-172.238098598452,1.5,4.97680901626523
"J-24",2009,20483.4160495273,58.0021436170823,-172.238098598452,1.7,9.92737093866755
"J-24",2010,137.991050909415,58.0021436170823,-172.238098598452,2.2,4.92719983841683
"J-24",2011,4347.77285867813,58.0021436170823,-172.238098598452,2.8,8.37741935570763
"J-24",2012,774.53493146862,58.0021436170823,-172.238098598452,1.1,6.65226472125319
"J-24",2013,376.667023601247,58.0021436170823,-172.238098598452,2.3,5.93136560189771
"J-24",2014,39.9072351348459,58.0021436170823,-172.238098598452,2.9,3.68659568768644
"J-24",2015,103.793281393612,58.0021436170823,-172.238098598452,1.9,4.64241587153933
"J-24",2016,207.505301305306,58.0021436170823,-172.238098598452,3.9,5.33516420537539
"J-24",2017,230.548360170108,58.0021436170823,-172.238098598452,3.2,5.44046723213157
"J-24",2018,0,58.0021436170823,-172.238098598452,3.6,-6.49007147502806
"J-24",2019,4935.29400124964,58.0021436170823,-172.238098598452,3.7,8.50416783248405
"J-24",2021,837.346515967861,58.0021436170823,-172.238098598452,3.2,6.73023979578218
"J-24",2022,19.9022713010051,58.0021436170823,-172.238098598452,1.8,2.99091015286948
"J-24",2023,0,58.0021436170823,-172.238098598452,3.1,-6.49007147502806
"J-25",1988,48.1381700987388,57.9991992180775,-172.870253818747,2.2,3.87410696243812
"J-25",1989,48191.9823794149,57.9991992180775,-172.870253818747,3.1,10.7829479770347
"J-25",1990,69900.3787639973,57.9991992180775,-172.870253818747,NA,11.1548263685853
"J-25",1991,7402.21280265084,57.9991992180775,-172.870253818747,2.5,8.90953446701103
"J-25",1992,20738.1612391371,57.9991992180775,-172.870253818747,2.4,9.93973089336487
"J-25",1993,524.659582810261,57.9991992180775,-172.870253818747,3.5,6.26275253272579
"J-25",1994,19381.9932834374,57.9991992180775,-172.870253818747,NA,9.87209981110118
"J-25",1995,25324.9080005199,57.9991992180775,-172.870253818747,2.4,10.1395437563153
"J-25",1996,18480.5094235958,57.9991992180775,-172.870253818747,3.3,9.82447199319205
"J-25",1997,39.3412289318663,57.9991992180775,-172.870253818747,3.2,3.67231164713506
"J-25",1998,38.0136075189443,57.9991992180775,-172.870253818747,2.8,3.63798413208851
"J-25",1999,46226.0257670261,57.9991992180775,-172.870253818747,1.9,10.7412982795988
"J-25",2000,0,57.9991992180775,-172.870253818747,2.8,-6.49007147502806
"J-25",2001,20.0616526938025,57.9991992180775,-172.870253818747,3,2.99888585250648
"J-25",2002,11528.4689191019,57.9991992180775,-172.870253818747,3.3,9.35257494509988
"J-25",2003,59854.4256706205,57.9991992180775,-172.870253818747,4.4,10.9996706796633
"J-25",2004,34366.9934094038,57.9991992180775,-172.870253818747,3.7,10.444851933023
"J-25",2005,3419.60625131553,57.9991992180775,-172.870253818747,3.6,8.13728113627372
"J-25",2006,76.8366071326845,57.9991992180775,-172.870253818747,2.4,4.34170094370847
"J-25",2007,20.4218371601434,57.9991992180775,-172.870253818747,2,3.01667912835531
"J-25",2008,5491.22063791356,57.9991992180775,-172.870253818747,1.9,8.61090612472927
"J-25",2009,7910.89301056905,57.9991992180775,-172.870253818747,1.9,8.97599614273805
"J-25",2010,34.4357049922884,57.9991992180775,-172.870253818747,2.8,3.53913805589031
"J-25",2011,11595.6751842145,57.9991992180775,-172.870253818747,2.9,9.35838760957829
"J-25",2012,86404.4563266442,57.9991992180775,-172.870253818747,1.1,11.3667945488904
"J-25",2013,46799.5322012081,57.9991992180775,-172.870253818747,2.5,10.7536285186007
"J-25",2014,25317.5156875466,57.9991992180775,-172.870253818747,2.6,10.1392518148147
"J-25",2015,19482.2511439377,57.9991992180775,-172.870253818747,2.7,9.87725921026324
"J-25",2016,10546.4016042399,57.9991992180775,-172.870253818747,4,9.26354014453341
"J-25",2017,868.644711555008,57.9991992180775,-172.870253818747,3.6,6.76693594225737
"J-25",2018,15494.3732879986,57.9991992180775,-172.870253818747,3.6,9.64823232132388
"J-25",2019,753.478728942659,57.9991992180775,-172.870253818747,3.9,6.62470280323473
"J-25",2021,0,57.9991992180775,-172.870253818747,3.3,-6.49007147502806
"J-25",2022,0,57.9991992180775,-172.870253818747,2.7,-6.49007147502806
"J-25",2023,0,57.9991992180775,-172.870253818747,3,-6.49007147502806
"J-26",1988,0,57.9958743665768,-173.484387439353,3.5,-6.49007147502806
"J-26",1989,29063.771217279,57.9958743665768,-173.484387439353,3,10.2772477544278
"J-26",1990,32792.6768538886,57.9958743665768,-173.484387439353,3.9,10.397960549099
"J-26",1991,85564.0825129877,57.9958743665768,-173.484387439353,2.9,11.3570208950098
"J-26",1992,107043.033810746,57.9958743665768,-173.484387439353,3.3,11.5809862319218
"J-26",1993,124.487054425863,57.9958743665768,-173.484387439353,3.4,4.82421392748621
"J-26",1994,0,57.9958743665768,-173.484387439353,1.7,-6.49007147502806
"J-26",1995,91082.995299535,57.9958743665768,-173.484387439353,3.3,11.4195264227762
"J-26",1996,29173.9450922909,57.9958743665768,-173.484387439353,3.7,10.2810313506154
"J-26",1997,6772.38904047514,57.9958743665768,-173.484387439353,3.7,8.82060941420013
"J-26",1998,393.883433701533,57.9958743665768,-173.484387439353,3,5.97605886701816
"J-26",1999,686.59070943536,57.9958743665768,-173.484387439353,2.2,6.53174056123309
"J-26",2000,0,57.9958743665768,-173.484387439353,3,-6.49007147502806
"J-26",2001,18.6459290770163,57.9958743665768,-173.484387439353,3.3,2.92570927439034
"J-26",2002,406.230085542352,57.9958743665768,-173.484387439353,3.3,6.00692345011485
"J-26",2003,203.784096062969,57.9958743665768,-173.484387439353,4.4,5.31706853195501
"J-26",2004,0,57.9958743665768,-173.484387439353,3.7,-6.49007147502806
"J-26",2005,0,57.9958743665768,-173.484387439353,3.9,-6.49007147502806
"J-26",2006,0,57.9958743665768,-173.484387439353,2.8,-6.49007147502806
"J-26",2007,0,57.9958743665768,-173.484387439353,3.1,-6.49007147502806
"J-26",2008,0,57.9958743665768,-173.484387439353,2,-6.49007147502806
"J-26",2009,0,57.9958743665768,-173.484387439353,2.7,-6.49007147502806
"J-26",2010,117.170262351296,57.9958743665768,-173.484387439353,3,4.76364106992396
"J-26",2011,0,57.9958743665768,-173.484387439353,3.1,-6.49007147502806
"J-26",2012,39894.5127569563,57.9958743665768,-173.484387439353,1.8,10.5939941065936
"J-26",2013,78040.5730616956,57.9958743665768,-173.484387439353,3.1,11.2649841573462
"J-26",2014,91214.6817358178,57.9958743665768,-173.484387439353,3.2,11.4209711636982
"J-26",2015,95123.1998984994,57.9958743665768,-173.484387439353,4.4,11.4629281874104
"J-26",2016,34623.7240848895,57.9958743665768,-173.484387439353,4.4,10.4522944371323
"J-26",2017,0,57.9958743665768,-173.484387439353,3.8,-6.49007147502806
"J-26",2018,0,57.9958743665768,-173.484387439353,3.9,-6.49007147502806
"J-26",2019,0,57.9958743665768,-173.484387439353,3.9,-6.49007147502806
"J-26",2021,0,57.9958743665768,-173.484387439353,3.5,-6.49007147502806
"J-26",2022,0,57.9958743665768,-173.484387439353,3.6,-6.49007147502806
"J-26",2023,0,57.9958743665768,-173.484387439353,3.3,-6.49007147502806
"K-01",1988,32.9844788363207,58.3284352349751,-167.838031407592,1.6,3.49608314646955
"K-01",1989,0,58.3284352349751,-167.838031407592,3.1,-6.49007147502806
"K-01",1990,47.3776575204059,58.3284352349751,-167.838031407592,1.2,3.85818280644937
"K-01",1991,128.149882839494,58.3284352349751,-167.838031407592,1.6,4.85321238743596
"K-01",1992,0,58.3284352349751,-167.838031407592,2.5,-6.49007147502806
"K-01",1993,0,58.3284352349751,-167.838031407592,1.4,-6.49007147502806
"K-01",1994,258.893611359956,58.3284352349751,-167.838031407592,-0.7,5.55642307545823
"K-01",1995,38.3781432751269,58.3284352349751,-167.838031407592,0.5,3.64752767646047
"K-01",1996,0,58.3284352349751,-167.838031407592,2.3,-6.49007147502806
"K-01",1997,0,58.3284352349751,-167.838031407592,1.2,-6.49007147502806
"K-01",1998,19.8076007743962,58.3284352349751,-167.838031407592,2.8,2.9861423980799
"K-01",1999,156.852741615895,58.3284352349751,-167.838031407592,-0.8,5.05531709433396
"K-01",2000,39.0640073498202,58.3284352349751,-167.838031407592,1.3,3.66524038472825
"K-01",2001,0,58.3284352349751,-167.838031407592,1.5,-6.49007147502806
"K-01",2002,0,58.3284352349751,-167.838031407592,3.5,-6.49007147502806
"K-01",2003,0,58.3284352349751,-167.838031407592,2.9,-6.49007147502806
"K-01",2004,0,58.3284352349751,-167.838031407592,NA,-6.49007147502806
"K-01",2005,0,58.3284352349751,-167.838031407592,2.5,-6.49007147502806
"K-01",2006,0,58.3284352349751,-167.838031407592,-0.1,-6.49007147502806
"K-01",2007,0,58.3284352349751,-167.838031407592,0.6,-6.49007147502806
"K-01",2008,62.9058548824232,58.3284352349751,-167.838031407592,0.5,4.14166337977586
"K-01",2009,56.9371160938107,58.3284352349751,-167.838031407592,0.7,4.04197410078055
"K-01",2010,0,58.3284352349751,-167.838031407592,0.2,-6.49007147502806
"K-01",2011,0,58.3284352349751,-167.838031407592,1.6,-6.49007147502806
"K-01",2012,0,58.3284352349751,-167.838031407592,1.1,-6.49007147502806
"K-01",2013,0,58.3284352349751,-167.838031407592,1.2,-6.49007147502806
"K-01",2014,0,58.3284352349751,-167.838031407592,1.8,-6.49007147502806
"K-01",2015,197.364656917145,58.3284352349751,-167.838031407592,3.1,5.28506076154522
"K-01",2016,0,58.3284352349751,-167.838031407592,4.8,-6.49007147502806
"K-01",2017,0,58.3284352349751,-167.838031407592,0.9,-6.49007147502806
"K-01",2018,0,58.3284352349751,-167.838031407592,4,-6.49007147502806
"K-01",2019,0,58.3284352349751,-167.838031407592,3.9,-6.49007147502806
"K-01",2021,0,58.3284352349751,-167.838031407592,3.2,-6.49007147502806
"K-01",2022,0,58.3284352349751,-167.838031407592,0.8,-6.49007147502806
"K-01",2023,0,58.3284352349751,-167.838031407592,0.6,-6.49007147502806
"K-02",1988,79.0510172143685,58.3382970873786,-167.191130955937,2,4.37011263973613
"K-02",1989,0,58.3382970873786,-167.191130955937,3,-6.49007147502806
"K-02",1990,0,58.3382970873786,-167.191130955937,2.4,-6.49007147502806
"K-02",1991,0,58.3382970873786,-167.191130955937,3.3,-6.49007147502806
"K-02",1992,0,58.3382970873786,-167.191130955937,2.7,-6.49007147502806
"K-02",1993,0,58.3382970873786,-167.191130955937,3,-6.49007147502806
"K-02",1994,0,58.3382970873786,-167.191130955937,NA,-6.49007147502806
"K-02",1995,0,58.3382970873786,-167.191130955937,1.5,-6.49007147502806
"K-02",1996,0,58.3382970873786,-167.191130955937,3.9,-6.49007147502806
"K-02",1997,0,58.3382970873786,-167.191130955937,1.8,-6.49007147502806
"K-02",1998,0,58.3382970873786,-167.191130955937,3.3,-6.49007147502806
"K-02",1999,22.4346655030348,58.3382970873786,-167.191130955937,0.5,3.11067501019995
"K-02",2000,340.164087992577,58.3382970873786,-167.191130955937,1.7,5.82943257677061
"K-02",2001,25.2266909389958,58.3382970873786,-167.191130955937,1.4,3.22796278825442
"K-02",2002,0,58.3382970873786,-167.191130955937,4.1,-6.49007147502806
"K-02",2003,0,58.3382970873786,-167.191130955937,3.2,-6.49007147502806
"K-02",2004,0,58.3382970873786,-167.191130955937,3.1,-6.49007147502806
"K-02",2005,0,58.3382970873786,-167.191130955937,3,-6.49007147502806
"K-02",2006,0,58.3382970873786,-167.191130955937,1.1,-6.49007147502806
"K-02",2007,0,58.3382970873786,-167.191130955937,1.2,-6.49007147502806
"K-02",2008,41.1023584130257,58.3382970873786,-167.191130955937,0.8,3.71610244438939
"K-02",2009,21.4905197870798,58.3382970873786,-167.191130955937,0.6,3.06768255155257
"K-02",2010,0,58.3382970873786,-167.191130955937,1.6,-6.49007147502806
"K-02",2011,0,58.3382970873786,-167.191130955937,2,-6.49007147502806
"K-02",2012,0,58.3382970873786,-167.191130955937,1.3,-6.49007147502806
"K-02",2013,0,58.3382970873786,-167.191130955937,2.5,-6.49007147502806
"K-02",2014,0,58.3382970873786,-167.191130955937,2.2,-6.49007147502806
"K-02",2015,0,58.3382970873786,-167.191130955937,4.3,-6.49007147502806
"K-02",2016,0,58.3382970873786,-167.191130955937,5.5,-6.49007147502806
"K-02",2017,0,58.3382970873786,-167.191130955937,2.1,-6.49007147502806
"K-02",2018,0,58.3382970873786,-167.191130955937,4.1,-6.49007147502806
"K-02",2019,0,58.3382970873786,-167.191130955937,4.5,-6.49007147502806
"K-02",2021,0,58.3382970873786,-167.191130955937,3.1,-6.49007147502806
"K-02",2022,0,58.3382970873786,-167.191130955937,1.5,-6.49007147502806
"K-02",2023,0,58.3382970873786,-167.191130955937,0.4,-6.49007147502806
"K-03",1988,0,58.3207398746082,-166.560905109718,2,-6.49007147502806
"K-03",1989,0,58.3207398746082,-166.560905109718,3.3,-6.49007147502806
"K-03",1990,0,58.3207398746082,-166.560905109718,3.2,-6.49007147502806
"K-03",1991,0,58.3207398746082,-166.560905109718,3.7,-6.49007147502806
"K-03",1992,0,58.3207398746082,-166.560905109718,3.3,-6.49007147502806
"K-03",1993,0,58.3207398746082,-166.560905109718,3.1,-6.49007147502806
"K-03",1994,0,58.3207398746082,-166.560905109718,NA,-6.49007147502806
"K-03",1995,0,58.3207398746082,-166.560905109718,2.9,-6.49007147502806
"K-03",1996,0,58.3207398746082,-166.560905109718,3.2,-6.49007147502806
"K-03",1997,0,58.3207398746082,-166.560905109718,2.4,-6.49007147502806
"K-03",1998,0,58.3207398746082,-166.560905109718,3.6,-6.49007147502806
"K-03",1999,0,58.3207398746082,-166.560905109718,0,-6.49007147502806
"K-03",2000,0,58.3207398746082,-166.560905109718,2.2,-6.49007147502806
"K-03",2001,0,58.3207398746082,-166.560905109718,1.2,-6.49007147502806
"K-03",2002,0,58.3207398746082,-166.560905109718,3.7,-6.49007147502806
"K-03",2003,0,58.3207398746082,-166.560905109718,4.3,-6.49007147502806
"K-03",2004,0,58.3207398746082,-166.560905109718,3.7,-6.49007147502806
"K-03",2005,0,58.3207398746082,-166.560905109718,2.8,-6.49007147502806
"K-03",2006,0,58.3207398746082,-166.560905109718,1.6,-6.49007147502806
"K-03",2007,0,58.3207398746082,-166.560905109718,1.8,-6.49007147502806
"K-03",2008,0,58.3207398746082,-166.560905109718,1.3,-6.49007147502806
"K-03",2009,20.89092079209,58.3207398746082,-166.560905109718,1.8,3.03938733431263
"K-03",2010,0,58.3207398746082,-166.560905109718,1.7,-6.49007147502806
"K-03",2011,0,58.3207398746082,-166.560905109718,2.2,-6.49007147502806
"K-03",2012,0,58.3207398746082,-166.560905109718,1.6,-6.49007147502806
"K-03",2013,0,58.3207398746082,-166.560905109718,2.9,-6.49007147502806
"K-03",2014,0,58.3207398746082,-166.560905109718,3.1,-6.49007147502806
"K-03",2015,0,58.3207398746082,-166.560905109718,3.8,-6.49007147502806
"K-03",2016,0,58.3207398746082,-166.560905109718,6.3,-6.49007147502806
"K-03",2017,0,58.3207398746082,-166.560905109718,3.2,-6.49007147502806
"K-03",2018,0,58.3207398746082,-166.560905109718,4.2,-6.49007147502806
"K-03",2019,0,58.3207398746082,-166.560905109718,5.4,-6.49007147502806
"K-03",2021,0,58.3207398746082,-166.560905109718,3.5,-6.49007147502806
"K-03",2022,0,58.3207398746082,-166.560905109718,2.3,-6.49007147502806
"K-03",2023,0,58.3207398746082,-166.560905109718,1.5,-6.49007147502806
"K-04",1988,0,58.3271592561983,-165.929733719008,2.4,-6.49007147502806
"K-04",1989,0,58.3271592561983,-165.929733719008,3,-6.49007147502806
"K-04",1990,0,58.3271592561983,-165.929733719008,3.8,-6.49007147502806
"K-04",1991,0,58.3271592561983,-165.929733719008,3.6,-6.49007147502806
"K-04",1992,0,58.3271592561983,-165.929733719008,3.2,-6.49007147502806
"K-04",1993,0,58.3271592561983,-165.929733719008,3.3,-6.49007147502806
"K-04",1994,0,58.3271592561983,-165.929733719008,1.9,-6.49007147502806
"K-04",1995,0,58.3271592561983,-165.929733719008,2.7,-6.49007147502806
"K-04",1996,0,58.3271592561983,-165.929733719008,3.7,-6.49007147502806
"K-04",1997,0,58.3271592561983,-165.929733719008,3,-6.49007147502806
"K-04",1998,0,58.3271592561983,-165.929733719008,4.1,-6.49007147502806
"K-04",1999,0,58.3271592561983,-165.929733719008,0.2,-6.49007147502806
"K-04",2000,0,58.3271592561983,-165.929733719008,2.3,-6.49007147502806
"K-04",2001,0,58.3271592561983,-165.929733719008,1.4,-6.49007147502806
"K-04",2002,0,58.3271592561983,-165.929733719008,3.5,-6.49007147502806
"K-04",2003,0,58.3271592561983,-165.929733719008,4.3,-6.49007147502806
"K-04",2004,0,58.3271592561983,-165.929733719008,4.4,-6.49007147502806
"K-04",2005,0,58.3271592561983,-165.929733719008,3,-6.49007147502806
"K-04",2006,0,58.3271592561983,-165.929733719008,1.9,-6.49007147502806
"K-04",2007,0,58.3271592561983,-165.929733719008,2.4,-6.49007147502806
"K-04",2008,0,58.3271592561983,-165.929733719008,1.7,-6.49007147502806
"K-04",2009,0,58.3271592561983,-165.929733719008,1.8,-6.49007147502806
"K-04",2010,0,58.3271592561983,-165.929733719008,2.1,-6.49007147502806
"K-04",2011,0,58.3271592561983,-165.929733719008,2.2,-6.49007147502806
"K-04",2012,0,58.3271592561983,-165.929733719008,2.1,-6.49007147502806
"K-04",2013,0,58.3271592561983,-165.929733719008,3.4,-6.49007147502806
"K-04",2014,0,58.3271592561983,-165.929733719008,3.5,-6.49007147502806
"K-04",2015,0,58.3271592561983,-165.929733719008,4.2,-6.49007147502806
"K-04",2016,0,58.3271592561983,-165.929733719008,6.4,-6.49007147502806
"K-04",2017,0,58.3271592561983,-165.929733719008,3.7,-6.49007147502806
"K-04",2018,0,58.3271592561983,-165.929733719008,4.4,-6.49007147502806
"K-04",2019,0,58.3271592561983,-165.929733719008,6.6,-6.49007147502806
"K-04",2021,0,58.3271592561983,-165.929733719008,3.8,-6.49007147502806
"K-04",2022,0,58.3271592561983,-165.929733719008,3.3,-6.49007147502806
"K-04",2023,0,58.3271592561983,-165.929733719008,2.2,-6.49007147502806
"K-05",1988,0,58.3309002702703,-165.289081891892,3,-6.49007147502806
"K-05",1989,0,58.3309002702703,-165.289081891892,2.8,-6.49007147502806
"K-05",1990,0,58.3309002702703,-165.289081891892,2.9,-6.49007147502806
"K-05",1991,0,58.3309002702703,-165.289081891892,3.8,-6.49007147502806
"K-05",1992,0,58.3309002702703,-165.289081891892,3.4,-6.49007147502806
"K-05",1993,0,58.3309002702703,-165.289081891892,3.7,-6.49007147502806
"K-05",1994,0,58.3309002702703,-165.289081891892,1.7,-6.49007147502806
"K-05",1995,0,58.3309002702703,-165.289081891892,2.4,-6.49007147502806
"K-05",1996,0,58.3309002702703,-165.289081891892,3.8,-6.49007147502806
"K-05",1997,0,58.3309002702703,-165.289081891892,2.8,-6.49007147502806
"K-05",1998,0,58.3309002702703,-165.289081891892,3.2,-6.49007147502806
"K-05",1999,0,58.3309002702703,-165.289081891892,0,-6.49007147502806
"K-05",2000,0,58.3309002702703,-165.289081891892,2.4,-6.49007147502806
"K-05",2001,0,58.3309002702703,-165.289081891892,1.6,-6.49007147502806
"K-05",2002,0,58.3309002702703,-165.289081891892,3.3,-6.49007147502806
"K-05",2003,0,58.3309002702703,-165.289081891892,3.7,-6.49007147502806
"K-05",2004,0,58.3309002702703,-165.289081891892,3.5,-6.49007147502806
"K-05",2005,0,58.3309002702703,-165.289081891892,3.8,-6.49007147502806
"K-05",2006,0,58.3309002702703,-165.289081891892,1.3,-6.49007147502806
"K-05",2007,0,58.3309002702703,-165.289081891892,2.4,-6.49007147502806
"K-05",2008,0,58.3309002702703,-165.289081891892,1.6,-6.49007147502806
"K-05",2009,0,58.3309002702703,-165.289081891892,1.7,-6.49007147502806
"K-05",2010,0,58.3309002702703,-165.289081891892,1.1,-6.49007147502806
"K-05",2011,0,58.3309002702703,-165.289081891892,2.1,-6.49007147502806
"K-05",2012,0,58.3309002702703,-165.289081891892,2.6,-6.49007147502806
"K-05",2013,0,58.3309002702703,-165.289081891892,1.8,-6.49007147502806
"K-05",2014,0,58.3309002702703,-165.289081891892,3.5,-6.49007147502806
"K-05",2015,0,58.3309002702703,-165.289081891892,4.5,-6.49007147502806
"K-05",2016,0,58.3309002702703,-165.289081891892,6.7,-6.49007147502806
"K-05",2017,0,58.3309002702703,-165.289081891892,2.7,-6.49007147502806
"K-05",2018,0,58.3309002702703,-165.289081891892,4.3,-6.49007147502806
"K-05",2019,0,58.3309002702703,-165.289081891892,6.2,-6.49007147502806
"K-05",2021,0,58.3309002702703,-165.289081891892,3.6,-6.49007147502806
"K-05",2022,0,58.3309002702703,-165.289081891892,4,-6.49007147502806
"K-05",2023,0,58.3309002702703,-165.289081891892,2.2,-6.49007147502806
"K-06",1988,0,58.3319294594595,-164.642571351351,2.7,-6.49007147502806
"K-06",1989,0,58.3319294594595,-164.642571351351,2.5,-6.49007147502806
"K-06",1990,0,58.3319294594595,-164.642571351351,NA,-6.49007147502806
"K-06",1991,0,58.3319294594595,-164.642571351351,4,-6.49007147502806
"K-06",1992,0,58.3319294594595,-164.642571351351,3.2,-6.49007147502806
"K-06",1993,0,58.3319294594595,-164.642571351351,3.9,-6.49007147502806
"K-06",1994,0,58.3319294594595,-164.642571351351,2.5,-6.49007147502806
"K-06",1995,0,58.3319294594595,-164.642571351351,2.5,-6.49007147502806
"K-06",1996,0,58.3319294594595,-164.642571351351,3.9,-6.49007147502806
"K-06",1997,0,58.3319294594595,-164.642571351351,3.2,-6.49007147502806
"K-06",1998,0,58.3319294594595,-164.642571351351,3.7,-6.49007147502806
"K-06",1999,0,58.3319294594595,-164.642571351351,0.1,-6.49007147502806
"K-06",2000,0,58.3319294594595,-164.642571351351,2.3,-6.49007147502806
"K-06",2001,0,58.3319294594595,-164.642571351351,1.4,-6.49007147502806
"K-06",2002,0,58.3319294594595,-164.642571351351,3.7,-6.49007147502806
"K-06",2003,0,58.3319294594595,-164.642571351351,4.5,-6.49007147502806
"K-06",2004,0,58.3319294594595,-164.642571351351,3.6,-6.49007147502806
"K-06",2005,0,58.3319294594595,-164.642571351351,NA,-6.49007147502806
"K-06",2006,0,58.3319294594595,-164.642571351351,1.8,-6.49007147502806
"K-06",2007,0,58.3319294594595,-164.642571351351,2.7,-6.49007147502806
"K-06",2008,0,58.3319294594595,-164.642571351351,1.7,-6.49007147502806
"K-06",2009,0,58.3319294594595,-164.642571351351,2,-6.49007147502806
"K-06",2010,0,58.3319294594595,-164.642571351351,2.1,-6.49007147502806
"K-06",2011,0,58.3319294594595,-164.642571351351,2.3,-6.49007147502806
"K-06",2012,0,58.3319294594595,-164.642571351351,1.9,-6.49007147502806
"K-06",2013,0,58.3319294594595,-164.642571351351,1.9,-6.49007147502806
"K-06",2014,0,58.3319294594595,-164.642571351351,4.6,-6.49007147502806
"K-06",2015,0,58.3319294594595,-164.642571351351,4.8,-6.49007147502806
"K-06",2016,0,58.3319294594595,-164.642571351351,7.1,-6.49007147502806
"K-06",2017,0,58.3319294594595,-164.642571351351,3,-6.49007147502806
"K-06",2018,0,58.3319294594595,-164.642571351351,4.5,-6.49007147502806
"K-06",2019,0,58.3319294594595,-164.642571351351,6.3,-6.49007147502806
"K-06",2021,0,58.3319294594595,-164.642571351351,3.4,-6.49007147502806
"K-06",2022,0,58.3319294594595,-164.642571351351,2.8,-6.49007147502806
"K-06",2023,0,58.3319294594595,-164.642571351351,1.6,-6.49007147502806
"K-07",1988,0,58.337056,-164.010213142857,3.5,-6.49007147502806
"K-07",1989,0,58.337056,-164.010213142857,2.7,-6.49007147502806
"K-07",1990,0,58.337056,-164.010213142857,2.7,-6.49007147502806
"K-07",1991,0,58.337056,-164.010213142857,4.5,-6.49007147502806
"K-07",1992,0,58.337056,-164.010213142857,3.2,-6.49007147502806
"K-07",1993,0,58.337056,-164.010213142857,4,-6.49007147502806
"K-07",1994,0,58.337056,-164.010213142857,2.3,-6.49007147502806
"K-07",1995,0,58.337056,-164.010213142857,2.8,-6.49007147502806
"K-07",1996,0,58.337056,-164.010213142857,4,-6.49007147502806
"K-07",1997,0,58.337056,-164.010213142857,3.8,-6.49007147502806
"K-07",1998,0,58.337056,-164.010213142857,NA,-6.49007147502806
"K-07",1999,0,58.337056,-164.010213142857,0.3,-6.49007147502806
"K-07",2000,0,58.337056,-164.010213142857,2.7,-6.49007147502806
"K-07",2001,0,58.337056,-164.010213142857,2.2,-6.49007147502806
"K-07",2002,0,58.337056,-164.010213142857,4.2,-6.49007147502806
"K-07",2003,0,58.337056,-164.010213142857,4.9,-6.49007147502806
"K-07",2004,0,58.337056,-164.010213142857,4.2,-6.49007147502806
"K-07",2005,0,58.337056,-164.010213142857,5,-6.49007147502806
"K-07",2006,0,58.337056,-164.010213142857,1.5,-6.49007147502806
"K-07",2007,0,58.337056,-164.010213142857,3.1,-6.49007147502806
"K-07",2008,0,58.337056,-164.010213142857,1.9,-6.49007147502806
"K-07",2009,0,58.337056,-164.010213142857,2.2,-6.49007147502806
"K-07",2010,0,58.337056,-164.010213142857,2.7,-6.49007147502806
"K-07",2011,0,58.337056,-164.010213142857,2.7,-6.49007147502806
"K-07",2012,0,58.337056,-164.010213142857,2.3,-6.49007147502806
"K-07",2013,0,58.337056,-164.010213142857,2.4,-6.49007147502806
"K-07",2014,0,58.337056,-164.010213142857,4.4,-6.49007147502806
"K-07",2015,0,58.337056,-164.010213142857,5.1,-6.49007147502806
"K-07",2016,0,58.337056,-164.010213142857,7.6,-6.49007147502806
"K-07",2017,0,58.337056,-164.010213142857,4.1,-6.49007147502806
"K-07",2018,0,58.337056,-164.010213142857,4.6,-6.49007147502806
"K-07",2019,0,58.337056,-164.010213142857,6.2,-6.49007147502806
"K-07",2021,0,58.337056,-164.010213142857,3.2,-6.49007147502806
"K-07",2022,0,58.337056,-164.010213142857,3.8,-6.49007147502806
"K-07",2023,0,58.337056,-164.010213142857,1.9,-6.49007147502806
"K-08",1988,0,58.337022,-163.368165714286,3.5,-6.49007147502806
"K-08",1989,0,58.337022,-163.368165714286,3,-6.49007147502806
"K-08",1990,0,58.337022,-163.368165714286,4,-6.49007147502806
"K-08",1991,0,58.337022,-163.368165714286,4.8,-6.49007147502806
"K-08",1992,0,58.337022,-163.368165714286,3.9,-6.49007147502806
"K-08",1993,0,58.337022,-163.368165714286,4.7,-6.49007147502806
"K-08",1994,0,58.337022,-163.368165714286,3.1,-6.49007147502806
"K-08",1995,0,58.337022,-163.368165714286,3.2,-6.49007147502806
"K-08",1996,0,58.337022,-163.368165714286,4.5,-6.49007147502806
"K-08",1997,0,58.337022,-163.368165714286,4.5,-6.49007147502806
"K-08",1998,0,58.337022,-163.368165714286,4.7,-6.49007147502806
"K-08",1999,0,58.337022,-163.368165714286,0.5,-6.49007147502806
"K-08",2000,0,58.337022,-163.368165714286,1.8,-6.49007147502806
"K-08",2001,0,58.337022,-163.368165714286,3,-6.49007147502806
"K-08",2002,0,58.337022,-163.368165714286,4.4,-6.49007147502806
"K-08",2003,0,58.337022,-163.368165714286,5.2,-6.49007147502806
"K-08",2004,0,58.337022,-163.368165714286,4.5,-6.49007147502806
"K-08",2005,0,58.337022,-163.368165714286,NA,-6.49007147502806
"K-08",2006,0,58.337022,-163.368165714286,2.5,-6.49007147502806
"K-08",2007,0,58.337022,-163.368165714286,3.7,-6.49007147502806
"K-08",2008,0,58.337022,-163.368165714286,2.6,-6.49007147502806
"K-08",2009,0,58.337022,-163.368165714286,2.6,-6.49007147502806
"K-08",2010,0,58.337022,-163.368165714286,3,-6.49007147502806
"K-08",2011,0,58.337022,-163.368165714286,3.2,-6.49007147502806
"K-08",2012,0,58.337022,-163.368165714286,3.2,-6.49007147502806
"K-08",2013,0,58.337022,-163.368165714286,2.8,-6.49007147502806
"K-08",2014,0,58.337022,-163.368165714286,4.8,-6.49007147502806
"K-08",2015,0,58.337022,-163.368165714286,5,-6.49007147502806
"K-08",2016,0,58.337022,-163.368165714286,7.6,-6.49007147502806
"K-08",2017,0,58.337022,-163.368165714286,4.8,-6.49007147502806
"K-08",2018,0,58.337022,-163.368165714286,5.2,-6.49007147502806
"K-08",2019,0,58.337022,-163.368165714286,6.5,-6.49007147502806
"K-08",2021,0,58.337022,-163.368165714286,3.6,-6.49007147502806
"K-08",2022,0,58.337022,-163.368165714286,4.1,-6.49007147502806
"K-08",2023,0,58.337022,-163.368165714286,2.5,-6.49007147502806
"K-09",1988,0,58.3296485714286,-162.720071428571,3.2,-6.49007147502806
"K-09",1989,0,58.3296485714286,-162.720071428571,3.9,-6.49007147502806
"K-09",1990,0,58.3296485714286,-162.720071428571,3.2,-6.49007147502806
"K-09",1991,0,58.3296485714286,-162.720071428571,4.8,-6.49007147502806
"K-09",1992,0,58.3296485714286,-162.720071428571,4,-6.49007147502806
"K-09",1993,0,58.3296485714286,-162.720071428571,5,-6.49007147502806
"K-09",1994,0,58.3296485714286,-162.720071428571,3.6,-6.49007147502806
"K-09",1995,0,58.3296485714286,-162.720071428571,4,-6.49007147502806
"K-09",1996,0,58.3296485714286,-162.720071428571,4.6,-6.49007147502806
"K-09",1997,0,58.3296485714286,-162.720071428571,4.9,-6.49007147502806
"K-09",1998,0,58.3296485714286,-162.720071428571,4.3,-6.49007147502806
"K-09",1999,0,58.3296485714286,-162.720071428571,0.3,-6.49007147502806
"K-09",2000,0,58.3296485714286,-162.720071428571,NA,-6.49007147502806
"K-09",2001,0,58.3296485714286,-162.720071428571,3.3,-6.49007147502806
"K-09",2002,0,58.3296485714286,-162.720071428571,3.8,-6.49007147502806
"K-09",2003,0,58.3296485714286,-162.720071428571,4.8,-6.49007147502806
"K-09",2004,0,58.3296485714286,-162.720071428571,4.8,-6.49007147502806
"K-09",2005,0,58.3296485714286,-162.720071428571,6.1,-6.49007147502806
"K-09",2006,0,58.3296485714286,-162.720071428571,2.4,-6.49007147502806
"K-09",2007,0,58.3296485714286,-162.720071428571,4.4,-6.49007147502806
"K-09",2008,0,58.3296485714286,-162.720071428571,2.6,-6.49007147502806
"K-09",2009,0,58.3296485714286,-162.720071428571,2.6,-6.49007147502806
"K-09",2010,0,58.3296485714286,-162.720071428571,3.2,-6.49007147502806
"K-09",2011,0,58.3296485714286,-162.720071428571,3.6,-6.49007147502806
"K-09",2012,0,58.3296485714286,-162.720071428571,3,-6.49007147502806
"K-09",2013,0,58.3296485714286,-162.720071428571,3.3,-6.49007147502806
"K-09",2014,0,58.3296485714286,-162.720071428571,5.5,-6.49007147502806
"K-09",2015,0,58.3296485714286,-162.720071428571,4.8,-6.49007147502806
"K-09",2016,0,58.3296485714286,-162.720071428571,7.4,-6.49007147502806
"K-09",2017,0,58.3296485714286,-162.720071428571,5,-6.49007147502806
"K-09",2018,0,58.3296485714286,-162.720071428571,5.3,-6.49007147502806
"K-09",2019,0,58.3296485714286,-162.720071428571,7.8,-6.49007147502806
"K-09",2021,0,58.3296485714286,-162.720071428571,4.2,-6.49007147502806
"K-09",2022,0,58.3296485714286,-162.720071428571,4.8,-6.49007147502806
"K-09",2023,0,58.3296485714286,-162.720071428571,2.7,-6.49007147502806
"K-10",1988,0,58.3202525714286,-162.055734571429,3.8,-6.49007147502806
"K-10",1989,0,58.3202525714286,-162.055734571429,4.1,-6.49007147502806
"K-10",1990,0,58.3202525714286,-162.055734571429,NA,-6.49007147502806
"K-10",1991,0,58.3202525714286,-162.055734571429,4.7,-6.49007147502806
"K-10",1992,0,58.3202525714286,-162.055734571429,3.8,-6.49007147502806
"K-10",1993,0,58.3202525714286,-162.055734571429,NA,-6.49007147502806
"K-10",1994,0,58.3202525714286,-162.055734571429,0,-6.49007147502806
"K-10",1995,0,58.3202525714286,-162.055734571429,3.4,-6.49007147502806
"K-10",1996,0,58.3202525714286,-162.055734571429,5.6,-6.49007147502806
"K-10",1997,0,58.3202525714286,-162.055734571429,4.5,-6.49007147502806
"K-10",1998,0,58.3202525714286,-162.055734571429,4.4,-6.49007147502806
"K-10",1999,0,58.3202525714286,-162.055734571429,0.1,-6.49007147502806
"K-10",2000,0,58.3202525714286,-162.055734571429,2,-6.49007147502806
"K-10",2001,0,58.3202525714286,-162.055734571429,3.8,-6.49007147502806
"K-10",2002,0,58.3202525714286,-162.055734571429,3.3,-6.49007147502806
"K-10",2003,0,58.3202525714286,-162.055734571429,4.3,-6.49007147502806
"K-10",2004,0,58.3202525714286,-162.055734571429,5.2,-6.49007147502806
"K-10",2005,0,58.3202525714286,-162.055734571429,6.3,-6.49007147502806
"K-10",2006,0,58.3202525714286,-162.055734571429,1.9,-6.49007147502806
"K-10",2007,0,58.3202525714286,-162.055734571429,4.8,-6.49007147502806
"K-10",2008,0,58.3202525714286,-162.055734571429,3.5,-6.49007147502806
"K-10",2009,0,58.3202525714286,-162.055734571429,2.1,-6.49007147502806
"K-10",2010,0,58.3202525714286,-162.055734571429,3,-6.49007147502806
"K-10",2011,0,58.3202525714286,-162.055734571429,4.7,-6.49007147502806
"K-10",2012,0,58.3202525714286,-162.055734571429,3.1,-6.49007147502806
"K-10",2013,0,58.3202525714286,-162.055734571429,3.4,-6.49007147502806
"K-10",2014,0,58.3202525714286,-162.055734571429,5.9,-6.49007147502806
"K-10",2015,0,58.3202525714286,-162.055734571429,5,-6.49007147502806
"K-10",2016,0,58.3202525714286,-162.055734571429,6.9,-6.49007147502806
"K-10",2017,0,58.3202525714286,-162.055734571429,4.9,-6.49007147502806
"K-10",2018,0,58.3202525714286,-162.055734571429,5.4,-6.49007147502806
"K-10",2019,0,58.3202525714286,-162.055734571429,6.7,-6.49007147502806
"K-10",2021,0,58.3202525714286,-162.055734571429,4.2,-6.49007147502806
"K-10",2022,0,58.3202525714286,-162.055734571429,5,-6.49007147502806
"K-10",2023,0,58.3202525714286,-162.055734571429,2.7,-6.49007147502806
"K-11",1988,0,58.2372794285714,-161.517437714286,5.2,-6.49007147502806
"K-11",1989,0,58.2372794285714,-161.517437714286,4.9,-6.49007147502806
"K-11",1990,0,58.2372794285714,-161.517437714286,5,-6.49007147502806
"K-11",1991,0,58.2372794285714,-161.517437714286,3.8,-6.49007147502806
"K-11",1992,0,58.2372794285714,-161.517437714286,NA,-6.49007147502806
"K-11",1993,0,58.2372794285714,-161.517437714286,NA,-6.49007147502806
"K-11",1994,0,58.2372794285714,-161.517437714286,3.2,-6.49007147502806
"K-11",1995,0,58.2372794285714,-161.517437714286,3.6,-6.49007147502806
"K-11",1996,0,58.2372794285714,-161.517437714286,4.9,-6.49007147502806
"K-11",1997,0,58.2372794285714,-161.517437714286,4.1,-6.49007147502806
"K-11",1998,0,58.2372794285714,-161.517437714286,4.1,-6.49007147502806
"K-11",1999,0,58.2372794285714,-161.517437714286,0.6,-6.49007147502806
"K-11",2000,0,58.2372794285714,-161.517437714286,2.3,-6.49007147502806
"K-11",2001,0,58.2372794285714,-161.517437714286,4.2,-6.49007147502806
"K-11",2002,0,58.2372794285714,-161.517437714286,4.2,-6.49007147502806
"K-11",2003,0,58.2372794285714,-161.517437714286,5.3,-6.49007147502806
"K-11",2004,0,58.2372794285714,-161.517437714286,5.6,-6.49007147502806
"K-11",2005,0,58.2372794285714,-161.517437714286,5.3,-6.49007147502806
"K-11",2006,0,58.2372794285714,-161.517437714286,3.1,-6.49007147502806
"K-11",2007,0,58.2372794285714,-161.517437714286,4.9,-6.49007147502806
"K-11",2008,0,58.2372794285714,-161.517437714286,3.5,-6.49007147502806
"K-11",2009,0,58.2372794285714,-161.517437714286,2.1,-6.49007147502806
"K-11",2010,0,58.2372794285714,-161.517437714286,4.8,-6.49007147502806
"K-11",2011,0,58.2372794285714,-161.517437714286,4.2,-6.49007147502806
"K-11",2012,0,58.2372794285714,-161.517437714286,5.5,-6.49007147502806
"K-11",2013,0,58.2372794285714,-161.517437714286,4.7,-6.49007147502806
"K-11",2014,0,58.2372794285714,-161.517437714286,5.5,-6.49007147502806
"K-11",2015,0,58.2372794285714,-161.517437714286,5,-6.49007147502806
"K-11",2016,0,58.2372794285714,-161.517437714286,6.4,-6.49007147502806
"K-11",2017,0,58.2372794285714,-161.517437714286,4.2,-6.49007147502806
"K-11",2018,0,58.2372794285714,-161.517437714286,5.1,-6.49007147502806
"K-11",2019,0,58.2372794285714,-161.517437714286,6.6,-6.49007147502806
"K-11",2021,0,58.2372794285714,-161.517437714286,4.7,-6.49007147502806
"K-11",2022,0,58.2372794285714,-161.517437714286,4.4,-6.49007147502806
"K-11",2023,0,58.2372794285714,-161.517437714286,3,-6.49007147502806
"K-12",1988,0,58.3058762857143,-160.785528857143,7.1,-6.49007147502806
"K-12",1989,0,58.3058762857143,-160.785528857143,6.3,-6.49007147502806
"K-12",1990,0,58.3058762857143,-160.785528857143,NA,-6.49007147502806
"K-12",1991,0,58.3058762857143,-160.785528857143,4.1,-6.49007147502806
"K-12",1992,0,58.3058762857143,-160.785528857143,NA,-6.49007147502806
"K-12",1993,0,58.3058762857143,-160.785528857143,NA,-6.49007147502806
"K-12",1994,0,58.3058762857143,-160.785528857143,6.2,-6.49007147502806
"K-12",1995,0,58.3058762857143,-160.785528857143,6.2,-6.49007147502806
"K-12",1996,0,58.3058762857143,-160.785528857143,7.4,-6.49007147502806
"K-12",1997,0,58.3058762857143,-160.785528857143,9.8,-6.49007147502806
"K-12",1998,0,58.3058762857143,-160.785528857143,5.9,-6.49007147502806
"K-12",1999,0,58.3058762857143,-160.785528857143,3.3,-6.49007147502806
"K-12",2000,0,58.3058762857143,-160.785528857143,5.1,-6.49007147502806
"K-12",2001,0,58.3058762857143,-160.785528857143,7.1,-6.49007147502806
"K-12",2002,0,58.3058762857143,-160.785528857143,5.7,-6.49007147502806
"K-12",2003,0,58.3058762857143,-160.785528857143,7.7,-6.49007147502806
"K-12",2004,0,58.3058762857143,-160.785528857143,6,-6.49007147502806
"K-12",2005,0,58.3058762857143,-160.785528857143,6.6,-6.49007147502806
"K-12",2006,0,58.3058762857143,-160.785528857143,5.2,-6.49007147502806
"K-12",2007,0,58.3058762857143,-160.785528857143,5.3,-6.49007147502806
"K-12",2008,0,58.3058762857143,-160.785528857143,2.9,-6.49007147502806
"K-12",2009,0,58.3058762857143,-160.785528857143,3.3,-6.49007147502806
"K-12",2010,0,58.3058762857143,-160.785528857143,6.4,-6.49007147502806
"K-12",2011,0,58.3058762857143,-160.785528857143,4.9,-6.49007147502806
"K-12",2012,0,58.3058762857143,-160.785528857143,7,-6.49007147502806
"K-12",2013,0,58.3058762857143,-160.785528857143,6.1,-6.49007147502806
"K-12",2014,0,58.3058762857143,-160.785528857143,7.3,-6.49007147502806
"K-12",2015,0,58.3058762857143,-160.785528857143,6.6,-6.49007147502806
"K-12",2016,0,58.3058762857143,-160.785528857143,7.5,-6.49007147502806
"K-12",2017,0,58.3058762857143,-160.785528857143,6.2,-6.49007147502806
"K-12",2018,0,58.3058762857143,-160.785528857143,7.2,-6.49007147502806
"K-12",2019,0,58.3058762857143,-160.785528857143,6.8,-6.49007147502806
"K-12",2021,0,58.3058762857143,-160.785528857143,6.9,-6.49007147502806
"K-12",2022,0,58.3058762857143,-160.785528857143,5.4,-6.49007147502806
"K-12",2023,0,58.3058762857143,-160.785528857143,3.4,-6.49007147502806
"K-13",1989,0,58.2748661764706,-160.003699411765,5,-6.49007147502806
"K-13",1990,0,58.2748661764706,-160.003699411765,4.3,-6.49007147502806
"K-13",1991,0,58.2748661764706,-160.003699411765,4.8,-6.49007147502806
"K-13",1992,0,58.2748661764706,-160.003699411765,NA,-6.49007147502806
"K-13",1993,0,58.2748661764706,-160.003699411765,NA,-6.49007147502806
"K-13",1994,0,58.2748661764706,-160.003699411765,2.7,-6.49007147502806
"K-13",1995,0,58.2748661764706,-160.003699411765,2.4,-6.49007147502806
"K-13",1996,0,58.2748661764706,-160.003699411765,4.3,-6.49007147502806
"K-13",1997,0,58.2748661764706,-160.003699411765,5,-6.49007147502806
"K-13",1998,0,58.2748661764706,-160.003699411765,4.7,-6.49007147502806
"K-13",1999,0,58.2748661764706,-160.003699411765,0.7,-6.49007147502806
"K-13",2000,0,58.2748661764706,-160.003699411765,4.1,-6.49007147502806
"K-13",2001,0,58.2748661764706,-160.003699411765,4,-6.49007147502806
"K-13",2002,0,58.2748661764706,-160.003699411765,5,-6.49007147502806
"K-13",2003,0,58.2748661764706,-160.003699411765,4.9,-6.49007147502806
"K-13",2004,0,58.2748661764706,-160.003699411765,3,-6.49007147502806
"K-13",2005,0,58.2748661764706,-160.003699411765,5.7,-6.49007147502806
"K-13",2006,0,58.2748661764706,-160.003699411765,3.1,-6.49007147502806
"K-13",2007,0,58.2748661764706,-160.003699411765,4.9,-6.49007147502806
"K-13",2008,0,58.2748661764706,-160.003699411765,1.3,-6.49007147502806
"K-13",2009,0,58.2748661764706,-160.003699411765,2.4,-6.49007147502806
"K-13",2010,0,58.2748661764706,-160.003699411765,2.5,-6.49007147502806
"K-13",2011,0,58.2748661764706,-160.003699411765,3.6,-6.49007147502806
"K-13",2012,0,58.2748661764706,-160.003699411765,1.8,-6.49007147502806
"K-13",2013,0,58.2748661764706,-160.003699411765,6.4,-6.49007147502806
"K-13",2014,0,58.2748661764706,-160.003699411765,5.6,-6.49007147502806
"K-13",2015,0,58.2748661764706,-160.003699411765,4.7,-6.49007147502806
"K-13",2016,0,58.2748661764706,-160.003699411765,6.9,-6.49007147502806
"K-13",2017,0,58.2748661764706,-160.003699411765,4.8,-6.49007147502806
"K-13",2018,0,58.2748661764706,-160.003699411765,4.7,-6.49007147502806
"K-13",2019,0,58.2748661764706,-160.003699411765,6.4,-6.49007147502806
"K-13",2021,0,58.2748661764706,-160.003699411765,4.1,-6.49007147502806
"K-13",2022,0,58.2748661764706,-160.003699411765,4.4,-6.49007147502806
"K-13",2023,0,58.2748661764706,-160.003699411765,2.8,-6.49007147502806
"K-14",1988,0,58.330404,-159.548838,5.7,-6.49007147502806
"K-14",1989,0,58.330404,-159.548838,4.5,-6.49007147502806
"K-14",1990,0,58.330404,-159.548838,NA,-6.49007147502806
"K-14",1991,0,58.330404,-159.548838,5.9,-6.49007147502806
"K-14",1992,0,58.330404,-159.548838,5.1,-6.49007147502806
"K-14",1993,0,58.330404,-159.548838,NA,-6.49007147502806
"K-14",1994,0,58.330404,-159.548838,3.9,-6.49007147502806
"K-14",1995,0,58.330404,-159.548838,4.5,-6.49007147502806
"K-14",1996,0,58.330404,-159.548838,5.6,-6.49007147502806
"K-14",1997,0,58.330404,-159.548838,5.8,-6.49007147502806
"K-14",1998,0,58.330404,-159.548838,6.3,-6.49007147502806
"K-14",1999,0,58.330404,-159.548838,1,-6.49007147502806
"K-14",2000,0,58.330404,-159.548838,4.2,-6.49007147502806
"K-14",2001,0,58.330404,-159.548838,5,-6.49007147502806
"K-14",2002,0,58.330404,-159.548838,5.5,-6.49007147502806
"K-14",2003,0,58.330404,-159.548838,5.2,-6.49007147502806
"K-14",2004,0,58.330404,-159.548838,4.7,-6.49007147502806
"K-14",2005,0,58.330404,-159.548838,6.8,-6.49007147502806
"K-14",2006,0,58.330404,-159.548838,3.4,-6.49007147502806
"K-14",2007,0,58.330404,-159.548838,4.4,-6.49007147502806
"K-14",2008,0,58.330404,-159.548838,2.3,-6.49007147502806
"K-14",2009,0,58.330404,-159.548838,3.3,-6.49007147502806
"K-14",2010,0,58.330404,-159.548838,3.7,-6.49007147502806
"K-14",2011,0,58.330404,-159.548838,5.6,-6.49007147502806
"K-14",2012,0,58.330404,-159.548838,2.8,-6.49007147502806
"K-14",2013,0,58.330404,-159.548838,4.6,-6.49007147502806
"K-14",2014,0,58.330404,-159.548838,7.2,-6.49007147502806
"K-14",2015,0,58.330404,-159.548838,5.2,-6.49007147502806
"K-14",2016,0,58.330404,-159.548838,8.4,-6.49007147502806
"K-14",2017,0,58.330404,-159.548838,5.7,-6.49007147502806
"K-14",2018,0,58.330404,-159.548838,6.2,-6.49007147502806
"K-14",2019,0,58.330404,-159.548838,8.1,-6.49007147502806
"K-14",2021,0,58.330404,-159.548838,4.9,-6.49007147502806
"K-14",2022,0,58.330404,-159.548838,5.6,-6.49007147502806
"K-14",2023,0,58.330404,-159.548838,3.1,-6.49007147502806
"K-18",1988,48.663041185253,58.3316352353506,-168.46835771854,1.1,3.88495103674117
"K-18",1989,46.1448033390753,58.3316352353506,-168.46835771854,3,3.83181725635431
"K-18",1990,0,58.3316352353506,-168.46835771854,NA,-6.49007147502806
"K-18",1991,723.929004490469,58.3316352353506,-168.46835771854,1.5,6.58469542497843
"K-18",1992,0,58.3316352353506,-168.46835771854,1.5,-6.49007147502806
"K-18",1993,0,58.3316352353506,-168.46835771854,1.7,-6.49007147502806
"K-18",1994,3203.63955736994,58.3316352353506,-168.46835771854,-1.1,8.0720432781336
"K-18",1995,105.853470433356,58.3316352353506,-168.46835771854,0.6,4.66207012801325
"K-18",1996,0,58.3316352353506,-168.46835771854,1.8,-6.49007147502806
"K-18",1997,0,58.3316352353506,-168.46835771854,1,-6.49007147502806
"K-18",1998,58.8192037910319,58.3316352353506,-168.46835771854,2.9,4.07449421172278
"K-18",1999,21.5789997052605,58.3316352353506,-168.46835771854,-0.5,3.07179097000208
"K-18",2000,20.594792671153,58.3316352353506,-168.46835771854,1.5,3.02511198750905
"K-18",2001,0,58.3316352353506,-168.46835771854,1.5,-6.49007147502806
"K-18",2002,0,58.3316352353506,-168.46835771854,2.3,-6.49007147502806
"K-18",2003,0,58.3316352353506,-168.46835771854,2.6,-6.49007147502806
"K-18",2004,0,58.3316352353506,-168.46835771854,2.7,-6.49007147502806
"K-18",2005,0,58.3316352353506,-168.46835771854,2.1,-6.49007147502806
"K-18",2006,615.442492335499,58.3316352353506,-168.46835771854,-0.7,6.42234397605388
"K-18",2007,358.870109279513,58.3316352353506,-168.46835771854,0.4,5.88296474158757
"K-18",2008,308.418312709638,58.3316352353506,-168.46835771854,0,5.73146194296198
"K-18",2009,173.791403172577,58.3316352353506,-168.46835771854,-0.8,5.15786448480428
"K-18",2010,21.4466238085633,58.3316352353506,-168.46835771854,-0.8,3.06563803318679
"K-18",2011,0,58.3316352353506,-168.46835771854,1.2,-6.49007147502806
"K-18",2012,0,58.3316352353506,-168.46835771854,0.7,-6.49007147502806
"K-18",2013,128.113954697079,58.3316352353506,-168.46835771854,1,4.85293199112854
"K-18",2014,0,58.3316352353506,-168.46835771854,1.9,-6.49007147502806
"K-18",2015,0,58.3316352353506,-168.46835771854,2.3,-6.49007147502806
"K-18",2016,0,58.3316352353506,-168.46835771854,4.5,-6.49007147502806
"K-18",2017,21.0137404241307,58.3316352353506,-168.46835771854,0.6,3.0452487864685
"K-18",2018,0,58.3316352353506,-168.46835771854,4.2,-6.49007147502806
"K-18",2019,0,58.3316352353506,-168.46835771854,3.4,-6.49007147502806
"K-18",2021,0,58.3316352353506,-168.46835771854,3.4,-6.49007147502806
"K-18",2022,0,58.3316352353506,-168.46835771854,0.8,-6.49007147502806
"K-18",2023,0,58.3316352353506,-168.46835771854,1.4,-6.49007147502806
"K-19",1988,513.292015364238,58.330866363806,-169.117401005597,1.2,6.24084787218458
"K-19",1989,0,58.330866363806,-169.117401005597,3.5,-6.49007147502806
"K-19",1990,0,58.330866363806,-169.117401005597,0.7,-6.49007147502806
"K-19",1991,0,58.330866363806,-169.117401005597,1.5,-6.49007147502806
"K-19",1992,920.964610674104,58.330866363806,-169.117401005597,-0.5,6.82542325937338
"K-19",1993,20.5510461669745,58.330866363806,-169.117401005597,2.3,3.02298573157154
"K-19",1994,4361.27315377604,58.330866363806,-169.117401005597,-1.1,8.38051964962835
"K-19",1995,144.538226896185,58.330866363806,-169.117401005597,-0.4,4.97355452396494
"K-19",1996,0,58.330866363806,-169.117401005597,1.6,-6.49007147502806
"K-19",1997,0,58.330866363806,-169.117401005597,0.5,-6.49007147502806
"K-19",1998,0,58.330866363806,-169.117401005597,1.8,-6.49007147502806
"K-19",1999,0,58.330866363806,-169.117401005597,-0.2,-6.49007147502806
"K-19",2000,0,58.330866363806,-169.117401005597,NA,-6.49007147502806
"K-19",2001,20.9971215885068,58.330866363806,-169.117401005597,1.5,3.04445767510163
"K-19",2002,0,58.330866363806,-169.117401005597,2.5,-6.49007147502806
"K-19",2003,0,58.330866363806,-169.117401005597,2.5,-6.49007147502806
"K-19",2004,0,58.330866363806,-169.117401005597,2.1,-6.49007147502806
"K-19",2005,0,58.330866363806,-169.117401005597,2.2,-6.49007147502806
"K-19",2007,0,58.330866363806,-169.117401005597,-0.1,-6.49007147502806
"K-19",2008,9491.43497110918,58.330866363806,-169.117401005597,-0.2,9.1581452489107
"K-19",2009,17.5543455545086,58.330866363806,-169.117401005597,-0.6,2.86538802487084
"K-19",2010,21.1344102296758,58.330866363806,-169.117401005597,-1.4,3.05097437297059
"K-19",2011,0,58.330866363806,-169.117401005597,1.2,-6.49007147502806
"K-19",2012,0,58.330866363806,-169.117401005597,-0.1,-6.49007147502806
"K-19",2013,267.356479748876,58.330866363806,-169.117401005597,0.3,5.58858857749615
"K-19",2014,0,58.330866363806,-169.117401005597,1.4,-6.49007147502806
"K-19",2015,5516.60477554036,58.330866363806,-169.117401005597,1.7,8.61551814838794
"K-19",2016,0,58.330866363806,-169.117401005597,4.2,-6.49007147502806
"K-19",2017,21.1848630270201,58.330866363806,-169.117401005597,1,3.05335859165243
"K-19",2018,22.9713700071523,58.330866363806,-169.117401005597,3.9,3.13431475749473
"K-19",2019,0,58.330866363806,-169.117401005597,3.3,-6.49007147502806
"K-19",2021,0,58.330866363806,-169.117401005597,3.4,-6.49007147502806
"K-19",2022,0,58.330866363806,-169.117401005597,0.9,-6.49007147502806
"K-19",2023,0,58.330866363806,-169.117401005597,0.6,-6.49007147502806
"K-20",1988,1226.68596668019,58.3385684699739,-169.73605372846,0.9,7.11207271391661
"K-20",1989,193.764628857789,58.3385684699739,-169.73605372846,2.7,5.26665200565506
"K-20",1990,372.4566333722,58.3385684699739,-169.73605372846,0.7,5.92012468738149
"K-20",1991,0,58.3385684699739,-169.73605372846,NA,-6.49007147502806
"K-20",1992,1391.17858593227,58.3385684699739,-169.73605372846,-0.7,7.23790766188314
"K-20",1993,971.819897312799,58.3385684699739,-169.73605372846,2.2,6.87917205893137
"K-20",1994,5669.22346592421,58.3385684699739,-169.73605372846,NA,8.64280770031837
"K-20",1995,853.023035336785,58.3385684699739,-169.73605372846,-0.9,6.74878833227934
"K-20",1996,39.6347049806599,58.3385684699739,-169.73605372846,1.5,3.6797434330042
"K-20",1997,40.0051560519852,58.3385684699739,-169.73605372846,0.7,3.68904630250544
"K-20",1998,0,58.3385684699739,-169.73605372846,1.3,-6.49007147502806
"K-20",1999,0,58.3385684699739,-169.73605372846,-0.3,-6.49007147502806
"K-20",2000,0,58.3385684699739,-169.73605372846,NA,-6.49007147502806
"K-20",2001,0,58.3385684699739,-169.73605372846,1.7,-6.49007147502806
"K-20",2002,0,58.3385684699739,-169.73605372846,3.1,-6.49007147502806
"K-20",2003,127.373382386849,58.3385684699739,-169.73605372846,3.1,4.84713471295434
"K-20",2004,19.8063159423061,58.3385684699739,-169.73605372846,3.1,2.98607753533939
"K-20",2005,0,58.3385684699739,-169.73605372846,2.6,-6.49007147502806
"K-20",2006,1058.18067719865,58.3385684699739,-169.73605372846,-0.8,6.96430780519063
"K-20",2007,1226.05300427408,58.3385684699739,-169.73605372846,-0.7,7.11155658754201
"K-20",2008,2373.05178191428,58.3385684699739,-169.73605372846,-0.8,7.77193271735282
"K-20",2009,68.8273321669042,58.3385684699739,-169.73605372846,-0.3,4.23162299726427
"K-20",2010,0,58.3385684699739,-169.73605372846,-1.4,-6.49007147502806
"K-20",2011,151.552753662793,58.3385684699739,-169.73605372846,1.1,5.0209437925045
"K-20",2012,0,58.3385684699739,-169.73605372846,-0.6,-6.49007147502806
"K-20",2013,339.441512383053,58.3385684699739,-169.73605372846,-0.5,5.82730612974746
"K-20",2014,0,58.3385684699739,-169.73605372846,1.7,-6.49007147502806
"K-20",2015,1626.45472354088,58.3385684699739,-169.73605372846,1.6,7.39415884237374
"K-20",2016,0,58.3385684699739,-169.73605372846,4.1,-6.49007147502806
"K-20",2017,1264.72602883617,58.3385684699739,-169.73605372846,1.4,7.1426120003176
"K-20",2018,372.894113339924,58.3385684699739,-169.73605372846,3.7,5.92129857293112
"K-20",2019,0,58.3385684699739,-169.73605372846,3.2,-6.49007147502806
"K-20",2021,0,58.3385684699739,-169.73605372846,3.1,-6.49007147502806
"K-20",2022,0,58.3385684699739,-169.73605372846,0.4,-6.49007147502806
"K-20",2023,0,58.3385684699739,-169.73605372846,0.9,-6.49007147502806
"K-21",1988,18639.3833803826,58.33397,-170.383133275275,-0.1,9.83303208870493
"K-21",1989,718.219491582802,58.33397,-170.383133275275,3.1,6.57677733508629
"K-21",1990,2224.76067985517,58.33397,-170.383133275275,2.5,7.70740531171807
"K-21",1991,2330.96793623479,58.33397,-170.383133275275,0.2,7.75403953499248
"K-21",1992,31083.5135816697,58.33397,-170.383133275275,-1,10.3444328965456
"K-21",1993,451.886753712768,58.33397,-170.383133275275,1.4,6.11343496377518
"K-21",1994,13142.396790592,58.33397,-170.383133275275,-1.6,9.48359879509719
"K-21",1995,573.750708917722,58.33397,-170.383133275275,1.2,6.35219764347301
"K-21",1996,0,58.33397,-170.383133275275,2.3,-6.49007147502806
"K-21",1997,93.2612783719583,58.33397,-170.383133275275,1,4.53542128034109
"K-21",1998,0,58.33397,-170.383133275275,1.5,-6.49007147502806
"K-21",1999,17.7569368473742,58.33397,-170.383133275275,-0.4,2.87686175674571
"K-21",2000,36.549879757847,58.33397,-170.383133275275,2.1,3.59871943986412
"K-21",2001,139.074781731414,58.33397,-170.383133275275,NA,4.93502270462798
"K-21",2002,0,58.33397,-170.383133275275,0.9,-6.49007147502806
"K-21",2003,0,58.33397,-170.383133275275,2.9,-6.49007147502806
"K-21",2004,416.222504981598,58.33397,-170.383133275275,1.2,6.03122363315408
"K-21",2005,0,58.33397,-170.383133275275,3,-6.49007147502806
"K-21",2006,7582.18029671703,58.33397,-170.383133275275,-0.9,8.93355627563017
"K-21",2007,14002.2204080189,58.33397,-170.383133275275,-1.2,9.54697130503726
"K-21",2008,24798.9158675657,58.33397,-170.383133275275,-0.5,10.1185552774101
"K-21",2009,204.116028567302,58.33397,-170.383133275275,-0.4,5.31869603872094
"K-21",2010,40.9369526157109,58.33397,-170.383133275275,-1.2,3.71207023357056
"K-21",2011,1031.23555863607,58.33397,-170.383133275275,0.1,6.93851440625065
"K-21",2012,0,58.33397,-170.383133275275,-0.6,-6.49007147502806
"K-21",2013,1239.86657171141,58.33397,-170.383133275275,-1.1,7.12276027403068
"K-21",2014,459.8738313867,58.33397,-170.383133275275,1.6,6.13095547412522
"K-21",2015,12793.7058642059,58.33397,-170.383133275275,0.5,9.45670871829678
"K-21",2016,1330.8447926636,58.33397,-170.383133275275,3.7,7.19357034298584
"K-21",2017,27033.0596339646,58.33397,-170.383133275275,1.6,10.2048158830396
"K-21",2018,5124.51852692451,58.33397,-170.383133275275,3.6,8.54179214993632
"K-21",2019,0,58.33397,-170.383133275275,3.5,-6.49007147502806
"K-21",2021,0,58.33397,-170.383133275275,3.4,-6.49007147502806
"K-21",2022,0,58.33397,-170.383133275275,0,-6.49007147502806
"K-21",2023,1108.87531058973,58.33397,-170.383133275275,-0.2,7.01110291628608
"K-22",1988,466.552225596174,58.3376404133717,-171.017986213156,-0.3,6.14537322058974
"K-22",1989,191.050495754712,58.3376404133717,-171.017986213156,3,5.25254571660198
"K-22",1990,405.501161276352,58.3376404133717,-171.017986213156,0.2,6.00512748195984
"K-22",1991,190.124578829181,58.3376404133717,-171.017986213156,0.5,5.24768752186934
"K-22",1992,950.372702321147,58.3376404133717,-171.017986213156,-0.4,6.85685582362099
"K-22",1993,79.3832535534965,58.3376404133717,-171.017986213156,2.3,4.37430656137028
"K-22",1994,62.7517071479355,58.3376404133717,-171.017986213156,NA,4.13920998049011
"K-22",1995,2202.86333875396,58.3376404133717,-171.017986213156,-0.3,7.69751400002481
"K-22",1996,1514.39156076744,58.3376404133717,-171.017986213156,2.3,7.32277002989518
"K-22",1997,84.5879686642845,58.3376404133717,-171.017986213156,2.6,4.43780999298933
"K-22",1998,134.961853536453,58.3376404133717,-171.017986213156,2.1,4.90500342293543
"K-22",1999,129.08415306734,58.3376404133717,-171.017986213156,0.2,4.86047630414704
"K-22",2000,77.2820763781238,58.3376404133717,-171.017986213156,2,4.34748170562619
"K-22",2001,62.7240066532755,58.3376404133717,-171.017986213156,1.8,4.13876846358052
"K-22",2002,20.0132160087201,58.3376404133717,-171.017986213156,2.6,2.9964687247669
"K-22",2003,2376.54042842388,58.3376404133717,-171.017986213156,3.6,7.77340174658811
"K-22",2004,342.861238600295,58.3376404133717,-171.017986213156,1.4,5.8373302418489
"K-22",2005,0,58.3376404133717,-171.017986213156,3,-6.49007147502806
"K-22",2006,96.5037732001418,58.3376404133717,-171.017986213156,0.3,4.56959784249557
"K-22",2007,15038.7561533834,58.3376404133717,-171.017986213156,-0.5,9.61838599248468
"K-22",2008,2186.54627920384,58.3376404133717,-171.017986213156,0.9,7.69007923095903
"K-22",2009,180.891560068444,58.3376404133717,-171.017986213156,-0.9,5.19790613024813
"K-22",2010,20.3711971009285,58.3376404133717,-171.017986213156,0.3,3.01419653217356
"K-22",2011,9447.61726381679,58.3376404133717,-171.017986213156,1.6,9.1535180080218
"K-22",2012,2478.32408004016,58.3376404133717,-171.017986213156,-1.3,7.81533844923162
"K-22",2013,3858.20915478396,58.3376404133717,-171.017986213156,-0.1,8.25795879882403
"K-22",2014,2633.39717489014,58.3376404133717,-171.017986213156,1.5,7.87603056973112
"K-22",2015,50947.7606931098,58.3376404133717,-171.017986213156,1.2,10.8385561164213
"K-22",2016,5405.75232180264,58.3376404133717,-171.017986213156,2.9,8.59521919125344
"K-22",2017,0,58.3376404133717,-171.017986213156,1.5,-6.49007147502806
"K-22",2018,20.0004501063324,58.3376404133717,-171.017986213156,3.6,2.99583069605064
"K-22",2019,0,58.3376404133717,-171.017986213156,3.7,-6.49007147502806
"K-22",2021,20.0408505174012,58.3376404133717,-171.017986213156,3.3,2.99784848070104
"K-22",2022,108.77714409034,58.3376404133717,-171.017986213156,-0.6,4.68931519874377
"K-22",2023,59.9912103882313,58.3376404133717,-171.017986213156,1.6,4.09422336869021
"K-23",1988,113.164906973616,58.3329621530081,-171.649154507343,1.8,4.72885952649411
"K-23",1989,12001.1677182349,58.3329621530081,-171.649154507343,3,9.39275936041313
"K-23",1990,148.795779175725,58.3329621530081,-171.649154507343,0.6,5.00258496105262
"K-23",1991,470.739604729683,58.3329621530081,-171.649154507343,1.1,6.15430831057807
"K-23",1992,123.687439216443,58.3329621530081,-171.649154507343,1.6,4.81777000829115
"K-23",1993,458.726301196138,58.3329621530081,-171.649154507343,2.6,6.12845704863393
"K-23",1994,37362.4152870832,58.3329621530081,-171.649154507343,NA,10.5284205799058
"K-23",1995,1082.68116106931,58.3329621530081,-171.649154507343,0.3,6.98719720269169
"K-23",1996,4021.03821000402,58.3329621530081,-171.649154507343,3.1,8.29929578708833
"K-23",1997,20.9608836166813,58.3329621530081,-171.649154507343,2.5,3.04273045485004
"K-23",1998,6297.75215695231,58.3329621530081,-171.649154507343,2.2,8.74794828933572
"K-23",1999,0,58.3329621530081,-171.649154507343,0.7,-6.49007147502806
"K-23",2000,231.855706270019,58.3329621530081,-171.649154507343,2.5,5.44612177149276
"K-23",2001,78.726930710687,58.3329621530081,-171.649154507343,2,4.36600457868102
"K-23",2002,55.1521415001746,58.3329621530081,-171.649154507343,2.7,4.01012310688193
"K-23",2003,19.270730219849,58.3329621530081,-171.649154507343,4.1,2.95866616790278
"K-23",2004,81.8255391395733,58.3329621530081,-171.649154507343,2.5,4.40460796617615
"K-23",2005,51.8669440595617,58.3329621530081,-171.649154507343,2.9,3.94871094651345
"K-23",2006,179.595932043677,58.3329621530081,-171.649154507343,0.9,5.19071796024479
"K-23",2007,3253.12679453319,58.3329621530081,-171.649154507343,0.5,8.0873723702001
"K-23",2008,3161.57971431901,58.3329621530081,-171.649154507343,1.1,8.05882757154133
"K-23",2009,1210.0152419429,58.3329621530081,-171.649154507343,-0.3,7.09838949005136
"K-23",2010,763.075612248265,58.3329621530081,-171.649154507343,1.8,6.63735911488928
"K-23",2011,474.148399569112,58.3329621530081,-171.649154507343,1.7,6.16152355440888
"K-23",2012,39.2477211557984,58.3329621530081,-171.649154507343,0.1,3.66993207069736
"K-23",2013,96.0769487876215,58.3329621530081,-171.649154507343,1.1,4.5651652245647
"K-23",2014,20.7040903188461,58.3329621530081,-171.649154507343,2.6,3.03040461812627
"K-23",2015,76.5543424260538,58.3329621530081,-171.649154507343,0.6,4.33802068176636
"K-23",2016,162.607248882277,58.3329621530081,-171.649154507343,3,5.09134711523421
"K-23",2017,3701.70240626971,58.3329621530081,-171.649154507343,2.9,8.21654851281738
"K-23",2018,42.9066779698324,58.3329621530081,-171.649154507343,3.3,3.75906286619991
"K-23",2019,30041.175633495,58.3329621530081,-171.649154507343,3.7,10.31032429126
"K-23",2021,351.131196449959,58.3329621530081,-171.649154507343,3.2,5.86116425710309
"K-23",2022,41.2764464007954,58.3329621530081,-171.649154507343,-0.6,3.72032881863211
"K-23",2023,0,58.3329621530081,-171.649154507343,2.3,-6.49007147502806
"K-24",1988,99023.2659319796,58.3357955896021,-172.298963479524,1.8,11.5031101262545
"K-24",1989,126571.122875842,58.3357955896021,-172.298963479524,2.9,11.7485596773236
"K-24",1990,43690.294753865,58.3357955896021,-172.298963479524,-1.5,10.6848813031609
"K-24",1991,216723.965480235,58.3357955896021,-172.298963479524,1.5,12.2863797813103
"K-24",1992,24612.9530215597,58.3357955896021,-172.298963479524,1.1,10.1110281906286
"K-24",1993,55182.5112437994,58.3357955896021,-172.298963479524,3,10.9184013842887
"K-24",1994,20340.0838549599,58.3357955896021,-172.298963479524,0.5,9.92034886690939
"K-24",1995,65243.3675990147,58.3357955896021,-172.298963479524,0.8,11.0858796973
"K-24",1996,78213.1877724134,58.3357955896021,-172.298963479524,3.2,11.2671935733201
"K-24",1997,125644.565309561,58.3357955896021,-172.298963479524,3,11.7412123015116
"K-24",1998,51815.5832546445,58.3357955896021,-172.298963479524,2.4,10.8554462473422
"K-24",1999,29757.1381117723,58.3357955896021,-172.298963479524,1.1,10.3008243697515
"K-24",2000,616241.734267941,58.3357955896021,-172.298963479524,NA,13.3313945937605
"K-24",2001,197265.539790725,58.3357955896021,-172.298963479524,2.4,12.1923060255114
"K-24",2002,103816.090830043,58.3357955896021,-172.298963479524,3,11.5503762699567
"K-24",2003,202953.889936854,58.3357955896021,-172.298963479524,4.1,12.2207340965365
"K-24",2004,170209.737178537,58.3357955896021,-172.298963479524,3,12.0447867126206
"K-24",2005,91306.9436291984,58.3357955896021,-172.298963479524,3.2,11.421982133215
"K-24",2006,42115.6600130336,58.3357955896021,-172.298963479524,1.6,10.6481749583662
"K-24",2007,222195.334007047,58.3357955896021,-172.298963479524,1,12.3113121637328
"K-24",2008,154910.602284191,58.3357955896021,-172.298963479524,1.4,11.9506034798569
"K-24",2009,98306.5967673276,58.3357955896021,-172.298963479524,0.8,11.4958464278476
"K-24",2010,29900.1875658618,58.3357955896021,-172.298963479524,2.5,10.3056200832485
"K-24",2011,166891.66324052,58.3357955896021,-172.298963479524,2.2,12.0251001668747
"K-24",2012,302278.821544805,58.3357955896021,-172.298963479524,0.4,12.6191051255954
"K-24",2013,227408.123973265,58.3357955896021,-172.298963479524,1.5,12.3345015918137
"K-24",2014,129180.687482449,58.3357955896021,-172.298963479524,2.5,11.7689673932221
"K-24",2015,42461.6733079989,58.3357955896021,-172.298963479524,1.1,10.6563571792848
"K-24",2016,86728.5120488357,58.3357955896021,-172.298963479524,3.4,11.3705379849092
"K-24",2017,126033.680538167,58.3357955896021,-172.298963479524,3.1,11.7443044681201
"K-24",2018,240203.15667651,58.3357955896021,-172.298963479524,3.4,12.3892403367304
"K-24",2019,62874.3235113134,58.3357955896021,-172.298963479524,3.6,11.0488931722312
"K-24",2021,0,58.3357955896021,-172.298963479524,3,-6.49007147502806
"K-24",2022,56.8554366262954,58.3357955896021,-172.298963479524,0.7,4.0405385533779
"K-24",2023,0,58.3357955896021,-172.298963479524,2.8,-6.49007147502806
"K-25",1988,0,58.3336623191145,-172.927257462203,2,-6.49007147502806
"K-25",1989,1338.59919337149,58.3336623191145,-172.927257462203,3.1,7.19938010242493
"K-25",1990,43.2305814867999,58.3336623191145,-172.927257462203,1.8,3.76658327319428
"K-25",1991,1356.73988282714,58.3336623191145,-172.927257462203,1.7,7.21284107518074
"K-25",1992,452.901813191666,58.3336623191145,-172.927257462203,1.7,6.11567870675534
"K-25",1993,1200.63113857066,58.3336623191145,-172.927257462203,3.2,7.09060391102347
"K-25",1994,33301.6023919689,58.3336623191145,-172.927257462203,NA,10.4133608402864
"K-25",1995,52458.6104111866,58.3336623191145,-172.927257462203,2.1,10.8677797934754
"K-25",1996,792.203215760996,58.3336623191145,-172.927257462203,3.3,6.67481986118797
"K-25",1997,760.663604189467,58.3336623191145,-172.927257462203,2.8,6.63419321190515
"K-25",1998,554.335823971364,58.3336623191145,-172.927257462203,2.5,6.31777342275093
"K-25",1999,787.387452236804,58.3336623191145,-172.927257462203,1.6,6.66872237114366
"K-25",2000,1708.55927800872,58.3336623191145,-172.927257462203,2.8,7.44340665561593
"K-25",2001,196.041450335771,58.3336623191145,-172.927257462203,2.8,5.2783338636537
"K-25",2002,16804.8018693451,58.3336623191145,-172.927257462203,3.3,9.7294200404648
"K-25",2003,587.019167667004,58.3336623191145,-172.927257462203,4.3,6.37506005959469
"K-25",2004,142.250931282323,58.3336623191145,-172.927257462203,3.4,4.95760329410805
"K-25",2005,0,58.3336623191145,-172.927257462203,3.7,-6.49007147502806
"K-25",2006,19.9601413375235,58.3336623191145,-172.927257462203,2.3,2.99381342263639
"K-25",2007,38.3061560348255,58.3336623191145,-172.927257462203,1.9,3.64565025405877
"K-25",2008,97.4510465797877,58.3336623191145,-172.927257462203,1.6,4.57936574700544
"K-25",2009,96.4858565152739,58.3336623191145,-172.927257462203,1.6,4.5694121703119
"K-25",2010,0,58.3336623191145,-172.927257462203,2.8,-6.49007147502806
"K-25",2011,19518.4421705537,58.3336623191145,-172.927257462203,2.5,9.87911512774113
"K-25",2012,4948.88509576978,58.3336623191145,-172.927257462203,0.7,8.50691790384082
"K-25",2013,3829.02198204787,58.3336623191145,-172.927257462203,1.8,8.25036508895868
"K-25",2014,155.506605304302,58.3336623191145,-172.927257462203,2.6,5.04669797298636
"K-25",2015,5647.63194841422,58.3336623191145,-172.927257462203,3,8.6389918809721
"K-25",2016,0,58.3336623191145,-172.927257462203,3.6,-6.49007147502806
"K-25",2017,39.0024276773992,58.3336623191145,-172.927257462203,3.5,3.6636628235206
"K-25",2018,43.4293835934211,58.3336623191145,-172.927257462203,3.6,3.77117121616513
"K-25",2019,59.1744151924428,58.3336623191145,-172.927257462203,3.8,4.08051493276467
"K-25",2021,0,58.3336623191145,-172.927257462203,3.2,-6.49007147502806
"K-25",2022,0,58.3336623191145,-172.927257462203,2.5,-6.49007147502806
"K-25",2023,0,58.3336623191145,-172.927257462203,2.9,-6.49007147502806
"K-26",1989,9313.41784552929,58.3319607062485,-173.565843464209,3,9.13921158146272
"K-26",1990,125.182317171609,58.3319607062485,-173.565843464209,2.9,4.82978334180108
"K-26",1991,24682.9014125114,58.3319607062485,-173.565843464209,2.5,10.1138660939123
"K-26",1992,1049.64342062895,58.3319607062485,-173.565843464209,3.3,6.95620723269765
"K-26",1993,122.396090104373,58.3319607062485,-173.565843464209,3.3,4.80727483185506
"K-26",1994,36.0700683648323,58.3319607062485,-173.565843464209,2.2,3.58550548633223
"K-26",1995,890.018898988096,58.3319607062485,-173.565843464209,2.9,6.79124440339402
"K-26",1996,269.713808315795,58.3319607062485,-173.565843464209,3.7,5.59736705743817
"K-26",1997,38.835633898706,58.3319607062485,-173.565843464209,3.3,3.65937732300043
"K-26",1998,1579.80177709337,58.3319607062485,-173.565843464209,2.9,7.36505562177311
"K-26",1999,42.3151239508551,58.3319607062485,-173.565843464209,2.2,3.74518044582338
"K-26",2000,20.5686315988435,58.3319607062485,-173.565843464209,2.9,3.02384099772271
"K-26",2001,0,58.3319607062485,-173.565843464209,3.3,-6.49007147502806
"K-26",2002,5529.80558337515,58.3319607062485,-173.565843464209,3.4,8.61790821177699
"K-26",2003,14918.5117946808,58.3319607062485,-173.565843464209,4.4,9.61035822490029
"K-26",2004,3351.23454951667,58.3319607062485,-173.565843464209,3.6,8.11708453227399
"K-26",2005,0,58.3319607062485,-173.565843464209,4,-6.49007147502806
"K-26",2006,58.5116516653512,58.3319607062485,-173.565843464209,2.7,4.06925185891395
"K-26",2007,1969.98113056368,58.3319607062485,-173.565843464209,2.6,7.58578001408114
"K-26",2008,8654.83702301512,58.3319607062485,-173.565843464209,2,9.06587381249183
"K-26",2009,90.1283477402449,58.3319607062485,-173.565843464209,2.7,4.50125158783093
"K-26",2010,4618.79143707949,58.3319607062485,-173.565843464209,3.5,8.43788868490116
"K-26",2011,47535.3805062476,58.3319607062485,-173.565843464209,2.9,10.7692295974641
"K-26",2012,57745.4567479718,58.3319607062485,-173.565843464209,1.6,10.9637999805539
"K-26",2013,88099.3704578339,58.3319607062485,-173.565843464209,2.5,11.3862206833662
"K-26",2014,83165.5686030897,58.3319607062485,-173.565843464209,3.1,11.3285887205072
"K-26",2015,48929.5351080777,58.3319607062485,-173.565843464209,3.6,10.7981365141079
"K-26",2016,18648.1851156214,58.3319607062485,-173.565843464209,4.1,9.83350418892709
"K-26",2017,180.677823780852,58.3319607062485,-173.565843464209,4,5.19672387020708
"K-26",2018,0,58.3319607062485,-173.565843464209,3.8,-6.49007147502806
"K-26",2019,0,58.3319607062485,-173.565843464209,3.8,-6.49007147502806
"K-26",2021,0,58.3319607062485,-173.565843464209,3.4,-6.49007147502806
"K-26",2022,0,58.3319607062485,-173.565843464209,3.4,-6.49007147502806
"K-26",2023,0,58.3319607062485,-173.565843464209,3.5,-6.49007147502806
"K-27",1988,21.0676163270541,58.34252133829,-174.254879665428,2.8,3.04780916230883
"K-27",1989,0,58.34252133829,-174.254879665428,3.6,-6.49007147502806
"K-27",1990,0,58.34252133829,-174.254879665428,3.4,-6.49007147502806
"K-27",1991,0,58.34252133829,-174.254879665428,NA,-6.49007147502806
"K-27",1992,0,58.34252133829,-174.254879665428,3.1,-6.49007147502806
"K-27",1993,0,58.34252133829,-174.254879665428,3.6,-6.49007147502806
"K-27",1994,0,58.34252133829,-174.254879665428,NA,-6.49007147502806
"K-27",1995,4305.7287672888,58.34252133829,-174.254879665428,3,8.36770203911379
"K-27",1996,0,58.34252133829,-174.254879665428,3.5,-6.49007147502806
"K-27",1997,0,58.34252133829,-174.254879665428,3.8,-6.49007147502806
"K-27",1998,1369.09542179291,58.34252133829,-174.254879665428,3.2,7.22190663376275
"K-27",1999,0,58.34252133829,-174.254879665428,NA,-6.49007147502806
"K-27",2000,0,58.34252133829,-174.254879665428,2.9,-6.49007147502806
"K-27",2001,19.1584170268386,58.34252133829,-174.254879665428,3.6,2.95282140444269
"K-27",2002,0,58.34252133829,-174.254879665428,3.5,-6.49007147502806
"K-27",2003,0,58.34252133829,-174.254879665428,4,-6.49007147502806
"K-27",2004,81.8070807084286,58.34252133829,-174.254879665428,3.7,4.40438236215326
"K-27",2005,0,58.34252133829,-174.254879665428,4.2,-6.49007147502806
"K-27",2006,0,58.34252133829,-174.254879665428,3.6,-6.49007147502806
"K-27",2007,0,58.34252133829,-174.254879665428,3.3,-6.49007147502806
"K-27",2008,23.6964191964742,58.34252133829,-174.254879665428,2.8,3.1653880248166
"K-27",2009,0,58.34252133829,-174.254879665428,3,-6.49007147502806
"K-27",2010,0,58.34252133829,-174.254879665428,3.1,-6.49007147502806
"K-27",2011,19.7207557031394,58.34252133829,-174.254879665428,3.3,2.98174866420969
"K-27",2012,17.3889149558607,58.34252133829,-174.254879665428,2.6,2.85592025021402
"K-27",2013,193.812783123585,58.34252133829,-174.254879665428,2.8,5.26690049221409
"K-27",2014,0,58.34252133829,-174.254879665428,3.9,-6.49007147502806
"K-27",2015,19.8549455918807,58.34252133829,-174.254879665428,3.7,2.98852959807004
"K-27",2016,0,58.34252133829,-174.254879665428,3.9,-6.49007147502806
"K-27",2017,20.9060925098608,58.34252133829,-174.254879665428,3.5,3.04011325298358
"K-27",2018,0,58.34252133829,-174.254879665428,4.1,-6.49007147502806
"K-27",2019,0,58.34252133829,-174.254879665428,4,-6.49007147502806
"K-27",2021,0,58.34252133829,-174.254879665428,3.8,-6.49007147502806
"K-27",2022,0,58.34252133829,-174.254879665428,3.7,-6.49007147502806
"K-27",2023,0,58.34252133829,-174.254879665428,4,-6.49007147502806
"L-01",1988,0,58.6758675782881,-167.867003507307,2.9,-6.49007147502806
"L-01",1989,0,58.6758675782881,-167.867003507307,5.3,-6.49007147502806
"L-01",1990,0,58.6758675782881,-167.867003507307,2.8,-6.49007147502806
"L-01",1991,0,58.6758675782881,-167.867003507307,3.7,-6.49007147502806
"L-01",1992,0,58.6758675782881,-167.867003507307,4.1,-6.49007147502806
"L-01",1993,0,58.6758675782881,-167.867003507307,3.9,-6.49007147502806
"L-01",1994,427.346750816506,58.6758675782881,-167.867003507307,2,6.05759929966111
"L-01",1995,21.3661300662584,58.6758675782881,-167.867003507307,NA,3.06187802615589
"L-01",1996,0,58.6758675782881,-167.867003507307,2.3,-6.49007147502806
"L-01",1997,0,58.6758675782881,-167.867003507307,3.5,-6.49007147502806
"L-01",1998,0,58.6758675782881,-167.867003507307,3.8,-6.49007147502806
"L-01",1999,0,58.6758675782881,-167.867003507307,0.6,-6.49007147502806
"L-01",2000,41.0968272109484,58.6758675782881,-167.867003507307,2.4,3.71596786890185
"L-01",2001,0,58.6758675782881,-167.867003507307,1.8,-6.49007147502806
"L-01",2002,42.6087521017321,58.6758675782881,-167.867003507307,4.3,3.75209531675723
"L-01",2003,0,58.6758675782881,-167.867003507307,4.4,-6.49007147502806
"L-01",2004,0,58.6758675782881,-167.867003507307,3.9,-6.49007147502806
"L-01",2005,0,58.6758675782881,-167.867003507307,3.3,-6.49007147502806
"L-01",2006,0,58.6758675782881,-167.867003507307,1.9,-6.49007147502806
"L-01",2007,0,58.6758675782881,-167.867003507307,2.8,-6.49007147502806
"L-01",2008,0,58.6758675782881,-167.867003507307,1,-6.49007147502806
"L-01",2009,0,58.6758675782881,-167.867003507307,2.2,-6.49007147502806
"L-01",2010,0,58.6758675782881,-167.867003507307,1.6,-6.49007147502806
"L-01",2011,0,58.6758675782881,-167.867003507307,2,-6.49007147502806
"L-01",2012,0,58.6758675782881,-167.867003507307,2.1,-6.49007147502806
"L-01",2013,0,58.6758675782881,-167.867003507307,2.8,-6.49007147502806
"L-01",2014,0,58.6758675782881,-167.867003507307,3.4,-6.49007147502806
"L-01",2015,0,58.6758675782881,-167.867003507307,3.6,-6.49007147502806
"L-01",2016,0,58.6758675782881,-167.867003507307,5.7,-6.49007147502806
"L-01",2017,0,58.6758675782881,-167.867003507307,3.7,-6.49007147502806
"L-01",2018,0,58.6758675782881,-167.867003507307,4.4,-6.49007147502806
"L-01",2019,0,58.6758675782881,-167.867003507307,5.1,-6.49007147502806
"L-01",2021,0,58.6758675782881,-167.867003507307,3.7,-6.49007147502806
"L-01",2022,0,58.6758675782881,-167.867003507307,2.7,-6.49007147502806
"L-01",2023,0,58.6758675782881,-167.867003507307,2,-6.49007147502806
"L-02",1988,0,58.6731035714286,-167.217877602041,2.6,-6.49007147502806
"L-02",1989,0,58.6731035714286,-167.217877602041,4,-6.49007147502806
"L-02",1990,0,58.6731035714286,-167.217877602041,4.3,-6.49007147502806
"L-02",1991,0,58.6731035714286,-167.217877602041,3.8,-6.49007147502806
"L-02",1992,0,58.6731035714286,-167.217877602041,3.4,-6.49007147502806
"L-02",1993,0,58.6731035714286,-167.217877602041,4.6,-6.49007147502806
"L-02",1994,0,58.6731035714286,-167.217877602041,NA,-6.49007147502806
"L-02",1995,0,58.6731035714286,-167.217877602041,3.5,-6.49007147502806
"L-02",1996,0,58.6731035714286,-167.217877602041,4.4,-6.49007147502806
"L-02",1997,0,58.6731035714286,-167.217877602041,4.4,-6.49007147502806
"L-02",1998,0,58.6731035714286,-167.217877602041,4,-6.49007147502806
"L-02",1999,0,58.6731035714286,-167.217877602041,0.7,-6.49007147502806
"L-02",2000,0,58.6731035714286,-167.217877602041,2.2,-6.49007147502806
"L-02",2001,0,58.6731035714286,-167.217877602041,2.2,-6.49007147502806
"L-02",2002,0,58.6731035714286,-167.217877602041,4.4,-6.49007147502806
"L-02",2003,0,58.6731035714286,-167.217877602041,4.3,-6.49007147502806
"L-02",2004,0,58.6731035714286,-167.217877602041,4.3,-6.49007147502806
"L-02",2005,0,58.6731035714286,-167.217877602041,3.2,-6.49007147502806
"L-02",2006,0,58.6731035714286,-167.217877602041,2.2,-6.49007147502806
"L-02",2007,0,58.6731035714286,-167.217877602041,3.1,-6.49007147502806
"L-02",2008,0,58.6731035714286,-167.217877602041,1.3,-6.49007147502806
"L-02",2009,0,58.6731035714286,-167.217877602041,2.1,-6.49007147502806
"L-02",2010,0,58.6731035714286,-167.217877602041,1.9,-6.49007147502806
"L-02",2011,0,58.6731035714286,-167.217877602041,2.4,-6.49007147502806
"L-02",2012,0,58.6731035714286,-167.217877602041,2.4,-6.49007147502806
"L-02",2013,0,58.6731035714286,-167.217877602041,3.3,-6.49007147502806
"L-02",2014,0,58.6731035714286,-167.217877602041,3.9,-6.49007147502806
"L-02",2015,0,58.6731035714286,-167.217877602041,4.1,-6.49007147502806
"L-02",2016,0,58.6731035714286,-167.217877602041,6.3,-6.49007147502806
"L-02",2017,0,58.6731035714286,-167.217877602041,4,-6.49007147502806
"L-02",2018,0,58.6731035714286,-167.217877602041,5.1,-6.49007147502806
"L-02",2019,0,58.6731035714286,-167.217877602041,6,-6.49007147502806
"L-02",2021,0,58.6731035714286,-167.217877602041,3.8,-6.49007147502806
"L-02",2022,0,58.6731035714286,-167.217877602041,3.5,-6.49007147502806
"L-02",2023,0,58.6731035714286,-167.217877602041,1.8,-6.49007147502806
"L-03",1988,0,58.6331411111111,-166.573562666667,2.4,-6.49007147502806
"L-03",1989,0,58.6331411111111,-166.573562666667,4,-6.49007147502806
"L-03",1990,0,58.6331411111111,-166.573562666667,3.6,-6.49007147502806
"L-03",1991,0,58.6331411111111,-166.573562666667,4,-6.49007147502806
"L-03",1992,0,58.6331411111111,-166.573562666667,3.4,-6.49007147502806
"L-03",1993,0,58.6331411111111,-166.573562666667,3.6,-6.49007147502806
"L-03",1994,87.2826045828862,58.6331411111111,-166.573562666667,NA,4.4691685794485
"L-03",1995,0,58.6331411111111,-166.573562666667,3.1,-6.49007147502806
"L-03",1996,0,58.6331411111111,-166.573562666667,3.9,-6.49007147502806
"L-03",1997,0,58.6331411111111,-166.573562666667,4.3,-6.49007147502806
"L-03",1998,0,58.6331411111111,-166.573562666667,3.6,-6.49007147502806
"L-03",1999,0,58.6331411111111,-166.573562666667,0.2,-6.49007147502806
"L-03",2000,0,58.6331411111111,-166.573562666667,2.2,-6.49007147502806
"L-03",2001,0,58.6331411111111,-166.573562666667,1.8,-6.49007147502806
"L-03",2002,0,58.6331411111111,-166.573562666667,4,-6.49007147502806
"L-03",2003,0,58.6331411111111,-166.573562666667,4.3,-6.49007147502806
"L-03",2004,0,58.6331411111111,-166.573562666667,4.3,-6.49007147502806
"L-03",2005,0,58.6331411111111,-166.573562666667,2.7,-6.49007147502806
"L-03",2006,0,58.6331411111111,-166.573562666667,2.2,-6.49007147502806
"L-03",2007,0,58.6331411111111,-166.573562666667,3,-6.49007147502806
"L-03",2008,0,58.6331411111111,-166.573562666667,1.6,-6.49007147502806
"L-03",2009,0,58.6331411111111,-166.573562666667,2.3,-6.49007147502806
"L-03",2010,0,58.6331411111111,-166.573562666667,1.9,-6.49007147502806
"L-03",2011,0,58.6331411111111,-166.573562666667,2.4,-6.49007147502806
"L-03",2012,0,58.6331411111111,-166.573562666667,2.3,-6.49007147502806
"L-03",2013,0,58.6331411111111,-166.573562666667,3.2,-6.49007147502806
"L-03",2014,0,58.6331411111111,-166.573562666667,5,-6.49007147502806
"L-03",2015,0,58.6331411111111,-166.573562666667,3.7,-6.49007147502806
"L-03",2016,0,58.6331411111111,-166.573562666667,6.3,-6.49007147502806
"L-03",2017,0,58.6331411111111,-166.573562666667,4,-6.49007147502806
"L-03",2018,0,58.6331411111111,-166.573562666667,4.4,-6.49007147502806
"L-03",2019,0,58.6331411111111,-166.573562666667,7,-6.49007147502806
"L-03",2021,0,58.6331411111111,-166.573562666667,3.7,-6.49007147502806
"L-03",2022,0,58.6331411111111,-166.573562666667,3.7,-6.49007147502806
"L-03",2023,0,58.6331411111111,-166.573562666667,2.1,-6.49007147502806
"L-04",1988,0,58.6657311428571,-165.931682285714,2.9,-6.49007147502806
"L-04",1989,0,58.6657311428571,-165.931682285714,4,-6.49007147502806
"L-04",1990,0,58.6657311428571,-165.931682285714,4.4,-6.49007147502806
"L-04",1991,0,58.6657311428571,-165.931682285714,NA,-6.49007147502806
"L-04",1992,0,58.6657311428571,-165.931682285714,3.3,-6.49007147502806
"L-04",1993,0,58.6657311428571,-165.931682285714,5.1,-6.49007147502806
"L-04",1994,0,58.6657311428571,-165.931682285714,2.5,-6.49007147502806
"L-04",1995,0,58.6657311428571,-165.931682285714,4.1,-6.49007147502806
"L-04",1996,0,58.6657311428571,-165.931682285714,4.2,-6.49007147502806
"L-04",1997,0,58.6657311428571,-165.931682285714,6.2,-6.49007147502806
"L-04",1998,0,58.6657311428571,-165.931682285714,4.3,-6.49007147502806
"L-04",1999,0,58.6657311428571,-165.931682285714,0.5,-6.49007147502806
"L-04",2000,0,58.6657311428571,-165.931682285714,2.4,-6.49007147502806
"L-04",2001,0,58.6657311428571,-165.931682285714,1.9,-6.49007147502806
"L-04",2002,0,58.6657311428571,-165.931682285714,4,-6.49007147502806
"L-04",2003,0,58.6657311428571,-165.931682285714,4.9,-6.49007147502806
"L-04",2004,0,58.6657311428571,-165.931682285714,4.6,-6.49007147502806
"L-04",2005,0,58.6657311428571,-165.931682285714,3.7,-6.49007147502806
"L-04",2006,0,58.6657311428571,-165.931682285714,2.4,-6.49007147502806
"L-04",2007,0,58.6657311428571,-165.931682285714,3.3,-6.49007147502806
"L-04",2008,0,58.6657311428571,-165.931682285714,2.3,-6.49007147502806
"L-04",2009,0,58.6657311428571,-165.931682285714,2.7,-6.49007147502806
"L-04",2010,0,58.6657311428571,-165.931682285714,2.3,-6.49007147502806
"L-04",2011,0,58.6657311428571,-165.931682285714,2.7,-6.49007147502806
"L-04",2012,0,58.6657311428571,-165.931682285714,3.2,-6.49007147502806
"L-04",2013,0,58.6657311428571,-165.931682285714,4,-6.49007147502806
"L-04",2014,0,58.6657311428571,-165.931682285714,4.8,-6.49007147502806
"L-04",2015,0,58.6657311428571,-165.931682285714,4.8,-6.49007147502806
"L-04",2016,0,58.6657311428571,-165.931682285714,6.5,-6.49007147502806
"L-04",2017,0,58.6657311428571,-165.931682285714,5.1,-6.49007147502806
"L-04",2018,0,58.6657311428571,-165.931682285714,4.6,-6.49007147502806
"L-04",2019,0,58.6657311428571,-165.931682285714,7.7,-6.49007147502806
"L-04",2021,0,58.6657311428571,-165.931682285714,3.6,-6.49007147502806
"L-04",2022,0,58.6657311428571,-165.931682285714,4.7,-6.49007147502806
"L-04",2023,0,58.6657311428571,-165.931682285714,2.3,-6.49007147502806
"L-05",1988,0,58.6631683783784,-165.304130540541,3,-6.49007147502806
"L-05",1989,0,58.6631683783784,-165.304130540541,3,-6.49007147502806
"L-05",1990,0,58.6631683783784,-165.304130540541,3.7,-6.49007147502806
"L-05",1991,0,58.6631683783784,-165.304130540541,4.6,-6.49007147502806
"L-05",1992,0,58.6631683783784,-165.304130540541,3.1,-6.49007147502806
"L-05",1993,0,58.6631683783784,-165.304130540541,4.9,-6.49007147502806
"L-05",1994,0,58.6631683783784,-165.304130540541,2.3,-6.49007147502806
"L-05",1995,0,58.6631683783784,-165.304130540541,3.3,-6.49007147502806
"L-05",1996,0,58.6631683783784,-165.304130540541,4.1,-6.49007147502806
"L-05",1997,0,58.6631683783784,-165.304130540541,4.1,-6.49007147502806
"L-05",1998,0,58.6631683783784,-165.304130540541,4.2,-6.49007147502806
"L-05",1999,0,58.6631683783784,-165.304130540541,0.2,-6.49007147502806
"L-05",2000,0,58.6631683783784,-165.304130540541,2.6,-6.49007147502806
"L-05",2001,0,58.6631683783784,-165.304130540541,2.1,-6.49007147502806
"L-05",2002,0,58.6631683783784,-165.304130540541,3.3,-6.49007147502806
"L-05",2003,0,58.6631683783784,-165.304130540541,3.6,-6.49007147502806
"L-05",2004,0,58.6631683783784,-165.304130540541,4,-6.49007147502806
"L-05",2005,0,58.6631683783784,-165.304130540541,4.2,-6.49007147502806
"L-05",2006,0,58.6631683783784,-165.304130540541,1.2,-6.49007147502806
"L-05",2007,0,58.6631683783784,-165.304130540541,3,-6.49007147502806
"L-05",2008,0,58.6631683783784,-165.304130540541,1.7,-6.49007147502806
"L-05",2009,0,58.6631683783784,-165.304130540541,2.7,-6.49007147502806
"L-05",2010,0,58.6631683783784,-165.304130540541,2,-6.49007147502806
"L-05",2011,0,58.6631683783784,-165.304130540541,2.4,-6.49007147502806
"L-05",2012,0,58.6631683783784,-165.304130540541,2.9,-6.49007147502806
"L-05",2013,0,58.6631683783784,-165.304130540541,2.1,-6.49007147502806
"L-05",2014,0,58.6631683783784,-165.304130540541,3.6,-6.49007147502806
"L-05",2015,0,58.6631683783784,-165.304130540541,5.2,-6.49007147502806
"L-05",2016,0,58.6631683783784,-165.304130540541,7.2,-6.49007147502806
"L-05",2017,0,58.6631683783784,-165.304130540541,3.2,-6.49007147502806
"L-05",2018,0,58.6631683783784,-165.304130540541,4.5,-6.49007147502806
"L-05",2019,0,58.6631683783784,-165.304130540541,6.6,-6.49007147502806
"L-05",2021,0,58.6631683783784,-165.304130540541,3.5,-6.49007147502806
"L-05",2022,0,58.6631683783784,-165.304130540541,4.5,-6.49007147502806
"L-05",2023,0,58.6631683783784,-165.304130540541,2.3,-6.49007147502806
"L-06",1988,0,58.6685322857143,-164.651323142857,3.2,-6.49007147502806
"L-06",1989,0,58.6685322857143,-164.651323142857,2.6,-6.49007147502806
"L-06",1990,0,58.6685322857143,-164.651323142857,3,-6.49007147502806
"L-06",1991,0,58.6685322857143,-164.651323142857,5,-6.49007147502806
"L-06",1992,0,58.6685322857143,-164.651323142857,2.9,-6.49007147502806
"L-06",1993,0,58.6685322857143,-164.651323142857,4.9,-6.49007147502806
"L-06",1994,0,58.6685322857143,-164.651323142857,3.1,-6.49007147502806
"L-06",1995,0,58.6685322857143,-164.651323142857,NA,-6.49007147502806
"L-06",1996,0,58.6685322857143,-164.651323142857,4.6,-6.49007147502806
"L-06",1997,0,58.6685322857143,-164.651323142857,4.9,-6.49007147502806
"L-06",1998,0,58.6685322857143,-164.651323142857,NA,-6.49007147502806
"L-06",1999,0,58.6685322857143,-164.651323142857,NA,-6.49007147502806
"L-06",2000,0,58.6685322857143,-164.651323142857,2.6,-6.49007147502806
"L-06",2001,0,58.6685322857143,-164.651323142857,2.1,-6.49007147502806
"L-06",2002,0,58.6685322857143,-164.651323142857,3.6,-6.49007147502806
"L-06",2003,0,58.6685322857143,-164.651323142857,4.4,-6.49007147502806
"L-06",2004,0,58.6685322857143,-164.651323142857,4.2,-6.49007147502806
"L-06",2005,0,58.6685322857143,-164.651323142857,4.1,-6.49007147502806
"L-06",2006,0,58.6685322857143,-164.651323142857,2.4,-6.49007147502806
"L-06",2007,0,58.6685322857143,-164.651323142857,3.3,-6.49007147502806
"L-06",2008,0,58.6685322857143,-164.651323142857,1.9,-6.49007147502806
"L-06",2009,0,58.6685322857143,-164.651323142857,2.8,-6.49007147502806
"L-06",2010,0,58.6685322857143,-164.651323142857,0.7,-6.49007147502806
"L-06",2011,0,58.6685322857143,-164.651323142857,3.5,-6.49007147502806
"L-06",2012,0,58.6685322857143,-164.651323142857,2.7,-6.49007147502806
"L-06",2013,0,58.6685322857143,-164.651323142857,2.4,-6.49007147502806
"L-06",2014,0,58.6685322857143,-164.651323142857,4.7,-6.49007147502806
"L-06",2015,0,58.6685322857143,-164.651323142857,5,-6.49007147502806
"L-06",2016,0,58.6685322857143,-164.651323142857,7.6,-6.49007147502806
"L-06",2017,0,58.6685322857143,-164.651323142857,4.4,-6.49007147502806
"L-06",2018,0,58.6685322857143,-164.651323142857,4.9,-6.49007147502806
"L-06",2019,0,58.6685322857143,-164.651323142857,7.1,-6.49007147502806
"L-06",2021,0,58.6685322857143,-164.651323142857,3.5,-6.49007147502806
"L-06",2022,0,58.6685322857143,-164.651323142857,3.4,-6.49007147502806
"L-06",2023,0,58.6685322857143,-164.651323142857,1.8,-6.49007147502806
"L-07",1988,0,58.6690731428571,-164.003990285714,4.8,-6.49007147502806
"L-07",1989,0,58.6690731428571,-164.003990285714,3.3,-6.49007147502806
"L-07",1990,0,58.6690731428571,-164.003990285714,3.9,-6.49007147502806
"L-07",1991,0,58.6690731428571,-164.003990285714,5.4,-6.49007147502806
"L-07",1992,0,58.6690731428571,-164.003990285714,3.7,-6.49007147502806
"L-07",1993,0,58.6690731428571,-164.003990285714,5.8,-6.49007147502806
"L-07",1994,0,58.6690731428571,-164.003990285714,3.1,-6.49007147502806
"L-07",1995,0,58.6690731428571,-164.003990285714,NA,-6.49007147502806
"L-07",1996,0,58.6690731428571,-164.003990285714,4.8,-6.49007147502806
"L-07",1997,0,58.6690731428571,-164.003990285714,4.9,-6.49007147502806
"L-07",1998,0,58.6690731428571,-164.003990285714,NA,-6.49007147502806
"L-07",1999,0,58.6690731428571,-164.003990285714,0.5,-6.49007147502806
"L-07",2000,0,58.6690731428571,-164.003990285714,3,-6.49007147502806
"L-07",2001,0,58.6690731428571,-164.003990285714,2.3,-6.49007147502806
"L-07",2002,0,58.6690731428571,-164.003990285714,3.5,-6.49007147502806
"L-07",2003,0,58.6690731428571,-164.003990285714,4.1,-6.49007147502806
"L-07",2004,0,58.6690731428571,-164.003990285714,4.7,-6.49007147502806
"L-07",2005,0,58.6690731428571,-164.003990285714,4.1,-6.49007147502806
"L-07",2006,0,58.6690731428571,-164.003990285714,2.6,-6.49007147502806
"L-07",2007,0,58.6690731428571,-164.003990285714,3.6,-6.49007147502806
"L-07",2008,0,58.6690731428571,-164.003990285714,2.3,-6.49007147502806
"L-07",2009,0,58.6690731428571,-164.003990285714,2.9,-6.49007147502806
"L-07",2010,0,58.6690731428571,-164.003990285714,2.5,-6.49007147502806
"L-07",2011,0,58.6690731428571,-164.003990285714,3.4,-6.49007147502806
"L-07",2012,0,58.6690731428571,-164.003990285714,2.8,-6.49007147502806
"L-07",2013,0,58.6690731428571,-164.003990285714,3.1,-6.49007147502806
"L-07",2014,0,58.6690731428571,-164.003990285714,5.2,-6.49007147502806
"L-07",2015,0,58.6690731428571,-164.003990285714,4.9,-6.49007147502806
"L-07",2016,0,58.6690731428571,-164.003990285714,7.8,-6.49007147502806
"L-07",2017,0,58.6690731428571,-164.003990285714,5.5,-6.49007147502806
"L-07",2018,0,58.6690731428571,-164.003990285714,5.1,-6.49007147502806
"L-07",2019,0,58.6690731428571,-164.003990285714,7.5,-6.49007147502806
"L-07",2021,0,58.6690731428571,-164.003990285714,3.8,-6.49007147502806
"L-07",2022,0,58.6690731428571,-164.003990285714,4.5,-6.49007147502806
"L-07",2023,0,58.6690731428571,-164.003990285714,2,-6.49007147502806
"L-08",1988,0,58.6695551428571,-163.354861142857,3.7,-6.49007147502806
"L-08",1989,0,58.6695551428571,-163.354861142857,3.1,-6.49007147502806
"L-08",1990,0,58.6695551428571,-163.354861142857,5.5,-6.49007147502806
"L-08",1991,0,58.6695551428571,-163.354861142857,4.9,-6.49007147502806
"L-08",1992,0,58.6695551428571,-163.354861142857,4.4,-6.49007147502806
"L-08",1993,0,58.6695551428571,-163.354861142857,5.9,-6.49007147502806
"L-08",1994,0,58.6695551428571,-163.354861142857,3.5,-6.49007147502806
"L-08",1995,0,58.6695551428571,-163.354861142857,4.5,-6.49007147502806
"L-08",1996,0,58.6695551428571,-163.354861142857,5.5,-6.49007147502806
"L-08",1997,0,58.6695551428571,-163.354861142857,4.8,-6.49007147502806
"L-08",1998,0,58.6695551428571,-163.354861142857,5.1,-6.49007147502806
"L-08",1999,0,58.6695551428571,-163.354861142857,0.7,-6.49007147502806
"L-08",2000,0,58.6695551428571,-163.354861142857,2.2,-6.49007147502806
"L-08",2001,0,58.6695551428571,-163.354861142857,2.8,-6.49007147502806
"L-08",2002,0,58.6695551428571,-163.354861142857,4.1,-6.49007147502806
"L-08",2003,0,58.6695551428571,-163.354861142857,4.5,-6.49007147502806
"L-08",2004,0,58.6695551428571,-163.354861142857,5.1,-6.49007147502806
"L-08",2005,0,58.6695551428571,-163.354861142857,NA,-6.49007147502806
"L-08",2006,0,58.6695551428571,-163.354861142857,3.1,-6.49007147502806
"L-08",2007,0,58.6695551428571,-163.354861142857,4.2,-6.49007147502806
"L-08",2008,0,58.6695551428571,-163.354861142857,2.6,-6.49007147502806
"L-08",2009,0,58.6695551428571,-163.354861142857,3.1,-6.49007147502806
"L-08",2010,0,58.6695551428571,-163.354861142857,3.4,-6.49007147502806
"L-08",2011,0,58.6695551428571,-163.354861142857,3.9,-6.49007147502806
"L-08",2012,0,58.6695551428571,-163.354861142857,2.9,-6.49007147502806
"L-08",2013,0,58.6695551428571,-163.354861142857,3.5,-6.49007147502806
"L-08",2014,0,58.6695551428571,-163.354861142857,5.7,-6.49007147502806
"L-08",2015,0,58.6695551428571,-163.354861142857,4.7,-6.49007147502806
"L-08",2016,0,58.6695551428571,-163.354861142857,7.6,-6.49007147502806
"L-08",2017,0,58.6695551428571,-163.354861142857,4.9,-6.49007147502806
"L-08",2018,0,58.6695551428571,-163.354861142857,5.7,-6.49007147502806
"L-08",2019,0,58.6695551428571,-163.354861142857,8.1,-6.49007147502806
"L-08",2021,0,58.6695551428571,-163.354861142857,4,-6.49007147502806
"L-08",2022,0,58.6695551428571,-163.354861142857,5.1,-6.49007147502806
"L-08",2023,0,58.6695551428571,-163.354861142857,2.5,-6.49007147502806
"L-09",1988,0,58.6474851428571,-162.714494571429,3.4,-6.49007147502806
"L-09",1989,0,58.6474851428571,-162.714494571429,3.7,-6.49007147502806
"L-09",1990,0,58.6474851428571,-162.714494571429,4.2,-6.49007147502806
"L-09",1991,0,58.6474851428571,-162.714494571429,5.3,-6.49007147502806
"L-09",1992,0,58.6474851428571,-162.714494571429,4.7,-6.49007147502806
"L-09",1993,0,58.6474851428571,-162.714494571429,NA,-6.49007147502806
"L-09",1994,0,58.6474851428571,-162.714494571429,3.4,-6.49007147502806
"L-09",1995,0,58.6474851428571,-162.714494571429,5.3,-6.49007147502806
"L-09",1996,0,58.6474851428571,-162.714494571429,6.2,-6.49007147502806
"L-09",1997,0,58.6474851428571,-162.714494571429,5.4,-6.49007147502806
"L-09",1998,0,58.6474851428571,-162.714494571429,4.7,-6.49007147502806
"L-09",1999,0,58.6474851428571,-162.714494571429,NA,-6.49007147502806
"L-09",2000,0,58.6474851428571,-162.714494571429,2.9,-6.49007147502806
"L-09",2001,0,58.6474851428571,-162.714494571429,3,-6.49007147502806
"L-09",2002,0,58.6474851428571,-162.714494571429,4.2,-6.49007147502806
"L-09",2003,0,58.6474851428571,-162.714494571429,4.9,-6.49007147502806
"L-09",2004,0,58.6474851428571,-162.714494571429,5.3,-6.49007147502806
"L-09",2005,0,58.6474851428571,-162.714494571429,5.5,-6.49007147502806
"L-09",2006,0,58.6474851428571,-162.714494571429,3,-6.49007147502806
"L-09",2007,0,58.6474851428571,-162.714494571429,4.4,-6.49007147502806
"L-09",2008,0,58.6474851428571,-162.714494571429,3.3,-6.49007147502806
"L-09",2009,0,58.6474851428571,-162.714494571429,3.9,-6.49007147502806
"L-09",2010,0,58.6474851428571,-162.714494571429,3.9,-6.49007147502806
"L-09",2011,0,58.6474851428571,-162.714494571429,4,-6.49007147502806
"L-09",2012,0,58.6474851428571,-162.714494571429,4,-6.49007147502806
"L-09",2013,0,58.6474851428571,-162.714494571429,3.5,-6.49007147502806
"L-09",2014,0,58.6474851428571,-162.714494571429,6.8,-6.49007147502806
"L-09",2015,0,58.6474851428571,-162.714494571429,4.8,-6.49007147502806
"L-09",2016,0,58.6474851428571,-162.714494571429,7.6,-6.49007147502806
"L-09",2017,0,58.6474851428571,-162.714494571429,6.1,-6.49007147502806
"L-09",2018,0,58.6474851428571,-162.714494571429,6.3,-6.49007147502806
"L-09",2019,0,58.6474851428571,-162.714494571429,8,-6.49007147502806
"L-09",2021,0,58.6474851428571,-162.714494571429,4.2,-6.49007147502806
"L-09",2022,0,58.6474851428571,-162.714494571429,6,-6.49007147502806
"L-09",2023,0,58.6474851428571,-162.714494571429,2.9,-6.49007147502806
"L-18",1988,0,58.6669832335329,-168.498433486361,2.4,-6.49007147502806
"L-18",1989,0,58.6669832335329,-168.498433486361,3.4,-6.49007147502806
"L-18",1990,0,58.6669832335329,-168.498433486361,NA,-6.49007147502806
"L-18",1991,0,58.6669832335329,-168.498433486361,2.2,-6.49007147502806
"L-18",1992,0,58.6669832335329,-168.498433486361,3.5,-6.49007147502806
"L-18",1993,1055.24007767833,58.6669832335329,-168.498433486361,2.9,6.9615250207539
"L-18",1994,665.453950974971,58.6669832335329,-168.498433486361,0.2,6.50047172262185
"L-18",1995,0,58.6669832335329,-168.498433486361,NA,-6.49007147502806
"L-18",1996,0,58.6669832335329,-168.498433486361,3.6,-6.49007147502806
"L-18",1997,0,58.6669832335329,-168.498433486361,2.2,-6.49007147502806
"L-18",1998,0,58.6669832335329,-168.498433486361,3.5,-6.49007147502806
"L-18",1999,0,58.6669832335329,-168.498433486361,0.4,-6.49007147502806
"L-18",2000,68.2966204027964,58.6669832335329,-168.498433486361,1.6,4.22388251647296
"L-18",2001,0,58.6669832335329,-168.498433486361,1,-6.49007147502806
"L-18",2002,0,58.6669832335329,-168.498433486361,3.4,-6.49007147502806
"L-18",2003,0,58.6669832335329,-168.498433486361,3.1,-6.49007147502806
"L-18",2004,0,58.6669832335329,-168.498433486361,3.1,-6.49007147502806
"L-18",2005,0,58.6669832335329,-168.498433486361,2.8,-6.49007147502806
"L-18",2006,0,58.6669832335329,-168.498433486361,0.3,-6.49007147502806
"L-18",2007,0,58.6669832335329,-168.498433486361,1.4,-6.49007147502806
"L-18",2008,65.4680847934024,58.6669832335329,-168.498433486361,0.5,4.18158596216086
"L-18",2009,46.7250394819749,58.6669832335329,-168.498433486361,0.8,3.84431269516028
"L-18",2010,0,58.6669832335329,-168.498433486361,0.7,-6.49007147502806
"L-18",2011,0,58.6669832335329,-168.498433486361,2.3,-6.49007147502806
"L-18",2012,0,58.6669832335329,-168.498433486361,1.1,-6.49007147502806
"L-18",2013,0,58.6669832335329,-168.498433486361,2.2,-6.49007147502806
"L-18",2014,0,58.6669832335329,-168.498433486361,2.2,-6.49007147502806
"L-18",2015,0,58.6669832335329,-168.498433486361,2.8,-6.49007147502806
"L-18",2016,0,58.6669832335329,-168.498433486361,4.9,-6.49007147502806
"L-18",2017,21.3146295013644,58.6669832335329,-168.498433486361,2.3,3.05946490482319
"L-18",2018,0,58.6669832335329,-168.498433486361,4,-6.49007147502806
"L-18",2019,0,58.6669832335329,-168.498433486361,4.4,-6.49007147502806
"L-18",2021,0,58.6669832335329,-168.498433486361,3.5,-6.49007147502806
"L-18",2022,0,58.6669832335329,-168.498433486361,2.1,-6.49007147502806
"L-18",2023,0,58.6669832335329,-168.498433486361,0.9,-6.49007147502806
"L-19",1988,21.5637115252374,58.6606443355028,-169.152180163762,2,3.07108229388301
"L-19",1989,0,58.6606443355028,-169.152180163762,3.3,-6.49007147502806
"L-19",1990,0,58.6606443355028,-169.152180163762,0.8,-6.49007147502806
"L-19",1991,0,58.6606443355028,-169.152180163762,1.6,-6.49007147502806
"L-19",1992,393.536006150778,58.6606443355028,-169.152180163762,1.6,5.97517642440681
"L-19",1993,20.0200433400672,58.6606443355028,-169.152180163762,1.7,2.9968097818604
"L-19",1994,13273.6212785194,58.6606443355028,-169.152180163762,-1.2,9.49353409661986
"L-19",1995,1614.59285867235,58.6606443355028,-169.152180163762,-0.2,7.38683904442842
"L-19",1996,0,58.6606443355028,-169.152180163762,1.3,-6.49007147502806
"L-19",1997,0,58.6606443355028,-169.152180163762,0.4,-6.49007147502806
"L-19",1998,42.0998028904831,58.6606443355028,-169.152180163762,2.7,3.74007912572923
"L-19",1999,0,58.6606443355028,-169.152180163762,-1.1,-6.49007147502806
"L-19",2000,20.3367345432122,58.6606443355028,-169.152180163762,NA,3.01250349625735
"L-19",2001,0,58.6606443355028,-169.152180163762,1.1,-6.49007147502806
"L-19",2002,0,58.6606443355028,-169.152180163762,2.2,-6.49007147502806
"L-19",2003,19.7002136256439,58.6606443355028,-169.152180163762,2.6,2.98070655401696
"L-19",2004,20.9932773901565,58.6606443355028,-169.152180163762,2,3.04427458942253
"L-19",2005,21.0126656812373,58.6606443355028,-169.152180163762,1.7,3.04519764408748
"L-19",2006,188.633215623132,58.6606443355028,-169.152180163762,-1,5.23981252113016
"L-19",2007,0,58.6606443355028,-169.152180163762,0.1,-6.49007147502806
"L-19",2008,6976.10608512379,58.6606443355028,-169.152180163762,-0.1,8.85024639029271
"L-19",2009,19.1757572082806,58.6606443355028,-169.152180163762,-0.3,2.95372601811279
"L-19",2010,0,58.6606443355028,-169.152180163762,-0.9,-6.49007147502806
"L-19",2011,0,58.6606443355028,-169.152180163762,1.4,-6.49007147502806
"L-19",2012,0,58.6606443355028,-169.152180163762,0,-6.49007147502806
"L-19",2013,97.6907234126758,58.6606443355028,-169.152180163762,0.1,4.58182214804673
"L-19",2014,0,58.6606443355028,-169.152180163762,1.5,-6.49007147502806
"L-19",2015,168.00459741296,58.6606443355028,-169.152180163762,1,5.12400038263014
"L-19",2016,0,58.6606443355028,-169.152180163762,4.2,-6.49007147502806
"L-19",2017,20.9123059123068,58.6606443355028,-169.152180163762,0.7,3.04041039259376
"L-19",2018,0,58.6606443355028,-169.152180163762,3.8,-6.49007147502806
"L-19",2019,0,58.6606443355028,-169.152180163762,3.2,-6.49007147502806
"L-19",2021,0,58.6606443355028,-169.152180163762,3.1,-6.49007147502806
"L-19",2022,0,58.6606443355028,-169.152180163762,1.1,-6.49007147502806
"L-19",2023,0,58.6606443355028,-169.152180163762,0.4,-6.49007147502806
"L-20",1988,857.121959349176,58.6658471582229,-169.788384720187,1.2,6.75358198965388
"L-20",1989,402.539856280126,58.6658471582229,-169.788384720187,2.8,5.99779788591253
"L-20",1990,41.6810656450743,58.6658471582229,-169.788384720187,0.5,3.73008339373702
"L-20",1991,0,58.6658471582229,-169.788384720187,NA,-6.49007147502806
"L-20",1992,2898.44650076197,58.6658471582229,-169.788384720187,-0.7,7.97193070692998
"L-20",1993,116.812285776605,58.6658471582229,-169.788384720187,1.8,4.76058125020067
"L-20",1994,19368.3928308447,58.6658471582229,-169.788384720187,NA,9.87139785927829
"L-20",1995,1974.41400994788,58.6658471582229,-169.788384720187,-1,7.58802769854458
"L-20",1996,184.765913839386,58.6658471582229,-169.788384720187,1.2,5.21909791142502
"L-20",1997,20.4701384493409,58.6658471582229,-169.788384720187,0.3,3.01904133874315
"L-20",1998,0,58.6658471582229,-169.788384720187,1.8,-6.49007147502806
"L-20",1999,21.4580193188974,58.6658471582229,-169.788384720187,-1.2,3.06616919733269
"L-20",2000,0,58.6658471582229,-169.788384720187,1.8,-6.49007147502806
"L-20",2001,43.0061969636954,58.6658471582229,-169.788384720187,1.3,3.76137952760221
"L-20",2002,0,58.6658471582229,-169.788384720187,2.4,-6.49007147502806
"L-20",2003,0,58.6658471582229,-169.788384720187,2.6,-6.49007147502806
"L-20",2004,74.9840712337617,58.6658471582229,-169.788384720187,2.2,4.31729595739864
"L-20",2005,133.24239696769,58.6658471582229,-169.788384720187,2.1,4.89218139902523
"L-20",2006,2786.65627382203,58.6658471582229,-169.788384720187,-1,7.93259823281077
"L-20",2007,3274.65344225408,58.6658471582229,-169.788384720187,-0.7,8.09396778700596
"L-20",2008,2086.04636585612,58.6658471582229,-169.788384720187,-0.9,7.64302659037712
"L-20",2009,373.613178117415,58.6658471582229,-169.788384720187,0,5.9232250432627
"L-20",2010,20.4727178798551,58.6658471582229,-169.788384720187,-1.1,3.0191673308911
"L-20",2011,0,58.6658471582229,-169.788384720187,1.2,-6.49007147502806
"L-20",2012,216.465549711017,58.6658471582229,-169.788384720187,-0.4,5.37743842571784
"L-20",2013,110.531016562783,58.6658471582229,-169.788384720187,-0.7,4.70530991203912
"L-20",2014,0,58.6658471582229,-169.788384720187,1.1,-6.49007147502806
"L-20",2015,7436.63040760569,58.6658471582229,-169.788384720187,1.2,8.91417332721634
"L-20",2016,21.4089075346155,58.6658471582229,-169.788384720187,4,3.06387799848443
"L-20",2017,99.9675855178403,58.6658471582229,-169.788384720187,1,4.60486117783313
"L-20",2018,189.99481068891,58.6658471582229,-169.788384720187,3.8,5.24700475160218
"L-20",2019,0,58.6658471582229,-169.788384720187,3.1,-6.49007147502806
"L-20",2021,0,58.6658471582229,-169.788384720187,3.7,-6.49007147502806
"L-20",2022,0,58.6658471582229,-169.788384720187,0.8,-6.49007147502806
"L-20",2023,0,58.6658471582229,-169.788384720187,0.6,-6.49007147502806
"L-21",1988,1911.91778357749,58.6686386585055,-170.438356817138,0.4,7.5558628866631
"L-21",1989,2136.74331439325,58.6686386585055,-170.438356817138,2.3,7.66703884380697
"L-21",1990,3106.06431543557,58.6686386585055,-170.438356817138,-1,8.04111219919426
"L-21",1991,4556.40310828219,58.6686386585055,-170.438356817138,-0.5,8.42428913245906
"L-21",1992,17363.3107017743,58.6686386585055,-170.438356817138,-1.2,9.7621147661104
"L-21",1993,587.784266548991,58.6686386585055,-170.438356817138,0.7,6.37636257027876
"L-21",1994,4838.50223290707,58.6686386585055,-170.438356817138,-1.8,8.48436080963279
"L-21",1995,1606.24947191672,58.6686386585055,-170.438356817138,-1.1,7.38165816520813
"L-21",1996,964.083859132913,58.6686386585055,-170.438356817138,1,6.87117985663631
"L-21",1997,0,58.6686386585055,-170.438356817138,0.7,-6.49007147502806
"L-21",1998,0,58.6686386585055,-170.438356817138,1.4,-6.49007147502806
"L-21",1999,0,58.6686386585055,-170.438356817138,-1.1,-6.49007147502806
"L-21",2000,1987.93697217965,58.6686386585055,-170.438356817138,1.8,7.59485344640593
"L-21",2001,542.22880985999,58.6686386585055,-170.438356817138,1.4,6.29569087113369
"L-21",2002,0,58.6686386585055,-170.438356817138,1.7,-6.49007147502806
"L-21",2003,0,58.6686386585055,-170.438356817138,2.4,-6.49007147502806
"L-21",2004,213.157935145827,58.6686386585055,-170.438356817138,1.9,5.36204049402832
"L-21",2005,0,58.6686386585055,-170.438356817138,2.5,-6.49007147502806
"L-21",2006,32415.1123394534,58.6686386585055,-170.438356817138,-1.2,10.3863800701093
"L-21",2007,9613.33461213538,58.6686386585055,-170.438356817138,-1.3,9.17090659370603
"L-21",2008,1607.11207248799,58.6686386585055,-170.438356817138,-0.8,7.38219504832249
"L-21",2009,158.232288659087,58.6686386585055,-170.438356817138,-0.5,5.06407373098344
"L-21",2010,164.307710165046,58.6686386585055,-170.438356817138,-1.4,5.10175019270206
"L-21",2011,1258.29699977029,58.6686386585055,-170.438356817138,-0.4,7.13751570498518
"L-21",2012,829.100241788367,58.6686386585055,-170.438356817138,-0.9,6.72034289817967
"L-21",2013,359.957429413554,58.6686386585055,-170.438356817138,-1.3,5.885989991209
"L-21",2014,354.729194296133,58.6686386585055,-170.438356817138,1,5.87135894595496
"L-21",2015,10327.0869923063,58.6686386585055,-170.438356817138,0.2,9.24252567444389
"L-21",2016,302.4537353308,58.6686386585055,-170.438356817138,3.5,5.71193334511217
"L-21",2017,1331.80231135857,58.6686386585055,-170.438356817138,1.1,7.19428956532867
"L-21",2018,17862.1695947189,58.6686386585055,-170.438356817138,3.3,9.79044040992918
"L-21",2019,0,58.6686386585055,-170.438356817138,3,-6.49007147502806
"L-21",2021,0,58.6686386585055,-170.438356817138,3.1,-6.49007147502806
"L-21",2022,0,58.6686386585055,-170.438356817138,-0.1,-6.49007147502806
"L-21",2023,0,58.6686386585055,-170.438356817138,-0.5,-6.49007147502806
"L-22",1988,6388.69428450325,58.6659949911348,-171.081646641548,-1.1,8.76228542684458
"L-22",1989,1861.65228182839,58.6659949911348,-171.081646641548,2.7,7.52922051158599
"L-22",1990,1170.68464465824,58.6659949911348,-171.081646641548,-1.2,7.06534532007582
"L-22",1991,0,58.6659949911348,-171.081646641548,0.1,-6.49007147502806
"L-22",1992,10838.2589080057,58.6659949911348,-171.081646641548,-1.2,9.29083778485067
"L-22",1993,1324.79663522004,58.6659949911348,-171.081646641548,1,7.18901538995589
"L-22",1994,1574.43776037533,58.6659949911348,-171.081646641548,NA,7.36165447442162
"L-22",1995,3875.92488201483,58.6659949911348,-171.081646641548,-1.2,8.26253998429975
"L-22",1996,40752.0765475035,58.6659949911348,-171.081646641548,1.8,10.6152621128521
"L-22",1997,25.171890201258,58.6659949911348,-171.081646641548,2,3.22578822475887
"L-22",1998,19.859216684224,58.6659949911348,-171.081646641548,2,2.98874467327425
"L-22",1999,108.131208508628,58.6659949911348,-171.081646641548,-0.5,4.68335942581176
"L-22",2000,432.525576109926,58.6659949911348,-171.081646641548,NA,6.06964497076904
"L-22",2001,324.878899853583,58.6659949911348,-171.081646641548,1.3,5.78345717091125
"L-22",2002,97.5215706576072,58.6659949911348,-171.081646641548,1.2,4.58008916123081
"L-22",2003,141.164601643124,58.6659949911348,-171.081646641548,3.2,4.94993735351755
"L-22",2004,548.587564220221,58.6659949911348,-171.081646641548,0.8,6.30734967794219
"L-22",2005,8819.66805770664,58.6659949911348,-171.081646641548,2.6,9.08473968527721
"L-22",2006,413.538047456064,58.6659949911348,-171.081646641548,-0.3,6.02475319524662
"L-22",2007,34018.5411908494,58.6659949911348,-171.081646641548,-0.7,10.4346610287387
"L-22",2008,748.117375915793,58.6659949911348,-171.081646641548,-0.4,6.61756191501747
"L-22",2009,1382.6937514189,58.6659949911348,-171.081646641548,-0.9,7.23178996744374
"L-22",2010,824.591265911743,58.6659949911348,-171.081646641548,-0.1,6.71488966975212
"L-22",2011,5461.84833722577,58.6659949911348,-171.081646641548,0.7,8.60554281276279
"L-22",2012,487.345558465125,58.6659949911348,-171.081646641548,-1.1,6.18897655282863
"L-22",2013,2347.6122024638,58.6659949911348,-171.081646641548,-1.2,7.76115465331877
"L-22",2014,1584.92323009656,58.6659949911348,-171.081646641548,0.7,7.3682922079206
"L-22",2015,20470.1575544521,58.6659949911348,-171.081646641548,-0.1,9.92672344965067
"L-22",2016,17392.0490752052,58.6659949911348,-171.081646641548,2.4,9.76376851837503
"L-22",2017,2383.32222888145,58.6659949911348,-171.081646641548,1.1,7.77625132490916
"L-22",2018,10046.3063644709,58.6659949911348,-171.081646641548,3.6,9.21496047115386
"L-22",2019,472.291299127498,58.6659949911348,-171.081646641548,3.4,6.15759916943512
"L-22",2021,116.342029909681,58.6659949911348,-171.081646641548,3,4.75654743784693
"L-22",2022,186.337171657768,58.6659949911348,-171.081646641548,-0.4,5.22756593236487
"L-22",2023,12260.0189827446,58.6659949911348,-171.081646641548,0.6,9.41409888168987
"L-23",1988,26696.9006352388,58.6687354863035,-171.719012483841,0.3,10.1923028134502
"L-23",1989,26584.5453046762,58.6687354863035,-171.719012483841,3,10.1880853794556
"L-23",1990,645.346042678705,58.6687354863035,-171.719012483841,-0.4,6.46978902611419
"L-23",1991,1347.44439867403,58.6687354863035,-171.719012483841,1,7.20596616625561
"L-23",1992,347.251770011051,58.6687354863035,-171.719012483841,-0.2,5.8500544515724
"L-23",1993,588.927494179638,58.6687354863035,-171.719012483841,2.1,6.37830565452086
"L-23",1994,697.612365050608,58.6687354863035,-171.719012483841,NA,6.54766577419014
"L-23",1995,723.659001095825,58.6687354863035,-171.719012483841,-1,6.58432238675167
"L-23",1996,112.079934961923,58.6687354863035,-171.719012483841,2.5,4.71922586948925
"L-23",1997,0,58.6687354863035,-171.719012483841,2.1,-6.49007147502806
"L-23",1998,10901.7639910444,58.6687354863035,-171.719012483841,1.9,9.2966800284482
"L-23",1999,104.20226887634,58.6687354863035,-171.719012483841,0.1,4.64634847526924
"L-23",2000,9440.47546192959,58.6687354863035,-171.719012483841,2.1,9.15276178544465
"L-23",2001,39.7695929378654,58.6687354863035,-171.719012483841,2,3.68314080397219
"L-23",2002,226.818735939831,58.6687354863035,-171.719012483841,2.4,5.42415787289394
"L-23",2003,38.7852912708512,58.6687354863035,-171.719012483841,3,3.65808023293743
"L-23",2004,0,58.6687354863035,-171.719012483841,1.4,-6.49007147502806
"L-23",2005,18.4043574112541,58.6687354863035,-171.719012483841,2.4,2.91266995340466
"L-23",2006,1658.11107140939,58.6687354863035,-171.719012483841,0.2,7.41343524041612
"L-23",2007,5678.81113950922,58.6687354863035,-171.719012483841,-0.1,8.64449745077012
"L-23",2008,1762.97866328708,58.6687354863035,-171.719012483841,0.5,7.47476094111379
"L-23",2009,520.096511511628,58.6687354863035,-171.719012483841,-0.3,6.25401731294663
"L-23",2010,559.680321142155,58.6687354863035,-171.719012483841,1.2,6.32736847867201
"L-23",2011,6610.90497530506,58.6687354863035,-171.719012483841,1.5,8.79647606319264
"L-23",2012,1233.68809000923,58.6687354863035,-171.719012483841,-1.1,7.11776463996478
"L-23",2013,788.347782608903,58.6687354863035,-171.719012483841,0.6,6.66994126708372
"L-23",2014,2842.98662281641,58.6687354863035,-171.719012483841,1.1,7.95261094043473
"L-23",2015,2343.2818228736,58.6687354863035,-171.719012483841,0,7.75930836218815
"L-23",2016,0,58.6687354863035,-171.719012483841,1.9,-6.49007147502806
"L-23",2017,72384.2410364724,58.6687354863035,-171.719012483841,1.6,11.1897439104167
"L-23",2018,174.272322814069,58.6687354863035,-171.719012483841,3.4,5.1606278624021
"L-23",2019,28778.0274997144,58.6687354863035,-171.719012483841,3.6,10.2673674936679
"L-23",2021,131085.527808899,58.6687354863035,-171.719012483841,3.1,11.7836052847682
"L-23",2022,29910.140084853,58.6687354863035,-171.719012483841,-0.2,10.3059528859255
"L-23",2023,818.858483809202,58.6687354863035,-171.719012483841,2.1,6.70791313181752
"L-24",1988,11760.025137283,58.6718648789284,-172.369319698609,1,9.3724614880932
"L-24",1989,2289.27916720922,58.6718648789284,-172.369319698609,2.8,7.73599293613507
"L-24",1990,959.015424288198,58.6718648789284,-172.369319698609,NA,6.86590874180628
"L-24",1991,323.354498783765,58.6718648789284,-172.369319698609,1.4,5.7787539367321
"L-24",1992,42.8444915291872,58.6718648789284,-172.369319698609,0.9,3.75761252448092
"L-24",1993,52184.243001158,58.6718648789284,-172.369319698609,2.6,10.8625358991847
"L-24",1994,17300.0401585181,58.6718648789284,-172.369319698609,0.2,9.75846418955572
"L-24",1995,2805.65466458117,58.6718648789284,-172.369319698609,0.8,7.93939272393971
"L-24",1996,852.359232694266,58.6718648789284,-172.369319698609,3.2,6.74800985403852
"L-24",1997,11283.86056506,58.6718648789284,-172.369319698609,2.8,9.33112884974132
"L-24",1998,3281.68002718275,58.6718648789284,-172.369319698609,2.2,8.09611123635824
"L-24",1999,57.9087051122705,58.6718648789284,-172.369319698609,NA,4.0588939415781
"L-24",2000,1396.02087723945,58.6718648789284,-172.369319698609,2.4,7.2413823259443
"L-24",2001,17696.0542119335,58.6718648789284,-172.369319698609,2.1,9.78109705363751
"L-24",2002,21.4373615139775,58.6718648789284,-172.369319698609,2.6,3.06520609390755
"L-24",2003,0,58.6718648789284,-172.369319698609,4.1,-6.49007147502806
"L-24",2004,732.556264073154,58.6718648789284,-172.369319698609,2.9,6.59654222175769
"L-24",2005,760.841238899532,58.6718648789284,-172.369319698609,3,6.63442671015147
"L-24",2006,14954.3375670275,58.6718648789284,-172.369319698609,1.3,9.61275677653803
"L-24",2007,310.60492335036,58.6718648789284,-172.369319698609,0.6,5.73852665032835
"L-24",2008,128.362378832327,58.6718648789284,-172.369319698609,1.2,4.85486917783123
"L-24",2009,55635.0841730638,58.6718648789284,-172.369319698609,0.7,10.9265693188351
"L-24",2010,3149.37973566968,58.6718648789284,-172.369319698609,2.1,8.0549612852587
"L-24",2011,1148.19510483694,58.6718648789284,-172.369319698609,1.9,7.04594783684558
"L-24",2012,3838.34652967296,58.6718648789284,-172.369319698609,-0.5,8.25279735721722
"L-24",2013,165.534199940227,58.6718648789284,-172.369319698609,0.9,5.10918699256253
"L-24",2014,0,58.6718648789284,-172.369319698609,2.2,-6.49007147502806
"L-24",2015,0,58.6718648789284,-172.369319698609,1.4,-6.49007147502806
"L-24",2016,0,58.6718648789284,-172.369319698609,3.1,-6.49007147502806
"L-24",2017,63.7767559019169,58.6718648789284,-172.369319698609,2.9,4.15541260480933
"L-24",2018,508.981402658424,58.6718648789284,-172.369319698609,3.4,6.23241446215437
"L-24",2019,4641.70254575438,58.6718648789284,-172.369319698609,3.4,8.44283683301302
"L-24",2021,0,58.6718648789284,-172.369319698609,2.8,-6.49007147502806
"L-24",2022,37.0303872794975,58.6718648789284,-172.369319698609,0.4,3.61177985781871
"L-24",2023,0,58.6718648789284,-172.369319698609,2.3,-6.49007147502806
"L-25",1988,802.683013155835,58.6679475704378,-172.999655039012,2,6.68796177448507
"L-25",1989,2181.38444639005,58.6679475704378,-172.999655039012,NA,7.68771571745475
"L-25",1990,3282.52206928243,58.6679475704378,-172.999655039012,1.9,8.09636779205301
"L-25",1991,14723.1284600361,58.6679475704378,-172.999655039012,1.7,9.59717500408675
"L-25",1992,4746.8151540063,58.6679475704378,-172.999655039012,2,8.46522949813983
"L-25",1993,2969.51302738202,58.6679475704378,-172.999655039012,3,7.9961537658519
"L-25",1994,8178.69997830503,58.6679475704378,-172.999655039012,NA,9.00928867576691
"L-25",1995,21000.8662626037,58.6679475704378,-172.999655039012,1.9,9.95231903875866
"L-25",1996,37531.2023591404,58.6679475704378,-172.999655039012,3.2,10.5329279693546
"L-25",1997,29904.1171319523,58.6679475704378,-172.999655039012,2.7,10.3057514973972
"L-25",1998,24152.814714635,58.6679475704378,-172.999655039012,2.3,10.0921562664878
"L-25",1999,946.007362179456,58.6679475704378,-172.999655039012,1.4,6.85225195655531
"L-25",2000,18697.5047141549,58.6679475704378,-172.999655039012,2.7,9.8361454374042
"L-25",2001,24780.0733522245,58.6679475704378,-172.999655039012,2.7,10.1177951765936
"L-25",2002,17363.1960312592,58.6679475704378,-172.999655039012,3.3,9.76210816190423
"L-25",2003,38547.4444746677,58.6679475704378,-172.999655039012,4.3,10.5596451249967
"L-25",2004,9650.64016112057,58.6679475704378,-172.999655039012,3.3,9.17477968741362
"L-25",2005,9046.98737713812,58.6679475704378,-172.999655039012,3.6,9.11018726261022
"L-25",2006,443.337389696797,58.6679475704378,-172.999655039012,2.2,6.09433450721435
"L-25",2007,2127.33082942487,58.6679475704378,-172.999655039012,1.9,7.66262405492899
"L-25",2008,12400.1380759719,58.6679475704378,-172.999655039012,1.6,9.42546300914366
"L-25",2009,9077.03028345465,58.6679475704378,-172.999655039012,1.4,9.11350252408941
"L-25",2010,1727.99817809698,58.6679475704378,-172.999655039012,2.6,7.45471977374909
"L-25",2011,3753.47895129506,58.6679475704378,-172.999655039012,2.5,8.23043881378533
"L-25",2012,2010.03950237268,58.6679475704378,-172.999655039012,0.8,7.60591040920963
"L-25",2013,2028.97020580332,58.6679475704378,-172.999655039012,1.8,7.61528440391983
"L-25",2014,577.160906580416,58.6679475704378,-172.999655039012,2.5,6.35812372606429
"L-25",2015,791.167475085441,58.6679475704378,-172.999655039012,2.4,6.67351159036707
"L-25",2016,171.393405309857,58.6679475704378,-172.999655039012,3.3,5.14397038933263
"L-25",2017,57.0600355801065,58.6679475704378,-172.999655039012,3.3,4.04413058026518
"L-25",2018,105.665365029703,58.6679475704378,-172.999655039012,3.5,4.6602915369753
"L-25",2019,17.9761768627307,58.6679475704378,-172.999655039012,3.7,2.88913183969322
"L-25",2021,18.5381424587176,58.6679475704378,-172.999655039012,3.1,2.91991226974343
"L-25",2022,0,58.6679475704378,-172.999655039012,2.8,-6.49007147502806
"L-25",2023,0,58.6679475704378,-172.999655039012,2.8,-6.49007147502806
"L-26",1988,194.509161533516,58.6681457240143,-173.633369379928,2.8,5.27048707144298
"L-26",1989,896.155575227475,58.6681457240143,-173.633369379928,3.2,6.79811572536122
"L-26",1990,0,58.6681457240143,-173.633369379928,2.6,-6.49007147502806
"L-26",1991,0,58.6681457240143,-173.633369379928,2.3,-6.49007147502806
"L-26",1992,186.296903420511,58.6681457240143,-173.633369379928,3.2,5.22734980661613
"L-26",1993,0,58.6681457240143,-173.633369379928,3.2,-6.49007147502806
"L-26",1994,449.707907417511,58.6681457240143,-173.633369379928,2.3,6.10860165388162
"L-26",1995,44967.701949281,58.6681457240143,-173.633369379928,2.8,10.7136998103647
"L-26",1996,29508.2684522173,58.6681457240143,-173.633369379928,3.5,10.292425841029
"L-26",1997,26286.4676541045,58.6681457240143,-173.633369379928,3.1,10.1768096056442
"L-26",1998,197600.551901208,58.6681457240143,-173.633369379928,2.8,12.1940028649987
"L-26",1999,46998.9337536113,58.6681457240143,-173.633369379928,1.9,10.7578802266495
"L-26",2000,0,58.6681457240143,-173.633369379928,2.9,-6.49007147502806
"L-26",2001,21.3691854746199,58.6681457240143,-173.633369379928,3.5,3.06202100819397
"L-26",2002,18.7648210686579,58.6681457240143,-173.633369379928,3.3,2.93206481341962
"L-26",2003,37.2834200204036,58.6681457240143,-173.633369379928,4.3,3.61858945048822
"L-26",2004,7839.23775894859,58.6681457240143,-173.633369379928,3.4,8.96689707769137
"L-26",2005,290.414157466433,58.6681457240143,-173.633369379928,4.1,5.67131326188944
"L-26",2006,0,58.6681457240143,-173.633369379928,2.5,-6.49007147502806
"L-26",2007,0,58.6681457240143,-173.633369379928,2.8,-6.49007147502806
"L-26",2008,111.312454289235,58.6681457240143,-173.633369379928,2,4.71235479154929
"L-26",2009,0,58.6681457240143,-173.633369379928,2.6,-6.49007147502806
"L-26",2010,101.520256438687,58.6681457240143,-173.633369379928,3.4,4.62027330630256
"L-26",2011,8195.731981415,58.6681457240143,-173.633369379928,2.9,9.01136899295111
"L-26",2012,7771.74191206963,58.6681457240143,-173.633369379928,1.5,8.95824979792336
"L-26",2013,37631.8264610987,58.6681457240143,-173.633369379928,2.5,10.5356054601259
"L-26",2014,5912.6430953438,58.6681457240143,-173.633369379928,2.9,8.68484849149207
"L-26",2015,8628.55180673719,58.6681457240143,-173.633369379928,3.4,9.06283213678996
"L-26",2016,1949.64270017228,58.6681457240143,-173.633369379928,3.9,7.57540218291795
"L-26",2017,20.0339684521932,58.6681457240143,-173.633369379928,3.7,2.99750504589747
"L-26",2018,0,58.6681457240143,-173.633369379928,3.7,-6.49007147502806
"L-26",2019,0,58.6681457240143,-173.633369379928,3.8,-6.49007147502806
"L-26",2021,0,58.6681457240143,-173.633369379928,3.5,-6.49007147502806
"L-26",2022,0,58.6681457240143,-173.633369379928,3.3,-6.49007147502806
"L-26",2023,0,58.6681457240143,-173.633369379928,3.1,-6.49007147502806
"L-27",1988,0,58.6709036342857,-174.290313405714,3.5,-6.49007147502806
"L-27",1989,0,58.6709036342857,-174.290313405714,3.3,-6.49007147502806
"L-27",1990,0,58.6709036342857,-174.290313405714,2.7,-6.49007147502806
"L-27",1991,0,58.6709036342857,-174.290313405714,3.1,-6.49007147502806
"L-27",1992,40.759497938799,58.6709036342857,-174.290313405714,3.2,3.70772614374708
"L-27",1993,0,58.6709036342857,-174.290313405714,3.5,-6.49007147502806
"L-27",1994,0,58.6709036342857,-174.290313405714,NA,-6.49007147502806
"L-27",1995,0,58.6709036342857,-174.290313405714,3,-6.49007147502806
"L-27",1996,821.110867147153,58.6709036342857,-174.290313405714,3.5,6.71065998874131
"L-27",1997,0,58.6709036342857,-174.290313405714,3.4,-6.49007147502806
"L-27",1998,17.9518719640297,58.6709036342857,-174.290313405714,2.8,2.88777897757234
"L-27",1999,0,58.6709036342857,-174.290313405714,2.4,-6.49007147502806
"L-27",2000,0,58.6709036342857,-174.290313405714,3.1,-6.49007147502806
"L-27",2001,0,58.6709036342857,-174.290313405714,3.5,-6.49007147502806
"L-27",2002,0,58.6709036342857,-174.290313405714,3.3,-6.49007147502806
"L-27",2003,0,58.6709036342857,-174.290313405714,4.1,-6.49007147502806
"L-27",2004,0,58.6709036342857,-174.290313405714,3.5,-6.49007147502806
"L-27",2005,18.6876589037603,58.6709036342857,-174.290313405714,4,2.92794460467392
"L-27",2006,0,58.6709036342857,-174.290313405714,3.1,-6.49007147502806
"L-27",2007,0,58.6709036342857,-174.290313405714,3.1,-6.49007147502806
"L-27",2008,0,58.6709036342857,-174.290313405714,2.3,-6.49007147502806
"L-27",2009,0,58.6709036342857,-174.290313405714,2.8,-6.49007147502806
"L-27",2010,0,58.6709036342857,-174.290313405714,3.1,-6.49007147502806
"L-27",2011,38.3932993229544,58.6709036342857,-174.290313405714,3.2,3.64792249640917
"L-27",2012,395.806918025194,58.6709036342857,-174.290313405714,1.9,5.98093034791267
"L-27",2013,52920.4745326877,58.6709036342857,-174.290313405714,2.8,10.8765456138636
"L-27",2014,0,58.6709036342857,-174.290313405714,3.8,-6.49007147502806
"L-27",2015,0,58.6709036342857,-174.290313405714,3.7,-6.49007147502806
"L-27",2016,0,58.6709036342857,-174.290313405714,3.8,-6.49007147502806
"L-27",2017,0,58.6709036342857,-174.290313405714,3.7,-6.49007147502806
"L-27",2018,0,58.6709036342857,-174.290313405714,4,-6.49007147502806
"L-27",2019,0,58.6709036342857,-174.290313405714,3.8,-6.49007147502806
"L-27",2021,0,58.6709036342857,-174.290313405714,3.6,-6.49007147502806
"L-27",2022,0,58.6709036342857,-174.290313405714,3.6,-6.49007147502806
"L-27",2023,0,58.6709036342857,-174.290313405714,3.3,-6.49007147502806
"L-28",1988,0,58.7324591911765,-174.894694007353,3.5,-6.49007147502806
"L-28",1989,0,58.7324591911765,-174.894694007353,3.4,-6.49007147502806
"L-28",1990,0,58.7324591911765,-174.894694007353,3.2,-6.49007147502806
"L-28",1991,0,58.7324591911765,-174.894694007353,2.8,-6.49007147502806
"L-28",1992,27.5404724627641,58.7324591911765,-174.894694007353,3.1,3.31571178201796
"L-28",1993,0,58.7324591911765,-174.894694007353,3.3,-6.49007147502806
"L-28",1994,0,58.7324591911765,-174.894694007353,2.6,-6.49007147502806
"L-28",1995,0,58.7324591911765,-174.894694007353,2.8,-6.49007147502806
"L-28",1996,0,58.7324591911765,-174.894694007353,NA,-6.49007147502806
"L-28",1997,0,58.7324591911765,-174.894694007353,NA,-6.49007147502806
"L-28",1998,0,58.7324591911765,-174.894694007353,2.9,-6.49007147502806
"L-28",1999,0,58.7324591911765,-174.894694007353,2.1,-6.49007147502806
"L-28",2000,0,58.7324591911765,-174.894694007353,NA,-6.49007147502806
"L-28",2001,0,58.7324591911765,-174.894694007353,3.3,-6.49007147502806
"L-28",2002,0,58.7324591911765,-174.894694007353,3.2,-6.49007147502806
"L-28",2003,0,58.7324591911765,-174.894694007353,4.1,-6.49007147502806
"L-28",2004,0,58.7324591911765,-174.894694007353,3.5,-6.49007147502806
"L-28",2005,0,58.7324591911765,-174.894694007353,4,-6.49007147502806
"L-28",2006,0,58.7324591911765,-174.894694007353,3.3,-6.49007147502806
"L-28",2007,0,58.7324591911765,-174.894694007353,3.1,-6.49007147502806
"L-28",2008,0,58.7324591911765,-174.894694007353,2.5,-6.49007147502806
"L-28",2009,0,58.7324591911765,-174.894694007353,2.7,-6.49007147502806
"L-28",2010,0,58.7324591911765,-174.894694007353,3.1,-6.49007147502806
"L-28",2011,0,58.7324591911765,-174.894694007353,3.2,-6.49007147502806
"L-28",2012,0,58.7324591911765,-174.894694007353,2.2,-6.49007147502806
"L-28",2013,0,58.7324591911765,-174.894694007353,2.7,-6.49007147502806
"L-28",2014,0,58.7324591911765,-174.894694007353,3.7,-6.49007147502806
"L-28",2015,0,58.7324591911765,-174.894694007353,3.7,-6.49007147502806
"L-28",2016,0,58.7324591911765,-174.894694007353,3.7,-6.49007147502806
"L-28",2017,0,58.7324591911765,-174.894694007353,3.7,-6.49007147502806
"L-28",2018,0,58.7324591911765,-174.894694007353,4,-6.49007147502806
"L-28",2019,0,58.7324591911765,-174.894694007353,3.8,-6.49007147502806
"L-28",2021,0,58.7324591911765,-174.894694007353,3.3,-6.49007147502806
"L-28",2022,0,58.7324591911765,-174.894694007353,3.6,-6.49007147502806
"L-28",2023,0,58.7324591911765,-174.894694007353,2.9,-6.49007147502806
"L-29",1988,0,58.6669563541667,-175.54281734375,2.8,-6.49007147502806
"L-29",1989,0,58.6669563541667,-175.54281734375,3,-6.49007147502806
"L-29",1990,0,58.6669563541667,-175.54281734375,3,-6.49007147502806
"L-29",1991,0,58.6669563541667,-175.54281734375,2.2,-6.49007147502806
"L-29",1992,0,58.6669563541667,-175.54281734375,3.3,-6.49007147502806
"L-29",1993,0,58.6669563541667,-175.54281734375,3,-6.49007147502806
"L-29",1994,0,58.6669563541667,-175.54281734375,2.8,-6.49007147502806
"L-29",1995,0,58.6669563541667,-175.54281734375,2.6,-6.49007147502806
"L-29",1996,0,58.6669563541667,-175.54281734375,3.7,-6.49007147502806
"L-29",1997,0,58.6669563541667,-175.54281734375,NA,-6.49007147502806
"L-29",1998,0,58.6669563541667,-175.54281734375,3,-6.49007147502806
"L-29",1999,0,58.6669563541667,-175.54281734375,2.3,-6.49007147502806
"L-29",2000,0,58.6669563541667,-175.54281734375,2.4,-6.49007147502806
"L-29",2001,0,58.6669563541667,-175.54281734375,3,-6.49007147502806
"L-29",2002,0,58.6669563541667,-175.54281734375,3.1,-6.49007147502806
"L-29",2003,0,58.6669563541667,-175.54281734375,4.1,-6.49007147502806
"L-29",2004,0,58.6669563541667,-175.54281734375,3.2,-6.49007147502806
"L-29",2005,0,58.6669563541667,-175.54281734375,3.9,-6.49007147502806
"L-29",2006,0,58.6669563541667,-175.54281734375,2.3,-6.49007147502806
"L-29",2007,147.634334514853,58.6669563541667,-175.54281734375,2.7,4.99474878887084
"L-29",2008,0,58.6669563541667,-175.54281734375,2.2,-6.49007147502806
"L-29",2009,0,58.6669563541667,-175.54281734375,2.5,-6.49007147502806
"L-29",2010,0,58.6669563541667,-175.54281734375,2.5,-6.49007147502806
"L-29",2011,0,58.6669563541667,-175.54281734375,3.2,-6.49007147502806
"L-29",2012,254.144761137078,58.6669563541667,-175.54281734375,1.9,5.53791000509819
"L-29",2013,29505.996672449,58.6669563541667,-175.54281734375,2.7,10.2923488501642
"L-29",2014,10035.4798294029,58.6669563541667,-175.54281734375,3,9.21388222698025
"L-29",2015,16941.0567779887,58.6669563541667,-175.54281734375,3.6,9.73749543947954
"L-29",2016,1024.08231415627,58.6669563541667,-175.54281734375,2.8,6.93155367001873
"L-29",2017,20.46123592343,58.6669563541667,-175.54281734375,3.5,3.01860637335444
"L-29",2018,0,58.6669563541667,-175.54281734375,3.8,-6.49007147502806
"L-29",2019,0,58.6669563541667,-175.54281734375,3.7,-6.49007147502806
"L-29",2021,0,58.6669563541667,-175.54281734375,3.4,-6.49007147502806
"L-29",2022,0,58.6669563541667,-175.54281734375,3.6,-6.49007147502806
"L-29",2023,0,58.6669563541667,-175.54281734375,3.1,-6.49007147502806
"L-30",1988,0,58.6699110928962,-176.200058087432,2.9,-6.49007147502806
"L-30",1989,0,58.6699110928962,-176.200058087432,3.3,-6.49007147502806
"L-30",1990,0,58.6699110928962,-176.200058087432,2.3,-6.49007147502806
"L-30",1991,0,58.6699110928962,-176.200058087432,2.6,-6.49007147502806
"L-30",1992,0,58.6699110928962,-176.200058087432,2.9,-6.49007147502806
"L-30",1993,0,58.6699110928962,-176.200058087432,3,-6.49007147502806
"L-30",1994,0,58.6699110928962,-176.200058087432,3.2,-6.49007147502806
"L-30",1995,0,58.6699110928962,-176.200058087432,2.7,-6.49007147502806
"L-30",1996,0,58.6699110928962,-176.200058087432,4.4,-6.49007147502806
"L-30",1997,0,58.6699110928962,-176.200058087432,3.4,-6.49007147502806
"L-30",1998,0,58.6699110928962,-176.200058087432,2.7,-6.49007147502806
"L-30",1999,0,58.6699110928962,-176.200058087432,2.3,-6.49007147502806
"L-30",2000,0,58.6699110928962,-176.200058087432,2.5,-6.49007147502806
"L-30",2001,22.7762256393486,58.6699110928962,-176.200058087432,NA,3.12578392237865
"L-30",2002,0,58.6699110928962,-176.200058087432,3,-6.49007147502806
"L-30",2003,0,58.6699110928962,-176.200058087432,3.8,-6.49007147502806
"L-30",2004,0,58.6699110928962,-176.200058087432,3.2,-6.49007147502806
"L-30",2005,0,58.6699110928962,-176.200058087432,3.7,-6.49007147502806
"L-30",2006,0,58.6699110928962,-176.200058087432,2.8,-6.49007147502806
"L-30",2007,0,58.6699110928962,-176.200058087432,2.4,-6.49007147502806
"L-30",2008,0,58.6699110928962,-176.200058087432,2.4,-6.49007147502806
"L-30",2009,0,58.6699110928962,-176.200058087432,2.5,-6.49007147502806
"L-30",2010,0,58.6699110928962,-176.200058087432,2.8,-6.49007147502806
"L-30",2011,0,58.6699110928962,-176.200058087432,3.2,-6.49007147502806
"L-30",2012,0,58.6699110928962,-176.200058087432,2.3,-6.49007147502806
"L-30",2013,0,58.6699110928962,-176.200058087432,2.4,-6.49007147502806
"L-30",2014,0,58.6699110928962,-176.200058087432,2.8,-6.49007147502806
"L-30",2015,0,58.6699110928962,-176.200058087432,3.6,-6.49007147502806
"L-30",2016,0,58.6699110928962,-176.200058087432,3.2,-6.49007147502806
"L-30",2017,0,58.6699110928962,-176.200058087432,3.4,-6.49007147502806
"L-30",2018,0,58.6699110928962,-176.200058087432,3.7,-6.49007147502806
"L-30",2019,0,58.6699110928962,-176.200058087432,3.6,-6.49007147502806
"L-30",2021,0,58.6699110928962,-176.200058087432,2.3,-6.49007147502806
"L-30",2022,0,58.6699110928962,-176.200058087432,3.4,-6.49007147502806
"L-30",2023,0,58.6699110928962,-176.200058087432,3.2,-6.49007147502806
"L-31",1988,21.6904936064385,58.66873325,-176.842433583333,3.2,3.07694408434064
"L-31",1989,0,58.66873325,-176.842433583333,NA,-6.49007147502806
"L-31",1990,0,58.66873325,-176.842433583333,2.4,-6.49007147502806
"L-31",1991,0,58.66873325,-176.842433583333,2,-6.49007147502806
"L-31",1992,0,58.66873325,-176.842433583333,3.4,-6.49007147502806
"L-31",1993,0,58.66873325,-176.842433583333,2.9,-6.49007147502806
"L-31",1994,18.9606965096879,58.66873325,-176.842433583333,3.2,2.94244831226959
"L-31",1995,0,58.66873325,-176.842433583333,2.3,-6.49007147502806
"L-31",1996,0,58.66873325,-176.842433583333,4.1,-6.49007147502806
"L-31",1997,0,58.66873325,-176.842433583333,3.5,-6.49007147502806
"L-31",1998,0,58.66873325,-176.842433583333,2.9,-6.49007147502806
"L-31",1999,0,58.66873325,-176.842433583333,2.2,-6.49007147502806
"L-31",2000,0,58.66873325,-176.842433583333,2.5,-6.49007147502806
"L-31",2001,0,58.66873325,-176.842433583333,2.6,-6.49007147502806
"L-31",2002,0,58.66873325,-176.842433583333,3,-6.49007147502806
"L-31",2003,0,58.66873325,-176.842433583333,3.8,-6.49007147502806
"L-31",2004,0,58.66873325,-176.842433583333,3.3,-6.49007147502806
"L-31",2005,0,58.66873325,-176.842433583333,3.3,-6.49007147502806
"L-31",2006,0,58.66873325,-176.842433583333,2.5,-6.49007147502806
"L-31",2007,0,58.66873325,-176.842433583333,2.5,-6.49007147502806
"L-31",2008,0,58.66873325,-176.842433583333,2.3,-6.49007147502806
"L-31",2009,0,58.66873325,-176.842433583333,2.4,-6.49007147502806
"L-31",2010,0,58.66873325,-176.842433583333,2.6,-6.49007147502806
"L-31",2011,0,58.66873325,-176.842433583333,3.1,-6.49007147502806
"L-31",2012,0,58.66873325,-176.842433583333,2.3,-6.49007147502806
"L-31",2013,0,58.66873325,-176.842433583333,2.5,-6.49007147502806
"L-31",2014,0,58.66873325,-176.842433583333,2.6,-6.49007147502806
"L-31",2015,0,58.66873325,-176.842433583333,3.3,-6.49007147502806
"L-31",2016,0,58.66873325,-176.842433583333,3.4,-6.49007147502806
"L-31",2017,0,58.66873325,-176.842433583333,3.4,-6.49007147502806
"L-31",2018,0,58.66873325,-176.842433583333,3.6,-6.49007147502806
"L-31",2019,0,58.66873325,-176.842433583333,3.4,-6.49007147502806
"L-31",2021,0,58.66873325,-176.842433583333,2.6,-6.49007147502806
"L-31",2022,0,58.66873325,-176.842433583333,3.6,-6.49007147502806
"L-31",2023,0,58.66873325,-176.842433583333,3.1,-6.49007147502806
"M-01",1988,0,58.9995817675545,-167.896138595642,3,-6.49007147502806
"M-01",1989,0,58.9995817675545,-167.896138595642,4.9,-6.49007147502806
"M-01",1990,23.0127355744572,58.9995817675545,-167.896138595642,3.6,3.13611376374936
"M-01",1991,0,58.9995817675545,-167.896138595642,4,-6.49007147502806
"M-01",1993,19.7743778708429,58.9995817675545,-167.896138595642,4.2,2.984463838104
"M-01",1994,788.827411591962,58.9995817675545,-167.896138595642,2.3,6.67054947862049
"M-01",1995,42.1748403135399,58.9995817675545,-167.896138595642,3.6,3.74185984496141
"M-01",1996,0,58.9995817675545,-167.896138595642,4.8,-6.49007147502806
"M-01",1997,0,58.9995817675545,-167.896138595642,3.3,-6.49007147502806
"M-01",1998,0,58.9995817675545,-167.896138595642,3.8,-6.49007147502806
"M-01",1999,0,58.9995817675545,-167.896138595642,0.6,-6.49007147502806
"M-01",2000,0,58.9995817675545,-167.896138595642,2.3,-6.49007147502806
"M-01",2001,0,58.9995817675545,-167.896138595642,2.7,-6.49007147502806
"M-01",2002,0,58.9995817675545,-167.896138595642,4.2,-6.49007147502806
"M-01",2003,0,58.9995817675545,-167.896138595642,4.5,-6.49007147502806
"M-01",2004,0,58.9995817675545,-167.896138595642,4.2,-6.49007147502806
"M-01",2005,0,58.9995817675545,-167.896138595642,3.1,-6.49007147502806
"M-01",2006,0,58.9995817675545,-167.896138595642,1.8,-6.49007147502806
"M-01",2007,0,58.9995817675545,-167.896138595642,3.1,-6.49007147502806
"M-01",2008,0,58.9995817675545,-167.896138595642,1.3,-6.49007147502806
"M-01",2009,0,58.9995817675545,-167.896138595642,2.6,-6.49007147502806
"M-01",2010,0,58.9995817675545,-167.896138595642,1.5,-6.49007147502806
"M-01",2011,0,58.9995817675545,-167.896138595642,2.5,-6.49007147502806
"M-01",2012,0,58.9995817675545,-167.896138595642,-0.2,-6.49007147502806
"M-01",2013,0,58.9995817675545,-167.896138595642,2.4,-6.49007147502806
"M-01",2014,0,58.9995817675545,-167.896138595642,3.1,-6.49007147502806
"M-01",2015,0,58.9995817675545,-167.896138595642,3.6,-6.49007147502806
"M-01",2016,0,58.9995817675545,-167.896138595642,5.9,-6.49007147502806
"M-01",2017,0,58.9995817675545,-167.896138595642,4.2,-6.49007147502806
"M-01",2018,0,58.9995817675545,-167.896138595642,5.3,-6.49007147502806
"M-01",2019,0,58.9995817675545,-167.896138595642,6.2,-6.49007147502806
"M-01",2021,0,58.9995817675545,-167.896138595642,3.9,-6.49007147502806
"M-01",2022,0,58.9995817675545,-167.896138595642,4.5,-6.49007147502806
"M-01",2023,0,58.9995817675545,-167.896138595642,2,-6.49007147502806
"M-02",1988,0,59.0041753061224,-167.234775510204,3.2,-6.49007147502806
"M-02",1989,0,59.0041753061224,-167.234775510204,4.8,-6.49007147502806
"M-02",1990,0,59.0041753061224,-167.234775510204,4.2,-6.49007147502806
"M-02",1991,0,59.0041753061224,-167.234775510204,4.5,-6.49007147502806
"M-02",1992,0,59.0041753061224,-167.234775510204,3.7,-6.49007147502806
"M-02",1993,0,59.0041753061224,-167.234775510204,4.6,-6.49007147502806
"M-02",1994,0,59.0041753061224,-167.234775510204,NA,-6.49007147502806
"M-02",1995,0,59.0041753061224,-167.234775510204,4.3,-6.49007147502806
"M-02",1996,0,59.0041753061224,-167.234775510204,4.4,-6.49007147502806
"M-02",1997,0,59.0041753061224,-167.234775510204,4.1,-6.49007147502806
"M-02",1998,0,59.0041753061224,-167.234775510204,3.9,-6.49007147502806
"M-02",1999,0,59.0041753061224,-167.234775510204,0.9,-6.49007147502806
"M-02",2000,0,59.0041753061224,-167.234775510204,2.4,-6.49007147502806
"M-02",2001,0,59.0041753061224,-167.234775510204,2.7,-6.49007147502806
"M-02",2002,0,59.0041753061224,-167.234775510204,4.5,-6.49007147502806
"M-02",2003,0,59.0041753061224,-167.234775510204,4.7,-6.49007147502806
"M-02",2004,0,59.0041753061224,-167.234775510204,4.5,-6.49007147502806
"M-02",2005,0,59.0041753061224,-167.234775510204,3.7,-6.49007147502806
"M-02",2006,0,59.0041753061224,-167.234775510204,2.6,-6.49007147502806
"M-02",2007,0,59.0041753061224,-167.234775510204,4,-6.49007147502806
"M-02",2008,0,59.0041753061224,-167.234775510204,1.5,-6.49007147502806
"M-02",2009,0,59.0041753061224,-167.234775510204,2.7,-6.49007147502806
"M-02",2010,0,59.0041753061224,-167.234775510204,2.4,-6.49007147502806
"M-02",2011,0,59.0041753061224,-167.234775510204,2.6,-6.49007147502806
"M-02",2012,0,59.0041753061224,-167.234775510204,2.6,-6.49007147502806
"M-02",2013,0,59.0041753061224,-167.234775510204,2.8,-6.49007147502806
"M-02",2014,0,59.0041753061224,-167.234775510204,4.2,-6.49007147502806
"M-02",2015,0,59.0041753061224,-167.234775510204,5.5,-6.49007147502806
"M-02",2016,0,59.0041753061224,-167.234775510204,6.6,-6.49007147502806
"M-02",2017,0,59.0041753061224,-167.234775510204,4.1,-6.49007147502806
"M-02",2018,0,59.0041753061224,-167.234775510204,5.8,-6.49007147502806
"M-02",2019,0,59.0041753061224,-167.234775510204,6.4,-6.49007147502806
"M-02",2021,0,59.0041753061224,-167.234775510204,4.2,-6.49007147502806
"M-02",2022,0,59.0041753061224,-167.234775510204,4.2,-6.49007147502806
"M-02",2023,0,59.0041753061224,-167.234775510204,2.2,-6.49007147502806
"M-03",1988,0,59.0017374285714,-166.584284571429,3.5,-6.49007147502806
"M-03",1989,0,59.0017374285714,-166.584284571429,4.6,-6.49007147502806
"M-03",1990,0,59.0017374285714,-166.584284571429,NA,-6.49007147502806
"M-03",1991,0,59.0017374285714,-166.584284571429,5.6,-6.49007147502806
"M-03",1992,0,59.0017374285714,-166.584284571429,4.5,-6.49007147502806
"M-03",1993,0,59.0017374285714,-166.584284571429,4.4,-6.49007147502806
"M-03",1994,0,59.0017374285714,-166.584284571429,NA,-6.49007147502806
"M-03",1995,0,59.0017374285714,-166.584284571429,4.5,-6.49007147502806
"M-03",1996,0,59.0017374285714,-166.584284571429,4.5,-6.49007147502806
"M-03",1997,0,59.0017374285714,-166.584284571429,5.1,-6.49007147502806
"M-03",1998,0,59.0017374285714,-166.584284571429,4.4,-6.49007147502806
"M-03",1999,0,59.0017374285714,-166.584284571429,0.6,-6.49007147502806
"M-03",2000,0,59.0017374285714,-166.584284571429,3.1,-6.49007147502806
"M-03",2001,0,59.0017374285714,-166.584284571429,2.4,-6.49007147502806
"M-03",2002,0,59.0017374285714,-166.584284571429,4.5,-6.49007147502806
"M-03",2003,0,59.0017374285714,-166.584284571429,5.5,-6.49007147502806
"M-03",2004,0,59.0017374285714,-166.584284571429,5,-6.49007147502806
"M-03",2005,0,59.0017374285714,-166.584284571429,3.5,-6.49007147502806
"M-03",2006,0,59.0017374285714,-166.584284571429,3.3,-6.49007147502806
"M-03",2007,0,59.0017374285714,-166.584284571429,3.9,-6.49007147502806
"M-03",2008,0,59.0017374285714,-166.584284571429,2.4,-6.49007147502806
"M-03",2009,0,59.0017374285714,-166.584284571429,3.1,-6.49007147502806
"M-03",2010,0,59.0017374285714,-166.584284571429,2.2,-6.49007147502806
"M-03",2011,0,59.0017374285714,-166.584284571429,2.9,-6.49007147502806
"M-03",2012,0,59.0017374285714,-166.584284571429,3.6,-6.49007147502806
"M-03",2013,0,59.0017374285714,-166.584284571429,3.6,-6.49007147502806
"M-03",2014,0,59.0017374285714,-166.584284571429,5.7,-6.49007147502806
"M-03",2015,0,59.0017374285714,-166.584284571429,5.8,-6.49007147502806
"M-03",2016,0,59.0017374285714,-166.584284571429,7.7,-6.49007147502806
"M-03",2017,0,59.0017374285714,-166.584284571429,4.9,-6.49007147502806
"M-03",2018,0,59.0017374285714,-166.584284571429,5.2,-6.49007147502806
"M-03",2019,0,59.0017374285714,-166.584284571429,6.8,-6.49007147502806
"M-03",2021,0,59.0017374285714,-166.584284571429,3.6,-6.49007147502806
"M-03",2022,0,59.0017374285714,-166.584284571429,4.9,-6.49007147502806
"M-03",2023,0,59.0017374285714,-166.584284571429,2.5,-6.49007147502806
"M-04",1988,0,59.0013425714286,-165.934851714286,3.7,-6.49007147502806
"M-04",1989,0,59.0013425714286,-165.934851714286,4.5,-6.49007147502806
"M-04",1990,0,59.0013425714286,-165.934851714286,5.2,-6.49007147502806
"M-04",1991,0,59.0013425714286,-165.934851714286,5.7,-6.49007147502806
"M-04",1992,0,59.0013425714286,-165.934851714286,5,-6.49007147502806
"M-04",1993,0,59.0013425714286,-165.934851714286,5.9,-6.49007147502806
"M-04",1994,0,59.0013425714286,-165.934851714286,3.3,-6.49007147502806
"M-04",1995,0,59.0013425714286,-165.934851714286,4.8,-6.49007147502806
"M-04",1996,0,59.0013425714286,-165.934851714286,5.6,-6.49007147502806
"M-04",1997,0,59.0013425714286,-165.934851714286,6.3,-6.49007147502806
"M-04",1998,0,59.0013425714286,-165.934851714286,4.6,-6.49007147502806
"M-04",1999,0,59.0013425714286,-165.934851714286,1,-6.49007147502806
"M-04",2000,0,59.0013425714286,-165.934851714286,3.2,-6.49007147502806
"M-04",2001,0,59.0013425714286,-165.934851714286,2.8,-6.49007147502806
"M-04",2002,0,59.0013425714286,-165.934851714286,4.9,-6.49007147502806
"M-04",2003,0,59.0013425714286,-165.934851714286,5.9,-6.49007147502806
"M-04",2004,0,59.0013425714286,-165.934851714286,5.3,-6.49007147502806
"M-04",2005,0,59.0013425714286,-165.934851714286,4.4,-6.49007147502806
"M-04",2006,0,59.0013425714286,-165.934851714286,3.9,-6.49007147502806
"M-04",2007,0,59.0013425714286,-165.934851714286,4.4,-6.49007147502806
"M-04",2008,0,59.0013425714286,-165.934851714286,2.9,-6.49007147502806
"M-04",2009,0,59.0013425714286,-165.934851714286,3.2,-6.49007147502806
"M-04",2010,0,59.0013425714286,-165.934851714286,3.9,-6.49007147502806
"M-04",2011,0,59.0013425714286,-165.934851714286,3.2,-6.49007147502806
"M-04",2012,0,59.0013425714286,-165.934851714286,4.2,-6.49007147502806
"M-04",2013,0,59.0013425714286,-165.934851714286,4.7,-6.49007147502806
"M-04",2014,0,59.0013425714286,-165.934851714286,5.2,-6.49007147502806
"M-04",2015,0,59.0013425714286,-165.934851714286,6.5,-6.49007147502806
"M-04",2016,0,59.0013425714286,-165.934851714286,7.4,-6.49007147502806
"M-04",2017,0,59.0013425714286,-165.934851714286,5.1,-6.49007147502806
"M-04",2018,0,59.0013425714286,-165.934851714286,5.5,-6.49007147502806
"M-04",2019,0,59.0013425714286,-165.934851714286,7.4,-6.49007147502806
"M-04",2021,0,59.0013425714286,-165.934851714286,3.7,-6.49007147502806
"M-04",2022,0,59.0013425714286,-165.934851714286,6,-6.49007147502806
"M-04",2023,0,59.0013425714286,-165.934851714286,2.9,-6.49007147502806
"M-05",1988,0,59.001968,-165.299437714286,3.5,-6.49007147502806
"M-05",1989,0,59.001968,-165.299437714286,4.1,-6.49007147502806
"M-05",1990,0,59.001968,-165.299437714286,4.8,-6.49007147502806
"M-05",1991,0,59.001968,-165.299437714286,5.9,-6.49007147502806
"M-05",1992,0,59.001968,-165.299437714286,5.5,-6.49007147502806
"M-05",1993,0,59.001968,-165.299437714286,6,-6.49007147502806
"M-05",1994,0,59.001968,-165.299437714286,3.3,-6.49007147502806
"M-05",1995,0,59.001968,-165.299437714286,5.1,-6.49007147502806
"M-05",1996,0,59.001968,-165.299437714286,5.3,-6.49007147502806
"M-05",1997,0,59.001968,-165.299437714286,6.4,-6.49007147502806
"M-05",1998,0,59.001968,-165.299437714286,4.9,-6.49007147502806
"M-05",1999,0,59.001968,-165.299437714286,1,-6.49007147502806
"M-05",2000,0,59.001968,-165.299437714286,3.3,-6.49007147502806
"M-05",2001,0,59.001968,-165.299437714286,3,-6.49007147502806
"M-05",2002,0,59.001968,-165.299437714286,4.3,-6.49007147502806
"M-05",2003,0,59.001968,-165.299437714286,4.5,-6.49007147502806
"M-05",2004,0,59.001968,-165.299437714286,5.2,-6.49007147502806
"M-05",2005,0,59.001968,-165.299437714286,4.4,-6.49007147502806
"M-05",2006,0,59.001968,-165.299437714286,3.2,-6.49007147502806
"M-05",2007,0,59.001968,-165.299437714286,4.3,-6.49007147502806
"M-05",2008,0,59.001968,-165.299437714286,2.3,-6.49007147502806
"M-05",2009,0,59.001968,-165.299437714286,3.3,-6.49007147502806
"M-05",2010,0,59.001968,-165.299437714286,3.3,-6.49007147502806
"M-05",2011,0,59.001968,-165.299437714286,3.1,-6.49007147502806
"M-05",2012,0,59.001968,-165.299437714286,NA,-6.49007147502806
"M-05",2013,0,59.001968,-165.299437714286,3.6,-6.49007147502806
"M-05",2014,0,59.001968,-165.299437714286,5.4,-6.49007147502806
"M-05",2015,0,59.001968,-165.299437714286,5.3,-6.49007147502806
"M-05",2016,0,59.001968,-165.299437714286,8.4,-6.49007147502806
"M-05",2017,0,59.001968,-165.299437714286,5.1,-6.49007147502806
"M-05",2018,0,59.001968,-165.299437714286,5.7,-6.49007147502806
"M-05",2019,0,59.001968,-165.299437714286,7.6,-6.49007147502806
"M-05",2021,0,59.001968,-165.299437714286,3.8,-6.49007147502806
"M-05",2022,0,59.001968,-165.299437714286,6.6,-6.49007147502806
"M-05",2023,0,59.001968,-165.299437714286,3.2,-6.49007147502806
"M-06",1988,0,58.9952302857143,-164.652718857143,4,-6.49007147502806
"M-06",1989,0,58.9952302857143,-164.652718857143,NA,-6.49007147502806
"M-06",1990,0,58.9952302857143,-164.652718857143,5.2,-6.49007147502806
"M-06",1991,0,58.9952302857143,-164.652718857143,5.6,-6.49007147502806
"M-06",1992,0,58.9952302857143,-164.652718857143,4.4,-6.49007147502806
"M-06",1993,0,58.9952302857143,-164.652718857143,NA,-6.49007147502806
"M-06",1994,0,58.9952302857143,-164.652718857143,3.9,-6.49007147502806
"M-06",1995,0,58.9952302857143,-164.652718857143,4.2,-6.49007147502806
"M-06",1996,0,58.9952302857143,-164.652718857143,5.9,-6.49007147502806
"M-06",1997,0,58.9952302857143,-164.652718857143,5.9,-6.49007147502806
"M-06",1998,0,58.9952302857143,-164.652718857143,5.4,-6.49007147502806
"M-06",1999,0,58.9952302857143,-164.652718857143,NA,-6.49007147502806
"M-06",2000,0,58.9952302857143,-164.652718857143,3.3,-6.49007147502806
"M-06",2001,0,58.9952302857143,-164.652718857143,2.8,-6.49007147502806
"M-06",2002,0,58.9952302857143,-164.652718857143,4.5,-6.49007147502806
"M-06",2003,0,58.9952302857143,-164.652718857143,4.9,-6.49007147502806
"M-06",2004,0,58.9952302857143,-164.652718857143,5.9,-6.49007147502806
"M-06",2005,0,58.9952302857143,-164.652718857143,4.9,-6.49007147502806
"M-06",2006,0,58.9952302857143,-164.652718857143,3.6,-6.49007147502806
"M-06",2007,0,58.9952302857143,-164.652718857143,5.2,-6.49007147502806
"M-06",2008,0,58.9952302857143,-164.652718857143,2.4,-6.49007147502806
"M-06",2009,0,58.9952302857143,-164.652718857143,3.7,-6.49007147502806
"M-06",2010,0,58.9952302857143,-164.652718857143,3.2,-6.49007147502806
"M-06",2011,0,58.9952302857143,-164.652718857143,3.6,-6.49007147502806
"M-06",2012,0,58.9952302857143,-164.652718857143,4,-6.49007147502806
"M-06",2013,0,58.9952302857143,-164.652718857143,4.3,-6.49007147502806
"M-06",2014,0,58.9952302857143,-164.652718857143,5.8,-6.49007147502806
"M-06",2015,0,58.9952302857143,-164.652718857143,5.2,-6.49007147502806
"M-06",2016,0,58.9952302857143,-164.652718857143,8.4,-6.49007147502806
"M-06",2017,0,58.9952302857143,-164.652718857143,6,-6.49007147502806
"M-06",2018,0,58.9952302857143,-164.652718857143,5.9,-6.49007147502806
"M-06",2019,0,58.9952302857143,-164.652718857143,8.2,-6.49007147502806
"M-06",2021,0,58.9952302857143,-164.652718857143,4.1,-6.49007147502806
"M-06",2022,0,58.9952302857143,-164.652718857143,5.2,-6.49007147502806
"M-06",2023,0,58.9952302857143,-164.652718857143,2.9,-6.49007147502806
"M-07",1988,0,59.0006442857143,-164.001519714286,5,-6.49007147502806
"M-07",1989,0,59.0006442857143,-164.001519714286,4,-6.49007147502806
"M-07",1990,0,59.0006442857143,-164.001519714286,5.4,-6.49007147502806
"M-07",1991,0,59.0006442857143,-164.001519714286,6.4,-6.49007147502806
"M-07",1992,0,59.0006442857143,-164.001519714286,4.2,-6.49007147502806
"M-07",1993,0,59.0006442857143,-164.001519714286,5.9,-6.49007147502806
"M-07",1994,0,59.0006442857143,-164.001519714286,4.3,-6.49007147502806
"M-07",1995,0,59.0006442857143,-164.001519714286,4.9,-6.49007147502806
"M-07",1996,0,59.0006442857143,-164.001519714286,6.7,-6.49007147502806
"M-07",1997,0,59.0006442857143,-164.001519714286,5.5,-6.49007147502806
"M-07",1998,0,59.0006442857143,-164.001519714286,5.3,-6.49007147502806
"M-07",1999,0,59.0006442857143,-164.001519714286,0.8,-6.49007147502806
"M-07",2000,0,59.0006442857143,-164.001519714286,3.9,-6.49007147502806
"M-07",2001,0,59.0006442857143,-164.001519714286,3,-6.49007147502806
"M-07",2002,0,59.0006442857143,-164.001519714286,4.4,-6.49007147502806
"M-07",2003,0,59.0006442857143,-164.001519714286,5.7,-6.49007147502806
"M-07",2004,0,59.0006442857143,-164.001519714286,5.9,-6.49007147502806
"M-07",2005,0,59.0006442857143,-164.001519714286,4.7,-6.49007147502806
"M-07",2006,0,59.0006442857143,-164.001519714286,3.6,-6.49007147502806
"M-07",2007,0,59.0006442857143,-164.001519714286,6.4,-6.49007147502806
"M-07",2008,0,59.0006442857143,-164.001519714286,3.2,-6.49007147502806
"M-07",2009,0,59.0006442857143,-164.001519714286,4.4,-6.49007147502806
"M-07",2010,0,59.0006442857143,-164.001519714286,2.4,-6.49007147502806
"M-07",2011,0,59.0006442857143,-164.001519714286,3.7,-6.49007147502806
"M-07",2012,0,59.0006442857143,-164.001519714286,3.8,-6.49007147502806
"M-07",2013,0,59.0006442857143,-164.001519714286,4.1,-6.49007147502806
"M-07",2014,0,59.0006442857143,-164.001519714286,5.4,-6.49007147502806
"M-07",2015,0,59.0006442857143,-164.001519714286,5,-6.49007147502806
"M-07",2016,0,59.0006442857143,-164.001519714286,8.2,-6.49007147502806
"M-07",2017,0,59.0006442857143,-164.001519714286,5.9,-6.49007147502806
"M-07",2018,0,59.0006442857143,-164.001519714286,5.9,-6.49007147502806
"M-07",2019,0,59.0006442857143,-164.001519714286,8.1,-6.49007147502806
"M-07",2021,0,59.0006442857143,-164.001519714286,4.1,-6.49007147502806
"M-07",2022,0,59.0006442857143,-164.001519714286,5.4,-6.49007147502806
"M-07",2023,0,59.0006442857143,-164.001519714286,3,-6.49007147502806
"M-08",1988,0,58.9916288235294,-163.355676470588,4.4,-6.49007147502806
"M-08",1989,0,58.9916288235294,-163.355676470588,4.1,-6.49007147502806
"M-08",1990,0,58.9916288235294,-163.355676470588,5.5,-6.49007147502806
"M-08",1991,0,58.9916288235294,-163.355676470588,6.3,-6.49007147502806
"M-08",1992,0,58.9916288235294,-163.355676470588,4.4,-6.49007147502806
"M-08",1993,0,58.9916288235294,-163.355676470588,NA,-6.49007147502806
"M-08",1994,0,58.9916288235294,-163.355676470588,4.3,-6.49007147502806
"M-08",1995,0,58.9916288235294,-163.355676470588,6.7,-6.49007147502806
"M-08",1996,0,58.9916288235294,-163.355676470588,7.6,-6.49007147502806
"M-08",1997,0,58.9916288235294,-163.355676470588,6.6,-6.49007147502806
"M-08",1998,0,58.9916288235294,-163.355676470588,6.1,-6.49007147502806
"M-08",1999,0,58.9916288235294,-163.355676470588,1.3,-6.49007147502806
"M-08",2000,0,58.9916288235294,-163.355676470588,2.7,-6.49007147502806
"M-08",2001,0,58.9916288235294,-163.355676470588,4.1,-6.49007147502806
"M-08",2002,0,58.9916288235294,-163.355676470588,5.9,-6.49007147502806
"M-08",2003,0,58.9916288235294,-163.355676470588,6.1,-6.49007147502806
"M-08",2004,0,58.9916288235294,-163.355676470588,6.3,-6.49007147502806
"M-08",2005,0,58.9916288235294,-163.355676470588,7,-6.49007147502806
"M-08",2006,0,58.9916288235294,-163.355676470588,4.7,-6.49007147502806
"M-08",2007,0,58.9916288235294,-163.355676470588,6.6,-6.49007147502806
"M-08",2009,0,58.9916288235294,-163.355676470588,4.5,-6.49007147502806
"M-08",2010,0,58.9916288235294,-163.355676470588,3.1,-6.49007147502806
"M-08",2011,0,58.9916288235294,-163.355676470588,4.6,-6.49007147502806
"M-08",2012,0,58.9916288235294,-163.355676470588,4,-6.49007147502806
"M-08",2013,0,58.9916288235294,-163.355676470588,4.8,-6.49007147502806
"M-08",2014,0,58.9916288235294,-163.355676470588,6.9,-6.49007147502806
"M-08",2015,0,58.9916288235294,-163.355676470588,5.1,-6.49007147502806
"M-08",2016,0,58.9916288235294,-163.355676470588,8.7,-6.49007147502806
"M-08",2017,0,58.9916288235294,-163.355676470588,5.8,-6.49007147502806
"M-08",2018,0,58.9916288235294,-163.355676470588,7.2,-6.49007147502806
"M-08",2019,0,58.9916288235294,-163.355676470588,9.3,-6.49007147502806
"M-08",2021,0,58.9916288235294,-163.355676470588,4.3,-6.49007147502806
"M-08",2022,0,58.9916288235294,-163.355676470588,7,-6.49007147502806
"M-08",2023,0,58.9916288235294,-163.355676470588,3.8,-6.49007147502806
"M-18",1988,0,58.9999726075269,-168.536530094086,2.3,-6.49007147502806
"M-18",1989,0,58.9999726075269,-168.536530094086,4,-6.49007147502806
"M-18",1990,0,58.9999726075269,-168.536530094086,NA,-6.49007147502806
"M-18",1991,0,58.9999726075269,-168.536530094086,3.2,-6.49007147502806
"M-18",1993,1834.17106248426,58.9999726075269,-168.536530094086,NA,7.51434874922058
"M-18",1994,226.743802891923,58.9999726075269,-168.536530094086,2,5.42382745518765
"M-18",1995,49.4263419773161,58.9999726075269,-168.536530094086,3,3.90051424128776
"M-18",1996,0,58.9999726075269,-168.536530094086,3.9,-6.49007147502806
"M-18",1997,0,58.9999726075269,-168.536530094086,2.6,-6.49007147502806
"M-18",1998,0,58.9999726075269,-168.536530094086,4.1,-6.49007147502806
"M-18",1999,0,58.9999726075269,-168.536530094086,0.6,-6.49007147502806
"M-18",2000,22.4218232615373,58.9999726075269,-168.536530094086,1.9,3.11010245658225
"M-18",2001,0,58.9999726075269,-168.536530094086,1.2,-6.49007147502806
"M-18",2002,0,58.9999726075269,-168.536530094086,3.9,-6.49007147502806
"M-18",2003,0,58.9999726075269,-168.536530094086,4.7,-6.49007147502806
"M-18",2004,0,58.9999726075269,-168.536530094086,4.2,-6.49007147502806
"M-18",2005,0,58.9999726075269,-168.536530094086,3,-6.49007147502806
"M-18",2006,0,58.9999726075269,-168.536530094086,1.4,-6.49007147502806
"M-18",2007,0,58.9999726075269,-168.536530094086,1.5,-6.49007147502806
"M-18",2008,0,58.9999726075269,-168.536530094086,0.7,-6.49007147502806
"M-18",2009,22.3775122383894,58.9999726075269,-168.536530094086,2,3.10812439000938
"M-18",2010,0,58.9999726075269,-168.536530094086,1.4,-6.49007147502806
"M-18",2011,0,58.9999726075269,-168.536530094086,3,-6.49007147502806
"M-18",2012,0,58.9999726075269,-168.536530094086,-1.2,-6.49007147502806
"M-18",2013,0,58.9999726075269,-168.536530094086,2.9,-6.49007147502806
"M-18",2014,0,58.9999726075269,-168.536530094086,2.6,-6.49007147502806
"M-18",2015,0,58.9999726075269,-168.536530094086,3,-6.49007147502806
"M-18",2016,0,58.9999726075269,-168.536530094086,5.5,-6.49007147502806
"M-18",2017,0,58.9999726075269,-168.536530094086,4,-6.49007147502806
"M-18",2018,0,58.9999726075269,-168.536530094086,4.9,-6.49007147502806
"M-18",2019,0,58.9999726075269,-168.536530094086,5.5,-6.49007147502806
"M-18",2021,0,58.9999726075269,-168.536530094086,3.6,-6.49007147502806
"M-18",2022,0,58.9999726075269,-168.536530094086,3,-6.49007147502806
"M-18",2023,0,58.9999726075269,-168.536530094086,2.3,-6.49007147502806
"M-19",1988,0,59.0026235131018,-169.184162340037,2.2,-6.49007147502806
"M-19",1989,0,59.0026235131018,-169.184162340037,3.5,-6.49007147502806
"M-19",1990,0,59.0026235131018,-169.184162340037,1.3,-6.49007147502806
"M-19",1991,0,59.0026235131018,-169.184162340037,2.5,-6.49007147502806
"M-19",1992,61.5669866403708,59.0026235131018,-169.184162340037,3,4.12015045863557
"M-19",1993,1596.67890912215,59.0026235131018,-169.184162340037,2.1,7.37568202021493
"M-19",1994,25273.1461144961,59.0026235131018,-169.184162340037,0.3,10.137497752694
"M-19",1995,1147.59453939642,59.0026235131018,-169.184162340037,1.1,7.04542464896441
"M-19",1996,0,59.0026235131018,-169.184162340037,2.8,-6.49007147502806
"M-19",1997,0,59.0026235131018,-169.184162340037,0.9,-6.49007147502806
"M-19",1998,0,59.0026235131018,-169.184162340037,3,-6.49007147502806
"M-19",1999,153.072442517363,59.0026235131018,-169.184162340037,-0.3,5.03092120954308
"M-19",2000,0,59.0026235131018,-169.184162340037,2,-6.49007147502806
"M-19",2001,0,59.0026235131018,-169.184162340037,0.4,-6.49007147502806
"M-19",2002,0,59.0026235131018,-169.184162340037,2.5,-6.49007147502806
"M-19",2003,0,59.0026235131018,-169.184162340037,3.2,-6.49007147502806
"M-19",2004,0,59.0026235131018,-169.184162340037,2.9,-6.49007147502806
"M-19",2005,0,59.0026235131018,-169.184162340037,2,-6.49007147502806
"M-19",2006,65.2319992495217,59.0026235131018,-169.184162340037,0.1,4.17797341184125
"M-19",2007,0,59.0026235131018,-169.184162340037,0.5,-6.49007147502806
"M-19",2008,532.677205073742,59.0026235131018,-169.184162340037,0.3,6.2779184722847
"M-19",2009,1112.71497987689,59.0026235131018,-169.184162340037,1,7.01455960033635
"M-19",2010,0,59.0026235131018,-169.184162340037,0.5,-6.49007147502806
"M-19",2011,22.4579064053548,59.0026235131018,-169.184162340037,2.2,3.11171034104957
"M-19",2012,23.1405098180755,59.0026235131018,-169.184162340037,-1.3,3.14165036954704
"M-19",2013,0,59.0026235131018,-169.184162340037,1.9,-6.49007147502806
"M-19",2014,0,59.0026235131018,-169.184162340037,1,-6.49007147502806
"M-19",2015,0,59.0026235131018,-169.184162340037,1.8,-6.49007147502806
"M-19",2016,0,59.0026235131018,-169.184162340037,4.8,-6.49007147502806
"M-19",2017,0,59.0026235131018,-169.184162340037,2.8,-6.49007147502806
"M-19",2018,0,59.0026235131018,-169.184162340037,4.2,-6.49007147502806
"M-19",2019,0,59.0026235131018,-169.184162340037,4.4,-6.49007147502806
"M-19",2021,0,59.0026235131018,-169.184162340037,3.1,-6.49007147502806
"M-19",2022,0,59.0026235131018,-169.184162340037,1.6,-6.49007147502806
"M-19",2023,0,59.0026235131018,-169.184162340037,0.7,-6.49007147502806
"M-20",1988,26.6601855343163,59.0013189578631,-169.840699736644,1.7,3.28322822774147
"M-20",1989,0,59.0013189578631,-169.840699736644,2.3,-6.49007147502806
"M-20",1990,0,59.0013189578631,-169.840699736644,0.6,-6.49007147502806
"M-20",1991,193.401783339717,59.0013189578631,-169.840699736644,NA,5.26477765515987
"M-20",1992,3563.85683258902,59.0013189578631,-169.840699736644,-0.7,8.17859904342082
"M-20",1993,86.0669156438793,59.0013189578631,-169.840699736644,1.8,4.45514272498307
"M-20",1994,23634.0465599364,59.0013189578631,-169.840699736644,NA,10.0704436664855
"M-20",1995,67666.7930591945,59.0013189578631,-169.840699736644,-0.6,11.1223508596639
"M-20",1996,234.894997507529,59.0013189578631,-169.840699736644,1.9,5.45914505949017
"M-20",1997,0,59.0013189578631,-169.840699736644,-0.1,-6.49007147502806
"M-20",1998,0,59.0013189578631,-169.840699736644,2.2,-6.49007147502806
"M-20",1999,20.81368000079,59.0013189578631,-169.840699736644,-1.3,3.03568341417169
"M-20",2000,0,59.0013189578631,-169.840699736644,1.4,-6.49007147502806
"M-20",2001,20.9898104000266,59.0013189578631,-169.840699736644,0.8,3.04410944009451
"M-20",2002,21.5696669413566,59.0013189578631,-169.840699736644,2.3,3.07135841400607
"M-20",2003,0,59.0013189578631,-169.840699736644,2.5,-6.49007147502806
"M-20",2004,93.800568633051,59.0013189578631,-169.840699736644,2.1,4.54118710601544
"M-20",2005,0,59.0013189578631,-169.840699736644,NA,-6.49007147502806
"M-20",2006,1657.1672045799,59.0013189578631,-169.840699736644,-0.7,7.41286583663652
"M-20",2007,552.751301398268,59.0013189578631,-169.840699736644,-1.1,6.31491092119671
"M-20",2008,3727.43713234765,59.0013189578631,-169.840699736644,-0.9,8.22347658796237
"M-20",2009,343.679324664163,59.0013189578631,-169.840699736644,-0.3,5.83971344504502
"M-20",2010,58.0142984679229,59.0013189578631,-169.840699736644,-1.2,4.06071567868626
"M-20",2011,21.6513641823709,59.0013189578631,-169.840699736644,0.9,3.07513859213699
"M-20",2012,0,59.0013189578631,-169.840699736644,-1,-6.49007147502806
"M-20",2013,142.889392305074,59.0013189578631,-169.840699736644,-0.8,4.96208147721344
"M-20",2014,0,59.0013189578631,-169.840699736644,0.7,-6.49007147502806
"M-20",2015,128.879858958732,59.0013189578631,-169.840699736644,0,4.85889242626665
"M-20",2016,0,59.0013189578631,-169.840699736644,3.8,-6.49007147502806
"M-20",2017,0,59.0013189578631,-169.840699736644,1,-6.49007147502806
"M-20",2018,108.49841780591,59.0013189578631,-169.840699736644,3.7,4.68674958538941
"M-20",2019,0,59.0013189578631,-169.840699736644,3.1,-6.49007147502806
"M-20",2021,0,59.0013189578631,-169.840699736644,3.5,-6.49007147502806
"M-20",2022,0,59.0013189578631,-169.840699736644,0.9,-6.49007147502806
"M-20",2023,0,59.0013189578631,-169.840699736644,0.3,-6.49007147502806
"M-21",1988,27042.2517902858,59.0048011476891,-170.483986363284,1,10.2051558591083
"M-21",1989,10845.358636952,59.0048011476891,-170.483986363284,2.9,9.29149263205879
"M-21",1990,298.634331082459,59.0048011476891,-170.483986363284,-1.3,5.69922493658225
"M-21",1991,3097.7187924881,59.0048011476891,-170.483986363284,-0.7,8.03842173637467
"M-21",1992,23411.6455439726,59.0048011476891,-170.483986363284,-1.2,10.0609889152254
"M-21",1993,63.3339700749255,59.0048011476891,-170.483986363284,1.7,4.14844581210391
"M-21",1994,2187.4381726236,59.0048011476891,-170.483986363284,-1.8,7.69048704805244
"M-21",1995,2461.37137316243,59.0048011476891,-170.483986363284,-1.2,7.80847455927176
"M-21",1996,684.128758678832,59.0048011476891,-170.483986363284,0.7,6.52814836311137
"M-21",1997,43.2697366452028,59.0048011476891,-170.483986363284,-0.1,3.76748855972499
"M-21",1998,0,59.0048011476891,-170.483986363284,1.5,-6.49007147502806
"M-21",1999,0,59.0048011476891,-170.483986363284,-1.5,-6.49007147502806
"M-21",2000,149.1229218569,59.0048011476891,-170.483986363284,1.8,5.00478112716627
"M-21",2001,42.4175050407359,59.0048011476891,-170.483986363284,1.2,3.74759692862662
"M-21",2002,0,59.0048011476891,-170.483986363284,2.3,-6.49007147502806
"M-21",2003,40.393719746734,59.0048011476891,-170.483986363284,2.4,3.69871191136701
"M-21",2004,110.881331791947,59.0048011476891,-170.483986363284,2.1,4.70847424067056
"M-21",2005,0,59.0048011476891,-170.483986363284,1.8,-6.49007147502806
"M-21",2006,2226.84618579328,59.0048011476891,-170.483986363284,NA,7.70834227885416
"M-21",2007,1676.14061404715,59.0048011476891,-170.483986363284,-1.4,7.42425008203321
"M-21",2008,4819.51657244082,59.0048011476891,-170.483986363284,-1.2,8.48042922090124
"M-21",2009,524.300451977176,59.0048011476891,-170.483986363284,-0.8,6.26206779775882
"M-21",2010,821.292568389787,59.0048011476891,-170.483986363284,-1.5,6.71088125095189
"M-21",2011,1159.0112581596,59.0048011476891,-170.483986363284,0.2,7.05532386709269
"M-21",2012,669.530417941074,59.0048011476891,-170.483986363284,-1.2,6.50657886583303
"M-21",2013,561.312777056006,59.0048011476891,-170.483986363284,-1.2,6.3302809901727
"M-21",2014,0,59.0048011476891,-170.483986363284,0.3,-6.49007147502806
"M-21",2015,2491.93473167216,59.0048011476891,-170.483986363284,-0.8,7.82081529776336
"M-21",2016,89.9284574842675,59.0048011476891,-170.483986363284,3.1,4.49903132221529
"M-21",2017,2615.50867945437,59.0048011476891,-170.483986363284,0.8,7.86921446182614
"M-21",2018,13597.723719312,59.0048011476891,-170.483986363284,3.3,9.51765779580434
"M-21",2019,0,59.0048011476891,-170.483986363284,3,-6.49007147502806
"M-21",2021,0,59.0048011476891,-170.483986363284,2.8,-6.49007147502806
"M-21",2022,0,59.0048011476891,-170.483986363284,0.1,-6.49007147502806
"M-21",2023,0,59.0048011476891,-170.483986363284,0.1,-6.49007147502806
"M-22",1988,15667.9924357333,58.9964758247482,-171.127698675773,-0.5,9.65937530891469
"M-22",1989,491.277997789713,58.9964758247482,-171.127698675773,2,6.19701324530764
"M-22",1990,1225.33045720108,58.9964758247482,-171.127698675773,-1.1,7.11096708678853
"M-22",1991,2490.97331737509,58.9964758247482,-171.127698675773,-0.8,7.82042941317003
"M-22",1992,6416.54731975021,58.9964758247482,-171.127698675773,-1.5,8.76663568799985
"M-22",1993,2028.77574447102,58.9964758247482,-171.127698675773,NA,7.61518855701897
"M-22",1994,2712.67905267239,58.9964758247482,-171.127698675773,NA,7.90569256562856
"M-22",1995,7342.62642571468,58.9964758247482,-171.127698675773,-1.3,8.90145208806977
"M-22",1996,407.23822954052,58.9964758247482,-171.127698675773,0.4,6.00940207339241
"M-22",1997,160.522597536143,58.9964758247482,-171.127698675773,0.8,5.07844418658889
"M-22",1998,135.533008664799,58.9964758247482,-171.127698675773,1.5,4.90922642044558
"M-22",1999,56.0699981248172,58.9964758247482,-171.127698675773,-1.5,4.02662795748321
"M-22",2000,168.466887381004,58.9964758247482,-171.127698675773,NA,5.12674822966846
"M-22",2001,3269.2978241645,58.9964758247482,-171.127698675773,1.1,8.09233097261604
"M-22",2002,84.8049014493019,58.9964758247482,-171.127698675773,0.8,4.44037124617964
"M-22",2003,18.9967516511265,58.9964758247482,-171.127698675773,2.2,2.94434792721082
"M-22",2004,566.157657007244,58.9964758247482,-171.127698675773,1.2,6.33887526737202
"M-22",2005,338.943921399117,58.9964758247482,-171.127698675773,2.1,5.82583915000152
"M-22",2006,5895.27922058118,58.9964758247482,-171.127698675773,-1.2,8.68190743508123
"M-22",2007,61.0862506211003,58.9964758247482,-171.127698675773,-1,4.11231166711408
"M-22",2008,4423.00839126355,58.9964758247482,-171.127698675773,-1,8.3945757183596
"M-22",2009,291.498702347336,58.9964758247482,-171.127698675773,-0.8,5.67504076320985
"M-22",2010,13496.4768446078,58.9964758247482,-171.127698675773,-1.4,9.51018406839969
"M-22",2011,6790.49981655269,58.9964758247482,-171.127698675773,-0.8,8.82328005214129
"M-22",2012,2554.00799124388,58.9964758247482,-171.127698675773,-1.3,7.84541976003283
"M-22",2013,947.13949278268,58.9964758247482,-171.127698675773,-1.4,6.85344798518786
"M-22",2014,1787.56830006618,58.9964758247482,-171.127698675773,0.2,7.48861233310979
"M-22",2015,10987.901376585,58.9964758247482,-171.127698675773,-1.1,9.30455020981039
"M-22",2016,1006.37252986112,58.9964758247482,-171.127698675773,2.5,6.91410909894994
"M-22",2017,11763.4307214644,58.9964758247482,-171.127698675773,0.5,9.37275103600537
"M-22",2018,8919.42646471581,58.9964758247482,-171.127698675773,3.3,9.09598709606895
"M-22",2019,391.864650435138,58.9964758247482,-171.127698675773,2.8,5.97092037556863
"M-22",2021,6218.58329057099,58.9964758247482,-171.127698675773,2.7,8.73529763717905
"M-22",2022,9878.2088180132,58.9964758247482,-171.127698675773,-0.5,9.19808663429902
"M-22",2023,247.082188788945,58.9964758247482,-171.127698675773,-0.6,5.50972717488147
"M-23",1988,11314.8698112531,59.0006193348757,-171.784855896472,-0.7,9.33387318634532
"M-23",1989,19321.9402915884,59.0006193348757,-171.784855896472,2.8,9.86899661048141
"M-23",1990,6622.3921428731,59.0006193348757,-171.784855896472,-1,8.79821216383551
"M-23",1991,4877.05104757076,59.0006193348757,-171.784855896472,0.3,8.49229633400161
"M-23",1992,9046.10506694327,59.0006193348757,-171.784855896472,-1.3,9.11008973256662
"M-23",1993,8680.76526006484,59.0006193348757,-171.784855896472,1.2,9.06886514229025
"M-23",1994,3032.70127573011,59.0006193348757,-171.784855896472,NA,8.0172095121752
"M-23",1995,2979.90658311163,59.0006193348757,-171.784855896472,-0.9,7.9996477406186
"M-23",1996,438.362787484003,59.0006193348757,-171.784855896472,1.5,6.08305031335121
"M-23",1997,1966.37769398254,59.0006193348757,-171.784855896472,1.4,7.58394916736808
"M-23",1998,76948.4904877532,59.0006193348757,-171.784855896472,1.7,11.2508915420145
"M-23",1999,105.015104392701,59.0006193348757,-171.784855896472,-0.6,4.65411865032429
"M-23",2000,217.779579668081,59.0006193348757,-171.784855896472,1.1,5.38349042118895
"M-23",2001,975.222623613615,59.0006193348757,-171.784855896472,1.5,6.8826673338636
"M-23",2002,700.021889728656,59.0006193348757,-171.784855896472,1.3,6.55111377472591
"M-23",2003,447.282313712408,59.0006193348757,-171.784855896472,2.7,6.10319336436386
"M-23",2004,6659.46980369321,59.0006193348757,-171.784855896472,0.8,8.80379537932258
"M-23",2005,270.295752235447,59.0006193348757,-171.784855896472,2.1,5.59952235584304
"M-23",2006,973.513801329776,59.0006193348757,-171.784855896472,-0.3,6.88091356148376
"M-23",2007,1922.57094193101,59.0006193348757,-171.784855896472,-0.2,7.5614193913699
"M-23",2008,539.302568212782,59.0006193348757,-171.784855896472,0.2,6.29027958001381
"M-23",2009,221.288487934135,59.0006193348757,-171.784855896472,-0.6,5.39947408731436
"M-23",2010,16788.97889363,59.0006193348757,-171.784855896472,0.8,9.72847802232361
"M-23",2011,29753.4938011574,59.0006193348757,-171.784855896472,1.1,10.3007018938068
"M-23",2012,7855.77553231463,59.0006193348757,-171.784855896472,-1,8.96900447014523
"M-23",2013,2844.47794325944,59.0006193348757,-171.784855896472,-1.2,7.95313536380953
"M-23",2014,48815.0368590473,59.0006193348757,-171.784855896472,0.4,10.7957937078417
"M-23",2015,251.376397430451,59.0006193348757,-171.784855896472,-1.3,5.52695744771097
"M-23",2016,100.637190152175,59.0006193348757,-171.784855896472,2.2,4.61153696092076
"M-23",2017,46177.6236073045,59.0006193348757,-171.784855896472,0.8,10.7402506551189
"M-23",2018,22.2890508694917,59.0006193348757,-171.784855896472,3.4,3.10416368811985
"M-23",2019,47605.2113498432,59.0006193348757,-171.784855896472,3.2,10.7706975482629
"M-23",2021,36663.2752382309,59.0006193348757,-171.784855896472,3,10.5095308997417
"M-23",2022,3588.06473353799,59.0006193348757,-171.784855896472,0.1,8.18536868788516
"M-23",2023,181.867567657631,59.0006193348757,-171.784855896472,0.7,5.20328712109801
"M-24",1988,12310.1641693205,59.0014199431248,-172.432959337571,0.5,9.41818067869482
"M-24",1989,11568.318335703,59.0014199431248,-172.432959337571,2.8,9.35602559392496
"M-24",1990,10316.1271403169,59.0014199431248,-172.432959337571,0.3,9.24146383869133
"M-24",1991,42.0351533203679,59.0014199431248,-172.432959337571,1.1,3.73854237448375
"M-24",1992,44.0402245694911,59.0014199431248,-172.432959337571,-0.1,3.78513788895424
"M-24",1993,916.059815897531,59.0014199431248,-172.432959337571,1.9,6.82008332131677
"M-24",1994,43.7655467004692,59.0014199431248,-172.432959337571,-0.3,3.77888159711426
"M-24",1995,629.267772489011,59.0014199431248,-172.432959337571,NA,6.44455929056495
"M-24",1996,393.632747701525,59.0014199431248,-172.432959337571,2.3,5.97542221967634
"M-24",1997,38.965670907368,59.0014199431248,-172.432959337571,2.2,3.66271999326593
"M-24",1998,18.6298840063108,59.0014199431248,-172.432959337571,2,2.92484846072728
"M-24",1999,19.366848959561,59.0014199431248,-172.432959337571,NA,2.96364118889174
"M-24",2000,102.374358025108,59.0014199431248,-172.432959337571,1.9,4.62865110346095
"M-24",2001,476.190715385783,59.0014199431248,-172.432959337571,1.7,6.16582162528109
"M-24",2002,0,59.0014199431248,-172.432959337571,2.2,-6.49007147502806
"M-24",2003,18.9874474100318,59.0014199431248,-172.432959337571,3.5,2.94385806575867
"M-24",2004,55.60866681767,59.0014199431248,-172.432959337571,2.2,4.01836637257576
"M-24",2005,20.9626411965637,59.0014199431248,-172.432959337571,2.7,3.04281429572858
"M-24",2006,97.5469473241593,59.0014199431248,-172.432959337571,0.6,4.58034933926356
"M-24",2007,601.747637939951,59.0014199431248,-172.432959337571,0.1,6.39984067471857
"M-24",2008,882.436932644065,59.0014199431248,-172.432959337571,0.7,6.78268904256169
"M-24",2009,337.315961413918,59.0014199431248,-172.432959337571,0.4,5.82102456359585
"M-24",2010,3863.44631553962,59.0014199431248,-172.432959337571,1.5,8.25931528501254
"M-24",2011,8303.57055691746,59.0014199431248,-172.432959337571,1.8,9.02444107172691
"M-24",2012,520.846961192966,59.0014199431248,-172.432959337571,-0.6,6.25545917341581
"M-24",2013,0,59.0014199431248,-172.432959337571,0.9,-6.49007147502806
"M-24",2014,180.604240553074,59.0014199431248,-172.432959337571,1.6,5.19631652858935
"M-24",2015,39.2516156274456,59.0014199431248,-172.432959337571,-0.4,3.67003128990485
"M-24",2016,80.3523869782806,59.0014199431248,-172.432959337571,1.9,4.3864406960895
"M-24",2017,0,59.0014199431248,-172.432959337571,2.7,-6.49007147502806
"M-24",2018,61.5800337423106,59.0014199431248,-172.432959337571,3.3,4.12036234813491
"M-24",2019,0,59.0014199431248,-172.432959337571,3.4,-6.49007147502806
"M-24",2021,81.9867434834845,59.0014199431248,-172.432959337571,2.5,4.4065760897489
"M-24",2022,0,59.0014199431248,-172.432959337571,0.6,-6.49007147502806
"M-24",2023,0,59.0014199431248,-172.432959337571,2,-6.49007147502806
"M-25",1988,320.898889638622,59.0007417610194,-173.082483260915,1.5,5.7711308197856
"M-25",1989,536.233108812428,59.0007417610194,-173.082483260915,3.1,6.28457180270386
"M-25",1990,5095.73072495033,59.0007417610194,-173.082483260915,1.1,8.53615865336586
"M-25",1991,12787.1609150879,59.0007417610194,-173.082483260915,1.4,9.45619701175139
"M-25",1992,216298.424410673,59.0007417610194,-173.082483260915,1.4,12.2844143346568
"M-25",1993,9635.96742253412,59.0007417610194,-173.082483260915,2.5,9.17325814050153
"M-25",1994,4058.16195625201,59.0007417610194,-173.082483260915,NA,8.30848580412155
"M-25",1995,46870.4058861867,59.0007417610194,-173.082483260915,1.2,10.7551417831049
"M-25",1996,11133.0102892936,59.0007417610194,-173.082483260915,2.9,9.31767001033482
"M-25",1997,1053.51130245833,59.0007417610194,-173.082483260915,2.2,6.95988540298396
"M-25",1998,1326.87182716757,59.0007417610194,-173.082483260915,2,7.19058058562343
"M-25",1999,27791.8715236705,59.0007417610194,-173.082483260915,NA,10.2324989203253
"M-25",2000,3059.61281239124,59.0007417610194,-173.082483260915,2.2,8.02604415132735
"M-25",2001,2224.27229904195,59.0007417610194,-173.082483260915,2.5,7.7071857671635
"M-25",2002,14728.5117076513,59.0007417610194,-173.082483260915,3,9.59754056927018
"M-25",2003,52991.8563330472,59.0007417610194,-173.082483260915,4.1,10.877893555289
"M-25",2004,5263.01569050907,59.0007417610194,-173.082483260915,2.9,8.56845975514694
"M-25",2005,12040.2013834022,59.0007417610194,-173.082483260915,3,9.39600657103333
"M-25",2006,9158.6680109944,59.0007417610194,-173.082483260915,2,9.12245619924039
"M-25",2007,10393.7126237494,59.0007417610194,-173.082483260915,1.6,9.24895649299565
"M-25",2008,4254.54004478803,59.0007417610194,-173.082483260915,1.2,8.35574229448117
"M-25",2009,1980.08328619345,59.0007417610194,-173.082483260915,1,7.59089495339457
"M-25",2010,21860.6120919427,59.0007417610194,-173.082483260915,2.3,9.99244183134495
"M-25",2011,8431.94738720836,59.0007417610194,-173.082483260915,2.4,9.03978321118603
"M-25",2012,4213.67645113733,59.0007417610194,-173.082483260915,0.3,8.34609117226459
"M-25",2013,1527.45791177407,59.0007417610194,-173.082483260915,1.6,7.33136113109536
"M-25",2014,207.768575338015,59.0007417610194,-173.082483260915,2.1,5.33643215001381
"M-25",2015,0,59.0007417610194,-173.082483260915,1.8,-6.49007147502806
"M-25",2016,618.516548444391,59.0007417610194,-173.082483260915,3,6.4273264022141
"M-25",2017,60.0470134443519,59.0007417610194,-173.082483260915,3,4.0951531000144
"M-25",2018,81.1328703223492,59.0007417610194,-173.082483260915,3.4,4.3961069003811
"M-25",2019,18.9489195298187,59.0007417610194,-173.082483260915,3.4,2.94182704315013
"M-25",2021,0,59.0007417610194,-173.082483260915,2.7,-6.49007147502806
"M-25",2022,0,59.0007417610194,-173.082483260915,1.4,-6.49007147502806
"M-25",2023,0,59.0007417610194,-173.082483260915,2.3,-6.49007147502806
"M-26",1988,1156.01086202806,59.00180680966,-173.72005411503,1.9,7.05273175892284
"M-26",1989,60.6432889992812,59.00180680966,-173.72005411503,3,4.10503401655183
"M-26",1990,9576.98545533217,59.00180680966,-173.72005411503,2.4,9.1671183093633
"M-26",1991,4880.23194420887,59.00180680966,-173.72005411503,1.8,8.4929483384097
"M-26",1992,3878.70439755236,59.00180680966,-173.72005411503,1.5,8.26325685017891
"M-26",1993,59.1081864646168,59.00180680966,-173.72005411503,3,4.07939512252286
"M-26",1994,18.7610263552032,59.00180680966,-173.72005411503,1.8,2.93186258446782
"M-26",1995,11590.0825529575,59.00180680966,-173.72005411503,1.7,9.35790519009506
"M-26",1996,21076.8026436226,59.00180680966,-173.72005411503,3.4,9.95592838594684
"M-26",1997,14817.4968782307,59.00180680966,-173.72005411503,2.9,9.6035640854569
"M-26",1998,23421.9952245978,59.00180680966,-173.72005411503,2.5,10.0614308915464
"M-26",1999,513.020846288646,59.00180680966,-173.72005411503,1.7,6.24031944018369
"M-26",2000,244.01277686087,59.00180680966,-173.72005411503,2.5,5.49722681087762
"M-26",2001,39.5667315330699,59.00180680966,-173.72005411503,3,3.67802702832743
"M-26",2002,96.70732303904,59.00180680966,-173.72005411503,3.2,4.57170483033247
"M-26",2003,3757.99972607942,59.00180680966,-173.72005411503,4.2,8.23164251113884
"M-26",2004,35.7493923624357,59.00180680966,-173.72005411503,3.3,3.57657574581994
"M-26",2005,14356.675215787,59.00180680966,-173.72005411503,3.6,9.5719703906262
"M-26",2006,39.2151414204726,59.00180680966,-173.72005411503,2.2,3.66910165296371
"M-26",2007,99.6632248845584,59.00180680966,-173.72005411503,1.6,4.60181198679422
"M-26",2008,1957.98173130056,59.00180680966,-173.72005411503,1.5,7.579670268274
"M-26",2009,6917.02480502852,59.00180680966,-173.72005411503,1.9,8.84174123421269
"M-26",2010,98.7456790260785,59.00180680966,-173.72005411503,2.6,4.59256302329296
"M-26",2011,39736.7222355915,59.00180680966,-173.72005411503,2.5,10.5900310706849
"M-26",2012,3746.45973980656,59.00180680966,-173.72005411503,0.9,8.22856700896537
"M-26",2013,8176.06210119499,59.00180680966,-173.72005411503,2,9.00896609367978
"M-26",2014,30533.6385323695,59.00180680966,-173.72005411503,2.4,10.3265843072759
"M-26",2015,36576.094113127,59.00180680966,-173.72005411503,2.6,10.50715018119
"M-26",2016,559.343557870316,59.00180680966,-173.72005411503,3.3,6.32676659273483
"M-26",2017,19.9068627622352,59.00180680966,-173.72005411503,3.2,2.99114080903022
"M-26",2018,1464.01643539422,59.00180680966,-173.72005411503,3.5,7.28893995799435
"M-26",2019,1459.1128792802,59.00180680966,-173.72005411503,3.6,7.28558495375654
"M-26",2021,0,59.00180680966,-173.72005411503,3,-6.49007147502806
"M-26",2022,0,59.00180680966,-173.72005411503,2.7,-6.49007147502806
"M-26",2023,0,59.00180680966,-173.72005411503,2.6,-6.49007147502806
"M-27",1988,0,59.0046160566706,-174.37100918536,2.9,-6.49007147502806
"M-27",1989,0,59.0046160566706,-174.37100918536,3.2,-6.49007147502806
"M-27",1990,2514.16571037055,59.0046160566706,-174.37100918536,2.4,7.82969690595581
"M-27",1991,47.9724890010656,59.0046160566706,-174.37100918536,2,3.87065935260291
"M-27",1992,80.0376692718783,59.0046160566706,-174.37100918536,1.8,4.3825163611427
"M-27",1993,0,59.0046160566706,-174.37100918536,3,-6.49007147502806
"M-27",1994,0,59.0046160566706,-174.37100918536,NA,-6.49007147502806
"M-27",1995,288.55024298394,59.0046160566706,-174.37100918536,2.5,5.66487448553763
"M-27",1996,59.303176909178,59.0046160566706,-174.37100918536,4.5,4.08268848245854
"M-27",1997,0,59.0046160566706,-174.37100918536,3,-6.49007147502806
"M-27",1998,242.698801771564,59.0046160566706,-174.37100918536,2.5,5.49182743210555
"M-27",1999,0,59.0046160566706,-174.37100918536,1.6,-6.49007147502806
"M-27",2000,0,59.0046160566706,-174.37100918536,2.5,-6.49007147502806
"M-27",2001,0,59.0046160566706,-174.37100918536,3,-6.49007147502806
"M-27",2002,0,59.0046160566706,-174.37100918536,3.3,-6.49007147502806
"M-27",2003,171.266435001057,59.0046160566706,-174.37100918536,4.2,5.14322930926203
"M-27",2004,0,59.0046160566706,-174.37100918536,3.3,-6.49007147502806
"M-27",2005,19.1767886881693,59.0046160566706,-174.37100918536,3.9,2.95377980323684
"M-27",2006,15431.3249928822,59.0046160566706,-174.37100918536,2.5,9.64415491128761
"M-27",2007,0,59.0046160566706,-174.37100918536,2,-6.49007147502806
"M-27",2008,55.1948930232057,59.0046160566706,-174.37100918536,1.7,4.01089794145387
"M-27",2009,283.578735894911,59.0046160566706,-174.37100918536,2.3,5.6474951671825
"M-27",2010,19.3279069299812,59.0046160566706,-174.37100918536,2.9,2.96162856543511
"M-27",2011,65.3774758014614,59.0046160566706,-174.37100918536,2.8,4.18020101790969
"M-27",2012,293.353850810028,59.0046160566706,-174.37100918536,1.4,5.68138473842748
"M-27",2013,81.1882178038943,59.0046160566706,-174.37100918536,2.2,4.39678883824693
"M-27",2014,5922.1893125525,59.0046160566706,-174.37100918536,2.7,8.68646173222087
"M-27",2015,24.593320767711,59.0046160566706,-174.37100918536,2.4,3.2025366326445
"M-27",2016,20.3247101346337,59.0046160566706,-174.37100918536,3.3,3.0119121001068
"M-27",2017,19.6901321213485,59.0046160566706,-174.37100918536,3.4,2.98019471655377
"M-27",2018,148.00288321659,59.0046160566706,-174.37100918536,3.6,4.99724201424797
"M-27",2019,121.02534548194,59.0046160566706,-174.37100918536,3.7,4.79601253684258
"M-27",2021,19.7660001797193,59.0046160566706,-174.37100918536,3.1,2.98404011692243
"M-27",2022,38.4397613061338,59.0046160566706,-174.37100918536,2.9,3.64913187560327
"M-27",2023,0,59.0046160566706,-174.37100918536,2.4,-6.49007147502806
"M-28",1988,0,59.0003846065808,-174.984710615165,2.8,-6.49007147502806
"M-28",1989,0,59.0003846065808,-174.984710615165,3,-6.49007147502806
"M-28",1990,20.0429633413897,59.0003846065808,-174.984710615165,2.6,2.99795389302211
"M-28",1991,23.7071872957209,59.0003846065808,-174.984710615165,2.2,3.16584231133282
"M-28",1992,1343.86180391246,59.0003846065808,-174.984710615165,3.1,7.20330382123396
"M-28",1993,0,59.0003846065808,-174.984710615165,2.8,-6.49007147502806
"M-28",1994,85.5489522157351,59.0003846065808,-174.984710615165,1.8,4.44910650185678
"M-28",1995,0,59.0003846065808,-174.984710615165,2.4,-6.49007147502806
"M-28",1996,0,59.0003846065808,-174.984710615165,4.3,-6.49007147502806
"M-28",1997,177.761832673519,59.0003846065808,-174.984710615165,2.8,5.18045317761502
"M-28",1998,0,59.0003846065808,-174.984710615165,2.7,-6.49007147502806
"M-28",1999,0,59.0003846065808,-174.984710615165,NA,-6.49007147502806
"M-28",2000,0,59.0003846065808,-174.984710615165,2.4,-6.49007147502806
"M-28",2001,0,59.0003846065808,-174.984710615165,3.2,-6.49007147502806
"M-28",2002,0,59.0003846065808,-174.984710615165,3,-6.49007147502806
"M-28",2003,0,59.0003846065808,-174.984710615165,4,-6.49007147502806
"M-28",2004,35.0547005121401,59.0003846065808,-174.984710615165,NA,3.55695302862929
"M-28",2005,0,59.0003846065808,-174.984710615165,3.3,-6.49007147502806
"M-28",2006,0,59.0003846065808,-174.984710615165,2.3,-6.49007147502806
"M-28",2007,0,59.0003846065808,-174.984710615165,2.4,-6.49007147502806
"M-28",2008,0,59.0003846065808,-174.984710615165,1.7,-6.49007147502806
"M-28",2009,0,59.0003846065808,-174.984710615165,2.3,-6.49007147502806
"M-28",2010,0,59.0003846065808,-174.984710615165,2.2,-6.49007147502806
"M-28",2011,2378.91716139365,59.0003846065808,-174.984710615165,2.9,7.77440132721941
"M-28",2012,39.3443323762976,59.0003846065808,-174.984710615165,1.4,3.67239052627395
"M-28",2013,3365.19142764445,59.0003846065808,-174.984710615165,2.5,8.12124057953899
"M-28",2014,39.4327745848318,59.0003846065808,-174.984710615165,2.9,3.67463581909461
"M-28",2015,0,59.0003846065808,-174.984710615165,3,-6.49007147502806
"M-28",2016,0,59.0003846065808,-174.984710615165,2.7,-6.49007147502806
"M-28",2017,0,59.0003846065808,-174.984710615165,3.2,-6.49007147502806
"M-28",2018,0,59.0003846065808,-174.984710615165,3.6,-6.49007147502806
"M-28",2019,0,59.0003846065808,-174.984710615165,3.6,-6.49007147502806
"M-28",2021,0,59.0003846065808,-174.984710615165,3.2,-6.49007147502806
"M-28",2022,0,59.0003846065808,-174.984710615165,3.2,-6.49007147502806
"M-28",2023,20.914439396558,59.0003846065808,-174.984710615165,2.4,3.04051240050016
"M-29",1988,0,58.9970531750742,-175.731883175074,2.4,-6.49007147502806
"M-29",1989,0,58.9970531750742,-175.731883175074,2.7,-6.49007147502806
"M-29",1990,163.326267003895,58.9970531750742,-175.731883175074,1.8,5.09575913519255
"M-29",1991,18.8603646397612,58.9970531750742,-175.731883175074,1,2.93714311740853
"M-29",1992,54.8585449290607,58.9970531750742,-175.731883175074,2.8,4.00478564062243
"M-29",1993,0,58.9970531750742,-175.731883175074,2.6,-6.49007147502806
"M-29",1994,0,58.9970531750742,-175.731883175074,2.2,-6.49007147502806
"M-29",1995,17.4357484671006,58.9970531750742,-175.731883175074,2.1,2.85860969218467
"M-29",1996,0,58.9970531750742,-175.731883175074,3.3,-6.49007147502806
"M-29",1997,192.45947815373,58.9970531750742,-175.731883175074,NA,5.25989351810358
"M-29",1998,0,58.9970531750742,-175.731883175074,NA,-6.49007147502806
"M-29",1999,0,58.9970531750742,-175.731883175074,NA,-6.49007147502806
"M-29",2000,0,58.9970531750742,-175.731883175074,1.9,-6.49007147502806
"M-29",2001,0,58.9970531750742,-175.731883175074,2.2,-6.49007147502806
"M-29",2002,0,58.9970531750742,-175.731883175074,2.4,-6.49007147502806
"M-29",2003,0,58.9970531750742,-175.731883175074,3,-6.49007147502806
"M-29",2004,0,58.9970531750742,-175.731883175074,NA,-6.49007147502806
"M-29",2005,0,58.9970531750742,-175.731883175074,2.8,-6.49007147502806
"M-29",2006,0,58.9970531750742,-175.731883175074,1.9,-6.49007147502806
"M-29",2007,19.1429615152333,58.9970531750742,-175.731883175074,2.3,2.95201442110808
"M-29",2008,0,58.9970531750742,-175.731883175074,1.7,-6.49007147502806
"M-29",2009,19.1207886313498,58.9970531750742,-175.731883175074,1.3,2.95085556309636
"M-29",2010,0,58.9970531750742,-175.731883175074,2.7,-6.49007147502806
"M-29",2011,0,58.9970531750742,-175.731883175074,2.3,-6.49007147502806
"M-29",2012,69.6417468940762,58.9970531750742,-175.731883175074,1.7,4.24338600257946
"M-29",2013,652.622247763669,58.9970531750742,-175.731883175074,2,6.48100080121622
"M-29",2014,20.6041637512432,58.9970531750742,-175.731883175074,2.3,3.02556687230954
"M-29",2015,0,58.9970531750742,-175.731883175074,2.8,-6.49007147502806
"M-29",2016,0,58.9970531750742,-175.731883175074,2.6,-6.49007147502806
"M-29",2017,0,58.9970531750742,-175.731883175074,3,-6.49007147502806
"M-29",2018,0,58.9970531750742,-175.731883175074,2.9,-6.49007147502806
"M-29",2019,0,58.9970531750742,-175.731883175074,3.4,-6.49007147502806
"M-29",2021,0,58.9970531750742,-175.731883175074,2.1,-6.49007147502806
"M-29",2022,0,58.9970531750742,-175.731883175074,2.8,-6.49007147502806
"M-29",2023,0,58.9970531750742,-175.731883175074,2.7,-6.49007147502806
"M-30",1988,0,59.0013615811966,-176.311807179487,2.5,-6.49007147502806
"M-30",1989,0,59.0013615811966,-176.311807179487,2.5,-6.49007147502806
"M-30",1990,0,59.0013615811966,-176.311807179487,2,-6.49007147502806
"M-30",1991,0,59.0013615811966,-176.311807179487,3,-6.49007147502806
"M-30",1992,0,59.0013615811966,-176.311807179487,2.8,-6.49007147502806
"M-30",1993,19.5743133013246,59.0013615811966,-176.311807179487,2.7,2.97429573097666
"M-30",1994,0,59.0013615811966,-176.311807179487,2.5,-6.49007147502806
"M-30",1995,0,59.0013615811966,-176.311807179487,2,-6.49007147502806
"M-30",1996,21.024876706826,59.0013615811966,-176.311807179487,NA,3.04577856024727
"M-30",1997,0,59.0013615811966,-176.311807179487,3.2,-6.49007147502806
"M-30",1998,0,59.0013615811966,-176.311807179487,NA,-6.49007147502806
"M-30",1999,0,59.0013615811966,-176.311807179487,NA,-6.49007147502806
"M-30",2000,0,59.0013615811966,-176.311807179487,2,-6.49007147502806
"M-30",2001,0,59.0013615811966,-176.311807179487,1.7,-6.49007147502806
"M-30",2002,0,59.0013615811966,-176.311807179487,2.7,-6.49007147502806
"M-30",2003,0,59.0013615811966,-176.311807179487,3.3,-6.49007147502806
"M-30",2004,0,59.0013615811966,-176.311807179487,3.2,-6.49007147502806
"M-30",2005,0,59.0013615811966,-176.311807179487,3.2,-6.49007147502806
"M-30",2006,0,59.0013615811966,-176.311807179487,1.8,-6.49007147502806
"M-30",2007,0,59.0013615811966,-176.311807179487,2.4,-6.49007147502806
"M-30",2008,0,59.0013615811966,-176.311807179487,1.6,-6.49007147502806
"M-30",2009,0,59.0013615811966,-176.311807179487,1.5,-6.49007147502806
"M-30",2010,0,59.0013615811966,-176.311807179487,2.7,-6.49007147502806
"M-30",2011,0,59.0013615811966,-176.311807179487,2.4,-6.49007147502806
"M-30",2012,84.0529149497077,59.0013615811966,-176.311807179487,1.1,4.43146460552103
"M-30",2013,39.0890420696637,59.0013615811966,-176.311807179487,2.1,3.66588101866695
"M-30",2014,0,59.0013615811966,-176.311807179487,2.5,-6.49007147502806
"M-30",2015,0,59.0013615811966,-176.311807179487,2.9,-6.49007147502806
"M-30",2016,0,59.0013615811966,-176.311807179487,2.7,-6.49007147502806
"M-30",2017,0,59.0013615811966,-176.311807179487,3.1,-6.49007147502806
"M-30",2018,0,59.0013615811966,-176.311807179487,3.1,-6.49007147502806
"M-30",2019,0,59.0013615811966,-176.311807179487,3.2,-6.49007147502806
"M-30",2021,60.9846834606717,59.0013615811966,-176.311807179487,1.9,4.11064764024473
"M-30",2022,18.4156701560704,59.0013615811966,-176.311807179487,3,2.91328439141202
"M-30",2023,0,59.0013615811966,-176.311807179487,2.2,-6.49007147502806
"M-31",1988,0,59.0003612987013,-176.947248701299,2.6,-6.49007147502806
"M-31",1989,0,59.0003612987013,-176.947248701299,3.5,-6.49007147502806
"M-31",1990,22.8617752805412,59.0003612987013,-176.947248701299,2.1,3.12953273027192
"M-31",1991,0,59.0003612987013,-176.947248701299,2,-6.49007147502806
"M-31",1992,0,59.0003612987013,-176.947248701299,3.1,-6.49007147502806
"M-31",1993,0,59.0003612987013,-176.947248701299,3.2,-6.49007147502806
"M-31",1994,19.6674274314342,59.0003612987013,-176.947248701299,2.6,2.9790410403146
"M-31",1995,0,59.0003612987013,-176.947248701299,2.2,-6.49007147502806
"M-31",1996,0,59.0003612987013,-176.947248701299,4.1,-6.49007147502806
"M-31",1997,41.1949939010412,59.0003612987013,-176.947248701299,3.3,3.71835360086732
"M-31",1998,0,59.0003612987013,-176.947248701299,2.8,-6.49007147502806
"M-31",1999,0,59.0003612987013,-176.947248701299,NA,-6.49007147502806
"M-31",2000,0,59.0003612987013,-176.947248701299,1.9,-6.49007147502806
"M-31",2001,0,59.0003612987013,-176.947248701299,2.5,-6.49007147502806
"M-31",2002,0,59.0003612987013,-176.947248701299,2.6,-6.49007147502806
"M-31",2003,0,59.0003612987013,-176.947248701299,3.6,-6.49007147502806
"M-31",2004,0,59.0003612987013,-176.947248701299,3.5,-6.49007147502806
"M-31",2005,0,59.0003612987013,-176.947248701299,3.1,-6.49007147502806
"M-31",2006,0,59.0003612987013,-176.947248701299,2.8,-6.49007147502806
"M-31",2007,0,59.0003612987013,-176.947248701299,2.5,-6.49007147502806
"M-31",2008,0,59.0003612987013,-176.947248701299,2.2,-6.49007147502806
"M-31",2009,0,59.0003612987013,-176.947248701299,1.7,-6.49007147502806
"M-31",2010,34.252584802754,59.0003612987013,-176.947248701299,2.5,3.53380636025444
"M-31",2011,0,59.0003612987013,-176.947248701299,2.7,-6.49007147502806
"M-31",2012,0,59.0003612987013,-176.947248701299,1.6,-6.49007147502806
"M-31",2013,0,59.0003612987013,-176.947248701299,2.2,-6.49007147502806
"M-31",2014,0,59.0003612987013,-176.947248701299,3.1,-6.49007147502806
"M-31",2015,0,59.0003612987013,-176.947248701299,3.4,-6.49007147502806
"M-31",2016,0,59.0003612987013,-176.947248701299,3.2,-6.49007147502806
"M-31",2017,0,59.0003612987013,-176.947248701299,3.4,-6.49007147502806
"M-31",2018,0,59.0003612987013,-176.947248701299,3.6,-6.49007147502806
"M-31",2019,0,59.0003612987013,-176.947248701299,3.3,-6.49007147502806
"M-31",2021,0,59.0003612987013,-176.947248701299,2.8,-6.49007147502806
"M-31",2022,0,59.0003612987013,-176.947248701299,3.2,-6.49007147502806
"M-31",2023,0,59.0003612987013,-176.947248701299,2.8,-6.49007147502806
"M-32",1988,0,59.0000299166667,-177.58883575,3,-6.49007147502806
"M-32",1989,0,59.0000299166667,-177.58883575,2.5,-6.49007147502806
"M-32",1990,0,59.0000299166667,-177.58883575,2.5,-6.49007147502806
"M-32",1991,0,59.0000299166667,-177.58883575,2.6,-6.49007147502806
"M-32",1992,0,59.0000299166667,-177.58883575,2.9,-6.49007147502806
"M-32",1993,0,59.0000299166667,-177.58883575,3.1,-6.49007147502806
"M-32",1994,0,59.0000299166667,-177.58883575,2.7,-6.49007147502806
"M-32",1995,0,59.0000299166667,-177.58883575,2.4,-6.49007147502806
"M-32",1996,0,59.0000299166667,-177.58883575,4.3,-6.49007147502806
"M-32",1997,0,59.0000299166667,-177.58883575,3.4,-6.49007147502806
"M-32",1998,0,59.0000299166667,-177.58883575,2.8,-6.49007147502806
"M-32",1999,83.6898130105084,59.0000299166667,-177.58883575,NA,4.42713540523813
"M-32",2000,0,59.0000299166667,-177.58883575,1.9,-6.49007147502806
"M-32",2001,0,59.0000299166667,-177.58883575,2.7,-6.49007147502806
"M-32",2002,0,59.0000299166667,-177.58883575,2.8,-6.49007147502806
"M-32",2003,0,59.0000299166667,-177.58883575,3.6,-6.49007147502806
"M-32",2004,0,59.0000299166667,-177.58883575,3.5,-6.49007147502806
"M-32",2005,0,59.0000299166667,-177.58883575,3.4,-6.49007147502806
"M-32",2006,0,59.0000299166667,-177.58883575,2.9,-6.49007147502806
"M-32",2007,0,59.0000299166667,-177.58883575,2.7,-6.49007147502806
"M-32",2008,0,59.0000299166667,-177.58883575,2.2,-6.49007147502806
"M-32",2009,0,59.0000299166667,-177.58883575,2.2,-6.49007147502806
"M-32",2010,0,59.0000299166667,-177.58883575,2.7,-6.49007147502806
"M-32",2011,0,59.0000299166667,-177.58883575,3,-6.49007147502806
"M-32",2012,0,59.0000299166667,-177.58883575,1.7,-6.49007147502806
"M-32",2013,0,59.0000299166667,-177.58883575,2,-6.49007147502806
"M-32",2014,0,59.0000299166667,-177.58883575,3.1,-6.49007147502806
"M-32",2015,0,59.0000299166667,-177.58883575,3.5,-6.49007147502806
"M-32",2016,0,59.0000299166667,-177.58883575,3.2,-6.49007147502806
"M-32",2017,0,59.0000299166667,-177.58883575,3.6,-6.49007147502806
"M-32",2018,0,59.0000299166667,-177.58883575,3.8,-6.49007147502806
"M-32",2019,0,59.0000299166667,-177.58883575,3.5,-6.49007147502806
"M-32",2021,0,59.0000299166667,-177.58883575,2.9,-6.49007147502806
"M-32",2022,0,59.0000299166667,-177.58883575,3.6,-6.49007147502806
"M-32",2023,0,59.0000299166667,-177.58883575,3.3,-6.49007147502806
"N-01",1988,0,59.3333761577608,-167.926629211196,3.2,-6.49007147502806
"N-01",1989,0,59.3333761577608,-167.926629211196,5,-6.49007147502806
"N-01",1990,0,59.3333761577608,-167.926629211196,3.5,-6.49007147502806
"N-01",1991,0,59.3333761577608,-167.926629211196,4.2,-6.49007147502806
"N-01",1993,0,59.3333761577608,-167.926629211196,4.2,-6.49007147502806
"N-01",1994,1070.16676547552,59.3333761577608,-167.926629211196,2.5,6.97557118977743
"N-01",1995,0,59.3333761577608,-167.926629211196,3.2,-6.49007147502806
"N-01",1996,0,59.3333761577608,-167.926629211196,4.6,-6.49007147502806
"N-01",1997,0,59.3333761577608,-167.926629211196,3.6,-6.49007147502806
"N-01",1998,0,59.3333761577608,-167.926629211196,3.7,-6.49007147502806
"N-01",1999,0,59.3333761577608,-167.926629211196,0,-6.49007147502806
"N-01",2000,0,59.3333761577608,-167.926629211196,2.3,-6.49007147502806
"N-01",2001,0,59.3333761577608,-167.926629211196,1.4,-6.49007147502806
"N-01",2002,0,59.3333761577608,-167.926629211196,4.3,-6.49007147502806
"N-01",2003,0,59.3333761577608,-167.926629211196,4.7,-6.49007147502806
"N-01",2004,0,59.3333761577608,-167.926629211196,4.4,-6.49007147502806
"N-01",2005,0,59.3333761577608,-167.926629211196,3.1,-6.49007147502806
"N-01",2006,0,59.3333761577608,-167.926629211196,1.9,-6.49007147502806
"N-01",2007,0,59.3333761577608,-167.926629211196,3,-6.49007147502806
"N-01",2008,0,59.3333761577608,-167.926629211196,1.3,-6.49007147502806
"N-01",2009,0,59.3333761577608,-167.926629211196,2.7,-6.49007147502806
"N-01",2010,0,59.3333761577608,-167.926629211196,1.9,-6.49007147502806
"N-01",2011,0,59.3333761577608,-167.926629211196,2.7,-6.49007147502806
"N-01",2012,0,59.3333761577608,-167.926629211196,-0.8,-6.49007147502806
"N-01",2013,0,59.3333761577608,-167.926629211196,2.3,-6.49007147502806
"N-01",2014,0,59.3333761577608,-167.926629211196,3.2,-6.49007147502806
"N-01",2015,0,59.3333761577608,-167.926629211196,3.8,-6.49007147502806
"N-01",2016,0,59.3333761577608,-167.926629211196,5.5,-6.49007147502806
"N-01",2017,0,59.3333761577608,-167.926629211196,4.7,-6.49007147502806
"N-01",2018,0,59.3333761577608,-167.926629211196,5.6,-6.49007147502806
"N-01",2019,0,59.3333761577608,-167.926629211196,6,-6.49007147502806
"N-01",2021,0,59.3333761577608,-167.926629211196,3.8,-6.49007147502806
"N-01",2022,0,59.3333761577608,-167.926629211196,4.6,-6.49007147502806
"N-01",2023,0,59.3333761577608,-167.926629211196,2.7,-6.49007147502806
"N-02",1988,0,59.3352797222222,-167.265581666667,4.9,-6.49007147502806
"N-02",1989,0,59.3352797222222,-167.265581666667,5.7,-6.49007147502806
"N-02",1990,0,59.3352797222222,-167.265581666667,4.8,-6.49007147502806
"N-02",1991,0,59.3352797222222,-167.265581666667,5.4,-6.49007147502806
"N-02",1992,0,59.3352797222222,-167.265581666667,4.5,-6.49007147502806
"N-02",1993,0,59.3352797222222,-167.265581666667,NA,-6.49007147502806
"N-02",1994,0,59.3352797222222,-167.265581666667,NA,-6.49007147502806
"N-02",1995,0,59.3352797222222,-167.265581666667,4.2,-6.49007147502806
"N-02",1996,0,59.3352797222222,-167.265581666667,4.9,-6.49007147502806
"N-02",1997,0,59.3352797222222,-167.265581666667,5.7,-6.49007147502806
"N-02",1998,0,59.3352797222222,-167.265581666667,5.1,-6.49007147502806
"N-02",1999,0,59.3352797222222,-167.265581666667,1.3,-6.49007147502806
"N-02",2000,0,59.3352797222222,-167.265581666667,3,-6.49007147502806
"N-02",2001,0,59.3352797222222,-167.265581666667,2.5,-6.49007147502806
"N-02",2002,0,59.3352797222222,-167.265581666667,5.6,-6.49007147502806
"N-02",2003,0,59.3352797222222,-167.265581666667,5.8,-6.49007147502806
"N-02",2004,0,59.3352797222222,-167.265581666667,5.5,-6.49007147502806
"N-02",2005,0,59.3352797222222,-167.265581666667,4.6,-6.49007147502806
"N-02",2006,0,59.3352797222222,-167.265581666667,3.1,-6.49007147502806
"N-02",2007,0,59.3352797222222,-167.265581666667,4.4,-6.49007147502806
"N-02",2008,0,59.3352797222222,-167.265581666667,2.3,-6.49007147502806
"N-02",2009,0,59.3352797222222,-167.265581666667,3.3,-6.49007147502806
"N-02",2010,0,59.3352797222222,-167.265581666667,3.2,-6.49007147502806
"N-02",2011,0,59.3352797222222,-167.265581666667,4.1,-6.49007147502806
"N-02",2012,0,59.3352797222222,-167.265581666667,1.9,-6.49007147502806
"N-02",2013,0,59.3352797222222,-167.265581666667,3.8,-6.49007147502806
"N-02",2014,0,59.3352797222222,-167.265581666667,3.9,-6.49007147502806
"N-02",2015,0,59.3352797222222,-167.265581666667,5.9,-6.49007147502806
"N-02",2016,0,59.3352797222222,-167.265581666667,6.6,-6.49007147502806
"N-02",2017,0,59.3352797222222,-167.265581666667,5.2,-6.49007147502806
"N-02",2018,0,59.3352797222222,-167.265581666667,6.1,-6.49007147502806
"N-02",2019,0,59.3352797222222,-167.265581666667,6.4,-6.49007147502806
"N-02",2021,0,59.3352797222222,-167.265581666667,4.4,-6.49007147502806
"N-02",2022,0,59.3352797222222,-167.265581666667,5.2,-6.49007147502806
"N-02",2023,0,59.3352797222222,-167.265581666667,2.8,-6.49007147502806
"N-03",1988,0,59.3363154285714,-166.602033714286,4.5,-6.49007147502806
"N-03",1989,0,59.3363154285714,-166.602033714286,5.5,-6.49007147502806
"N-03",1990,0,59.3363154285714,-166.602033714286,5.8,-6.49007147502806
"N-03",1991,0,59.3363154285714,-166.602033714286,7.2,-6.49007147502806
"N-03",1992,0,59.3363154285714,-166.602033714286,4.4,-6.49007147502806
"N-03",1993,0,59.3363154285714,-166.602033714286,5.4,-6.49007147502806
"N-03",1994,0,59.3363154285714,-166.602033714286,NA,-6.49007147502806
"N-03",1995,0,59.3363154285714,-166.602033714286,5.3,-6.49007147502806
"N-03",1996,0,59.3363154285714,-166.602033714286,5.2,-6.49007147502806
"N-03",1997,0,59.3363154285714,-166.602033714286,6.7,-6.49007147502806
"N-03",1998,0,59.3363154285714,-166.602033714286,5.4,-6.49007147502806
"N-03",1999,0,59.3363154285714,-166.602033714286,0.9,-6.49007147502806
"N-03",2000,0,59.3363154285714,-166.602033714286,3.7,-6.49007147502806
"N-03",2001,0,59.3363154285714,-166.602033714286,2.5,-6.49007147502806
"N-03",2002,0,59.3363154285714,-166.602033714286,5.4,-6.49007147502806
"N-03",2003,0,59.3363154285714,-166.602033714286,6.6,-6.49007147502806
"N-03",2004,0,59.3363154285714,-166.602033714286,6.2,-6.49007147502806
"N-03",2005,0,59.3363154285714,-166.602033714286,4.6,-6.49007147502806
"N-03",2006,0,59.3363154285714,-166.602033714286,4.3,-6.49007147502806
"N-03",2007,0,59.3363154285714,-166.602033714286,4.9,-6.49007147502806
"N-03",2008,0,59.3363154285714,-166.602033714286,3.3,-6.49007147502806
"N-03",2009,0,59.3363154285714,-166.602033714286,4.9,-6.49007147502806
"N-03",2010,0,59.3363154285714,-166.602033714286,3.7,-6.49007147502806
"N-03",2011,0,59.3363154285714,-166.602033714286,4.1,-6.49007147502806
"N-03",2012,0,59.3363154285714,-166.602033714286,3.5,-6.49007147502806
"N-03",2013,0,59.3363154285714,-166.602033714286,4.5,-6.49007147502806
"N-03",2014,0,59.3363154285714,-166.602033714286,4.6,-6.49007147502806
"N-03",2015,0,59.3363154285714,-166.602033714286,7,-6.49007147502806
"N-03",2016,0,59.3363154285714,-166.602033714286,7.3,-6.49007147502806
"N-03",2017,0,59.3363154285714,-166.602033714286,4.8,-6.49007147502806
"N-03",2018,0,59.3363154285714,-166.602033714286,5.5,-6.49007147502806
"N-03",2019,0,59.3363154285714,-166.602033714286,7.1,-6.49007147502806
"N-03",2021,0,59.3363154285714,-166.602033714286,3.3,-6.49007147502806
"N-03",2022,0,59.3363154285714,-166.602033714286,6.2,-6.49007147502806
"N-03",2023,0,59.3363154285714,-166.602033714286,3.8,-6.49007147502806
"N-04",1988,0,59.3312254285714,-165.948304571429,4.8,-6.49007147502806
"N-04",1989,0,59.3312254285714,-165.948304571429,5.5,-6.49007147502806
"N-04",1990,0,59.3312254285714,-165.948304571429,6.2,-6.49007147502806
"N-04",1991,0,59.3312254285714,-165.948304571429,6.2,-6.49007147502806
"N-04",1992,0,59.3312254285714,-165.948304571429,5.5,-6.49007147502806
"N-04",1993,0,59.3312254285714,-165.948304571429,6.2,-6.49007147502806
"N-04",1994,0,59.3312254285714,-165.948304571429,4.6,-6.49007147502806
"N-04",1995,0,59.3312254285714,-165.948304571429,6.8,-6.49007147502806
"N-04",1996,0,59.3312254285714,-165.948304571429,6.2,-6.49007147502806
"N-04",1997,0,59.3312254285714,-165.948304571429,5.7,-6.49007147502806
"N-04",1998,0,59.3312254285714,-165.948304571429,NA,-6.49007147502806
"N-04",1999,0,59.3312254285714,-165.948304571429,1.5,-6.49007147502806
"N-04",2000,0,59.3312254285714,-165.948304571429,3.7,-6.49007147502806
"N-04",2001,0,59.3312254285714,-165.948304571429,3.4,-6.49007147502806
"N-04",2002,0,59.3312254285714,-165.948304571429,6.1,-6.49007147502806
"N-04",2003,0,59.3312254285714,-165.948304571429,6.9,-6.49007147502806
"N-04",2004,0,59.3312254285714,-165.948304571429,6.4,-6.49007147502806
"N-04",2005,0,59.3312254285714,-165.948304571429,5.8,-6.49007147502806
"N-04",2006,0,59.3312254285714,-165.948304571429,4.7,-6.49007147502806
"N-04",2007,0,59.3312254285714,-165.948304571429,5.6,-6.49007147502806
"N-04",2008,0,59.3312254285714,-165.948304571429,3.6,-6.49007147502806
"N-04",2009,0,59.3312254285714,-165.948304571429,5.8,-6.49007147502806
"N-04",2010,0,59.3312254285714,-165.948304571429,4.5,-6.49007147502806
"N-04",2011,0,59.3312254285714,-165.948304571429,4,-6.49007147502806
"N-04",2012,0,59.3312254285714,-165.948304571429,4.7,-6.49007147502806
"N-04",2013,0,59.3312254285714,-165.948304571429,5.4,-6.49007147502806
"N-04",2014,0,59.3312254285714,-165.948304571429,5.7,-6.49007147502806
"N-04",2015,0,59.3312254285714,-165.948304571429,7.1,-6.49007147502806
"N-04",2016,0,59.3312254285714,-165.948304571429,8.3,-6.49007147502806
"N-04",2017,0,59.3312254285714,-165.948304571429,5.8,-6.49007147502806
"N-04",2018,0,59.3312254285714,-165.948304571429,5.8,-6.49007147502806
"N-04",2019,0,59.3312254285714,-165.948304571429,8.5,-6.49007147502806
"N-04",2021,0,59.3312254285714,-165.948304571429,3.7,-6.49007147502806
"N-04",2022,0,59.3312254285714,-165.948304571429,6.8,-6.49007147502806
"N-04",2023,0,59.3312254285714,-165.948304571429,3.7,-6.49007147502806
"N-05",1988,0,59.3280397058824,-165.314143235294,4.2,-6.49007147502806
"N-05",1989,0,59.3280397058824,-165.314143235294,5,-6.49007147502806
"N-05",1991,0,59.3280397058824,-165.314143235294,6.8,-6.49007147502806
"N-05",1992,0,59.3280397058824,-165.314143235294,6.7,-6.49007147502806
"N-05",1993,0,59.3280397058824,-165.314143235294,7.4,-6.49007147502806
"N-05",1994,0,59.3280397058824,-165.314143235294,NA,-6.49007147502806
"N-05",1995,0,59.3280397058824,-165.314143235294,7.4,-6.49007147502806
"N-05",1996,0,59.3280397058824,-165.314143235294,5.8,-6.49007147502806
"N-05",1997,0,59.3280397058824,-165.314143235294,8,-6.49007147502806
"N-05",1998,0,59.3280397058824,-165.314143235294,5.5,-6.49007147502806
"N-05",1999,0,59.3280397058824,-165.314143235294,1.5,-6.49007147502806
"N-05",2000,0,59.3280397058824,-165.314143235294,4.2,-6.49007147502806
"N-05",2001,0,59.3280397058824,-165.314143235294,3.5,-6.49007147502806
"N-05",2002,0,59.3280397058824,-165.314143235294,5.3,-6.49007147502806
"N-05",2003,0,59.3280397058824,-165.314143235294,5.4,-6.49007147502806
"N-05",2004,0,59.3280397058824,-165.314143235294,6.4,-6.49007147502806
"N-05",2005,0,59.3280397058824,-165.314143235294,5.7,-6.49007147502806
"N-05",2006,0,59.3280397058824,-165.314143235294,4.3,-6.49007147502806
"N-05",2007,0,59.3280397058824,-165.314143235294,5.1,-6.49007147502806
"N-05",2008,0,59.3280397058824,-165.314143235294,2.8,-6.49007147502806
"N-05",2009,0,59.3280397058824,-165.314143235294,4,-6.49007147502806
"N-05",2010,0,59.3280397058824,-165.314143235294,2.9,-6.49007147502806
"N-05",2011,0,59.3280397058824,-165.314143235294,4.1,-6.49007147502806
"N-05",2012,0,59.3280397058824,-165.314143235294,5.5,-6.49007147502806
"N-05",2013,0,59.3280397058824,-165.314143235294,4.6,-6.49007147502806
"N-05",2014,0,59.3280397058824,-165.314143235294,6.4,-6.49007147502806
"N-05",2015,0,59.3280397058824,-165.314143235294,5.6,-6.49007147502806
"N-05",2016,0,59.3280397058824,-165.314143235294,8.7,-6.49007147502806
"N-05",2017,0,59.3280397058824,-165.314143235294,6.4,-6.49007147502806
"N-05",2018,0,59.3280397058824,-165.314143235294,6.8,-6.49007147502806
"N-05",2019,0,59.3280397058824,-165.314143235294,9.2,-6.49007147502806
"N-05",2021,0,59.3280397058824,-165.314143235294,4.3,-6.49007147502806
"N-05",2022,0,59.3280397058824,-165.314143235294,8.4,-6.49007147502806
"N-05",2023,0,59.3280397058824,-165.314143235294,4.3,-6.49007147502806
"N-06",1988,0,59.3307322857143,-164.657478857143,6.1,-6.49007147502806
"N-06",1989,0,59.3307322857143,-164.657478857143,NA,-6.49007147502806
"N-06",1990,0,59.3307322857143,-164.657478857143,6.3,-6.49007147502806
"N-06",1991,0,59.3307322857143,-164.657478857143,8,-6.49007147502806
"N-06",1992,0,59.3307322857143,-164.657478857143,5,-6.49007147502806
"N-06",1993,0,59.3307322857143,-164.657478857143,7.2,-6.49007147502806
"N-06",1994,0,59.3307322857143,-164.657478857143,6.5,-6.49007147502806
"N-06",1995,0,59.3307322857143,-164.657478857143,5.6,-6.49007147502806
"N-06",1996,0,59.3307322857143,-164.657478857143,6.9,-6.49007147502806
"N-06",1997,0,59.3307322857143,-164.657478857143,8.5,-6.49007147502806
"N-06",1998,0,59.3307322857143,-164.657478857143,6.4,-6.49007147502806
"N-06",1999,0,59.3307322857143,-164.657478857143,2.5,-6.49007147502806
"N-06",2000,0,59.3307322857143,-164.657478857143,5,-6.49007147502806
"N-06",2001,0,59.3307322857143,-164.657478857143,3.5,-6.49007147502806
"N-06",2002,0,59.3307322857143,-164.657478857143,6.1,-6.49007147502806
"N-06",2003,0,59.3307322857143,-164.657478857143,6.7,-6.49007147502806
"N-06",2004,0,59.3307322857143,-164.657478857143,8.2,-6.49007147502806
"N-06",2005,0,59.3307322857143,-164.657478857143,6.8,-6.49007147502806
"N-06",2006,0,59.3307322857143,-164.657478857143,4.3,-6.49007147502806
"N-06",2007,0,59.3307322857143,-164.657478857143,6.5,-6.49007147502806
"N-06",2008,0,59.3307322857143,-164.657478857143,4.4,-6.49007147502806
"N-06",2009,0,59.3307322857143,-164.657478857143,5.4,-6.49007147502806
"N-06",2010,0,59.3307322857143,-164.657478857143,4.3,-6.49007147502806
"N-06",2011,0,59.3307322857143,-164.657478857143,4.8,-6.49007147502806
"N-06",2012,0,59.3307322857143,-164.657478857143,5.2,-6.49007147502806
"N-06",2013,0,59.3307322857143,-164.657478857143,5.8,-6.49007147502806
"N-06",2014,0,59.3307322857143,-164.657478857143,7,-6.49007147502806
"N-06",2015,0,59.3307322857143,-164.657478857143,5.8,-6.49007147502806
"N-06",2016,0,59.3307322857143,-164.657478857143,9.2,-6.49007147502806
"N-06",2017,0,59.3307322857143,-164.657478857143,8.1,-6.49007147502806
"N-06",2018,0,59.3307322857143,-164.657478857143,6.7,-6.49007147502806
"N-06",2019,0,59.3307322857143,-164.657478857143,9.7,-6.49007147502806
"N-06",2021,0,59.3307322857143,-164.657478857143,5.2,-6.49007147502806
"N-06",2022,0,59.3307322857143,-164.657478857143,7.3,-6.49007147502806
"N-06",2023,0,59.3307322857143,-164.657478857143,3.5,-6.49007147502806
"N-07",1988,0,59.3297068571429,-164.007836,7,-6.49007147502806
"N-07",1989,0,59.3297068571429,-164.007836,5.5,-6.49007147502806
"N-07",1990,0,59.3297068571429,-164.007836,6.6,-6.49007147502806
"N-07",1991,0,59.3297068571429,-164.007836,11.7,-6.49007147502806
"N-07",1992,0,59.3297068571429,-164.007836,5.9,-6.49007147502806
"N-07",1993,0,59.3297068571429,-164.007836,7.9,-6.49007147502806
"N-07",1994,0,59.3297068571429,-164.007836,6.3,-6.49007147502806
"N-07",1995,0,59.3297068571429,-164.007836,5.9,-6.49007147502806
"N-07",1996,0,59.3297068571429,-164.007836,7.7,-6.49007147502806
"N-07",1997,0,59.3297068571429,-164.007836,7.8,-6.49007147502806
"N-07",1998,0,59.3297068571429,-164.007836,NA,-6.49007147502806
"N-07",1999,0,59.3297068571429,-164.007836,1.5,-6.49007147502806
"N-07",2000,0,59.3297068571429,-164.007836,3.9,-6.49007147502806
"N-07",2001,0,59.3297068571429,-164.007836,4.4,-6.49007147502806
"N-07",2002,0,59.3297068571429,-164.007836,6.7,-6.49007147502806
"N-07",2003,0,59.3297068571429,-164.007836,7.3,-6.49007147502806
"N-07",2004,0,59.3297068571429,-164.007836,8.8,-6.49007147502806
"N-07",2005,0,59.3297068571429,-164.007836,7.8,-6.49007147502806
"N-07",2006,0,59.3297068571429,-164.007836,5.6,-6.49007147502806
"N-07",2007,0,59.3297068571429,-164.007836,8.2,-6.49007147502806
"N-07",2008,0,59.3297068571429,-164.007836,4.2,-6.49007147502806
"N-07",2009,0,59.3297068571429,-164.007836,6.3,-6.49007147502806
"N-07",2010,0,59.3297068571429,-164.007836,3.5,-6.49007147502806
"N-07",2011,0,59.3297068571429,-164.007836,5.4,-6.49007147502806
"N-07",2012,0,59.3297068571429,-164.007836,5.9,-6.49007147502806
"N-07",2013,0,59.3297068571429,-164.007836,6.4,-6.49007147502806
"N-07",2014,0,59.3297068571429,-164.007836,7.8,-6.49007147502806
"N-07",2015,0,59.3297068571429,-164.007836,6.8,-6.49007147502806
"N-07",2016,0,59.3297068571429,-164.007836,9.9,-6.49007147502806
"N-07",2017,0,59.3297068571429,-164.007836,8.2,-6.49007147502806
"N-07",2018,0,59.3297068571429,-164.007836,7.2,-6.49007147502806
"N-07",2019,0,59.3297068571429,-164.007836,9.5,-6.49007147502806
"N-07",2021,0,59.3297068571429,-164.007836,5,-6.49007147502806
"N-07",2022,0,59.3297068571429,-164.007836,7.7,-6.49007147502806
"N-07",2023,0,59.3297068571429,-164.007836,4.8,-6.49007147502806
"N-18",1988,0,59.3348254899498,-168.56313959799,3.3,-6.49007147502806
"N-18",1989,0,59.3348254899498,-168.56313959799,4.1,-6.49007147502806
"N-18",1990,0,59.3348254899498,-168.56313959799,NA,-6.49007147502806
"N-18",1991,0,59.3348254899498,-168.56313959799,3.6,-6.49007147502806
"N-18",1993,0,59.3348254899498,-168.56313959799,NA,-6.49007147502806
"N-18",1994,3540.52408203371,59.3348254899498,-168.56313959799,1.9,8.17203046981676
"N-18",1995,2281.76167031485,59.3348254899498,-168.56313959799,NA,7.73270375148561
"N-18",1996,0,59.3348254899498,-168.56313959799,3.6,-6.49007147502806
"N-18",1997,0,59.3348254899498,-168.56313959799,3.2,-6.49007147502806
"N-18",1998,0,59.3348254899498,-168.56313959799,4,-6.49007147502806
"N-18",1999,0,59.3348254899498,-168.56313959799,0.2,-6.49007147502806
"N-18",2000,0,59.3348254899498,-168.56313959799,2.2,-6.49007147502806
"N-18",2001,0,59.3348254899498,-168.56313959799,0.2,-6.49007147502806
"N-18",2002,0,59.3348254899498,-168.56313959799,4.2,-6.49007147502806
"N-18",2003,0,59.3348254899498,-168.56313959799,4.7,-6.49007147502806
"N-18",2004,0,59.3348254899498,-168.56313959799,5.2,-6.49007147502806
"N-18",2005,0,59.3348254899498,-168.56313959799,2.4,-6.49007147502806
"N-18",2006,0,59.3348254899498,-168.56313959799,1.2,-6.49007147502806
"N-18",2007,0,59.3348254899498,-168.56313959799,2,-6.49007147502806
"N-18",2008,0,59.3348254899498,-168.56313959799,1,-6.49007147502806
"N-18",2009,0,59.3348254899498,-168.56313959799,2.5,-6.49007147502806
"N-18",2010,0,59.3348254899498,-168.56313959799,1,-6.49007147502806
"N-18",2011,0,59.3348254899498,-168.56313959799,3.3,-6.49007147502806
"N-18",2012,0,59.3348254899498,-168.56313959799,-1.2,-6.49007147502806
"N-18",2013,0,59.3348254899498,-168.56313959799,2.7,-6.49007147502806
"N-18",2014,0,59.3348254899498,-168.56313959799,2.8,-6.49007147502806
"N-18",2015,0,59.3348254899498,-168.56313959799,3.2,-6.49007147502806
"N-18",2016,0,59.3348254899498,-168.56313959799,5.4,-6.49007147502806
"N-18",2017,0,59.3348254899498,-168.56313959799,4.6,-6.49007147502806
"N-18",2018,0,59.3348254899498,-168.56313959799,5.3,-6.49007147502806
"N-18",2019,46.4293294120571,59.3348254899498,-168.56313959799,5.3,3.83796406274235
"N-18",2021,0,59.3348254899498,-168.56313959799,3.9,-6.49007147502806
"N-18",2022,0,59.3348254899498,-168.56313959799,4.3,-6.49007147502806
"N-18",2023,0,59.3348254899498,-168.56313959799,2.3,-6.49007147502806
"N-19",1988,70.8542627412129,59.3367869787894,-169.237825581997,2.3,4.26064656029102
"N-19",1989,0,59.3367869787894,-169.237825581997,3.7,-6.49007147502806
"N-19",1990,0,59.3367869787894,-169.237825581997,NA,-6.49007147502806
"N-19",1991,0,59.3367869787894,-169.237825581997,2.8,-6.49007147502806
"N-19",1993,707.437386089066,59.3367869787894,-169.237825581997,2.7,6.56165127176682
"N-19",1994,13776.0964723363,59.3367869787894,-169.237825581997,0.5,9.53069033979384
"N-19",1995,502.560143648327,59.3367869787894,-169.237825581997,1.5,6.21971834302938
"N-19",1996,0,59.3367869787894,-169.237825581997,3.2,-6.49007147502806
"N-19",1997,0,59.3367869787894,-169.237825581997,1.7,-6.49007147502806
"N-19",1998,0,59.3367869787894,-169.237825581997,3.4,-6.49007147502806
"N-19",1999,0,59.3367869787894,-169.237825581997,-0.7,-6.49007147502806
"N-19",2000,42.4807742790238,59.3367869787894,-169.237825581997,2,3.74908734721684
"N-19",2001,22.1120123552131,59.3367869787894,-169.237825581997,-0.6,3.09618967437168
"N-19",2002,0,59.3367869787894,-169.237825581997,2.3,-6.49007147502806
"N-19",2003,0,59.3367869787894,-169.237825581997,3.2,-6.49007147502806
"N-19",2004,0,59.3367869787894,-169.237825581997,2.9,-6.49007147502806
"N-19",2005,0,59.3367869787894,-169.237825581997,1.3,-6.49007147502806
"N-19",2006,0,59.3367869787894,-169.237825581997,0.2,-6.49007147502806
"N-19",2007,64.7792385397039,59.3367869787894,-169.237825581997,-0.5,4.17100859907438
"N-19",2008,135.577838151933,59.3367869787894,-169.237825581997,-0.3,4.90955712639786
"N-19",2009,0,59.3367869787894,-169.237825581997,1.3,-6.49007147502806
"N-19",2010,0,59.3367869787894,-169.237825581997,-0.7,-6.49007147502806
"N-19",2011,0,59.3367869787894,-169.237825581997,2.1,-6.49007147502806
"N-19",2012,0,59.3367869787894,-169.237825581997,-1.3,-6.49007147502806
"N-19",2013,0,59.3367869787894,-169.237825581997,2,-6.49007147502806
"N-19",2014,0,59.3367869787894,-169.237825581997,1.7,-6.49007147502806
"N-19",2015,0,59.3367869787894,-169.237825581997,1.4,-6.49007147502806
"N-19",2016,0,59.3367869787894,-169.237825581997,4.9,-6.49007147502806
"N-19",2017,0,59.3367869787894,-169.237825581997,3.7,-6.49007147502806
"N-19",2018,0,59.3367869787894,-169.237825581997,4.3,-6.49007147502806
"N-19",2019,21.5034258537873,59.3367869787894,-169.237825581997,4.1,3.06828287587015
"N-19",2021,0,59.3367869787894,-169.237825581997,3.1,-6.49007147502806
"N-19",2022,0,59.3367869787894,-169.237825581997,2.5,-6.49007147502806
"N-19",2023,0,59.3367869787894,-169.237825581997,1.3,-6.49007147502806
"N-20",1988,421.635867187537,59.3336394923858,-169.869968201354,1.6,6.04414566888397
"N-20",1989,19.4519604214604,59.3336394923858,-169.869968201354,2.5,2.96802591586669
"N-20",1990,0,59.3336394923858,-169.869968201354,1.1,-6.49007147502806
"N-20",1991,0,59.3336394923858,-169.869968201354,NA,-6.49007147502806
"N-20",1993,1766.68632372825,59.3336394923858,-169.869968201354,2,7.47686179693351
"N-20",1994,6868.05739279159,59.3336394923858,-169.869968201354,NA,8.83463679962066
"N-20",1995,5689.38181939319,59.3336394923858,-169.869968201354,-0.8,8.64635714476808
"N-20",1996,57.1667966113076,59.3336394923858,-169.869968201354,1.8,4.04599981224721
"N-20",1997,0,59.3336394923858,-169.869968201354,-0.3,-6.49007147502806
"N-20",1998,0,59.3336394923858,-169.869968201354,2.8,-6.49007147502806
"N-20",1999,0,59.3336394923858,-169.869968201354,-1.2,-6.49007147502806
"N-20",2000,9450.13731824582,59.3336394923858,-169.869968201354,NA,9.1537847120927
"N-20",2001,18.8990750659115,59.3336394923858,-169.869968201354,-0.2,2.93919332402679
"N-20",2002,0,59.3336394923858,-169.869968201354,1.9,-6.49007147502806
"N-20",2003,19.3486981328055,59.3336394923858,-169.869968201354,2.4,2.96270361183068
"N-20",2004,19.3811836531759,59.3336394923858,-169.869968201354,1.1,2.96438102366049
"N-20",2005,19.9298935885698,59.3336394923858,-169.869968201354,1.1,2.99229698114016
"N-20",2006,57.5661721324226,59.3336394923858,-169.869968201354,-0.7,4.05296148276924
"N-20",2007,0,59.3336394923858,-169.869968201354,-1.5,-6.49007147502806
"N-20",2008,4861.34277156135,59.3336394923858,-169.869968201354,-1.3,8.48907028152805
"N-20",2009,434.871543874896,59.3336394923858,-169.869968201354,-0.8,6.07505417773437
"N-20",2010,293.913930351718,59.3336394923858,-169.869968201354,-1.2,5.68329213683479
"N-20",2011,0,59.3336394923858,-169.869968201354,0.7,-6.49007147502806
"N-20",2012,60.2018665468464,59.3336394923858,-169.869968201354,-1.4,4.09772857975923
"N-20",2013,157.729941471039,59.3336394923858,-169.869968201354,-0.5,5.06089396621964
"N-20",2014,0,59.3336394923858,-169.869968201354,0.2,-6.49007147502806
"N-20",2015,170.611317862285,59.3336394923858,-169.869968201354,0,5.13939687432995
"N-20",2016,0,59.3336394923858,-169.869968201354,3.9,-6.49007147502806
"N-20",2017,0,59.3336394923858,-169.869968201354,1.3,-6.49007147502806
"N-20",2018,79.9910222049905,59.3336394923858,-169.869968201354,3.8,4.38193338839488
"N-20",2019,6263.98066373022,59.3336394923858,-169.869968201354,3.1,8.74257139318554
"N-20",2021,0,59.3336394923858,-169.869968201354,3.1,-6.49007147502806
"N-20",2022,0,59.3336394923858,-169.869968201354,0.8,-6.49007147502806
"N-20",2023,0,59.3336394923858,-169.869968201354,0.2,-6.49007147502806
"N-21",1988,8955.52429605791,59.332953505618,-170.53919533583,1.2,9.10002603019127
"N-21",1989,182.292809257989,59.332953505618,-170.53919533583,2.3,5.20562256599736
"N-21",1990,0,59.332953505618,-170.53919533583,-1.1,-6.49007147502806
"N-21",1991,524.052597881672,59.332953505618,-170.53919533583,NA,6.26159495441244
"N-21",1992,7113.08751316439,59.332953505618,-170.53919533583,-1.1,8.86969189139985
"N-21",1993,9108.51305490258,59.332953505618,-170.53919533583,1.3,9.11696492244139
"N-21",1994,2916.70018534887,59.332953505618,-170.53919533583,-1.7,7.97820870333917
"N-21",1995,4281.17390493419,59.332953505618,-170.53919533583,-1.3,8.36198288250107
"N-21",1996,714.10661308478,59.332953505618,-170.53919533583,0.3,6.57103439558623
"N-21",1997,0,59.332953505618,-170.53919533583,-0.2,-6.49007147502806
"N-21",1998,19.1201550603832,59.332953505618,-170.53919533583,1.9,2.9508224299885
"N-21",1999,78.1682560634592,59.332953505618,-170.53919533583,-1.5,4.35888305754
"N-21",2000,351.209891922886,59.332953505618,-170.53919533583,1.9,5.86138835087829
"N-21",2001,58.661618250599,59.332953505618,-170.53919533583,1,4.07181153452122
"N-21",2002,0,59.332953505618,-170.53919533583,2.9,-6.49007147502806
"N-21",2003,19.8528501480099,59.332953505618,-170.53919533583,2.1,2.9884240629435
"N-21",2004,107.528708931431,59.332953505618,-170.53919533583,0.9,4.6777719928976
"N-21",2005,107.009402063498,59.332953505618,-170.53919533583,0.8,4.67293089003884
"N-21",2006,113.711780528561,59.332953505618,-170.53919533583,-1.5,4.73368035934344
"N-21",2007,151.015793971788,59.332953505618,-170.53919533583,-1.5,5.01739448197974
"N-21",2008,5593.60931555822,59.332953505618,-170.53919533583,-1.3,8.62938030287546
"N-21",2009,915.87778983959,59.332953505618,-170.53919533583,-1.4,6.8198845964735
"N-21",2010,15216.0303230345,59.332953505618,-170.53919533583,-1.5,9.63010487741409
"N-21",2011,2340.91898798093,59.332953505618,-170.53919533583,-0.6,7.75829950981115
"N-21",2012,465.642991735356,59.332953505618,-170.53919533583,-1.4,6.14342248930476
"N-21",2013,333.600254315306,59.332953505618,-170.53919533583,-1.3,5.8099479844866
"N-21",2014,207.417998399463,59.332953505618,-170.53919533583,-0.2,5.33474339377857
"N-21",2015,103.084000109388,59.332953505618,-170.53919533583,-0.9,4.63555892092333
"N-21",2016,138.284488174976,59.332953505618,-170.53919533583,3.3,4.92932405217373
"N-21",2017,9537.89748709197,59.332953505618,-170.53919533583,0.4,9.16302851016009
"N-21",2018,60302.3323731887,59.332953505618,-170.53919533583,3.3,11.0071260866367
"N-21",2019,62.3324711760252,59.332953505618,-170.53919533583,2.8,4.13250685673798
"N-21",2021,0,59.332953505618,-170.53919533583,3.7,-6.49007147502806
"N-21",2022,0,59.332953505618,-170.53919533583,0.1,-6.49007147502806
"N-21",2023,19.5381752216751,59.332953505618,-170.53919533583,-0.3,2.97244796901727
"N-22",1988,128419.077790824,59.3310363880026,-171.180890662412,-0.2,11.7630542519505
"N-22",1989,15104.9622281521,59.3310363880026,-171.180890662412,1.4,9.62277869372472
"N-22",1990,7606.23248249226,59.3310363880026,-171.180890662412,-1.1,8.93672345332297
"N-22",1991,4707.97857865402,59.3310363880026,-171.180890662412,-0.9,8.45701424090617
"N-22",1992,15762.4843699577,59.3310363880026,-171.180890662412,-1.5,9.66538808500858
"N-22",1993,13746.9261970887,59.3310363880026,-171.180890662412,0.3,9.52857063925793
"N-22",1994,25360.3315137563,59.3310363880026,-171.180890662412,NA,10.1409415406494
"N-22",1995,15095.1393174293,59.3310363880026,-171.180890662412,-1.5,9.6221281720656
"N-22",1996,3277.63165504301,59.3310363880026,-171.180890662412,0.2,8.09487684745417
"N-22",1997,321.671365423024,59.3310363880026,-171.180890662412,0.2,5.77353514055714
"N-22",1998,268.763682123216,59.3310363880026,-171.180890662412,1.3,5.59383813807939
"N-22",1999,174.598400547183,59.3310363880026,-171.180890662412,-1.6,5.16249717941717
"N-22",2000,888.326595238589,59.3310363880026,-171.180890662412,1.2,6.78934117213115
"N-22",2001,6310.60617574042,59.3310363880026,-171.180890662412,1.1,8.74998725742437
"N-22",2002,468.198497425078,59.3310363880026,-171.180890662412,0.7,6.14889558894308
"N-22",2003,115.369210443619,59.3310363880026,-171.180890662412,2.1,4.74815067271497
"N-22",2004,8188.77672605937,59.3310363880026,-171.180890662412,-0.2,9.01051998922345
"N-22",2005,5486.20455259395,59.3310363880026,-171.180890662412,1.6,8.60999223386798
"N-22",2006,5052.66551331621,59.3310363880026,-171.180890662412,-1.4,8.52767150796076
"N-22",2007,1049.4415679989,59.3310363880026,-171.180890662412,-1.2,6.95601490857572
"N-22",2008,8082.17425312405,59.3310363880026,-171.180890662412,-1.3,8.99741639392513
"N-22",2009,3787.59184663095,59.3310363880026,-171.180890662412,-1.3,8.23948610035774
"N-22",2010,107585.339022835,59.3310363880026,-171.180890662412,-1.5,11.5860396771055
"N-22",2011,9497.63215473279,59.3310363880026,-171.180890662412,-0.9,9.15879795952691
"N-22",2012,2107.57940200588,59.3310363880026,-171.180890662412,-1.4,7.65329608555472
"N-22",2013,926.924306370703,59.3310363880026,-171.180890662412,-1.4,6.83187354597945
"N-22",2014,784.507364835922,59.3310363880026,-171.180890662412,-0.1,6.66505789559705
"N-22",2015,2896.80609369932,59.3310363880026,-171.180890662412,-1,7.97136458622338
"N-22",2016,3451.62756037242,59.3310363880026,-171.180890662412,2.5,8.14660159533296
"N-22",2017,38594.3495995076,59.3310363880026,-171.180890662412,-0.2,10.560861200649
"N-22",2018,144453.95132668,59.3310363880026,-171.180890662412,3.1,11.8807160703183
"N-22",2019,278.403676784686,59.3310363880026,-171.180890662412,2.6,5.62907758929606
"N-22",2021,830.679574823191,59.3310363880026,-171.180890662412,2.4,6.72224595858079
"N-22",2022,59.1418226847634,59.3310363880026,-171.180890662412,-0.2,4.07996400801347
"N-22",2023,918.03962735134,59.3310363880026,-171.180890662412,-0.4,6.82224221074003
"N-23",1988,25100.894110847,59.3335365486187,-171.834846431788,-1,10.130658806925
"N-23",1989,8776.70598296305,59.3335365486187,-171.834846431788,2,9.07985661645899
"N-23",1990,7230.30814903331,59.3335365486187,-171.834846431788,-1.5,8.88603714514483
"N-23",1991,21537.5681260068,59.3335365486187,-171.834846431788,-0.8,9.97755411446751
"N-23",1992,18316.5050459631,59.3335365486187,-171.834846431788,-1.5,9.81555793032856
"N-23",1993,6552.10223111935,59.3335365486187,-171.834846431788,0.1,8.78754146019994
"N-23",1994,6721.56532648216,59.3335365486187,-171.834846431788,NA,8.81307656778611
"N-23",1995,29717.0994577873,59.3335365486187,-171.834846431788,-1.5,10.2994779495325
"N-23",1996,1276.11990020603,59.3335365486187,-171.834846431788,0.5,7.1515806150568
"N-23",1997,1028.81888573715,59.3335365486187,-171.834846431788,NA,6.93616818627426
"N-23",1998,822.635823051324,59.3335365486187,-171.834846431788,1.3,6.71251544923697
"N-23",1999,297.330382085853,59.3335365486187,-171.834846431788,-1.2,5.69484902504264
"N-23",2000,8715.02924739467,59.3335365486187,-171.834846431788,0.9,9.0728044881642
"N-23",2001,3943.43137981635,59.3335365486187,-171.834846431788,1.1,8.27980691690954
"N-23",2002,190.590025786868,59.3335365486187,-171.834846431788,0.9,5.25013262626612
"N-23",2003,49.3941305633709,59.3335365486187,-171.834846431788,2.2,3.89986234346963
"N-23",2004,7045.61577868597,59.3335365486187,-171.834846431788,0.1,8.86016104251356
"N-23",2005,1428.99485689731,59.3335365486187,-171.834846431788,1.6,7.26472764142405
"N-23",2006,1529.81299030226,59.3335365486187,-171.834846431788,-1.2,7.33290177092093
"N-23",2007,766.62775357049,59.3335365486187,-171.834846431788,-0.9,6.64200333642169
"N-23",2008,1224.64077837958,59.3335365486187,-171.834846431788,-1,7.11040407774189
"N-23",2009,8383.37650197336,59.3335365486187,-171.834846431788,-1.2,9.03400621731243
"N-23",2010,37620.0574231657,59.3335365486187,-171.834846431788,-0.9,10.5352926696163
"N-23",2011,7452.28103388068,59.3335365486187,-171.834846431788,-0.5,8.91627564730986
"N-23",2012,4070.89728119917,59.3335365486187,-171.834846431788,-1.1,8.31161908934841
"N-23",2013,2259.59857111368,59.3335365486187,-171.834846431788,-1.3,7.72294312508385
"N-23",2014,4981.1842245987,59.3335365486187,-171.834846431788,0.1,8.51342324268903
"N-23",2015,2383.16847480817,59.3335365486187,-171.834846431788,-1.3,7.77618681037009
"N-23",2016,15825.9173685915,59.3335365486187,-171.834846431788,2.8,9.66940431085789
"N-23",2017,22415.456647924,59.3335365486187,-171.834846431788,-0.5,10.0175060965486
"N-23",2018,14352.6089413525,59.3335365486187,-171.834846431788,3.4,9.57168711821792
"N-23",2019,41076.3294431874,59.3335365486187,-171.834846431788,2.8,10.6231873455851
"N-23",2021,494.351137617486,59.3335365486187,-171.834846431788,2.4,6.20324914115759
"N-23",2022,80.0905153787712,59.3335365486187,-171.834846431788,-0.5,4.38317639618528
"N-23",2023,2910.36353329575,59.3335365486187,-171.834846431788,-0.8,7.97603379962971
"N-24",1988,13177.0925092666,59.3322462411953,-172.501359090715,-0.9,9.48623530026443
"N-24",1989,31209.9128976088,59.3322462411953,-172.501359090715,2.6,10.3484910930646
"N-24",1990,25241.196419473,59.3322462411953,-172.501359090715,-0.3,10.1362327774113
"N-24",1991,858.699517138806,59.3322462411953,-172.501359090715,0.2,6.75542082366267
"N-24",1992,61.6379758216912,59.3322462411953,-172.501359090715,-1.1,4.12130280571619
"N-24",1993,550.468814386632,59.3322462411953,-172.501359090715,1.2,6.3107730633883
"N-24",1994,0,59.3322462411953,-172.501359090715,-1.2,-6.49007147502806
"N-24",1995,279.184373314443,59.3322462411953,-172.501359090715,-0.7,5.63187783864772
"N-24",1996,0,59.3322462411953,-172.501359090715,1.9,-6.49007147502806
"N-24",1997,73.8754108778503,59.3322462411953,-172.501359090715,NA,4.30240059136933
"N-24",1998,50.5430165976178,59.3322462411953,-172.501359090715,1.6,3.9228548295943
"N-24",1999,293.549747432994,59.3322462411953,-172.501359090715,-0.5,5.68205229479341
"N-24",2000,164.472854602976,59.3322462411953,-172.501359090715,1.5,5.10275477109947
"N-24",2001,141.146999384731,59.3322462411953,-172.501359090715,1.5,4.94981265393735
"N-24",2002,0,59.3322462411953,-172.501359090715,1.4,-6.49007147502806
"N-24",2003,17.6774224671603,59.3322462411953,-172.501359090715,2.6,2.87237415200085
"N-24",2004,75.5109462870769,59.3322462411953,-172.501359090715,1.4,4.32429773835732
"N-24",2005,43.2072088221567,59.3322462411953,-172.501359090715,1.8,3.76604249481507
"N-24",2006,347.809619347531,59.3322462411953,-172.501359090715,-0.2,5.85165962494972
"N-24",2007,122.831705385594,59.3322462411953,-172.501359090715,-0.5,4.8108275314499
"N-24",2008,40.230547515444,59.3322462411953,-172.501359090715,-0.8,3.6946643382578
"N-24",2009,149.893817567199,59.3322462411953,-172.501359090715,-0.2,5.00993729059963
"N-24",2010,19100.712477256,59.3322462411953,-172.501359090715,-0.4,9.85748099530967
"N-24",2011,520.005322841452,59.3322462411953,-172.501359090715,0.9,6.25384196780032
"N-24",2012,108.565877354178,59.3322462411953,-172.501359090715,-0.8,4.68737113953858
"N-24",2013,361.043090122778,59.3322462411953,-172.501359090715,-0.7,5.8890015201261
"N-24",2014,13092.1789426043,59.3322462411953,-172.501359090715,0.8,9.4797704195961
"N-24",2015,119.734183816586,59.3322462411953,-172.501359090715,-0.9,4.78528683256193
"N-24",2016,308.098040965928,59.3322462411953,-172.501359090715,1.9,5.7304229755672
"N-24",2017,161.093447052237,59.3322462411953,-172.501359090715,1,5.08199403887345
"N-24",2018,928.081356293133,59.3322462411953,-172.501359090715,3.3,6.83312103346861
"N-24",2019,99.3715319213142,59.3322462411953,-172.501359090715,3.2,4.59888095378116
"N-24",2021,5570.01110338168,59.3322462411953,-172.501359090715,2.4,8.62515259895505
"N-24",2022,38.335782916842,59.3322462411953,-172.501359090715,-0.1,3.64642334800707
"N-24",2023,191.922426997159,59.3322462411953,-172.501359090715,0.9,5.25709917604019
"N-25",1988,2417.23385631777,59.3369149249249,-173.153163834604,1.1,7.79037975898161
"N-25",1989,350.032610692909,59.3369149249249,-173.153163834604,3,5.85803066153916
"N-25",1990,0,59.3369149249249,-173.153163834604,0.3,-6.49007147502806
"N-25",1991,61.5750639694194,59.3369149249249,-173.153163834604,0.8,4.12028164257843
"N-25",1992,3289.73321259006,59.3369149249249,-173.153163834604,0.2,8.09856221164264
"N-25",1993,415.399146121612,59.3369149249249,-173.153163834604,2.1,6.02924351125317
"N-25",1994,601.335082184875,59.3369149249249,-173.153163834604,NA,6.39915484535214
"N-25",1995,12911.5752204841,59.3369149249249,-173.153163834604,0.1,9.46587960952979
"N-25",1996,1051.02041612311,59.3369149249249,-173.153163834604,2.4,6.95751824084336
"N-25",1997,13176.0627863847,59.3369149249249,-173.153163834604,1.7,9.48615715229678
"N-25",1998,3505.10259837464,59.3369149249249,-173.153163834604,1.7,8.16197550425292
"N-25",1999,2707.6344043063,59.3369149249249,-173.153163834604,0.4,7.90383117992226
"N-25",2000,4072.8798036249,59.3369149249249,-173.153163834604,2,8.31210596950364
"N-25",2001,3375.13902500047,59.3369149249249,-173.153163834604,1.9,8.12419224494062
"N-25",2002,1837.17948114748,59.3369149249249,-173.153163834604,2.4,7.51598761034936
"N-25",2003,1600.08822384863,59.3369149249249,-173.153163834604,3.6,7.37781499558564
"N-25",2004,103.093424372593,59.3369149249249,-173.153163834604,2,4.6356503385402
"N-25",2005,1108.13705737468,59.3369149249249,-173.153163834604,2.7,7.01043692791205
"N-25",2006,39.4486740541464,59.3369149249249,-173.153163834604,0.5,3.67503892673803
"N-25",2007,845.730385726487,59.3369149249249,-173.153163834604,0.7,6.74020241123559
"N-25",2008,143.542375502449,59.3369149249249,-173.153163834604,0.8,4.96664086956293
"N-25",2009,4758.54105614087,59.3369149249249,-173.153163834604,0.5,8.4676967185316
"N-25",2010,19256.6182475594,59.3369149249249,-173.153163834604,1.6,9.86561016454944
"N-25",2011,8365.38704774838,59.3369149249249,-173.153163834604,2.1,9.03185806376933
"N-25",2012,6783.74435452677,59.3369149249249,-173.153163834604,-0.1,8.82228471700702
"N-25",2013,155.976683593123,59.3369149249249,-173.153163834604,0.4,5.04971626693245
"N-25",2014,1926.45045143685,59.3369149249249,-173.153163834604,2,7.56343523246932
"N-25",2015,170.49457773936,59.3369149249249,-173.153163834604,0.4,5.13871240015549
"N-25",2016,19.5227239329254,59.3369149249249,-173.153163834604,1.9,2.971656892074
"N-25",2017,0,59.3369149249249,-173.153163834604,2.4,-6.49007147502806
"N-25",2018,38.4575748003326,59.3369149249249,-173.153163834604,3.3,3.64959516320059
"N-25",2019,140.630723113386,59.3369149249249,-173.153163834604,3.2,4.94614826712695
"N-25",2021,39.2339241865074,59.3369149249249,-173.153163834604,2.3,3.66958048694771
"N-25",2022,18.5833360527479,59.3369149249249,-173.153163834604,0.5,2.92234697445957
"N-25",2023,0,59.3369149249249,-173.153163834604,1.9,-6.49007147502806
"N-26",1988,19900.8897481056,59.3334522102945,-173.802097748417,1.3,9.89851979697329
"N-26",1989,6708.59583438025,59.3334522102945,-173.802097748417,3,8.81114516978641
"N-26",1990,933.553401023366,59.3334522102945,-173.802097748417,1.5,6.83899979302827
"N-26",1991,41.3048332313666,59.3334522102945,-173.802097748417,1.4,3.721016281649
"N-26",1992,208.574305518527,59.3334522102945,-173.802097748417,0.9,5.34030263920105
"N-26",1993,1719.2194148409,59.3334522102945,-173.802097748417,2.7,7.44962652142994
"N-26",1994,2835.67313177132,59.3334522102945,-173.802097748417,0.7,7.95003515970705
"N-26",1995,96417.550121541,59.3334522102945,-173.802097748417,1.3,11.4764435349799
"N-26",1996,27347.7783077875,59.3334522102945,-173.802097748417,3.2,10.2163906281832
"N-26",1997,84564.0134559853,59.3334522102945,-173.802097748417,2.1,11.345264100193
"N-26",1998,12557.3722655613,59.3334522102945,-173.802097748417,NA,9.43806332452864
"N-26",1999,944.787301976353,59.3334522102945,-173.802097748417,1.1,6.85096143206211
"N-26",2000,0,59.3334522102945,-173.802097748417,2.1,-6.49007147502806
"N-26",2001,19.2472324693881,59.3334522102945,-173.802097748417,2.7,2.9574461708291
"N-26",2002,829.058586029907,59.3334522102945,-173.802097748417,2.8,6.72029265488394
"N-26",2003,0,59.3334522102945,-173.802097748417,4.1,-6.49007147502806
"N-26",2004,57.0419822132102,59.3334522102945,-173.802097748417,NA,4.04381414613176
"N-26",2005,79094.3523057768,59.3334522102945,-173.802097748417,2.9,11.2783967709832
"N-26",2006,1413.21345397293,59.3334522102945,-173.802097748417,1.7,7.2536225101171
"N-26",2007,27908.5433155496,59.3334522102945,-173.802097748417,1.3,10.2366881873707
"N-26",2008,18988.8582116709,59.3334522102945,-173.802097748417,1.2,9.85160775619579
"N-26",2009,65829.8515185389,59.3334522102945,-173.802097748417,1.1,11.0948287079967
"N-26",2010,31970.3606351058,59.3334522102945,-173.802097748417,2.1,10.372564569908
"N-26",2011,49539.6678574759,59.3334522102945,-173.802097748417,2.3,10.8105290291397
"N-26",2012,0,59.3334522102945,-173.802097748417,0.4,-6.49007147502806
"N-26",2013,480.172691427874,59.3334522102945,-173.802097748417,1,6.17414897528188
"N-26",2014,118.94896399574,59.3334522102945,-173.802097748417,2.2,4.77870729253068
"N-26",2015,95.9890489712095,59.3334522102945,-173.802097748417,1.3,4.56424993051209
"N-26",2016,0,59.3334522102945,-173.802097748417,2.8,-6.49007147502806
"N-26",2017,0,59.3334522102945,-173.802097748417,2.8,-6.49007147502806
"N-26",2018,39.7551374544742,59.3334522102945,-173.802097748417,3.4,3.68277727098123
"N-26",2019,0,59.3334522102945,-173.802097748417,3.2,-6.49007147502806
"N-26",2021,0,59.3334522102945,-173.802097748417,2.6,-6.49007147502806
"N-26",2022,0,59.3334522102945,-173.802097748417,1.4,-6.49007147502806
"N-26",2023,0,59.3334522102945,-173.802097748417,1.8,-6.49007147502806
"N-27",1988,197.406314001294,59.3280568552535,-174.437321994857,2.1,5.28527180423537
"N-27",1989,1822.20647486536,59.3280568552535,-174.437321994857,3.1,7.50780422789391
"N-27",1990,1558.19406272091,59.3280568552535,-174.437321994857,2.2,7.35128375203173
"N-27",1991,32562.4368189863,59.3280568552535,-174.437321994857,1.7,10.3909147048257
"N-27",1992,700.032198367389,59.3280568552535,-174.437321994857,1.8,6.55112850075179
"N-27",1993,604.64279520045,59.3280568552535,-174.437321994857,2.8,6.40464037380589
"N-27",1994,19.91194876495,59.3280568552535,-174.437321994857,NA,2.99139624683363
"N-27",1995,5020.93492038373,59.3280568552535,-174.437321994857,2.1,8.5213717368875
"N-27",1996,25618.5950880457,59.3280568552535,-174.437321994857,3.3,10.151073796686
"N-27",1997,113496.466021756,59.3280568552535,-174.437321994857,2.2,11.6395269924254
"N-27",1998,19.298408430005,59.3280568552535,-174.437321994857,2,2.96010130680929
"N-27",1999,36.3441685108624,59.3280568552535,-174.437321994857,1.1,3.5930755436064
"N-27",2000,0,59.3280568552535,-174.437321994857,2.2,-6.49007147502806
"N-27",2001,266.945147823222,59.3280568552535,-174.437321994857,3,5.58704888662583
"N-27",2002,845.882733686193,59.3280568552535,-174.437321994857,3.2,6.74038253242863
"N-27",2003,58.2152485838492,59.3280568552535,-174.437321994857,4,4.06417340644794
"N-27",2004,0,59.3280568552535,-174.437321994857,3.1,-6.49007147502806
"N-27",2005,1934.23876733942,59.3280568552535,-174.437321994857,3.5,7.56746991120157
"N-27",2006,273.52327850772,59.3280568552535,-174.437321994857,2.3,5.61139228301067
"N-27",2007,0,59.3280568552535,-174.437321994857,1.8,-6.49007147502806
"N-27",2008,19.7141321071701,59.3280568552535,-174.437321994857,1.3,2.98141276438314
"N-27",2009,40.177099033475,59.3280568552535,-174.437321994857,1.9,3.69333495048094
"N-27",2010,206.230671921299,59.3280568552535,-174.437321994857,2.4,5.32900267172533
"N-27",2011,89.5340253935083,59.3280568552535,-174.437321994857,2.6,4.49463568425232
"N-27",2012,2699.08809303715,59.3280568552535,-174.437321994857,1.1,7.90066981419994
"N-27",2013,326.461036663199,59.3280568552535,-174.437321994857,1.7,5.78831525639278
"N-27",2014,38.8530478941685,59.3280568552535,-174.437321994857,2.4,3.65982560747788
"N-27",2015,0,59.3280568552535,-174.437321994857,2.1,-6.49007147502806
"N-27",2016,0,59.3280568552535,-174.437321994857,2.9,-6.49007147502806
"N-27",2017,0,59.3280568552535,-174.437321994857,3,-6.49007147502806
"N-27",2018,660.040891513013,59.3280568552535,-174.437321994857,3.5,6.49230409046133
"N-27",2019,79.8363265270302,59.3280568552535,-174.437321994857,3.6,4.37999763974894
"N-27",2021,0,59.3280568552535,-174.437321994857,2.9,-6.49007147502806
"N-27",2022,0,59.3280568552535,-174.437321994857,2.8,-6.49007147502806
"N-27",2023,0,59.3280568552535,-174.437321994857,2,-6.49007147502806
"N-28",1988,0,59.3313478480553,-175.107131533988,2.2,-6.49007147502806
"N-28",1989,64.5695539090378,59.3313478480553,-175.107131533988,2.8,4.16776651405059
"N-28",1990,3389.98001553634,59.3313478480553,-175.107131533988,2.3,8.12857975315518
"N-28",1991,50284.2121074237,59.3313478480553,-175.107131533988,2.2,10.8254464624121
"N-28",1992,26597.9625749452,59.3313478480553,-175.107131533988,2.4,10.188589953998
"N-28",1993,8052.72641693396,59.3313478480553,-175.107131533988,2.6,8.99376618696735
"N-28",1994,464.730375696412,59.3313478480553,-175.107131533988,1.5,6.14146066755731
"N-28",1995,25713.3834161324,59.3313478480553,-175.107131533988,2,10.1547669498813
"N-28",1996,22962.7175429119,59.3313478480553,-175.107131533988,4,10.0416272694388
"N-28",1997,6936.0507070002,59.3313478480553,-175.107131533988,2.7,8.8444880480515
"N-28",1998,2279.53636867864,59.3313478480553,-175.107131533988,2.3,7.73172802031779
"N-28",1999,1054.28954580574,59.3313478480553,-175.107131533988,NA,6.96062384301461
"N-28",2000,20.4917028543507,59.3313478480553,-175.107131533988,1.9,3.02009416291631
"N-28",2001,0,59.3313478480553,-175.107131533988,2.8,-6.49007147502806
"N-28",2002,38.238037811118,59.3313478480553,-175.107131533988,3,3.64387048381649
"N-28",2003,0,59.3313478480553,-175.107131533988,3.8,-6.49007147502806
"N-28",2004,70.1244033401166,59.3313478480553,-175.107131533988,2.9,4.25029250857772
"N-28",2005,0,59.3313478480553,-175.107131533988,2.9,-6.49007147502806
"N-28",2006,132.760577442113,59.3313478480553,-175.107131533988,2,4.88855877373068
"N-28",2007,235.389055050105,59.3313478480553,-175.107131533988,2,5.46124614937942
"N-28",2008,0,59.3313478480553,-175.107131533988,1.4,-6.49007147502806
"N-28",2009,0,59.3313478480553,-175.107131533988,1.7,-6.49007147502806
"N-28",2010,315.052626185158,59.3313478480553,-175.107131533988,1.9,5.75274451175505
"N-28",2011,1177.45248857025,59.3313478480553,-175.107131533988,2.3,7.07110976526421
"N-28",2012,50176.5570646418,59.3313478480553,-175.107131533988,1.4,10.8233032361234
"N-28",2013,0,59.3313478480553,-175.107131533988,2,-6.49007147502806
"N-28",2014,19.7685931672617,59.3313478480553,-175.107131533988,2.4,2.9841712824744
"N-28",2015,38.0591089180345,59.3313478480553,-175.107131533988,2.8,3.63918034514014
"N-28",2016,78.0579215515178,59.3313478480553,-175.107131533988,2.4,4.3574705876554
"N-28",2017,100.733719871975,59.3313478480553,-175.107131533988,3.2,4.6124956721014
"N-28",2018,957.742515895604,59.3313478480553,-175.107131533988,3.3,6.86458055472928
"N-28",2019,122.819334791159,59.3313478480553,-175.107131533988,3.4,4.81072681588602
"N-28",2021,0,59.3313478480553,-175.107131533988,3,-6.49007147502806
"N-28",2022,0,59.3313478480553,-175.107131533988,2.7,-6.49007147502806
"N-28",2023,0,59.3313478480553,-175.107131533988,2.1,-6.49007147502806
"N-29",1988,101.507605939442,59.3346529083333,-175.771333875,2.2,4.62014868981013
"N-29",1989,84.3292001394261,59.3346529083333,-175.771333875,2.5,4.43474619459732
"N-29",1990,3204.58929804448,59.3346529083333,-175.771333875,1.7,8.07233969084071
"N-29",1991,1819.49176469212,59.3346529083333,-175.771333875,1.3,7.50631332544474
"N-29",1992,1363.59166076904,59.3346529083333,-175.771333875,2.3,7.21787853820483
"N-29",1993,17.1454175724956,59.3346529083333,-175.771333875,2.2,2.84181949951478
"N-29",1994,20.8021374927815,59.3346529083333,-175.771333875,2,3.03512873728412
"N-29",1995,16.5795926514284,59.3346529083333,-175.771333875,1.9,2.80826416144866
"N-29",1996,9925.2323287103,59.3346529083333,-175.771333875,2.6,9.2028356667036
"N-29",1997,3987.57546186806,59.3346529083333,-175.771333875,NA,8.29093905231328
"N-29",1998,195.861850130247,59.3346529083333,-175.771333875,2.3,5.27741731701496
"N-29",1999,212.126845943982,59.3346529083333,-175.771333875,NA,5.35719158381497
"N-29",2000,18.5479045137248,59.3346529083333,-175.771333875,1.8,2.92043868097921
"N-29",2001,19.5616850579486,59.3346529083333,-175.771333875,1.8,2.97365042923446
"N-29",2002,19.891153444403,59.3346529083333,-175.771333875,2.5,2.99035141691975
"N-29",2003,0,59.3346529083333,-175.771333875,3,-6.49007147502806
"N-29",2004,0,59.3346529083333,-175.771333875,2.4,-6.49007147502806
"N-29",2005,0,59.3346529083333,-175.771333875,2.8,-6.49007147502806
"N-29",2006,18.664555673717,59.3346529083333,-175.771333875,2,2.92670765768055
"N-29",2007,0,59.3346529083333,-175.771333875,2,-6.49007147502806
"N-29",2008,0,59.3346529083333,-175.771333875,1.6,-6.49007147502806
"N-29",2009,19.2054596302161,59.3346529083333,-175.771333875,1.2,2.95527365418675
"N-29",2010,25.0029232092704,59.3346529083333,-175.771333875,2.6,3.21905347507723
"N-29",2011,125.33445175439,59.3346529083333,-175.771333875,2.1,4.83099789328928
"N-29",2012,2233.17332285226,59.3346529083333,-175.771333875,1.7,7.71117954760736
"N-29",2013,0,59.3346529083333,-175.771333875,1.7,-6.49007147502806
"N-29",2014,0,59.3346529083333,-175.771333875,2.1,-6.49007147502806
"N-29",2015,97.3146221702261,59.3346529083333,-175.771333875,2.7,4.57796486043662
"N-29",2016,0,59.3346529083333,-175.771333875,1.7,-6.49007147502806
"N-29",2017,0,59.3346529083333,-175.771333875,2.9,-6.49007147502806
"N-29",2018,0,59.3346529083333,-175.771333875,2.8,-6.49007147502806
"N-29",2019,0,59.3346529083333,-175.771333875,3.2,-6.49007147502806
"N-29",2021,0,59.3346529083333,-175.771333875,1.8,-6.49007147502806
"N-29",2022,0,59.3346529083333,-175.771333875,2.2,-6.49007147502806
"N-29",2023,0,59.3346529083333,-175.771333875,2.1,-6.49007147502806
"N-30",1988,25.680673544637,59.3373555027933,-176.381050879888,2.9,3.24579783285465
"N-30",1989,0,59.3373555027933,-176.381050879888,2.3,-6.49007147502806
"N-30",1990,0,59.3373555027933,-176.381050879888,1.7,-6.49007147502806
"N-30",1991,38.6525954699194,59.3373555027933,-176.381050879888,1,3.65465320948275
"N-30",1992,0,59.3373555027933,-176.381050879888,2.1,-6.49007147502806
"N-30",1993,28.2339930340145,59.3373555027933,-176.381050879888,2,3.34058045787088
"N-30",1994,0,59.3373555027933,-176.381050879888,2.2,-6.49007147502806
"N-30",1995,36.2749475614089,59.3373555027933,-176.381050879888,1.9,3.59116921151347
"N-30",1996,190.545976753994,59.3373555027933,-176.381050879888,2.4,5.24990148209817
"N-30",1997,56.2115381338082,59.3373555027933,-176.381050879888,NA,4.02914905330254
"N-30",1998,0,59.3373555027933,-176.381050879888,NA,-6.49007147502806
"N-30",1999,0,59.3373555027933,-176.381050879888,0.2,-6.49007147502806
"N-30",2000,0,59.3373555027933,-176.381050879888,1.1,-6.49007147502806
"N-30",2001,57.0761467875227,59.3373555027933,-176.381050879888,1.3,4.04441288826815
"N-30",2002,0,59.3373555027933,-176.381050879888,2,-6.49007147502806
"N-30",2003,0,59.3373555027933,-176.381050879888,2.7,-6.49007147502806
"N-30",2004,0,59.3373555027933,-176.381050879888,2.6,-6.49007147502806
"N-30",2005,0,59.3373555027933,-176.381050879888,2.5,-6.49007147502806
"N-30",2006,0,59.3373555027933,-176.381050879888,1.7,-6.49007147502806
"N-30",2007,0,59.3373555027933,-176.381050879888,2.1,-6.49007147502806
"N-30",2008,0,59.3373555027933,-176.381050879888,1.3,-6.49007147502806
"N-30",2009,18.4269900257465,59.3373555027933,-176.381050879888,1,2.91389883873882
"N-30",2010,0,59.3373555027933,-176.381050879888,2.6,-6.49007147502806
"N-30",2011,0,59.3373555027933,-176.381050879888,2.2,-6.49007147502806
"N-30",2012,0,59.3373555027933,-176.381050879888,1.2,-6.49007147502806
"N-30",2013,0,59.3373555027933,-176.381050879888,1.7,-6.49007147502806
"N-30",2014,0,59.3373555027933,-176.381050879888,1.8,-6.49007147502806
"N-30",2015,0,59.3373555027933,-176.381050879888,2.7,-6.49007147502806
"N-30",2016,0,59.3373555027933,-176.381050879888,2.1,-6.49007147502806
"N-30",2017,0,59.3373555027933,-176.381050879888,2.7,-6.49007147502806
"N-30",2018,0,59.3373555027933,-176.381050879888,2.6,-6.49007147502806
"N-30",2019,0,59.3373555027933,-176.381050879888,3,-6.49007147502806
"N-30",2021,39.4859575891836,59.3373555027933,-176.381050879888,1.6,3.6759835590918
"N-30",2022,0,59.3373555027933,-176.381050879888,2.4,-6.49007147502806
"N-30",2023,0,59.3373555027933,-176.381050879888,2,-6.49007147502806
"N-31",1988,0,59.3314071101871,-177.06011012474,2.5,-6.49007147502806
"N-31",1989,0,59.3314071101871,-177.06011012474,2.4,-6.49007147502806
"N-31",1990,0,59.3314071101871,-177.06011012474,1.7,-6.49007147502806
"N-31",1991,18.1331370514748,59.3314071101871,-177.06011012474,2.1,2.89782477569467
"N-31",1992,0,59.3314071101871,-177.06011012474,2.6,-6.49007147502806
"N-31",1993,0,59.3314071101871,-177.06011012474,3.2,-6.49007147502806
"N-31",1994,0,59.3314071101871,-177.06011012474,2.4,-6.49007147502806
"N-31",1995,0,59.3314071101871,-177.06011012474,2.2,-6.49007147502806
"N-31",1996,0,59.3314071101871,-177.06011012474,3.9,-6.49007147502806
"N-31",1997,19.7027754052976,59.3314071101871,-177.06011012474,3.3,2.98083657370801
"N-31",1998,0,59.3314071101871,-177.06011012474,NA,-6.49007147502806
"N-31",1999,0,59.3314071101871,-177.06011012474,0.9,-6.49007147502806
"N-31",2000,0,59.3314071101871,-177.06011012474,2.2,-6.49007147502806
"N-31",2001,0,59.3314071101871,-177.06011012474,1.7,-6.49007147502806
"N-31",2002,0,59.3314071101871,-177.06011012474,2.5,-6.49007147502806
"N-31",2003,0,59.3314071101871,-177.06011012474,3.4,-6.49007147502806
"N-31",2004,0,59.3314071101871,-177.06011012474,3.3,-6.49007147502806
"N-31",2005,0,59.3314071101871,-177.06011012474,2.8,-6.49007147502806
"N-31",2006,0,59.3314071101871,-177.06011012474,2,-6.49007147502806
"N-31",2007,0,59.3314071101871,-177.06011012474,2.5,-6.49007147502806
"N-31",2008,0,59.3314071101871,-177.06011012474,2.2,-6.49007147502806
"N-31",2009,0,59.3314071101871,-177.06011012474,1.5,-6.49007147502806
"N-31",2010,0,59.3314071101871,-177.06011012474,2.5,-6.49007147502806
"N-31",2011,17.8907586688382,59.3314071101871,-177.06011012474,2.6,2.88436917333977
"N-31",2012,125.258657105192,59.3314071101871,-177.06011012474,1.6,4.8303929785466
"N-31",2013,387.37599300148,59.3314071101871,-177.06011012474,1.8,5.95939969931879
"N-31",2014,631.425651449692,59.3314071101871,-177.06011012474,3,6.44798260638301
"N-31",2015,0,59.3314071101871,-177.06011012474,3.1,-6.49007147502806
"N-31",2016,0,59.3314071101871,-177.06011012474,2,-6.49007147502806
"N-31",2017,0,59.3314071101871,-177.06011012474,3.2,-6.49007147502806
"N-31",2018,0,59.3314071101871,-177.06011012474,3.6,-6.49007147502806
"N-31",2019,20.9878227290878,59.3314071101871,-177.06011012474,3.2,3.04401474551532
"N-31",2021,19.2909586475703,59.3314071101871,-177.06011012474,2.4,2.95971523173942
"N-31",2022,0,59.3314071101871,-177.06011012474,2.9,-6.49007147502806
"N-31",2023,0,59.3314071101871,-177.06011012474,2.7,-6.49007147502806
"O-01",1988,0,59.6650054954955,-167.968893783784,4,-6.49007147502806
"O-01",1989,0,59.6650054954955,-167.968893783784,5.3,-6.49007147502806
"O-01",1990,0,59.6650054954955,-167.968893783784,3.8,-6.49007147502806
"O-01",1991,0,59.6650054954955,-167.968893783784,4,-6.49007147502806
"O-01",1993,20.269342044472,59.6650054954955,-167.968893783784,5,3.00918441071955
"O-01",1994,141.72728723111,59.6650054954955,-167.968893783784,2.8,4.95391541235705
"O-01",1995,0,59.6650054954955,-167.968893783784,3.8,-6.49007147502806
"O-01",1996,0,59.6650054954955,-167.968893783784,5,-6.49007147502806
"O-01",1997,0,59.6650054954955,-167.968893783784,3.6,-6.49007147502806
"O-01",1998,0,59.6650054954955,-167.968893783784,3.9,-6.49007147502806
"O-01",1999,0,59.6650054954955,-167.968893783784,-0.1,-6.49007147502806
"O-01",2000,0,59.6650054954955,-167.968893783784,2.6,-6.49007147502806
"O-01",2001,0,59.6650054954955,-167.968893783784,1.2,-6.49007147502806
"O-01",2002,0,59.6650054954955,-167.968893783784,4.6,-6.49007147502806
"O-01",2003,0,59.6650054954955,-167.968893783784,4.4,-6.49007147502806
"O-01",2004,0,59.6650054954955,-167.968893783784,5,-6.49007147502806
"O-01",2005,0,59.6650054954955,-167.968893783784,3.7,-6.49007147502806
"O-01",2006,0,59.6650054954955,-167.968893783784,1.8,-6.49007147502806
"O-01",2007,0,59.6650054954955,-167.968893783784,2.5,-6.49007147502806
"O-01",2008,0,59.6650054954955,-167.968893783784,0,-6.49007147502806
"O-01",2009,0,59.6650054954955,-167.968893783784,3.5,-6.49007147502806
"O-01",2010,0,59.6650054954955,-167.968893783784,1.4,-6.49007147502806
"O-01",2011,0,59.6650054954955,-167.968893783784,3,-6.49007147502806
"O-01",2012,0,59.6650054954955,-167.968893783784,0.6,-6.49007147502806
"O-01",2013,0,59.6650054954955,-167.968893783784,2.9,-6.49007147502806
"O-01",2014,0,59.6650054954955,-167.968893783784,2.2,-6.49007147502806
"O-01",2015,0,59.6650054954955,-167.968893783784,3.9,-6.49007147502806
"O-01",2016,0,59.6650054954955,-167.968893783784,4.5,-6.49007147502806
"O-01",2017,0,59.6650054954955,-167.968893783784,5.2,-6.49007147502806
"O-01",2018,0,59.6650054954955,-167.968893783784,6.2,-6.49007147502806
"O-01",2019,0,59.6650054954955,-167.968893783784,7.2,-6.49007147502806
"O-01",2021,0,59.6650054954955,-167.968893783784,4.1,-6.49007147502806
"O-01",2022,0,59.6650054954955,-167.968893783784,5.3,-6.49007147502806
"O-01",2023,0,59.6650054954955,-167.968893783784,3,-6.49007147502806
"O-02",1988,0,59.6591851428571,-167.289194285714,4.5,-6.49007147502806
"O-02",1989,0,59.6591851428571,-167.289194285714,5.7,-6.49007147502806
"O-02",1990,0,59.6591851428571,-167.289194285714,5.8,-6.49007147502806
"O-02",1991,0,59.6591851428571,-167.289194285714,5.2,-6.49007147502806
"O-02",1992,0,59.6591851428571,-167.289194285714,3.9,-6.49007147502806
"O-02",1993,0,59.6591851428571,-167.289194285714,NA,-6.49007147502806
"O-02",1994,0,59.6591851428571,-167.289194285714,NA,-6.49007147502806
"O-02",1995,0,59.6591851428571,-167.289194285714,5.2,-6.49007147502806
"O-02",1996,0,59.6591851428571,-167.289194285714,4.9,-6.49007147502806
"O-02",1997,0,59.6591851428571,-167.289194285714,5.4,-6.49007147502806
"O-02",1998,0,59.6591851428571,-167.289194285714,5.2,-6.49007147502806
"O-02",1999,0,59.6591851428571,-167.289194285714,0.9,-6.49007147502806
"O-02",2000,0,59.6591851428571,-167.289194285714,3.7,-6.49007147502806
"O-02",2001,0,59.6591851428571,-167.289194285714,2.2,-6.49007147502806
"O-02",2002,0,59.6591851428571,-167.289194285714,6,-6.49007147502806
"O-02",2003,0,59.6591851428571,-167.289194285714,5.7,-6.49007147502806
"O-02",2004,0,59.6591851428571,-167.289194285714,6.4,-6.49007147502806
"O-02",2005,0,59.6591851428571,-167.289194285714,5,-6.49007147502806
"O-02",2006,0,59.6591851428571,-167.289194285714,2.8,-6.49007147502806
"O-02",2007,0,59.6591851428571,-167.289194285714,3.6,-6.49007147502806
"O-02",2008,0,59.6591851428571,-167.289194285714,2.3,-6.49007147502806
"O-02",2009,0,59.6591851428571,-167.289194285714,4.2,-6.49007147502806
"O-02",2010,0,59.6591851428571,-167.289194285714,3.2,-6.49007147502806
"O-02",2011,0,59.6591851428571,-167.289194285714,4.2,-6.49007147502806
"O-02",2012,0,59.6591851428571,-167.289194285714,0.9,-6.49007147502806
"O-02",2013,0,59.6591851428571,-167.289194285714,4.3,-6.49007147502806
"O-02",2014,0,59.6591851428571,-167.289194285714,3.2,-6.49007147502806
"O-02",2015,0,59.6591851428571,-167.289194285714,4.5,-6.49007147502806
"O-02",2016,0,59.6591851428571,-167.289194285714,5.4,-6.49007147502806
"O-02",2017,0,59.6591851428571,-167.289194285714,6.4,-6.49007147502806
"O-02",2018,0,59.6591851428571,-167.289194285714,6.8,-6.49007147502806
"O-02",2019,0,59.6591851428571,-167.289194285714,5.9,-6.49007147502806
"O-02",2021,0,59.6591851428571,-167.289194285714,4.6,-6.49007147502806
"O-02",2022,0,59.6591851428571,-167.289194285714,4.8,-6.49007147502806
"O-02",2023,0,59.6591851428571,-167.289194285714,4,-6.49007147502806
"O-03",1988,0,59.6588917142857,-166.632232857143,5.7,-6.49007147502806
"O-03",1989,0,59.6588917142857,-166.632232857143,5.7,-6.49007147502806
"O-03",1990,0,59.6588917142857,-166.632232857143,5.8,-6.49007147502806
"O-03",1991,0,59.6588917142857,-166.632232857143,8,-6.49007147502806
"O-03",1992,0,59.6588917142857,-166.632232857143,4.8,-6.49007147502806
"O-03",1993,0,59.6588917142857,-166.632232857143,NA,-6.49007147502806
"O-03",1994,0,59.6588917142857,-166.632232857143,NA,-6.49007147502806
"O-03",1995,0,59.6588917142857,-166.632232857143,5.9,-6.49007147502806
"O-03",1996,0,59.6588917142857,-166.632232857143,5.4,-6.49007147502806
"O-03",1997,0,59.6588917142857,-166.632232857143,7.4,-6.49007147502806
"O-03",1998,0,59.6588917142857,-166.632232857143,6.1,-6.49007147502806
"O-03",1999,0,59.6588917142857,-166.632232857143,0.5,-6.49007147502806
"O-03",2000,0,59.6588917142857,-166.632232857143,4.1,-6.49007147502806
"O-03",2001,0,59.6588917142857,-166.632232857143,2.9,-6.49007147502806
"O-03",2002,0,59.6588917142857,-166.632232857143,5.9,-6.49007147502806
"O-03",2003,0,59.6588917142857,-166.632232857143,6.7,-6.49007147502806
"O-03",2004,0,59.6588917142857,-166.632232857143,7.1,-6.49007147502806
"O-03",2005,0,59.6588917142857,-166.632232857143,4.2,-6.49007147502806
"O-03",2006,0,59.6588917142857,-166.632232857143,4.3,-6.49007147502806
"O-03",2007,0,59.6588917142857,-166.632232857143,5.1,-6.49007147502806
"O-03",2008,0,59.6588917142857,-166.632232857143,3.4,-6.49007147502806
"O-03",2009,0,59.6588917142857,-166.632232857143,4.6,-6.49007147502806
"O-03",2010,0,59.6588917142857,-166.632232857143,4.1,-6.49007147502806
"O-03",2011,0,59.6588917142857,-166.632232857143,5.3,-6.49007147502806
"O-03",2012,0,59.6588917142857,-166.632232857143,3.7,-6.49007147502806
"O-03",2013,0,59.6588917142857,-166.632232857143,6.4,-6.49007147502806
"O-03",2014,0,59.6588917142857,-166.632232857143,5.5,-6.49007147502806
"O-03",2015,0,59.6588917142857,-166.632232857143,7.2,-6.49007147502806
"O-03",2016,0,59.6588917142857,-166.632232857143,7.1,-6.49007147502806
"O-03",2017,0,59.6588917142857,-166.632232857143,5.6,-6.49007147502806
"O-03",2018,0,59.6588917142857,-166.632232857143,5.4,-6.49007147502806
"O-03",2019,0,59.6588917142857,-166.632232857143,7.7,-6.49007147502806
"O-03",2021,0,59.6588917142857,-166.632232857143,3.7,-6.49007147502806
"O-03",2022,0,59.6588917142857,-166.632232857143,6.8,-6.49007147502806
"O-03",2023,0,59.6588917142857,-166.632232857143,3,-6.49007147502806
"O-04",1988,0,59.6318402857143,-165.947458,5.6,-6.49007147502806
"O-04",1989,0,59.6318402857143,-165.947458,6,-6.49007147502806
"O-04",1990,0,59.6318402857143,-165.947458,6.8,-6.49007147502806
"O-04",1991,0,59.6318402857143,-165.947458,7.4,-6.49007147502806
"O-04",1992,0,59.6318402857143,-165.947458,7.7,-6.49007147502806
"O-04",1993,0,59.6318402857143,-165.947458,NA,-6.49007147502806
"O-04",1994,0,59.6318402857143,-165.947458,5.5,-6.49007147502806
"O-04",1995,0,59.6318402857143,-165.947458,7.1,-6.49007147502806
"O-04",1996,0,59.6318402857143,-165.947458,NA,-6.49007147502806
"O-04",1997,0,59.6318402857143,-165.947458,6.3,-6.49007147502806
"O-04",1998,0,59.6318402857143,-165.947458,6.6,-6.49007147502806
"O-04",1999,0,59.6318402857143,-165.947458,1.5,-6.49007147502806
"O-04",2000,0,59.6318402857143,-165.947458,4.4,-6.49007147502806
"O-04",2001,0,59.6318402857143,-165.947458,3.5,-6.49007147502806
"O-04",2002,0,59.6318402857143,-165.947458,7.1,-6.49007147502806
"O-04",2003,0,59.6318402857143,-165.947458,7.7,-6.49007147502806
"O-04",2004,0,59.6318402857143,-165.947458,7.5,-6.49007147502806
"O-04",2005,0,59.6318402857143,-165.947458,5.9,-6.49007147502806
"O-04",2006,0,59.6318402857143,-165.947458,5.5,-6.49007147502806
"O-04",2007,0,59.6318402857143,-165.947458,5.7,-6.49007147502806
"O-04",2008,0,59.6318402857143,-165.947458,3.6,-6.49007147502806
"O-04",2009,0,59.6318402857143,-165.947458,6.2,-6.49007147502806
"O-04",2010,0,59.6318402857143,-165.947458,4.8,-6.49007147502806
"O-04",2011,0,59.6318402857143,-165.947458,4.8,-6.49007147502806
"O-04",2012,0,59.6318402857143,-165.947458,4.9,-6.49007147502806
"O-04",2013,0,59.6318402857143,-165.947458,6.4,-6.49007147502806
"O-04",2014,0,59.6318402857143,-165.947458,6,-6.49007147502806
"O-04",2015,0,59.6318402857143,-165.947458,8,-6.49007147502806
"O-04",2016,0,59.6318402857143,-165.947458,8.4,-6.49007147502806
"O-04",2017,0,59.6318402857143,-165.947458,6.5,-6.49007147502806
"O-04",2018,0,59.6318402857143,-165.947458,6.5,-6.49007147502806
"O-04",2019,0,59.6318402857143,-165.947458,8.8,-6.49007147502806
"O-04",2021,0,59.6318402857143,-165.947458,4.3,-6.49007147502806
"O-04",2022,0,59.6318402857143,-165.947458,7.6,-6.49007147502806
"O-04",2023,0,59.6318402857143,-165.947458,4.6,-6.49007147502806
"O-18",1988,0,59.6621403361344,-168.611709983193,3.2,-6.49007147502806
"O-18",1989,0,59.6621403361344,-168.611709983193,4.2,-6.49007147502806
"O-18",1990,0,59.6621403361344,-168.611709983193,NA,-6.49007147502806
"O-18",1991,0,59.6621403361344,-168.611709983193,NA,-6.49007147502806
"O-18",1993,0,59.6621403361344,-168.611709983193,4.6,-6.49007147502806
"O-18",1994,6850.37638795495,59.6621403361344,-168.611709983193,0.3,8.83205909855138
"O-18",1995,0,59.6621403361344,-168.611709983193,NA,-6.49007147502806
"O-18",1996,0,59.6621403361344,-168.611709983193,3.6,-6.49007147502806
"O-18",1997,0,59.6621403361344,-168.611709983193,2.8,-6.49007147502806
"O-18",1998,0,59.6621403361344,-168.611709983193,4.1,-6.49007147502806
"O-18",1999,0,59.6621403361344,-168.611709983193,-0.2,-6.49007147502806
"O-18",2000,0,59.6621403361344,-168.611709983193,2.4,-6.49007147502806
"O-18",2001,0,59.6621403361344,-168.611709983193,0.7,-6.49007147502806
"O-18",2002,0,59.6621403361344,-168.611709983193,4.3,-6.49007147502806
"O-18",2003,0,59.6621403361344,-168.611709983193,3.9,-6.49007147502806
"O-18",2004,0,59.6621403361344,-168.611709983193,5.3,-6.49007147502806
"O-18",2005,0,59.6621403361344,-168.611709983193,3.2,-6.49007147502806
"O-18",2006,0,59.6621403361344,-168.611709983193,0.6,-6.49007147502806
"O-18",2007,0,59.6621403361344,-168.611709983193,1.5,-6.49007147502806
"O-18",2008,0,59.6621403361344,-168.611709983193,1.4,-6.49007147502806
"O-18",2009,0,59.6621403361344,-168.611709983193,2.4,-6.49007147502806
"O-18",2010,0,59.6621403361344,-168.611709983193,0.1,-6.49007147502806
"O-18",2011,0,59.6621403361344,-168.611709983193,3.7,-6.49007147502806
"O-18",2012,0,59.6621403361344,-168.611709983193,-1,-6.49007147502806
"O-18",2013,0,59.6621403361344,-168.611709983193,2.7,-6.49007147502806
"O-18",2014,0,59.6621403361344,-168.611709983193,1.4,-6.49007147502806
"O-18",2015,0,59.6621403361344,-168.611709983193,2.7,-6.49007147502806
"O-18",2016,0,59.6621403361344,-168.611709983193,3.3,-6.49007147502806
"O-18",2017,0,59.6621403361344,-168.611709983193,3.9,-6.49007147502806
"O-18",2018,0,59.6621403361344,-168.611709983193,5.9,-6.49007147502806
"O-18",2019,22.6045554373218,59.6621403361344,-168.611709983193,5.1,3.11821862582457
"O-18",2021,0,59.6621403361344,-168.611709983193,3.7,-6.49007147502806
"O-18",2022,0,59.6621403361344,-168.611709983193,4.5,-6.49007147502806
"O-18",2023,0,59.6621403361344,-168.611709983193,2.3,-6.49007147502806
"O-19",1988,46.4899291232269,59.6695622439586,-169.265680529344,2,3.83926837231605
"O-19",1989,0,59.6695622439586,-169.265680529344,3.9,-6.49007147502806
"O-19",1990,0,59.6695622439586,-169.265680529344,2,-6.49007147502806
"O-19",1991,0,59.6695622439586,-169.265680529344,2.5,-6.49007147502806
"O-19",1993,3148.32588417833,59.6695622439586,-169.265680529344,3.3,8.05462660750251
"O-19",1994,8082.61593129875,59.6695622439586,-169.265680529344,0.7,8.99747104085673
"O-19",1995,2402.86175931152,59.6695622439586,-169.265680529344,1.9,7.78441633763507
"O-19",1996,0,59.6695622439586,-169.265680529344,2.9,-6.49007147502806
"O-19",1997,0,59.6695622439586,-169.265680529344,1.8,-6.49007147502806
"O-19",1998,0,59.6695622439586,-169.265680529344,3.6,-6.49007147502806
"O-19",1999,53.605013749221,59.6695622439586,-169.265680529344,-1.3,3.98167092986203
"O-19",2000,0,59.6695622439586,-169.265680529344,1.9,-6.49007147502806
"O-19",2001,0,59.6695622439586,-169.265680529344,-1.2,-6.49007147502806
"O-19",2002,0,59.6695622439586,-169.265680529344,2.2,-6.49007147502806
"O-19",2003,0,59.6695622439586,-169.265680529344,2.8,-6.49007147502806
"O-19",2004,0,59.6695622439586,-169.265680529344,3.2,-6.49007147502806
"O-19",2005,0,59.6695622439586,-169.265680529344,1.3,-6.49007147502806
"O-19",2006,0,59.6695622439586,-169.265680529344,-0.5,-6.49007147502806
"O-19",2007,0,59.6695622439586,-169.265680529344,-0.9,-6.49007147502806
"O-19",2008,0,59.6695622439586,-169.265680529344,-0.1,-6.49007147502806
"O-19",2009,0,59.6695622439586,-169.265680529344,1.3,-6.49007147502806
"O-19",2010,0,59.6695622439586,-169.265680529344,-1.1,-6.49007147502806
"O-19",2011,0,59.6695622439586,-169.265680529344,2.4,-6.49007147502806
"O-19",2012,26.2275093425258,59.6695622439586,-169.265680529344,-1.3,3.26686672811368
"O-19",2013,0,59.6695622439586,-169.265680529344,1.8,-6.49007147502806
"O-19",2014,0,59.6695622439586,-169.265680529344,1,-6.49007147502806
"O-19",2015,0,59.6695622439586,-169.265680529344,1.8,-6.49007147502806
"O-19",2016,0,59.6695622439586,-169.265680529344,4.4,-6.49007147502806
"O-19",2017,0,59.6695622439586,-169.265680529344,2.4,-6.49007147502806
"O-19",2018,0,59.6695622439586,-169.265680529344,4.4,-6.49007147502806
"O-19",2019,64.5377972808423,59.6695622439586,-169.265680529344,4.1,4.16727458417089
"O-19",2021,0,59.6695622439586,-169.265680529344,3.1,-6.49007147502806
"O-19",2022,0,59.6695622439586,-169.265680529344,2.4,-6.49007147502806
"O-19",2023,0,59.6695622439586,-169.265680529344,0.7,-6.49007147502806
"O-20",1988,0,59.6673704950115,-169.921825533384,1.5,-6.49007147502806
"O-20",1989,361.730805796203,59.6673704950115,-169.921825533384,2.5,5.89090450249799
"O-20",1990,21.801715780745,59.6673704950115,-169.921825533384,1.1,3.08205831756246
"O-20",1991,0,59.6673704950115,-169.921825533384,NA,-6.49007147502806
"O-20",1993,4075.95255175295,59.6673704950115,-169.921825533384,2.4,8.31286012592619
"O-20",1994,14858.739126656,59.6673704950115,-169.921825533384,NA,9.60634356670577
"O-20",1995,3000.8935095091,59.6673704950115,-169.921825533384,-0.6,8.00666586580479
"O-20",1996,87.7978138840717,59.6673704950115,-169.921825533384,1.8,4.47505389610812
"O-20",1997,0,59.6673704950115,-169.921825533384,0.5,-6.49007147502806
"O-20",1998,19.1020336390309,59.6673704950115,-169.921825533384,3,2.94987429051072
"O-20",1999,43.0332059682321,59.6673704950115,-169.921825533384,-1.3,3.76200733419353
"O-20",2000,41.3551438248078,59.6673704950115,-169.921825533384,1.2,3.72223352736162
"O-20",2001,20.360841847271,59.6673704950115,-169.921825533384,-0.8,3.01368811265206
"O-20",2002,0,59.6673704950115,-169.921825533384,1.7,-6.49007147502806
"O-20",2003,0,59.6673704950115,-169.921825533384,1.8,-6.49007147502806
"O-20",2004,0,59.6673704950115,-169.921825533384,1,-6.49007147502806
"O-20",2005,0,59.6673704950115,-169.921825533384,0.9,-6.49007147502806
"O-20",2006,0,59.6673704950115,-169.921825533384,-1.1,-6.49007147502806
"O-20",2007,112.253349669414,59.6673704950115,-169.921825533384,-1.4,4.72077189414423
"O-20",2008,1762.27565665102,59.6673704950115,-169.921825533384,-0.9,7.47436210121405
"O-20",2009,173.203237576827,59.6673704950115,-169.921825533384,-0.8,5.15447445543551
"O-20",2010,40.8094964255353,59.6673704950115,-169.921825533384,-1.4,3.70895201718028
"O-20",2011,0,59.6673704950115,-169.921825533384,1,-6.49007147502806
"O-20",2012,163.47004069032,59.6673704950115,-169.921825533384,-1.4,5.09663902493583
"O-20",2013,312.037754110636,59.6673704950115,-169.921825533384,-0.1,5.74312905344932
"O-20",2014,0,59.6673704950115,-169.921825533384,0.2,-6.49007147502806
"O-20",2015,0,59.6673704950115,-169.921825533384,0.9,-6.49007147502806
"O-20",2016,0,59.6673704950115,-169.921825533384,3.7,-6.49007147502806
"O-20",2017,245.040056877139,59.6673704950115,-169.921825533384,0.5,5.50142789132206
"O-20",2018,106.54796635078,59.6673704950115,-169.921825533384,3.6,4.66860952316225
"O-20",2019,2104.54392176154,59.6673704950115,-169.921825533384,3.4,7.65185477990055
"O-20",2021,0,59.6673704950115,-169.921825533384,3.1,-6.49007147502806
"O-20",2022,0,59.6673704950115,-169.921825533384,0.9,-6.49007147502806
"O-20",2023,0,59.6673704950115,-169.921825533384,-0.1,-6.49007147502806
"O-21",1988,31421.9170995757,59.6679084938582,-170.582451326075,0.5,10.3552609735359
"O-21",1989,249.886571973495,59.6679084938582,-170.582451326075,2.7,5.52101317929817
"O-21",1990,585.530058254269,59.6679084938582,-170.582451326075,-0.9,6.3725201127445
"O-21",1991,1004.50638804848,59.6679084938582,-170.582451326075,-0.3,6.91225305529316
"O-21",1992,1767.5656573915,59.6679084938582,-170.582451326075,-1.2,7.47735940317693
"O-21",1993,19385.3177983741,59.6679084938582,-170.582451326075,1.1,9.87227132233534
"O-21",1994,15757.2211621392,59.6679084938582,-170.582451326075,-1.7,9.66505412203073
"O-21",1995,6739.9632080879,59.6679084938582,-170.582451326075,-1.5,8.8158099704399
"O-21",1996,805.254972458793,59.6679084938582,-170.582451326075,0.1,6.69116084890439
"O-21",1997,21.3270412841636,59.6679084938582,-170.582451326075,-0.1,3.06004700674528
"O-21",1998,73.7957748700531,59.6679084938582,-170.582451326075,2.2,4.30132205492472
"O-21",1999,367.369010273091,59.6679084938582,-170.582451326075,-1.6,5.90637095375944
"O-21",2000,443.990540146817,59.6679084938582,-170.582451326075,1.2,6.09580667620761
"O-21",2001,734.738817678221,59.6679084938582,-170.582451326075,0,6.59951715260102
"O-21",2002,39.8368160364811,59.6679084938582,-170.582451326075,2.1,3.68482962654521
"O-21",2003,0,59.6679084938582,-170.582451326075,1.9,-6.49007147502806
"O-21",2004,84.7593798295929,59.6679084938582,-170.582451326075,0.1,4.4398343311503
"O-21",2005,277.72717186787,59.6679084938582,-170.582451326075,0,5.62664470301419
"O-21",2006,0,59.6679084938582,-170.582451326075,-1.5,-6.49007147502806
"O-21",2007,1199.08942626624,59.6679084938582,-170.582451326075,-1.5,7.08931900261532
"O-21",2008,3671.25366952197,59.6679084938582,-170.582451326075,-1.5,8.20828889564426
"O-21",2009,347.36999089302,59.6679084938582,-170.582451326075,-1.3,5.85039483931407
"O-21",2010,4646.87959933175,59.6679084938582,-170.582451326075,-1.5,8.44395154618236
"O-21",2011,4009.50137143576,59.6679084938582,-170.582451326075,0.2,8.29642254500408
"O-21",2012,1743.25263819534,59.6679084938582,-170.582451326075,-1.5,7.46350885051578
"O-21",2013,253.319527936515,59.6679084938582,-170.582451326075,-1.5,5.53465764229258
"O-21",2014,172.281048129132,59.6679084938582,-170.582451326075,-0.5,5.14913595773924
"O-21",2015,164.052587132757,59.6679084938582,-170.582451326075,-0.8,5.10019628544708
"O-21",2016,178.943623624084,59.6679084938582,-170.582451326075,3.5,5.18707928995647
"O-21",2017,5412.63628349666,59.6679084938582,-170.582451326075,-0.2,8.59649183192884
"O-21",2018,3049.21966980655,59.6679084938582,-170.582451326075,2.8,8.02264148887885
"O-21",2019,782.402001508793,59.6679084938582,-170.582451326075,2.7,6.66237061762315
"O-21",2021,0,59.6679084938582,-170.582451326075,3.5,-6.49007147502806
"O-21",2022,0,59.6679084938582,-170.582451326075,0,-6.49007147502806
"O-21",2023,0,59.6679084938582,-170.582451326075,-0.6,-6.49007147502806
"O-22",1988,53869.8110832427,59.667255157397,-171.248059140226,-0.3,10.8943255369546
"O-22",1989,15705.4465329986,59.667255157397,-171.248059140226,0.8,9.66176294078828
"O-22",1990,10317.2972139722,59.667255157397,-171.248059140226,-1.1,9.24157725403765
"O-22",1991,6940.62087082763,59.667255157397,-171.248059140226,-0.8,8.84514673093044
"O-22",1992,17375.0698820885,59.667255157397,-171.248059140226,-1.6,9.76279177980751
"O-22",1993,22730.7651271137,59.667255157397,-171.248059140226,NA,10.0314746446348
"O-22",1994,24396.61843598,59.667255157397,-171.248059140226,NA,10.1021998752274
"O-22",1995,23079.4399777873,59.667255157397,-171.248059140226,-1.5,10.0466975217256
"O-22",1996,6498.02897494323,59.667255157397,-171.248059140226,0.1,8.77925440895175
"O-22",1997,568.242486796252,59.667255157397,-171.248059140226,-0.1,6.34255091315958
"O-22",1998,659.943132137543,59.667255157397,-171.248059140226,1.1,6.49215596874321
"O-22",1999,509.124832557365,59.667255157397,-171.248059140226,-1.6,6.23269621953312
"O-22",2000,18850.0636862343,59.667255157397,-171.248059140226,0.1,9.84427165200412
"O-22",2001,18617.6823440415,59.667255157397,-171.248059140226,0.9,9.83186715332398
"O-22",2002,39.5392287442091,59.667255157397,-171.248059140226,1.9,3.67733171449571
"O-22",2003,150.295034796846,59.667255157397,-171.248059140226,2,5.01261036394321
"O-22",2004,40801.7569390534,59.667255157397,-171.248059140226,-0.2,10.6164804589119
"O-22",2005,21696.7545424127,59.667255157397,-171.248059140226,0,9.9849180380705
"O-22",2006,510.230187446289,59.667255157397,-171.248059140226,-1.5,6.23486494781206
"O-22",2007,3489.33771007114,59.667255157397,-171.248059140226,-1.4,8.15746766446606
"O-22",2008,2153.18607313588,59.667255157397,-171.248059140226,-1.4,7.67470462388753
"O-22",2009,6359.22191716556,59.667255157397,-171.248059140226,-1.5,8.75766154755939
"O-22",2010,21000.91286431,59.667255157397,-171.248059140226,-1.5,9.95232125779337
"O-22",2011,12131.6572304467,59.667255157397,-171.248059140226,-1.1,9.40357374023014
"O-22",2012,2777.27404479187,59.667255157397,-171.248059140226,-1.5,7.92922571293197
"O-22",2013,1664.71312929835,59.667255157397,-171.248059140226,-1.5,7.4174090049874
"O-22",2014,1955.49809713969,59.667255157397,-171.248059140226,-0.2,7.57840099761164
"O-22",2015,2175.54108327539,59.667255157397,-171.248059140226,-1.1,7.68503338446308
"O-22",2016,178.148184705312,59.667255157397,-171.248059140226,3.3,5.18262422573435
"O-22",2017,24874.7057549312,59.667255157397,-171.248059140226,-0.8,10.1216067940529
"O-22",2018,123678.964141375,59.667255157397,-171.248059140226,2.9,11.7254445007512
"O-22",2019,293.486401988129,59.667255157397,-171.248059140226,2.7,5.68183648144879
"O-22",2021,137.659221216174,59.667255157397,-171.248059140226,2.4,4.92479225002456
"O-22",2022,1086.58688561138,59.667255157397,-171.248059140226,-0.2,6.99079816228785
"O-22",2023,2620.78750060093,59.667255157397,-171.248059140226,-1,7.87123070372377
"O-23",1988,12472.1534119875,59.6646854577295,-171.898885338164,-0.7,9.43125383292055
"O-23",1989,3951.11674489958,59.6646854577295,-171.898885338164,1.5,8.28175392247166
"O-23",1990,7154.14681706986,59.6646854577295,-171.898885338164,-1.5,8.87544765422943
"O-23",1991,4731.85331591346,59.6646854577295,-171.898885338164,-1,8.46207254718772
"O-23",1992,9606.29439035875,59.6646854577295,-171.898885338164,-1.5,9.17017398633071
"O-23",1993,6933.29482654844,59.6646854577295,-171.898885338164,-0.1,8.8440906421497
"O-23",1994,18553.6495164857,59.6646854577295,-171.898885338164,NA,9.82842186995863
"O-23",1995,33974.5072589783,59.6646854577295,-171.898885338164,-1.5,10.4333657805607
"O-23",1996,3694.60627648222,59.6646854577295,-171.898885338164,0.4,8.21462968293736
"O-23",1997,1023.73296656232,59.6646854577295,-171.898885338164,-0.1,6.93121247998801
"O-23",1998,324.578670211865,59.6646854577295,-171.898885338164,1.1,5.78253262010741
"O-23",1999,1185.21588885101,59.6646854577295,-171.898885338164,-1.6,7.07768150281015
"O-23",2000,778.217079382997,59.6646854577295,-171.898885338164,0.3,6.65700745877873
"O-23",2001,1309.52479708338,59.6646854577295,-171.898885338164,0.8,7.17742075960217
"O-23",2002,766.596147017911,59.6646854577295,-171.898885338164,1.1,6.64196210762273
"O-23",2003,38.2941721885244,59.6646854577295,-171.898885338164,1.8,3.64533737364202
"O-23",2004,23274.8831312287,59.6646854577295,-171.898885338164,-0.1,10.0551301461574
"O-23",2005,4346.97375508525,59.6646854577295,-171.898885338164,0.5,8.37723554280278
"O-23",2006,4609.64798901602,59.6646854577295,-171.898885338164,-1.4,8.43590710434906
"O-23",2007,10373.2559822402,59.6646854577295,-171.898885338164,-0.7,9.2469863792518
"O-23",2008,15959.4493277326,59.6646854577295,-171.898885338164,-1.2,9.67780646227731
"O-23",2009,14125.4134370854,59.6646854577295,-171.898885338164,-1.3,9.5557309329655
"O-23",2010,37848.7020772799,59.6646854577295,-171.898885338164,-1.4,10.5413520071752
"O-23",2011,7523.42261155298,59.6646854577295,-171.898885338164,-0.2,8.92577664974501
"O-23",2012,4318.63598372337,59.6646854577295,-171.898885338164,-1.3,8.37069523847369
"O-23",2013,842.915442897904,59.6646854577295,-171.898885338164,-1.4,6.7368684493996
"O-23",2014,608.612676961657,59.6646854577295,-171.898885338164,0,6.41118456187395
"O-23",2015,561.778774338346,59.6646854577295,-171.898885338164,-1.3,6.33111083534149
"O-23",2016,165.734260312095,59.6646854577295,-171.898885338164,2.6,5.11039482600381
"O-23",2017,19007.2768744565,59.6646854577295,-171.898885338164,-0.3,9.8525772581051
"O-23",2018,11337.8187052882,59.6646854577295,-171.898885338164,3.2,9.33589933867534
"O-23",2019,15059.141837798,59.6646854577295,-171.898885338164,2.6,9.61974061768016
"O-23",2021,1514.31295108791,59.6646854577295,-171.898885338164,2,7.32271812017575
"O-23",2022,7578.37353198278,59.6646854577295,-171.898885338164,-0.7,8.93305408236009
"O-23",2023,587.103387809433,59.6646854577295,-171.898885338164,-1,6.3752035197886
"O-24",1988,3631.48644010209,59.6662169945877,-172.572409581344,-0.8,8.197397749205
"O-24",1989,13355.9368833576,59.6662169945877,-172.572409581344,1.7,9.49971638902821
"O-24",1990,24337.5026227024,59.6662169945877,-172.572409581344,-1,10.0997738198353
"O-24",1991,33203.4846368596,59.6662169945877,-172.572409581344,-0.8,10.4104101540697
"O-24",1992,8178.94492928721,59.6662169945877,-172.572409581344,-1.4,9.00931862518055
"O-24",1993,27766.8000759372,59.6662169945877,-172.572409581344,0.2,10.2315963988164
"O-24",1994,10881.9205801917,59.6662169945877,-172.572409581344,-1.3,9.294858168284
"O-24",1995,8883.92600529652,59.6662169945877,-172.572409581344,NA,9.09199902691452
"O-24",1996,571.06921567799,59.6662169945877,-172.572409581344,0.7,6.34751307959933
"O-24",1997,130.564471529779,59.6662169945877,-172.572409581344,0.6,4.87187876922475
"O-24",1998,74.243658630903,59.6662169945877,-172.572409581344,1.5,4.30737282030547
"O-24",1999,40.4569610383071,59.6662169945877,-172.572409581344,-0.9,3.70027625018272
"O-24",2000,966.974944701559,59.6662169945877,-172.572409581344,0.6,6.87417415507644
"O-24",2001,9561.20615502923,59.6662169945877,-172.572409581344,1.3,9.16546932374378
"O-24",2002,185.806848339594,59.6662169945877,-172.572409581344,NA,5.22471585647495
"O-24",2003,55.7770054005664,59.6662169945877,-172.572409581344,2.4,4.02138891790223
"O-24",2004,7490.10042916879,59.6662169945877,-172.572409581344,0.6,8.92133768758142
"O-24",2005,4082.47236394867,59.6662169945877,-172.572409581344,1.5,8.31445842736896
"O-24",2006,29370.8861479528,59.6662169945877,-172.572409581344,-1.1,10.2877592473108
"O-24",2007,2112.63970413228,59.6662169945877,-172.572409581344,-0.2,7.65569420791892
"O-24",2008,766.304197079125,59.6662169945877,-172.572409581344,-1.2,6.64158119654126
"O-24",2009,403.512368582439,59.6662169945877,-172.572409581344,-1.1,6.00021090353143
"O-24",2010,2132.39214425708,59.6662169945877,-172.572409581344,-1.1,7.66500041303346
"O-24",2011,22.793832325217,59.6662169945877,-172.572409581344,0.8,3.12655660138165
"O-24",2012,0,59.6662169945877,-172.572409581344,-1.2,-6.49007147502806
"O-24",2013,193.710037580289,59.6662169945877,-172.572409581344,-1.3,5.2663702280075
"O-24",2014,13673.6929466598,59.6662169945877,-172.572409581344,0.4,9.52322915400151
"O-24",2015,2340.75272629811,59.6662169945877,-172.572409581344,-1.3,7.75822848322698
"O-24",2016,0,59.6662169945877,-172.572409581344,1.3,-6.49007147502806
"O-24",2017,6781.59412649602,59.6662169945877,-172.572409581344,0.6,8.82196769910579
"O-24",2018,11742.3450645875,59.6662169945877,-172.572409581344,3.3,9.3709569527128
"O-24",2019,20765.1236265571,59.6662169945877,-172.572409581344,2.8,9.94103018277424
"O-24",2021,39.8839810179735,59.6662169945877,-172.572409581344,2.3,3.68601283574795
"O-24",2022,19.5175628064458,59.6662169945877,-172.572409581344,-0.5,2.97139251260877
"O-24",2023,1758.30294457065,59.6662169945877,-172.572409581344,-0.1,7.47210525040077
"O-25",1988,269.12522691797,59.6688177186387,-173.235584305501,0,5.59518244097123
"O-25",1989,510.373932598238,59.6688177186387,-173.235584305501,2.5,6.23514663337917
"O-25",1990,498.402344312383,59.6688177186387,-173.235584305501,0.9,6.21141071774991
"O-25",1991,99.2911774764538,59.6688177186387,-173.235584305501,0.6,4.598072012625
"O-25",1992,0,59.6688177186387,-173.235584305501,-1.1,-6.49007147502806
"O-25",1993,34.6165955101344,59.6688177186387,-173.235584305501,1.6,3.54437706965654
"O-25",1994,19.9512464893101,59.6688177186387,-173.235584305501,NA,2.99336772670437
"O-25",1995,50.1286767296148,59.6688177186387,-173.235584305501,-0.5,3.91462352454708
"O-25",1996,109.265183410614,59.6688177186387,-173.235584305501,2.2,4.69379169964664
"O-25",1997,39.617098214014,59.6688177186387,-173.235584305501,1.1,3.67929912532737
"O-25",1998,0,59.6688177186387,-173.235584305501,1.8,-6.49007147502806
"O-25",1999,0,59.6688177186387,-173.235584305501,0.1,-6.49007147502806
"O-25",2000,20.9408811727491,59.6688177186387,-173.235584305501,1.4,3.04177579358669
"O-25",2001,0,59.6688177186387,-173.235584305501,1.6,-6.49007147502806
"O-25",2002,0,59.6688177186387,-173.235584305501,1.7,-6.49007147502806
"O-25",2003,0,59.6688177186387,-173.235584305501,2.9,-6.49007147502806
"O-25",2004,42.209369406953,59.6688177186387,-173.235584305501,1.7,3.74267819362737
"O-25",2005,0,59.6688177186387,-173.235584305501,1.6,-6.49007147502806
"O-25",2006,57.9004904128976,59.6688177186387,-173.235584305501,0.1,4.05875207919938
"O-25",2007,118.562835720517,59.6688177186387,-173.235584305501,0.4,4.77545588625289
"O-25",2008,96.9889961103924,59.6688177186387,-173.235584305501,-0.7,4.57461318558641
"O-25",2009,79.4408833876601,59.6688177186387,-173.235584305501,0.3,4.37503225377299
"O-25",2010,0,59.6688177186387,-173.235584305501,-0.2,-6.49007147502806
"O-25",2011,202.70380971946,59.6688177186387,-173.235584305501,0.9,5.31175333905197
"O-25",2012,713.375173131316,59.6688177186387,-173.235584305501,-0.7,6.57000960007788
"O-25",2013,291.888167916718,59.6688177186387,-173.235584305501,-0.2,5.67637594444103
"O-25",2014,19.9521604580475,59.6688177186387,-173.235584305501,1.2,2.9934135322761
"O-25",2015,61.7401874378266,59.6688177186387,-173.235584305501,-0.7,4.12295964872633
"O-25",2016,61.9786259625077,59.6688177186387,-173.235584305501,1.3,4.12681408218879
"O-25",2017,132.620400120861,59.6688177186387,-173.235584305501,1,4.88750236244243
"O-25",2018,702.908288130536,59.6688177186387,-173.235584305501,3.3,6.55522858567226
"O-25",2019,28069.1130771599,59.6688177186387,-173.235584305501,2.9,10.2424251261296
"O-25",2021,13618.9252920618,59.6688177186387,-173.235584305501,2.2,9.5192157814817
"O-25",2022,0,59.6688177186387,-173.235584305501,0.4,-6.49007147502806
"O-25",2023,173.511303352296,59.6688177186387,-173.235584305501,1.3,5.15625149747926
"O-26",1988,691.383683219799,59.6693153206841,-173.868826231962,1.4,6.53869712381657
"O-26",1989,318.258426170928,59.6693153206841,-173.868826231962,2.9,5.76286848474633
"O-26",1990,1040.21184350992,59.6693153206841,-173.868826231962,0.7,6.94718112681539
"O-26",1991,0,59.6693153206841,-173.868826231962,0.7,-6.49007147502806
"O-26",1992,114.775097578674,59.6693153206841,-173.868826231962,-0.1,4.74298776992418
"O-26",1993,263.160031521065,59.6693153206841,-173.868826231962,1.8,5.57276810200718
"O-26",1994,45007.5801939786,59.6693153206841,-173.868826231962,0,10.7145862370591
"O-26",1995,79.4185934527219,59.6693153206841,-173.868826231962,NA,4.37475163458143
"O-26",1996,1182.36878681887,59.6693153206841,-173.868826231962,2.7,7.07527643592335
"O-26",1997,439.829155089174,59.6693153206841,-173.868826231962,2,6.08638981995796
"O-26",1998,69.1844530494599,59.6693153206841,-173.868826231962,NA,4.2367981179384
"O-26",1999,87.4003183453563,59.6693153206841,-173.868826231962,0.9,4.47051629829684
"O-26",2000,147.469940264937,59.6693153206841,-173.868826231962,1.9,4.99363465675397
"O-26",2001,20.1582892509627,59.6693153206841,-173.868826231962,2.4,3.00369090404241
"O-26",2002,158.588939349373,59.6693153206841,-173.868826231962,2,5.06632514213127
"O-26",2003,243.803417836237,59.6693153206841,-173.868826231962,3.1,5.49636846408055
"O-26",2004,334.040898566269,59.6693153206841,-173.868826231962,2.2,5.81126798193944
"O-26",2005,0,59.6693153206841,-173.868826231962,2.7,-6.49007147502806
"O-26",2006,0,59.6693153206841,-173.868826231962,0.7,-6.49007147502806
"O-26",2007,588.71476602826,59.6693153206841,-173.868826231962,0.9,6.37794437739571
"O-26",2008,517.420601716976,59.6693153206841,-173.868826231962,0.1,6.24885902136503
"O-26",2009,113.453487792857,59.6693153206841,-173.868826231962,0.9,4.73140633747422
"O-26",2010,128.404441611854,59.6693153206841,-173.868826231962,1.8,4.8551968080316
"O-26",2011,219.142381336918,59.6693153206841,-173.868826231962,2.1,5.38972859064528
"O-26",2012,21.4784378715184,59.6693153206841,-173.868826231962,0.3,3.06712023574623
"O-26",2013,40.3008757042185,59.6693153206841,-173.868826231962,0.7,3.69641087524492
"O-26",2014,510.894857044721,59.6693153206841,-173.868826231962,2.2,6.23616678193929
"O-26",2015,59.3131055022543,59.6693153206841,-173.868826231962,1.2,4.08285588509007
"O-26",2016,449.207435614285,59.6693153206841,-173.868826231962,2.3,6.10748815600213
"O-26",2017,554.318852145107,59.6693153206841,-173.868826231962,2,6.31774280585978
"O-26",2018,0,59.6693153206841,-173.868826231962,3.2,-6.49007147502806
"O-26",2019,0,59.6693153206841,-173.868826231962,2.9,-6.49007147502806
"O-26",2021,20.6669832190979,59.6693153206841,-173.868826231962,2.1,3.02861088241465
"O-26",2022,0,59.6693153206841,-173.868826231962,0.6,-6.49007147502806
"O-26",2023,0,59.6693153206841,-173.868826231962,0.9,-6.49007147502806
"O-27",1988,9535.41395167753,59.6633873359988,-174.451121689619,2,9.16276809024916
"O-27",1989,5054.75116556985,59.6633873359988,-174.451121689619,2.9,8.52808420523502
"O-27",1990,8240.11981809427,59.6633873359988,-174.451121689619,1.5,9.01677034810272
"O-27",1991,940.840324515643,59.6633873359988,-174.451121689619,1.2,6.84677505208658
"O-27",1992,5712.26273867789,59.6633873359988,-174.451121689619,0.7,8.65037076645041
"O-27",1993,14965.0643953777,59.6633873359988,-174.451121689619,2.7,9.61347382480888
"O-27",1994,1423.45774999683,59.6633873359988,-174.451121689619,NA,7.26084529263629
"O-27",1995,20789.8170051576,59.6633873359988,-174.451121689619,0.9,9.9422186517903
"O-27",1996,29507.2995155682,59.6633873359988,-174.451121689619,4,10.2923930043849
"O-27",1997,83345.1246452822,59.6633873359988,-174.451121689619,2.3,11.3307454121288
"O-27",1998,24035.2564159386,59.6633873359988,-174.451121689619,1.7,10.087277111886
"O-27",1999,26317.3674592428,59.6633873359988,-174.451121689619,0.7,10.1779844175887
"O-27",2000,1287.1074261821,59.6633873359988,-174.451121689619,1.9,7.1601538540699
"O-27",2001,4600.81518420785,59.6633873359988,-174.451121689619,2.6,8.43398911077209
"O-27",2002,19430.9469898264,59.6633873359988,-174.451121689619,2.5,9.87462235786897
"O-27",2003,1617.18037191873,59.6633873359988,-174.451121689619,3.9,7.38844033955848
"O-27",2004,13458.9403519478,59.6633873359988,-174.451121689619,3,9.50739898721021
"O-27",2005,110793.607556972,59.6633873359988,-174.451121689619,2.9,11.615424371807
"O-27",2006,21620.6277146337,59.6633873359988,-174.451121689619,1.8,9.98140319498218
"O-27",2007,3586.63653924033,59.6633873359988,-174.451121689619,1.4,8.1849705685328
"O-27",2008,31492.8856702146,59.6633873359988,-174.451121689619,1.1,10.3575169957815
"O-27",2009,6249.88739638811,59.6633873359988,-174.451121689619,1.3,8.74031896894507
"O-27",2010,322.945923764782,59.6633873359988,-174.451121689619,2.1,5.77748959235192
"O-27",2011,19349.1711040211,59.6633873359988,-174.451121689619,2.4,9.87040493901464
"O-27",2012,51500.5309375863,59.6633873359988,-174.451121689619,0.6,10.8493474255504
"O-27",2013,143784.221315506,59.6633873359988,-174.451121689619,1.1,11.8760690022133
"O-27",2014,64267.923292824,59.6633873359988,-174.451121689619,2.3,11.0708159492376
"O-27",2015,81872.8841716954,59.6633873359988,-174.451121689619,1.8,11.3129231489722
"O-27",2016,13670.1948709983,59.6633873359988,-174.451121689619,2.6,9.52297329606972
"O-27",2017,412.692659675389,59.6633873359988,-174.451121689619,2.6,6.02270682984019
"O-27",2018,233892.497560741,59.6633873359988,-174.451121689619,3.2,12.3626168831362
"O-27",2019,30801.6907566129,59.6633873359988,-174.451121689619,3.3,10.3353249114475
"O-27",2021,6259.58792689763,59.6633873359988,-174.451121689619,2.5,8.74186987813163
"O-27",2022,75.4102995973326,59.6633873359988,-174.451121689619,1.6,4.32296400063375
"O-27",2023,0,59.6633873359988,-174.451121689619,1.4,-6.49007147502806
"O-28",1988,33905.5896001434,59.6645550229583,-175.10983069039,1.8,10.4313352095209
"O-28",1989,31751.5153249054,59.6645550229583,-175.10983069039,2.7,10.3656957777732
"O-28",1990,83969.2660857925,59.6645550229583,-175.10983069039,2.2,11.3382061490273
"O-28",1991,131385.038377358,59.6645550229583,-175.10983069039,1.6,11.7858875269209
"O-28",1992,33015.4199521809,59.6645550229583,-175.10983069039,1.8,10.4047300485815
"O-28",1993,13429.2906060802,59.6645550229583,-175.10983069039,2.5,9.50519357960399
"O-28",1994,7699.59220142528,59.6645550229583,-175.10983069039,1.4,8.94892284279593
"O-28",1995,130569.739932649,59.6645550229583,-175.10983069039,1.7,11.7796627802446
"O-28",1996,58877.8996689542,59.6645550229583,-175.10983069039,4,10.9832211071729
"O-28",1997,65880.4323359016,59.6645550229583,-175.10983069039,2.6,11.0955967697942
"O-28",1998,123444.594666427,59.6645550229583,-175.10983069039,1.8,11.7235477205051
"O-28",1999,49003.9086888286,59.6645550229583,-175.10983069039,1.3,10.7996553740573
"O-28",2000,79029.2765731122,59.6645550229583,-175.10983069039,1.6,11.2775736715445
"O-28",2001,3770.2600904724,59.6645550229583,-175.10983069039,2.8,8.23489967031911
"O-28",2002,20685.2158525201,59.6645550229583,-175.10983069039,2.5,9.93717458746783
"O-28",2003,9685.40561228141,59.6645550229583,-175.10983069039,3.9,9.17837561220298
"O-28",2004,12138.7512092733,59.6645550229583,-175.10983069039,2.9,9.40415831861979
"O-28",2005,5913.48804329911,59.6645550229583,-175.10983069039,3.3,8.68499138653185
"O-28",2006,24980.7333366139,59.6645550229583,-175.10983069039,1.9,10.1258602009832
"O-28",2007,2410.32737364191,59.6645550229583,-175.10983069039,1.7,7.78751848691728
"O-28",2008,17897.7416491692,59.6645550229583,-175.10983069039,1.3,9.79242990385828
"O-28",2009,4212.14780620073,59.6645550229583,-175.10983069039,1.7,8.34572832481947
"O-28",2010,20548.2725919312,59.6645550229583,-175.10983069039,1.7,9.9305322315007
"O-28",2011,178744.802752684,59.6645550229583,-175.10983069039,2.5,12.0937143931191
"O-28",2012,87202.8359006792,59.6645550229583,-175.10983069039,1,11.3759921485778
"O-28",2013,44754.1607977482,59.6645550229583,-175.10983069039,1.6,10.7089397320299
"O-28",2014,136331.141228838,59.6645550229583,-175.10983069039,2.3,11.8228420783594
"O-28",2015,72041.161388696,59.6645550229583,-175.10983069039,2.5,11.1849929416795
"O-28",2016,42869.859366117,59.6645550229583,-175.10983069039,2.5,10.6659243145333
"O-28",2017,36029.5464640702,59.6645550229583,-175.10983069039,2.6,10.4920946580767
"O-28",2018,33149.8509996084,59.6645550229583,-175.10983069039,3.2,10.4087935466765
"O-28",2019,14162.1643370993,59.6645550229583,-175.10983069039,3.4,9.55832931145085
"O-28",2021,1322.8686254813,59.6645550229583,-175.10983069039,2.8,7.18755900655523
"O-28",2022,2627.40567200687,59.6645550229583,-175.10983069039,2.8,7.87375277974756
"O-28",2023,194.967611986118,59.6645550229583,-175.10983069039,1.7,5.27284124052745
"O-29",1988,45.5719461630224,59.6700299755202,-175.865847796818,2,3.81932563055117
"O-29",1989,66413.6044017177,59.6700299755202,-175.865847796818,2.5,11.1036572229098
"O-29",1990,116482.660379841,59.6700299755202,-175.865847796818,1.7,11.6654977160049
"O-29",1991,333.818753715802,59.6700299755202,-175.865847796818,1.6,5.81060274082846
"O-29",1992,3502.45186900213,59.6700299755202,-175.865847796818,2.4,8.16121896975504
"O-29",1993,34.9332205050904,59.6700299755202,-175.865847796818,2.1,3.55348171940068
"O-29",1994,0,59.6700299755202,-175.865847796818,2.2,-6.49007147502806
"O-29",1995,5667.17703198505,59.6700299755202,-175.865847796818,1.6,8.64244666271855
"O-29",1996,33497.4274160708,59.6700299755202,-175.865847796818,2.4,10.4192239666443
"O-29",1997,6409.4037066016,59.6700299755202,-175.865847796818,NA,8.76552175700461
"O-29",1998,0,59.6700299755202,-175.865847796818,NA,-6.49007147502806
"O-29",1999,1999.81434712408,59.6700299755202,-175.865847796818,1.9,7.60081038808591
"O-29",2000,39.5472542605238,59.6700299755202,-175.865847796818,1.7,3.67753466215183
"O-29",2001,0,59.6700299755202,-175.865847796818,2.2,-6.49007147502806
"O-29",2002,0,59.6700299755202,-175.865847796818,2.1,-6.49007147502806
"O-29",2003,125.602198810845,59.6700299755202,-175.865847796818,3.2,4.83313184954613
"O-29",2004,0,59.6700299755202,-175.865847796818,2.3,-6.49007147502806
"O-29",2005,0,59.6700299755202,-175.865847796818,2.7,-6.49007147502806
"O-29",2006,0,59.6700299755202,-175.865847796818,2.1,-6.49007147502806
"O-29",2007,0,59.6700299755202,-175.865847796818,2,-6.49007147502806
"O-29",2008,234.898900277767,59.6700299755202,-175.865847796818,1.4,5.45916167420155
"O-29",2009,0,59.6700299755202,-175.865847796818,1.5,-6.49007147502806
"O-29",2010,56.5820586292249,59.6700299755202,-175.865847796818,2.2,4.03571878532605
"O-29",2011,20150.3907592669,59.6700299755202,-175.865847796818,2.3,9.91097903506163
"O-29",2012,9259.82577375725,59.6700299755202,-175.865847796818,1.7,9.13344067651572
"O-29",2013,143.962997971121,59.6700299755202,-175.865847796818,1.7,4.96956685540276
"O-29",2014,20.1900455445781,59.6700299755202,-175.865847796818,2,3.00526489267537
"O-29",2015,0,59.6700299755202,-175.865847796818,2.5,-6.49007147502806
"O-29",2016,0,59.6700299755202,-175.865847796818,1.6,-6.49007147502806
"O-29",2017,0,59.6700299755202,-175.865847796818,3.1,-6.49007147502806
"O-29",2018,0,59.6700299755202,-175.865847796818,2.7,-6.49007147502806
"O-29",2019,71.0334133034636,59.6700299755202,-175.865847796818,3.2,4.26317175244425
"O-29",2021,39.9103241936346,59.6700299755202,-175.865847796818,2.3,3.68667308772946
"O-29",2022,38.7471542606634,59.6700299755202,-175.865847796818,1.9,3.65709650233883
"O-29",2023,0,59.6700299755202,-175.865847796818,2,-6.49007147502806
"O-30",1988,151.112574833835,59.6697424811594,-176.54101257971,2.1,5.01803513610266
"O-30",1989,0,59.6697424811594,-176.54101257971,1.8,-6.49007147502806
"O-30",1990,14719.3477887636,59.6697424811594,-176.54101257971,1.4,9.59691818663217
"O-30",1991,58.1600036933318,59.6697424811594,-176.54101257971,1.1,4.06322400437189
"O-30",1992,0,59.6697424811594,-176.54101257971,2,-6.49007147502806
"O-30",1993,334.788811778064,59.6697424811594,-176.54101257971,1.6,5.81350445593579
"O-30",1994,41.4970544942153,59.6697424811594,-176.54101257971,1.7,3.72565903952947
"O-30",1995,68.5969669362563,59.6697424811594,-176.54101257971,1.7,4.22827045543168
"O-30",1996,2780.59233501945,59.6697424811594,-176.54101257971,2.3,7.93041980022445
"O-30",1997,1226.74684041228,59.6697424811594,-176.54101257971,NA,7.11212233716823
"O-30",1998,505.608549760013,59.6697424811594,-176.54101257971,NA,6.22576575600559
"O-30",1999,651.404457752903,59.6697424811594,-176.54101257971,-0.3,6.47913306718349
"O-30",2000,0,59.6697424811594,-176.54101257971,0.6,-6.49007147502806
"O-30",2001,120.891496965791,59.6697424811594,-176.54101257971,1,4.79490598429156
"O-30",2002,62.2575756540015,59.6697424811594,-176.54101257971,NA,4.13130461454582
"O-30",2003,0,59.6697424811594,-176.54101257971,2.9,-6.49007147502806
"O-30",2004,0,59.6697424811594,-176.54101257971,2.3,-6.49007147502806
"O-30",2005,0,59.6697424811594,-176.54101257971,2.5,-6.49007147502806
"O-30",2006,18.2909287878884,59.6697424811594,-176.54101257971,1.7,2.90648825489349
"O-30",2007,0,59.6697424811594,-176.54101257971,1.9,-6.49007147502806
"O-30",2008,0,59.6697424811594,-176.54101257971,1.2,-6.49007147502806
"O-30",2009,0,59.6697424811594,-176.54101257971,1,-6.49007147502806
"O-30",2010,129.484060703731,59.6697424811594,-176.54101257971,2.7,4.86356951697902
"O-30",2011,572.500794965867,59.6697424811594,-176.54101257971,2.5,6.35001677630467
"O-30",2012,343.348781429693,59.6697424811594,-176.54101257971,1,5.83875120843216
"O-30",2013,694.143796624047,59.6697424811594,-176.54101257971,1.6,6.5426813262893
"O-30",2014,0,59.6697424811594,-176.54101257971,2.2,-6.49007147502806
"O-30",2015,0,59.6697424811594,-176.54101257971,2.7,-6.49007147502806
"O-30",2016,0,59.6697424811594,-176.54101257971,1.8,-6.49007147502806
"O-30",2017,0,59.6697424811594,-176.54101257971,2.7,-6.49007147502806
"O-30",2018,0,59.6697424811594,-176.54101257971,2.6,-6.49007147502806
"O-30",2019,0,59.6697424811594,-176.54101257971,2.4,-6.49007147502806
"O-30",2021,0,59.6697424811594,-176.54101257971,1.6,-6.49007147502806
"O-30",2022,0,59.6697424811594,-176.54101257971,2.3,-6.49007147502806
"O-30",2023,0,59.6697424811594,-176.54101257971,1.8,-6.49007147502806
"O-31",1988,0,59.6680328672316,-177.143738644068,2.6,-6.49007147502806
"O-31",1989,0,59.6680328672316,-177.143738644068,2.7,-6.49007147502806
"O-31",1990,0,59.6680328672316,-177.143738644068,2.4,-6.49007147502806
"O-31",1991,284.091441779819,59.6680328672316,-177.143738644068,2.1,5.6493015093215
"O-31",1992,0,59.6680328672316,-177.143738644068,2.1,-6.49007147502806
"O-31",1993,0,59.6680328672316,-177.143738644068,2.9,-6.49007147502806
"O-31",1994,0,59.6680328672316,-177.143738644068,2.4,-6.49007147502806
"O-31",1995,40.3786032672332,59.6680328672316,-177.143738644068,2.2,3.69833762693926
"O-31",1996,21.4935591365866,59.6680328672316,-177.143738644068,4,3.06782395901641
"O-31",1997,641.344991356481,59.6680328672316,-177.143738644068,3,6.46356988776793
"O-31",1998,139.197925067528,59.6680328672316,-177.143738644068,2.7,4.93590775010498
"O-31",1999,16.7962286738761,59.6680328672316,-177.143738644068,1.4,2.82124477708063
"O-31",2000,0,59.6680328672316,-177.143738644068,1.3,-6.49007147502806
"O-31",2001,0,59.6680328672316,-177.143738644068,1.2,-6.49007147502806
"O-31",2002,0,59.6680328672316,-177.143738644068,NA,-6.49007147502806
"O-31",2003,0,59.6680328672316,-177.143738644068,3.4,-6.49007147502806
"O-31",2004,0,59.6680328672316,-177.143738644068,3.4,-6.49007147502806
"O-31",2005,0,59.6680328672316,-177.143738644068,3,-6.49007147502806
"O-31",2006,19.9683598678519,59.6680328672316,-177.143738644068,2.6,2.99422505368485
"O-31",2007,0,59.6680328672316,-177.143738644068,2.3,-6.49007147502806
"O-31",2008,0,59.6680328672316,-177.143738644068,2.2,-6.49007147502806
"O-31",2009,0,59.6680328672316,-177.143738644068,1.7,-6.49007147502806
"O-31",2010,0,59.6680328672316,-177.143738644068,2.4,-6.49007147502806
"O-31",2011,19.4950101280623,59.6680328672316,-177.143738644068,3,2.97023642759552
"O-31",2012,125.993968025189,59.6680328672316,-177.143738644068,2.1,4.83624608460878
"O-31",2013,27996.9076117779,59.6680328672316,-177.143738644068,1.8,10.2398493948576
"O-31",2014,35571.2963280282,59.6680328672316,-177.143738644068,2.8,10.4792943513859
"O-31",2015,0,59.6680328672316,-177.143738644068,3.1,-6.49007147502806
"O-31",2016,20.5502741493051,59.6680328672316,-177.143738644068,2.1,3.02294816778404
"O-31",2017,0,59.6680328672316,-177.143738644068,3.1,-6.49007147502806
"O-31",2018,0,59.6680328672316,-177.143738644068,3.7,-6.49007147502806
"O-31",2019,0,59.6680328672316,-177.143738644068,3.3,-6.49007147502806
"O-31",2021,0,59.6680328672316,-177.143738644068,1.8,-6.49007147502806
"O-31",2022,0,59.6680328672316,-177.143738644068,3,-6.49007147502806
"O-31",2023,0,59.6680328672316,-177.143738644068,3.2,-6.49007147502806
"P-01",1988,0,60.0032729411765,-167.989878823529,5.3,-6.49007147502806
"P-01",1989,0,60.0032729411765,-167.989878823529,5.1,-6.49007147502806
"P-01",1990,0,60.0032729411765,-167.989878823529,NA,-6.49007147502806
"P-01",1991,0,60.0032729411765,-167.989878823529,6.7,-6.49007147502806
"P-01",1993,0,60.0032729411765,-167.989878823529,5.1,-6.49007147502806
"P-01",1994,0,60.0032729411765,-167.989878823529,3.7,-6.49007147502806
"P-01",1995,0,60.0032729411765,-167.989878823529,NA,-6.49007147502806
"P-01",1996,0,60.0032729411765,-167.989878823529,6.2,-6.49007147502806
"P-01",1997,0,60.0032729411765,-167.989878823529,5.6,-6.49007147502806
"P-01",1998,0,60.0032729411765,-167.989878823529,4.8,-6.49007147502806
"P-01",1999,0,60.0032729411765,-167.989878823529,0.1,-6.49007147502806
"P-01",2000,0,60.0032729411765,-167.989878823529,3.6,-6.49007147502806
"P-01",2001,0,60.0032729411765,-167.989878823529,2.2,-6.49007147502806
"P-01",2002,0,60.0032729411765,-167.989878823529,6.1,-6.49007147502806
"P-01",2003,0,60.0032729411765,-167.989878823529,5,-6.49007147502806
"P-01",2004,0,60.0032729411765,-167.989878823529,5.5,-6.49007147502806
"P-01",2005,0,60.0032729411765,-167.989878823529,4.3,-6.49007147502806
"P-01",2006,0,60.0032729411765,-167.989878823529,2.2,-6.49007147502806
"P-01",2007,0,60.0032729411765,-167.989878823529,3.4,-6.49007147502806
"P-01",2008,0,60.0032729411765,-167.989878823529,2.5,-6.49007147502806
"P-01",2009,0,60.0032729411765,-167.989878823529,3.8,-6.49007147502806
"P-01",2010,0,60.0032729411765,-167.989878823529,0.6,-6.49007147502806
"P-01",2011,0,60.0032729411765,-167.989878823529,5,-6.49007147502806
"P-01",2012,0,60.0032729411765,-167.989878823529,3.3,-6.49007147502806
"P-01",2013,0,60.0032729411765,-167.989878823529,2.8,-6.49007147502806
"P-01",2014,0,60.0032729411765,-167.989878823529,5.9,-6.49007147502806
"P-01",2015,0,60.0032729411765,-167.989878823529,5.5,-6.49007147502806
"P-01",2016,0,60.0032729411765,-167.989878823529,5.6,-6.49007147502806
"P-01",2017,0,60.0032729411765,-167.989878823529,4.7,-6.49007147502806
"P-01",2018,0,60.0032729411765,-167.989878823529,7,-6.49007147502806
"P-01",2019,0,60.0032729411765,-167.989878823529,7.2,-6.49007147502806
"P-01",2021,0,60.0032729411765,-167.989878823529,5.1,-6.49007147502806
"P-01",2022,0,60.0032729411765,-167.989878823529,5.1,-6.49007147502806
"P-01",2023,0,60.0032729411765,-167.989878823529,3.9,-6.49007147502806
"P-18",1988,0,60.0049899541284,-168.644187278287,3.2,-6.49007147502806
"P-18",1989,0,60.0049899541284,-168.644187278287,4.2,-6.49007147502806
"P-18",1990,0,60.0049899541284,-168.644187278287,4.8,-6.49007147502806
"P-18",1991,0,60.0049899541284,-168.644187278287,3.5,-6.49007147502806
"P-18",1993,0,60.0049899541284,-168.644187278287,4.9,-6.49007147502806
"P-18",1994,10771.1135809218,60.0049899541284,-168.644187278287,-0.5,9.28462330233604
"P-18",1995,0,60.0049899541284,-168.644187278287,3.7,-6.49007147502806
"P-18",1996,0,60.0049899541284,-168.644187278287,3.6,-6.49007147502806
"P-18",1997,0,60.0049899541284,-168.644187278287,2.4,-6.49007147502806
"P-18",1998,0,60.0049899541284,-168.644187278287,4.1,-6.49007147502806
"P-18",1999,23.2220481022885,60.0049899541284,-168.644187278287,-0.1,3.1451675623543
"P-18",2000,0,60.0049899541284,-168.644187278287,2.3,-6.49007147502806
"P-18",2001,0,60.0049899541284,-168.644187278287,-0.2,-6.49007147502806
"P-18",2002,0,60.0049899541284,-168.644187278287,4.3,-6.49007147502806
"P-18",2003,0,60.0049899541284,-168.644187278287,3.6,-6.49007147502806
"P-18",2004,0,60.0049899541284,-168.644187278287,5.3,-6.49007147502806
"P-18",2005,0,60.0049899541284,-168.644187278287,3,-6.49007147502806
"P-18",2006,0,60.0049899541284,-168.644187278287,0.4,-6.49007147502806
"P-18",2007,0,60.0049899541284,-168.644187278287,1.7,-6.49007147502806
"P-18",2008,0,60.0049899541284,-168.644187278287,1.7,-6.49007147502806
"P-18",2009,0,60.0049899541284,-168.644187278287,2.6,-6.49007147502806
"P-18",2010,0,60.0049899541284,-168.644187278287,-0.3,-6.49007147502806
"P-18",2011,0,60.0049899541284,-168.644187278287,3.6,-6.49007147502806
"P-18",2012,0,60.0049899541284,-168.644187278287,-0.6,-6.49007147502806
"P-18",2013,0,60.0049899541284,-168.644187278287,3.6,-6.49007147502806
"P-18",2014,0,60.0049899541284,-168.644187278287,2.2,-6.49007147502806
"P-18",2015,0,60.0049899541284,-168.644187278287,3.4,-6.49007147502806
"P-18",2016,0,60.0049899541284,-168.644187278287,2.9,-6.49007147502806
"P-18",2017,0,60.0049899541284,-168.644187278287,4.3,-6.49007147502806
"P-18",2018,0,60.0049899541284,-168.644187278287,6.1,-6.49007147502806
"P-18",2019,775.534235789379,60.0049899541284,-168.644187278287,5,6.65355408629894
"P-18",2021,0,60.0049899541284,-168.644187278287,3.9,-6.49007147502806
"P-18",2022,0,60.0049899541284,-168.644187278287,4.1,-6.49007147502806
"P-18",2023,0,60.0049899541284,-168.644187278287,2,-6.49007147502806
"P-19",1988,21.9222830723859,59.9953753954802,-169.320783073446,1.8,3.08757287372469
"P-19",1989,0,59.9953753954802,-169.320783073446,3.2,-6.49007147502806
"P-19",1990,21.7538395990415,59.9953753954802,-169.320783073446,2.7,3.07986007384071
"P-19",1991,0,59.9953753954802,-169.320783073446,NA,-6.49007147502806
"P-19",1993,657.649512340836,59.9953753954802,-169.320783073446,3.6,6.48867444228421
"P-19",1994,9594.27690101082,59.9953753954802,-169.320783073446,-1.5,9.16892220180471
"P-19",1995,2592.32932871009,59.9953753954802,-169.320783073446,1.2,7.86031269097426
"P-19",1996,0,59.9953753954802,-169.320783073446,NA,-6.49007147502806
"P-19",1997,23.0774006771491,59.9953753954802,-169.320783073446,0.7,3.13891960855117
"P-19",1998,0,59.9953753954802,-169.320783073446,3.3,-6.49007147502806
"P-19",1999,187.883312562662,59.9953753954802,-169.320783073446,-1.4,5.23582917406611
"P-19",2000,9280.89500877246,59.9953753954802,-169.320783073446,2,9.13571342964982
"P-19",2001,154.559685446114,59.9953753954802,-169.320783073446,-1.3,5.04059015955517
"P-19",2002,0,59.9953753954802,-169.320783073446,2.3,-6.49007147502806
"P-19",2003,0,59.9953753954802,-169.320783073446,3.2,-6.49007147502806
"P-19",2004,0,59.9953753954802,-169.320783073446,3.2,-6.49007147502806
"P-19",2005,0,59.9953753954802,-169.320783073446,0.7,-6.49007147502806
"P-19",2006,0,59.9953753954802,-169.320783073446,-1,-6.49007147502806
"P-19",2007,0,59.9953753954802,-169.320783073446,0.2,-6.49007147502806
"P-19",2008,0,59.9953753954802,-169.320783073446,0.4,-6.49007147502806
"P-19",2009,0,59.9953753954802,-169.320783073446,0.1,-6.49007147502806
"P-19",2010,0,59.9953753954802,-169.320783073446,-1.2,-6.49007147502806
"P-19",2011,0,59.9953753954802,-169.320783073446,2.5,-6.49007147502806
"P-19",2012,0,59.9953753954802,-169.320783073446,-1.2,-6.49007147502806
"P-19",2013,0,59.9953753954802,-169.320783073446,1.2,-6.49007147502806
"P-19",2014,0,59.9953753954802,-169.320783073446,0.7,-6.49007147502806
"P-19",2015,0,59.9953753954802,-169.320783073446,1.2,-6.49007147502806
"P-19",2016,0,59.9953753954802,-169.320783073446,3.8,-6.49007147502806
"P-19",2017,0,59.9953753954802,-169.320783073446,2.5,-6.49007147502806
"P-19",2018,0,59.9953753954802,-169.320783073446,3.9,-6.49007147502806
"P-19",2019,20.8731601079383,59.9953753954802,-169.320783073446,3.9,3.03853687173988
"P-19",2021,0,59.9953753954802,-169.320783073446,2.9,-6.49007147502806
"P-19",2022,0,59.9953753954802,-169.320783073446,2.4,-6.49007147502806
"P-19",2023,0,59.9953753954802,-169.320783073446,-0.2,-6.49007147502806
"P-20",1988,0,60.000661916271,-169.96687920587,1.6,-6.49007147502806
"P-20",1989,0,60.000661916271,-169.96687920587,2.2,-6.49007147502806
"P-20",1990,0,60.000661916271,-169.96687920587,1.2,-6.49007147502806
"P-20",1991,0,60.000661916271,-169.96687920587,NA,-6.49007147502806
"P-20",1993,4927.54045399447,60.000661916271,-169.96687920587,2.9,8.50259555698856
"P-20",1994,15640.5063637898,60.000661916271,-169.96687920587,NA,9.65761948686044
"P-20",1995,3789.04013358572,60.000661916271,-169.96687920587,-0.6,8.2398684038392
"P-20",1996,0,60.000661916271,-169.96687920587,1.3,-6.49007147502806
"P-20",1997,0,60.000661916271,-169.96687920587,-0.1,-6.49007147502806
"P-20",1998,0,60.000661916271,-169.96687920587,2.9,-6.49007147502806
"P-20",1999,263.39710706984,60.000661916271,-169.96687920587,-1.4,5.57366857103556
"P-20",2000,12240.6740629649,60.000661916271,-169.96687920587,1,9.41251974910242
"P-20",2001,65.2337757158653,60.000661916271,-169.96687920587,-1,4.17800064388726
"P-20",2002,0,60.000661916271,-169.96687920587,1.5,-6.49007147502806
"P-20",2003,0,60.000661916271,-169.96687920587,1.6,-6.49007147502806
"P-20",2004,0,60.000661916271,-169.96687920587,1.4,-6.49007147502806
"P-20",2005,21.151564379224,60.000661916271,-169.96687920587,0.7,3.05178565466694
"P-20",2006,0,60.000661916271,-169.96687920587,-1.3,-6.49007147502806
"P-20",2007,366.80750327751,60.000661916271,-169.96687920587,-1.4,5.90484133582134
"P-20",2008,412.806687225783,60.000661916271,-169.96687920587,-0.9,6.02298309203727
"P-20",2009,0,60.000661916271,-169.96687920587,-1.1,-6.49007147502806
"P-20",2010,280.187806281235,60.000661916271,-169.96687920587,-1.3,5.63546553439665
"P-20",2011,0,60.000661916271,-169.96687920587,0.7,-6.49007147502806
"P-20",2012,0,60.000661916271,-169.96687920587,-1.4,-6.49007147502806
"P-20",2013,82.0626071589289,60.000661916271,-169.96687920587,-0.9,4.40750096115123
"P-20",2014,23.041178174167,60.000661916271,-169.96687920587,-0.3,3.13734886954498
"P-20",2015,0,60.000661916271,-169.96687920587,0.5,-6.49007147502806
"P-20",2016,0,60.000661916271,-169.96687920587,2.7,-6.49007147502806
"P-20",2017,653.918370545184,60.000661916271,-169.96687920587,0.3,6.48298485004849
"P-20",2018,240.192825116767,60.000661916271,-169.96687920587,3.5,5.48144836048118
"P-20",2019,241.082115830615,60.000661916271,-169.96687920587,3.1,5.48514390346011
"P-20",2021,0,60.000661916271,-169.96687920587,2.9,-6.49007147502806
"P-20",2022,0,60.000661916271,-169.96687920587,1,-6.49007147502806
"P-20",2023,0,60.000661916271,-169.96687920587,-1,-6.49007147502806
"P-21",1988,47769.8317470893,60.0029480476312,-170.628820694091,0.4,10.7741496160185
"P-21",1989,169.625541462601,60.0029480476312,-170.628820694091,1.6,5.13360226194614
"P-21",1990,61.1428916785451,60.0029480476312,-170.628820694091,-0.4,4.11323844534676
"P-21",1991,694.47768643109,60.0029480476312,-170.628820694091,-0.1,6.54316221915657
"P-21",1992,2782.17084488594,60.0029480476312,-170.628820694091,-0.9,7.9309873271876
"P-21",1993,24274.7108054433,60.0029480476312,-170.628820694091,1,10.0971904423739
"P-21",1994,9172.76764324315,60.0029480476312,-170.628820694091,-2,9.12399450021794
"P-21",1995,16452.929529015,60.0029480476312,-170.628820694091,-1.4,9.70825891949812
"P-21",1996,113.325263621041,60.0029480476312,-170.628820694091,0,4.73027552193173
"P-21",1997,401.966791004105,60.0029480476312,-170.628820694091,-0.5,5.99637325328418
"P-21",1998,427.097900021522,60.0029480476312,-170.628820694091,2.2,6.05701681624967
"P-21",1999,2405.74289816227,60.0029480476312,-170.628820694091,-1.6,7.78561466337868
"P-21",2000,14002.7375971893,60.0029480476312,-170.628820694091,0.6,9.54700824057662
"P-21",2001,1055.22384702841,60.0029480476312,-170.628820694091,-0.3,6.96150963965558
"P-21",2002,41.8643629642889,60.0029480476312,-170.628820694091,1.4,3.73447120893441
"P-21",2003,1111.78500794016,60.0029480476312,-170.628820694091,1.5,7.01372348370213
"P-21",2004,208.441405352081,60.0029480476312,-170.628820694091,0.3,5.33966525696506
"P-21",2005,76.9392675950455,60.0029480476312,-170.628820694091,-0.4,4.34303611348615
"P-21",2006,436.851165108497,60.0029480476312,-170.628820694091,-1.6,6.07959602967813
"P-21",2007,1203.14618333677,60.0029480476312,-170.628820694091,-1.5,7.09269648630779
"P-21",2008,994.866277338139,60.0029480476312,-170.628820694091,-1.5,6.90260985976657
"P-21",2009,1918.79287506285,60.0029480476312,-170.628820694091,-1.4,7.55945234774712
"P-21",2010,1064.44738255775,60.0029480476312,-170.628820694091,-1.5,6.97021248036147
"P-21",2011,282.679591591241,60.0029480476312,-170.628820694091,-0.3,5.64431944262871
"P-21",2012,867.955469612277,60.0029480476312,-170.628820694091,-1.5,6.76614216049794
"P-21",2013,256.561821304683,60.0029480476312,-170.628820694091,-1.4,5.54737557270412
"P-21",2014,118.645192696538,60.0029480476312,-170.628820694091,-0.7,4.77615026346692
"P-21",2015,83.0178380915248,60.0029480476312,-170.628820694091,-1,4.41907379183598
"P-21",2016,723.736030116157,60.0029480476312,-170.628820694091,3,6.58442882467238
"P-21",2017,3413.70056391747,60.0029480476312,-170.628820694091,-0.9,8.13555263603116
"P-21",2018,6289.7270530672,60.0029480476312,-170.628820694091,2.8,8.74667319637988
"P-21",2019,418.430110017057,60.0029480476312,-170.628820694091,2.7,6.03651350372139
"P-21",2021,19.8052905501336,60.0029480476312,-170.628820694091,3.3,2.98602576699893
"P-21",2022,0,60.0029480476312,-170.628820694091,0,-6.49007147502806
"P-21",2023,0,60.0029480476312,-170.628820694091,-1.5,-6.49007147502806
"P-22",1988,143984.998672267,59.9992360268542,-171.303430414322,-0.4,11.8774644077902
"P-22",1989,28077.6632513363,59.9992360268542,-171.303430414322,0.6,10.242729691212
"P-22",1990,14886.5957903333,59.9992360268542,-171.303430414322,-1,9.60821657765386
"P-22",1991,7356.74262532385,59.9992360268542,-171.303430414322,-0.5,8.90337274207651
"P-22",1992,13762.6186620459,59.9992360268542,-171.303430414322,-1.5,9.52971151345322
"P-22",1993,49031.2262346389,59.9992360268542,-171.303430414322,NA,10.8002126751859
"P-22",1994,4590.28844655099,59.9992360268542,-171.303430414322,NA,8.43169847426
"P-22",1995,30375.2600299903,59.9992360268542,-171.303430414322,-1.5,10.3213837912537
"P-22",1996,1993.63829688636,59.9992360268542,-171.303430414322,0,7.59771729996616
"P-22",1997,2158.25534039834,59.9992360268542,-171.303430414322,-1,7.67705616507366
"P-22",1998,715.918157884844,59.9992360268542,-171.303430414322,1,6.57356797676437
"P-22",1999,1254.88036920549,59.9992360268542,-171.303430414322,-1.6,7.13479673370743
"P-22",2000,11893.7497735037,59.9992360268542,-171.303430414322,-0.5,9.38376843966824
"P-22",2001,1592.27028729572,59.9992360268542,-171.303430414322,0.7,7.37291708407759
"P-22",2002,0,59.9992360268542,-171.303430414322,2,-6.49007147502806
"P-22",2003,2170.50876990092,59.9992360268542,-171.303430414322,NA,7.68271757480738
"P-22",2004,12305.1902687924,59.9992360268542,-171.303430414322,-0.2,9.41777654882583
"P-22",2005,5242.48415415973,59.9992360268542,-171.303430414322,-0.8,8.56455102983962
"P-22",2006,2092.97191402416,59.9992360268542,-171.303430414322,-1.6,7.64634102884639
"P-22",2007,3298.07755646052,59.9992360268542,-171.303430414322,-1.2,8.1010954794546
"P-22",2008,1868.42787244838,59.9992360268542,-171.303430414322,-1.4,7.53285345901636
"P-22",2009,8466.13213946839,59.9992360268542,-171.303430414322,-1.5,9.04382920856655
"P-22",2010,15780.1753044377,59.9992360268542,-171.303430414322,-1.5,9.66650979984267
"P-22",2011,10994.9255786836,59.9992360268542,-171.303430414322,-1.1,9.30518927241882
"P-22",2012,1464.77288067273,59.9992360268542,-171.303430414322,-1.5,7.28945651581352
"P-22",2013,546.196633200509,59.9992360268542,-171.303430414322,-1.6,6.30298182500052
"P-22",2014,925.809641740696,59.9992360268542,-171.303430414322,-0.5,6.83067028315961
"P-22",2015,1872.97652082923,59.9992360268542,-171.303430414322,-1.3,7.5352849774793
"P-22",2016,0,59.9992360268542,-171.303430414322,2.9,-6.49007147502806
"P-22",2017,13362.4299696204,59.9992360268542,-171.303430414322,-0.8,9.50020242814043
"P-22",2018,51093.7836645096,59.9992360268542,-171.303430414322,2.7,10.8414181481095
"P-22",2019,40.3134839310179,59.9992360268542,-171.303430414322,2.4,3.69672366696103
"P-22",2021,138.498139672491,59.9992360268542,-171.303430414322,2.3,4.93086785712589
"P-22",2022,285.848150446382,59.9992360268542,-171.303430414322,-0.2,5.65546603936352
"P-22",2023,6116.2885017444,59.9992360268542,-171.303430414322,-1.2,8.71871098583717
"P-23",1988,149.827940017007,59.993356405959,-171.957621230912,-0.2,5.00949770366876
"P-23",1989,20.5005987159333,59.993356405959,-171.957621230912,1.5,3.02052815673406
"P-23",1990,4144.62301754768,59.993356405959,-171.957621230912,-1.4,8.32956748107528
"P-23",1991,73.665076296341,59.993356405959,-171.957621230912,0,4.29954943642584
"P-23",1992,775.31820350943,59.993356405959,-171.957621230912,-1.4,6.65327548873177
"P-23",1993,10147.8301900008,59.993356405959,-171.957621230912,1.1,9.2250153368648
"P-23",1994,1132.77888753594,59.993356405959,-171.957621230912,NA,7.03243042580576
"P-23",1995,2894.27987825319,59.993356405959,-171.957621230912,-1,7.97049213698197
"P-23",1996,217.480634804433,59.993356405959,-171.957621230912,0.6,5.38211679311572
"P-23",1997,22.3675266844586,59.993356405959,-171.957621230912,NA,3.10767808907164
"P-23",1998,467.439546393051,59.993356405959,-171.957621230912,0.7,6.14727327625472
"P-23",1999,959.888388950504,59.993356405959,-171.957621230912,-1.4,6.86681859808459
"P-23",2000,552.066792957762,59.993356405959,-171.957621230912,0.3,6.31367179115342
"P-23",2001,0,59.993356405959,-171.957621230912,0.5,-6.49007147502806
"P-23",2002,157.094256811321,59.993356405959,-171.957621230912,2.3,5.05685565280446
"P-23",2003,0,59.993356405959,-171.957621230912,2.1,-6.49007147502806
"P-23",2004,34059.8638814867,59.993356405959,-171.957621230912,0.4,10.4358750023571
"P-23",2005,56.446420038792,59.993356405959,-171.957621230912,0.1,4.03331877051811
"P-23",2006,0,59.993356405959,-171.957621230912,-1.3,-6.49007147502806
"P-23",2007,2946.73351689916,59.993356405959,-171.957621230912,-1.1,7.98845306873276
"P-23",2008,853.590789455708,59.993356405959,-171.957621230912,-1.5,6.74945368857883
"P-23",2009,1045.8130034526,59.993356405959,-171.957621230912,-1.4,6.95255130757565
"P-23",2010,60308.5005367724,59.993356405959,-171.957621230912,-1.3,11.0072283687168
"P-23",2011,16810.8977352002,59.993356405959,-171.957621230912,-1,9.72978272013191
"P-23",2012,1962.37488152769,59.993356405959,-171.957621230912,-1.5,7.58191146676524
"P-23",2013,125.593038943135,59.993356405959,-171.957621230912,-1.5,4.83305892016215
"P-23",2014,21.7543980235795,59.993356405959,-171.957621230912,0,3.07988574187937
"P-23",2015,25225.0326086485,59.993356405959,-171.957621230912,-0.7,10.1355921981283
"P-23",2016,0,59.993356405959,-171.957621230912,1.8,-6.49007147502806
"P-23",2017,6953.87984845899,59.993356405959,-171.957621230912,-0.5,8.84705525272995
"P-23",2018,92.4913261005993,59.993356405959,-171.957621230912,3.1,4.5271312852135
"P-23",2019,0,59.993356405959,-171.957621230912,2.5,-6.49007147502806
"P-23",2021,0,59.993356405959,-171.957621230912,1.8,-6.49007147502806
"P-23",2022,20.4274363527042,59.993356405959,-171.957621230912,1.1,3.01695324712813
"P-23",2023,5668.58036699545,59.993356405959,-171.957621230912,-1.5,8.64269425705075
"P-24",1988,54.1091255251173,59.9959562520695,-172.619699066639,-0.1,3.99103091262968
"P-24",1989,49.1838542167137,59.9959562520695,-172.619699066639,1.5,3.89559627557905
"P-24",1990,22.8379407189037,59.9959562520695,-172.619699066639,-0.6,3.12848970497055
"P-24",1991,262.699045439181,59.9959562520695,-172.619699066639,-0.6,5.57101484316675
"P-24",1992,66.0162292020309,59.9959562520695,-172.619699066639,-1.3,4.18992360955262
"P-24",1993,1971.59877522599,59.9959562520695,-172.619699066639,NA,7.58660082377951
"P-24",1994,157.196872097015,59.9959562520695,-172.619699066639,-1.9,5.05750864163155
"P-24",1995,0,59.9959562520695,-172.619699066639,-1,-6.49007147502806
"P-24",1996,0,59.9959562520695,-172.619699066639,0.7,-6.49007147502806
"P-24",1997,326.094170159248,59.9959562520695,-172.619699066639,NA,5.7871908616092
"P-24",1998,0,59.9959562520695,-172.619699066639,1,-6.49007147502806
"P-24",1999,0,59.9959562520695,-172.619699066639,-1.4,-6.49007147502806
"P-24",2000,0,59.9959562520695,-172.619699066639,0.3,-6.49007147502806
"P-24",2001,46.8165514685753,59.9959562520695,-172.619699066639,0.3,3.84626923757035
"P-24",2002,1252.02194103071,59.9959562520695,-172.619699066639,2,7.13251628908129
"P-24",2003,0,59.9959562520695,-172.619699066639,2.2,-6.49007147502806
"P-24",2004,19.8331904651722,59.9959562520695,-172.619699066639,0.4,2.9874333780656
"P-24",2005,0,59.9959562520695,-172.619699066639,0.1,-6.49007147502806
"P-24",2006,0,59.9959562520695,-172.619699066639,-1.3,-6.49007147502806
"P-24",2007,412.419832338315,59.9959562520695,-172.619699066639,-0.7,6.0220455228172
"P-24",2008,591.492201876264,59.9959562520695,-172.619699066639,-1.5,6.38265106682234
"P-24",2009,4491.57009484304,59.9959562520695,-172.619699066639,-1.2,8.40995794472194
"P-24",2010,20.3208752864703,59.9959562520695,-172.619699066639,-1,3.01172341729506
"P-24",2011,65.8164181388756,59.9959562520695,-172.619699066639,-1,4.18689239357604
"P-24",2012,0,59.9959562520695,-172.619699066639,-1.4,-6.49007147502806
"P-24",2013,219.704235708208,59.9959562520695,-172.619699066639,-1.4,5.39228916998378
"P-24",2014,0,59.9959562520695,-172.619699066639,0.2,-6.49007147502806
"P-24",2015,22.4505089173398,59.9959562520695,-172.619699066639,-0.8,3.1113809155815
"P-24",2016,0,59.9959562520695,-172.619699066639,1.6,-6.49007147502806
"P-24",2017,306.514646111169,59.9959562520695,-172.619699066639,-0.3,5.72527049314268
"P-24",2018,164.842840434394,59.9959562520695,-172.619699066639,3.5,5.10500174918621
"P-24",2019,56.4706104322643,59.9959562520695,-172.619699066639,2.5,4.03374722215492
"P-24",2021,0,59.9959562520695,-172.619699066639,1.7,-6.49007147502806
"P-24",2022,0,59.9959562520695,-172.619699066639,0.5,-6.49007147502806
"P-24",2023,44.1386857446361,59.9959562520695,-172.619699066639,-1.3,3.78737102666995
"P-25",1988,99.6632546828078,60.0043922506878,-173.297880410935,-0.4,4.60181228577903
"P-25",1989,209.975585082923,60.0043922506878,-173.297880410935,1.8,5.3469984939322
"P-25",1992,449.714210608264,60.0043922506878,-173.297880410935,NA,6.10861566992447
"P-25",1993,743.33027278126,60.0043922506878,-173.297880410935,0,6.61114250119431
"P-25",1994,235.275569680627,60.0043922506878,-173.297880410935,NA,5.46076391794126
"P-25",1995,1023.01626180422,60.0043922506878,-173.297880410935,-1.2,6.93051214629393
"P-25",1996,235.146277235811,60.0043922506878,-173.297880410935,0.6,5.46021423422968
"P-25",1997,331.732421568838,60.0043922506878,-173.297880410935,0.7,5.80433326212134
"P-25",1998,79.4191169324304,60.0043922506878,-173.297880410935,1.2,4.37475822583358
"P-25",2000,1138.5107811411,60.0043922506878,-173.297880410935,0.3,7.03747768876698
"P-25",2001,4109.41641316595,60.0043922506878,-173.297880410935,0.9,8.32103667498068
"P-25",2002,1925.94394749443,60.0043922506878,-173.297880410935,1.6,7.56317227728166
"P-25",2003,94.2207157679726,60.0043922506878,-173.297880410935,2,4.54565618566796
"P-25",2004,323.029719615814,60.0043922506878,-173.297880410935,0.5,5.7777490307949
"P-25",2005,1325.22304891904,60.0043922506878,-173.297880410935,0.7,7.18933720885903
"P-25",2006,0,60.0043922506878,-173.297880410935,-1.4,-6.49007147502806
"P-25",2007,2454.32424316635,60.0043922506878,-173.297880410935,-1,7.80560736365177
"P-25",2008,1762.59240874458,60.0043922506878,-173.297880410935,-1.2,7.47454182528634
"P-25",2009,959.087453171513,60.0043922506878,-173.297880410935,-1.1,6.8659838459836
"P-25",2010,0,60.0043922506878,-173.297880410935,-1.1,-6.49007147502806
"P-25",2011,31.178250428166,60.0043922506878,-173.297880410935,0.2,3.43976945079393
"P-25",2012,924.328530587888,60.0043922506878,-173.297880410935,-1.1,6.82906920378055
"P-25",2013,1654.33203348231,60.0043922506878,-173.297880410935,-1.3,7.41115351905076
"P-25",2014,410.363931848143,60.0043922506878,-173.297880410935,0.3,6.01704810485618
"P-25",2015,121.744785162415,60.0043922506878,-173.297880410935,-1.1,4.80193940095059
"P-25",2016,275.282449283197,60.0043922506878,-173.297880410935,1.2,5.61780317479595
"P-25",2017,2569.98561653446,60.0043922506878,-173.297880410935,-0.2,7.85165617203041
"P-25",2018,44.5639692455653,60.0043922506878,-173.297880410935,3.5,3.79695974077511
"P-25",2019,38.0367493465335,60.0043922506878,-173.297880410935,2.4,3.6385927000212
"P-25",2021,0,60.0043922506878,-173.297880410935,1.9,-6.49007147502806
"P-25",2022,0,60.0043922506878,-173.297880410935,0.1,-6.49007147502806
"P-25",2023,0,60.0043922506878,-173.297880410935,-0.8,-6.49007147502806
"P-26",1988,364.844907156956,60.00277833365,-173.949260799924,0.1,5.89947651325376
"P-26",1989,2512.23181419895,60.00277833365,-173.949260799924,2.2,7.82892741047156
"P-26",1990,1745.29146525748,60.00277833365,-173.949260799924,-0.5,7.46467771951038
"P-26",1991,362.043794517344,60.00277833365,-173.949260799924,0.1,5.89176937790879
"P-26",1992,39.7473836051438,60.00277833365,-173.949260799924,-0.9,3.68258221922496
"P-26",1993,4478.49050634433,60.00277833365,-173.949260799924,1.7,8.40704166713546
"P-26",1994,300.786088653352,60.00277833365,-173.949260799924,-0.5,5.70640439140589
"P-26",1995,2064.7234823048,60.00277833365,-173.949260799924,0.8,7.63275232497509
"P-26",1996,721.340223208631,60.00277833365,-173.949260799924,2.3,6.58111300786032
"P-26",1997,59.6175446461176,60.00277833365,-173.949260799924,1.5,4.08797537337622
"P-26",1998,6838.4187989361,60.00277833365,-173.949260799924,1.7,8.83031203619209
"P-26",1999,0,60.00277833365,-173.949260799924,0.2,-6.49007147502806
"P-26",2000,159.911512242049,60.00277833365,-173.949260799924,1.3,5.07463010921826
"P-26",2001,38.9116132814426,60.00277833365,-173.949260799924,1.6,3.66133177005718
"P-26",2002,0,60.00277833365,-173.949260799924,1.9,-6.49007147502806
"P-26",2003,165.72750808316,60.00277833365,-173.949260799924,1.6,5.11035408424886
"P-26",2004,628.996902594129,60.00277833365,-173.949260799924,1.8,6.44412874641844
"P-26",2005,326.05282614887,60.00277833365,-173.949260799924,1.6,5.78706406866791
"P-26",2006,93.2334003751891,60.00277833365,-173.949260799924,0.2,4.5351223169261
"P-26",2007,0,60.00277833365,-173.949260799924,0.5,-6.49007147502806
"P-26",2008,58.4535935612014,60.00277833365,-173.949260799924,-0.1,4.06825914348936
"P-26",2009,161.079176310192,60.00277833365,-173.949260799924,0.4,5.08190544905233
"P-26",2010,39.9237124552399,60.00277833365,-173.949260799924,0.6,3.68700847732076
"P-26",2011,2279.51599095342,60.00277833365,-173.949260799924,1.4,7.73171908086721
"P-26",2012,216.84401968912,60.00277833365,-173.949260799924,-0.1,5.37918529423198
"P-26",2013,20.2571365978527,60.00277833365,-173.949260799924,-0.8,3.00858211153927
"P-26",2014,7774.23119227392,60.00277833365,-173.949260799924,1.9,8.95857004545274
"P-26",2015,364.28831133853,60.00277833365,-173.949260799924,-0.2,5.8979497864659
"P-26",2016,63.325031737605,60.00277833365,-173.949260799924,1.3,4.14830467530511
"P-26",2017,171915.512681958,60.00277833365,-173.949260799924,1.2,12.0547584386098
"P-26",2018,924.773781214199,60.00277833365,-173.949260799924,3.2,6.82955078871051
"P-26",2019,222.066479372986,60.00277833365,-173.949260799924,2.6,5.40298363143012
"P-26",2021,0,60.00277833365,-173.949260799924,1.9,-6.49007147502806
"P-26",2022,0,60.00277833365,-173.949260799924,0.5,-6.49007147502806
"P-26",2023,525.838821991957,60.00277833365,-173.949260799924,0.4,6.26499763136199
"P-27",1988,520.010849512632,60.0018866578947,-174.59874872807,1.6,6.25385259581783
"P-27",1989,403.959429931645,60.0018866578947,-174.59874872807,2.5,6.00131821084378
"P-27",1990,1091.06894921992,60.0018866578947,-174.59874872807,0.4,6.99491457372009
"P-27",1991,171.611561944212,60.0018866578947,-174.59874872807,0.7,5.14524241016679
"P-27",1992,227.163953310674,60.0018866578947,-174.59874872807,0.4,5.42567870237165
"P-27",1993,284.576819419886,60.0018866578947,-174.59874872807,2.2,5.65100856842426
"P-27",1994,881.661087083642,60.0018866578947,-174.59874872807,NA,6.78180944940285
"P-27",1995,21348.2494844205,60.0018866578947,-174.59874872807,0.8,9.96872509506042
"P-27",1996,4026.02127253441,60.0018866578947,-174.59874872807,3.5,8.30053426713128
"P-27",1997,12788.1426429533,60.0018866578947,-174.59874872807,2,9.45627378329369
"P-27",1998,13904.0261558623,60.0018866578947,-174.59874872807,1.4,9.53993383788746
"P-27",1999,6389.33597597136,60.0018866578947,-174.59874872807,0.5,8.76238586350079
"P-27",2000,1728.84378549331,60.0018866578947,-174.59874872807,1.9,7.45520901027145
"P-27",2001,2873.49158168482,60.0018866578947,-174.59874872807,2.1,7.96328367673569
"P-27",2002,3915.66795464914,60.0018866578947,-174.59874872807,2,8.27274159587203
"P-27",2003,387.188351750021,60.0018866578947,-174.59874872807,2.1,5.9589151933621
"P-27",2004,346.593830714842,60.0018866578947,-174.59874872807,2.4,5.84815795871287
"P-27",2005,37.980749890914,60.0018866578947,-174.59874872807,2.4,3.63711942796584
"P-27",2006,648.68082140823,60.0018866578947,-174.59874872807,1,6.47494313593708
"P-27",2007,1300.19262707876,60.0018866578947,-174.59874872807,0.9,7.17026887500622
"P-27",2008,1104.88192359316,60.0018866578947,-174.59874872807,0.5,7.0074951260657
"P-27",2009,186.855976371483,60.0018866578947,-174.59874872807,1,5.23034626651028
"P-27",2010,2077.48779098822,60.0018866578947,-174.59874872807,1.2,7.63891538083366
"P-27",2011,28166.0783329411,60.0018866578947,-174.59874872807,1.8,10.2458736907814
"P-27",2012,306.672390649986,60.0018866578947,-174.59874872807,0.4,5.72578499769543
"P-27",2013,116.475398541818,60.0018866578947,-174.59874872807,0.5,4.75769311588287
"P-27",2014,41.1131058185916,60.0018866578947,-174.59874872807,2.1,3.71636387960122
"P-27",2015,0,60.0018866578947,-174.59874872807,0.6,-6.49007147502806
"P-27",2016,19.3790142580613,60.0018866578947,-174.59874872807,1.7,2.96426909310936
"P-27",2017,0,60.0018866578947,-174.59874872807,1.9,-6.49007147502806
"P-27",2018,313.775567528771,60.0018866578947,-174.59874872807,3.1,5.74868281650225
"P-27",2019,2306.88922921996,60.0018866578947,-174.59874872807,2.7,7.74365590016484
"P-27",2021,159.39284226337,60.0018866578947,-174.59874872807,2.1,5.0713813874608
"P-27",2022,78.6738843711094,60.0018866578947,-174.59874872807,1.1,4.36533056288122
"P-27",2023,1042.70334963302,60.0018866578947,-174.59874872807,1.1,6.94957345050383
"P-28",1988,73892.8163139835,59.998937917924,-175.260598267954,1.2,11.21037091456
"P-28",1989,73955.4381779378,59.998937917924,-175.260598267954,2.9,11.2112180245462
"P-28",1990,96324.9755743087,59.998937917924,-175.260598267954,1.9,11.4754829316822
"P-28",1991,16293.3143715569,59.998937917924,-175.260598267954,1,9.69851023459562
"P-28",1992,10277.7991817938,59.998937917924,-175.260598267954,1.4,9.23774157645488
"P-28",1993,3362.48762150458,59.998937917924,-175.260598267954,NA,8.12043679414876
"P-28",1994,2769.79465818657,59.998937917924,-175.260598267954,1,7.92652901402895
"P-28",1995,7894.92324328474,59.998937917924,-175.260598267954,1.1,8.97397539678052
"P-28",1996,31316.298846025,59.998937917924,-175.260598267954,3.9,10.3518940193877
"P-28",1997,43333.8650317051,59.998937917924,-175.260598267954,2.3,10.6766897456973
"P-28",1998,55836.5940958229,59.998937917924,-175.260598267954,1.5,10.9301847687844
"P-28",1999,4471.48456779333,59.998937917924,-175.260598267954,1.2,8.4054760901262
"P-28",2000,8253.4022235891,59.998937917924,-175.260598267954,1.6,9.01838096903461
"P-28",2001,54474.9441724346,59.998937917924,-175.260598267954,2.6,10.9054961628573
"P-28",2002,49692.5441614668,59.998937917924,-175.260598267954,2.1,10.8136102145159
"P-28",2003,1486.0282384617,59.998937917924,-175.260598267954,3.9,7.30386324991044
"P-28",2004,653.997392655869,59.998937917924,-175.260598267954,2.8,6.48310568646551
"P-28",2005,191.571394300838,59.998937917924,-175.260598267954,3,5.25526848154101
"P-28",2006,804.340810700581,59.998937917924,-175.260598267954,1.6,6.69002496107306
"P-28",2007,1358.27823244927,59.998937917924,-175.260598267954,1.1,7.21397428903106
"P-28",2008,597.492687496486,59.998937917924,-175.260598267954,0.9,6.39274458658201
"P-28",2009,939.723891433785,59.998937917924,-175.260598267954,1.3,6.84558771543448
"P-28",2010,7703.22881393348,59.998937917924,-175.260598267954,1.6,8.94939504355125
"P-28",2011,95456.7009173575,59.998937917924,-175.260598267954,1.7,11.4664280460265
"P-28",2012,11571.3274909238,59.998937917924,-175.260598267954,0.8,9.35628568043323
"P-28",2013,14835.1330240503,59.998937917924,-175.260598267954,1,9.60475360194506
"P-28",2014,234.934159348534,59.998937917924,-175.260598267954,2.3,5.45931176514218
"P-28",2015,19.0116603098661,59.998937917924,-175.260598267954,2,2.94513235716328
"P-28",2016,20.2620964947254,59.998937917924,-175.260598267954,2.2,3.00882691011056
"P-28",2017,36.1931346964614,59.998937917924,-175.260598267954,2.2,3.58891140452292
"P-28",2018,20.4729400220607,59.998937917924,-175.260598267954,2.9,3.01917818067309
"P-28",2019,40.8690868563681,59.998937917924,-175.260598267954,3.1,3.7104111077636
"P-28",2021,1040.07698676933,59.998937917924,-175.260598267954,2.3,6.94705147506517
"P-28",2022,7263.25086075545,59.998937917924,-175.260598267954,1.7,8.89058299361816
"P-28",2023,1261.19724190529,59.998937917924,-175.260598267954,1.6,7.13981794475396
"P-29",1988,84393.0560280753,59.9984963206714,-175.927117570671,1.8,11.3432404206429
"P-29",1989,115229.226775288,59.9984963206714,-175.927117570671,2.7,11.6546787128905
"P-29",1990,379610.127573803,59.9984963206714,-175.927117570671,1.7,12.8469000289558
"P-29",1991,41688.2853033137,59.9984963206714,-175.927117570671,1.2,10.6379754767648
"P-29",1992,67010.5961568934,59.9984963206714,-175.927117570671,1.6,11.1126060601236
"P-29",1993,2392.89960678125,59.9984963206714,-175.927117570671,2.2,7.78026176871865
"P-29",1994,970.077786914193,59.9984963206714,-175.927117570671,1.9,6.87737782625301
"P-29",1995,6102.22400049526,59.9984963206714,-175.927117570671,1.4,8.71640882279357
"P-29",1996,109820.819758087,59.9984963206714,-175.927117570671,2.8,11.6066054191925
"P-29",1997,83761.5380991926,59.9984963206714,-175.927117570671,NA,11.3357292266748
"P-29",1998,116642.281588758,59.9984963206714,-175.927117570671,1.7,11.6668671210152
"P-29",1999,4473.19056259006,59.9984963206714,-175.927117570671,1.6,8.40585754483827
"P-29",2000,92.9811446765546,59.9984963206714,-175.927117570671,1.4,4.53241305767877
"P-29",2001,117.669509232195,59.9984963206714,-175.927117570671,2.3,4.76789282995235
"P-29",2002,9096.27014360693,59.9984963206714,-175.927117570671,2.3,9.11561990108459
"P-29",2003,247.290731420506,59.9984963206714,-175.927117570671,3.6,5.51057083501882
"P-29",2004,54.3225836310198,59.9984963206714,-175.927117570671,2.5,3.99496799717926
"P-29",2005,84.0796466088664,59.9984963206714,-175.927117570671,3.1,4.43178258291109
"P-29",2006,14445.1848719019,59.9984963206714,-175.927117570671,1.9,9.57811651626758
"P-29",2007,450.615742012134,59.9984963206714,-175.927117570671,1.9,6.11061833275188
"P-29",2008,4857.50179738422,59.9984963206714,-175.927117570671,1.2,8.48827986387096
"P-29",2009,92.1852110864052,59.9984963206714,-175.927117570671,1.8,4.52381618882468
"P-29",2010,9777.81543032296,59.9984963206714,-175.927117570671,2,9.18787152223963
"P-29",2011,67639.1443400934,59.9984963206714,-175.927117570671,2.3,11.121942175176
"P-29",2012,20763.1565920396,59.9984963206714,-175.927117570671,NA,9.9409354504923
"P-29",2013,16627.2659372388,59.9984963206714,-175.927117570671,1.3,9.71879924453555
"P-29",2014,27249.2394212884,59.9984963206714,-175.927117570671,2,10.2127809442806
"P-29",2015,179.76452399842,59.9984963206714,-175.927117570671,2.3,5.19165624123567
"P-29",2016,31.2524867914286,59.9984963206714,-175.927117570671,1.5,3.44214753539054
"P-29",2017,0,59.9984963206714,-175.927117570671,2.9,-6.49007147502806
"P-29",2018,0,59.9984963206714,-175.927117570671,2.7,-6.49007147502806
"P-29",2019,11146.9260120778,59.9984963206714,-175.927117570671,3.1,9.31891918111418
"P-29",2021,0,59.9984963206714,-175.927117570671,2.5,-6.49007147502806
"P-29",2022,7867.29366149005,59.9984963206714,-175.927117570671,1.9,8.97046959490797
"P-29",2023,530.946058715322,59.9984963206714,-175.927117570671,1.8,6.27466329161465
"P-30",1988,475.356333745261,60.0019779254695,-176.711458389084,2,6.16406789341424
"P-30",1989,19.0549365535444,60.0019779254695,-176.711458389084,1.9,2.94740588900811
"P-30",1990,3056.99729613904,60.0019779254695,-176.711458389084,1.3,8.02518893411828
"P-30",1991,4059.75850488229,60.0019779254695,-176.711458389084,0.9,8.30887914329289
"P-30",1992,0,60.0019779254695,-176.711458389084,1.9,-6.49007147502806
"P-30",1993,37.2439912415775,60.0019779254695,-176.711458389084,1.6,3.61753139211109
"P-30",1994,79.4289986863537,60.0019779254695,-176.711458389084,1.9,4.37488264109631
"P-30",1995,5965.1961377458,60.0019779254695,-176.711458389084,1.6,8.69369746997403
"P-30",1996,42436.1646467294,60.0019779254695,-176.711458389084,2.9,10.6557562532367
"P-30",1997,29598.6746581633,60.0019779254695,-176.711458389084,2.5,10.2954849155486
"P-30",1998,71821.3232568961,60.0019779254695,-176.711458389084,2.4,11.1819367133818
"P-30",1999,14199.7167119562,60.0019779254695,-176.711458389084,0.3,9.56097740046267
"P-30",2000,68546.7204693055,60.0019779254695,-176.711458389084,0.4,11.1352708645582
"P-30",2001,25856.8718482938,60.0019779254695,-176.711458389084,1.4,10.1603317388573
"P-30",2002,184.155846940659,60.0019779254695,-176.711458389084,1.5,5.21579063873056
"P-30",2003,0,60.0019779254695,-176.711458389084,2.2,-6.49007147502806
"P-30",2004,0,60.0019779254695,-176.711458389084,2.1,-6.49007147502806
"P-30",2005,0,60.0019779254695,-176.711458389084,2,-6.49007147502806
"P-30",2006,75.2772327275636,60.0019779254695,-176.711458389084,1.7,4.32119790597955
"P-30",2007,0,60.0019779254695,-176.711458389084,1.8,-6.49007147502806
"P-30",2008,0,60.0019779254695,-176.711458389084,1,-6.49007147502806
"P-30",2009,54.9021223398868,60.0019779254695,-176.711458389084,0.9,4.00557966289879
"P-30",2010,19932.7390748761,60.0019779254695,-176.711458389084,2.4,9.90011891470725
"P-30",2011,212285.957244294,60.0019779254695,-176.711458389084,1.7,12.2656895068453
"P-30",2012,301177.629073598,60.0019779254695,-176.711458389084,0.9,12.6154555045272
"P-30",2013,156597.179449643,60.0019779254695,-176.711458389084,1.4,11.9614320608959
"P-30",2014,218341.424671974,60.0019779254695,-176.711458389084,1.9,12.2938152917833
"P-30",2015,0,60.0019779254695,-176.711458389084,2.4,-6.49007147502806
"P-30",2016,0,60.0019779254695,-176.711458389084,1.6,-6.49007147502806
"P-30",2017,0,60.0019779254695,-176.711458389084,2.6,-6.49007147502806
"P-30",2018,0,60.0019779254695,-176.711458389084,2.1,-6.49007147502806
"P-30",2019,161066.984458494,60.0019779254695,-176.711458389084,1.9,11.9895756194054
"P-30",2021,0,60.0019779254695,-176.711458389084,1.9,-6.49007147502806
"P-30",2022,19.2108511374272,60.0019779254695,-176.711458389084,2,2.95555432044354
"P-30",2023,0,60.0019779254695,-176.711458389084,1.7,-6.49007147502806
"P-31",1988,20.8352023843019,60.0018145041322,-177.219367024793,2.1,3.03671685444559
"P-31",1989,0,60.0018145041322,-177.219367024793,1.9,-6.49007147502806
"P-31",1990,0,60.0018145041322,-177.219367024793,1.1,-6.49007147502806
"P-31",1991,269.120313954412,60.0018145041322,-177.219367024793,0.9,5.5951641856009
"P-31",1992,38.5709913634389,60.0018145041322,-177.219367024793,1.9,3.65253984150346
"P-31",1993,16.5167825152942,60.0018145041322,-177.219367024793,1.6,2.80446891508983
"P-31",1994,0,60.0018145041322,-177.219367024793,1.9,-6.49007147502806
"P-31",1995,0,60.0018145041322,-177.219367024793,1.6,-6.49007147502806
"P-31",1996,4403.40203296832,60.0018145041322,-177.219367024793,2.9,8.39013305529389
"P-31",1997,6249.21667109632,60.0018145041322,-177.219367024793,2.8,8.74021164523197
"P-31",1998,9366.51325316392,60.0018145041322,-177.219367024793,2.5,9.14489634996755
"P-31",1999,8832.63400423384,60.0018145041322,-177.219367024793,0.5,9.08620872275265
"P-31",2000,9593.33737664754,60.0018145041322,-177.219367024793,0.3,9.16882427152513
"P-31",2001,2557.87553472279,60.0018145041322,-177.219367024793,0.8,7.84693291732586
"P-31",2002,4135.95886622348,60.0018145041322,-177.219367024793,NA,8.32747483796637
"P-31",2003,94.4050287495412,60.0018145041322,-177.219367024793,2.4,4.54761042657288
"P-31",2004,35.5042007753241,60.0018145041322,-177.219367024793,2.1,3.56969378817576
"P-31",2005,0,60.0018145041322,-177.219367024793,2.2,-6.49007147502806
"P-31",2006,0,60.0018145041322,-177.219367024793,1.7,-6.49007147502806
"P-31",2007,0,60.0018145041322,-177.219367024793,1.6,-6.49007147502806
"P-31",2008,0,60.0018145041322,-177.219367024793,1,-6.49007147502806
"P-31",2009,19.3317404932673,60.0018145041322,-177.219367024793,0.9,2.96182687361612
"P-31",2010,522.043053352598,60.0018145041322,-177.219367024793,2,6.25775297081418
"P-31",2011,2278.10352767519,60.0018145041322,-177.219367024793,1.6,7.73109925625196
"P-31",2012,80.2599121798153,60.0018145041322,-177.219367024793,0.6,4.38528918950285
"P-31",2013,468.25305458325,60.0018145041322,-177.219367024793,1.4,6.14901210747773
"P-31",2014,100.837417966976,60.0018145041322,-177.219367024793,1.8,4.61352455493615
"P-31",2015,0,60.0018145041322,-177.219367024793,2.5,-6.49007147502806
"P-31",2016,0,60.0018145041322,-177.219367024793,1.7,-6.49007147502806
"P-31",2017,0,60.0018145041322,-177.219367024793,2.5,-6.49007147502806
"P-31",2018,0,60.0018145041322,-177.219367024793,2.1,-6.49007147502806
"P-31",2019,98.0867192341905,60.0018145041322,-177.219367024793,2.6,4.585867458003
"P-31",2021,21.8040892832014,60.0018145041322,-177.219367024793,1.9,3.08216717174675
"P-31",2022,0,60.0018145041322,-177.219367024793,2,-6.49007147502806
"P-31",2023,19.6904124330545,60.0018145041322,-177.219367024793,1.8,2.98020895150629
"P-32",1988,428.424482997407,60.0031309455371,-177.901107897126,2,6.06011803103121
"P-32",1989,59.9216396544705,60.0031309455371,-177.901107897126,1.8,4.09306304300941
"P-32",1990,0,60.0031309455371,-177.901107897126,1.1,-6.49007147502806
"P-32",1991,0,60.0031309455371,-177.901107897126,0.9,-6.49007147502806
"P-32",1992,0,60.0031309455371,-177.901107897126,1.7,-6.49007147502806
"P-32",1993,0,60.0031309455371,-177.901107897126,1.8,-6.49007147502806
"P-32",1994,0,60.0031309455371,-177.901107897126,1.6,-6.49007147502806
"P-32",1995,18.4918871162653,60.0031309455371,-177.901107897126,1.6,2.9174142121461
"P-32",1996,106.928099238523,60.0031309455371,-177.901107897126,3.2,4.67217083932961
"P-32",1997,0,60.0031309455371,-177.901107897126,2.4,-6.49007147502806
"P-32",1998,0,60.0031309455371,-177.901107897126,2,-6.49007147502806
"P-32",1999,17.8541373815059,60.0031309455371,-177.901107897126,0.2,2.88232031081037
"P-32",2000,200.162685002419,60.0031309455371,-177.901107897126,0.5,5.29913804691223
"P-32",2001,42.8189957876587,60.0031309455371,-177.901107897126,0.8,3.7570172921537
"P-32",2002,96.2390927393807,60.0031309455371,-177.901107897126,NA,4.56685142222662
"P-32",2003,0,60.0031309455371,-177.901107897126,2.7,-6.49007147502806
"P-32",2004,0,60.0031309455371,-177.901107897126,2.3,-6.49007147502806
"P-32",2005,0,60.0031309455371,-177.901107897126,2.2,-6.49007147502806
"P-32",2006,0,60.0031309455371,-177.901107897126,1.9,-6.49007147502806
"P-32",2007,0,60.0031309455371,-177.901107897126,1.7,-6.49007147502806
"P-32",2008,0,60.0031309455371,-177.901107897126,1,-6.49007147502806
"P-32",2009,0,60.0031309455371,-177.901107897126,1.2,-6.49007147502806
"P-32",2010,0,60.0031309455371,-177.901107897126,2.1,-6.49007147502806
"P-32",2011,452.270056435011,60.0031309455371,-177.901107897126,2.4,6.11428282877707
"P-32",2012,72242.7297017956,60.0031309455371,-177.901107897126,0.9,11.1877869949653
"P-32",2013,38113.237258381,60.0031309455371,-177.901107897126,1.6,10.5483169752168
"P-32",2014,31315.327631569,60.0031309455371,-177.901107897126,1.9,10.3518630058418
"P-32",2015,1125.60736960891,60.0031309455371,-177.901107897126,2.1,7.026079402046
"P-32",2016,0,60.0031309455371,-177.901107897126,1.8,-6.49007147502806
"P-32",2017,0,60.0031309455371,-177.901107897126,2.7,-6.49007147502806
"P-32",2018,0,60.0031309455371,-177.901107897126,2.3,-6.49007147502806
"P-32",2019,0,60.0031309455371,-177.901107897126,2.7,-6.49007147502806
"P-32",2021,0,60.0031309455371,-177.901107897126,1.9,-6.49007147502806
"P-32",2022,0,60.0031309455371,-177.901107897126,1.9,-6.49007147502806
"P-32",2023,0,60.0031309455371,-177.901107897126,2,-6.49007147502806
"Q-01",1988,0,60.3292855882353,-167.980547352941,5.6,-6.49007147502806
"Q-01",1989,0,60.3292855882353,-167.980547352941,5.5,-6.49007147502806
"Q-01",1990,0,60.3292855882353,-167.980547352941,5.1,-6.49007147502806
"Q-01",1991,0,60.3292855882353,-167.980547352941,6.4,-6.49007147502806
"Q-01",1993,0,60.3292855882353,-167.980547352941,6.7,-6.49007147502806
"Q-01",1994,0,60.3292855882353,-167.980547352941,NA,-6.49007147502806
"Q-01",1995,0,60.3292855882353,-167.980547352941,4.8,-6.49007147502806
"Q-01",1996,0,60.3292855882353,-167.980547352941,5.5,-6.49007147502806
"Q-01",1997,0,60.3292855882353,-167.980547352941,6.4,-6.49007147502806
"Q-01",1998,0,60.3292855882353,-167.980547352941,5.6,-6.49007147502806
"Q-01",1999,0,60.3292855882353,-167.980547352941,0.2,-6.49007147502806
"Q-01",2000,0,60.3292855882353,-167.980547352941,3.4,-6.49007147502806
"Q-01",2001,0,60.3292855882353,-167.980547352941,1.6,-6.49007147502806
"Q-01",2002,0,60.3292855882353,-167.980547352941,6.7,-6.49007147502806
"Q-01",2003,0,60.3292855882353,-167.980547352941,5.6,-6.49007147502806
"Q-01",2004,0,60.3292855882353,-167.980547352941,6.7,-6.49007147502806
"Q-01",2005,0,60.3292855882353,-167.980547352941,5.2,-6.49007147502806
"Q-01",2006,0,60.3292855882353,-167.980547352941,1.9,-6.49007147502806
"Q-01",2007,0,60.3292855882353,-167.980547352941,4.6,-6.49007147502806
"Q-01",2008,0,60.3292855882353,-167.980547352941,2.7,-6.49007147502806
"Q-01",2009,0,60.3292855882353,-167.980547352941,4.1,-6.49007147502806
"Q-01",2010,0,60.3292855882353,-167.980547352941,0.6,-6.49007147502806
"Q-01",2011,0,60.3292855882353,-167.980547352941,5.9,-6.49007147502806
"Q-01",2012,0,60.3292855882353,-167.980547352941,3.5,-6.49007147502806
"Q-01",2013,0,60.3292855882353,-167.980547352941,3.8,-6.49007147502806
"Q-01",2014,0,60.3292855882353,-167.980547352941,5.8,-6.49007147502806
"Q-01",2015,0,60.3292855882353,-167.980547352941,5.6,-6.49007147502806
"Q-01",2016,0,60.3292855882353,-167.980547352941,6.1,-6.49007147502806
"Q-01",2017,0,60.3292855882353,-167.980547352941,6.6,-6.49007147502806
"Q-01",2018,0,60.3292855882353,-167.980547352941,7.5,-6.49007147502806
"Q-01",2019,0,60.3292855882353,-167.980547352941,8,-6.49007147502806
"Q-01",2021,0,60.3292855882353,-167.980547352941,5.1,-6.49007147502806
"Q-01",2022,0,60.3292855882353,-167.980547352941,6.5,-6.49007147502806
"Q-01",2023,0,60.3292855882353,-167.980547352941,4.1,-6.49007147502806
"Q-02",1988,0,60.3361835294118,-167.285956470588,5.7,-6.49007147502806
"Q-02",1989,0,60.3361835294118,-167.285956470588,5.8,-6.49007147502806
"Q-02",1990,0,60.3361835294118,-167.285956470588,5.5,-6.49007147502806
"Q-02",1991,0,60.3361835294118,-167.285956470588,7.3,-6.49007147502806
"Q-02",1992,0,60.3361835294118,-167.285956470588,3.2,-6.49007147502806
"Q-02",1993,0,60.3361835294118,-167.285956470588,NA,-6.49007147502806
"Q-02",1994,0,60.3361835294118,-167.285956470588,NA,-6.49007147502806
"Q-02",1995,0,60.3361835294118,-167.285956470588,5.1,-6.49007147502806
"Q-02",1996,0,60.3361835294118,-167.285956470588,5.9,-6.49007147502806
"Q-02",1997,0,60.3361835294118,-167.285956470588,6.8,-6.49007147502806
"Q-02",1998,0,60.3361835294118,-167.285956470588,5.9,-6.49007147502806
"Q-02",1999,0,60.3361835294118,-167.285956470588,0.7,-6.49007147502806
"Q-02",2002,0,60.3361835294118,-167.285956470588,7,-6.49007147502806
"Q-02",2003,0,60.3361835294118,-167.285956470588,6.6,-6.49007147502806
"Q-02",2004,0,60.3361835294118,-167.285956470588,7.3,-6.49007147502806
"Q-02",2005,0,60.3361835294118,-167.285956470588,4.9,-6.49007147502806
"Q-02",2006,0,60.3361835294118,-167.285956470588,2.4,-6.49007147502806
"Q-02",2007,0,60.3361835294118,-167.285956470588,5.1,-6.49007147502806
"Q-02",2008,0,60.3361835294118,-167.285956470588,3.4,-6.49007147502806
"Q-02",2009,0,60.3361835294118,-167.285956470588,5.1,-6.49007147502806
"Q-02",2010,0,60.3361835294118,-167.285956470588,0.9,-6.49007147502806
"Q-02",2011,0,60.3361835294118,-167.285956470588,6.5,-6.49007147502806
"Q-02",2012,0,60.3361835294118,-167.285956470588,4.2,-6.49007147502806
"Q-02",2013,0,60.3361835294118,-167.285956470588,4.7,-6.49007147502806
"Q-02",2014,0,60.3361835294118,-167.285956470588,6.2,-6.49007147502806
"Q-02",2015,0,60.3361835294118,-167.285956470588,6,-6.49007147502806
"Q-02",2016,0,60.3361835294118,-167.285956470588,6.2,-6.49007147502806
"Q-02",2017,0,60.3361835294118,-167.285956470588,7.7,-6.49007147502806
"Q-02",2018,0,60.3361835294118,-167.285956470588,7.7,-6.49007147502806
"Q-02",2019,0,60.3361835294118,-167.285956470588,8.9,-6.49007147502806
"Q-02",2021,0,60.3361835294118,-167.285956470588,5.3,-6.49007147502806
"Q-02",2022,0,60.3361835294118,-167.285956470588,7.6,-6.49007147502806
"Q-02",2023,0,60.3361835294118,-167.285956470588,4.6,-6.49007147502806
"Q-18",1988,0,60.326772125182,-168.679946593886,3.6,-6.49007147502806
"Q-18",1989,0,60.326772125182,-168.679946593886,4.9,-6.49007147502806
"Q-18",1990,0,60.326772125182,-168.679946593886,5.5,-6.49007147502806
"Q-18",1991,0,60.326772125182,-168.679946593886,4.2,-6.49007147502806
"Q-18",1993,232.526780441627,60.326772125182,-168.679946593886,1.4,5.4490119332426
"Q-18",1994,8611.63948086004,60.326772125182,-168.679946593886,1,9.06087017151463
"Q-18",1995,0,60.326772125182,-168.679946593886,4.2,-6.49007147502806
"Q-18",1996,0,60.326772125182,-168.679946593886,NA,-6.49007147502806
"Q-18",1997,0,60.326772125182,-168.679946593886,4.1,-6.49007147502806
"Q-18",1998,0,60.326772125182,-168.679946593886,4.8,-6.49007147502806
"Q-18",1999,381.570016205999,60.326772125182,-168.679946593886,0.3,5.94429834204986
"Q-18",2000,22.7270202783047,60.326772125182,-168.679946593886,2.8,3.12362134713873
"Q-18",2001,0,60.326772125182,-168.679946593886,0.7,-6.49007147502806
"Q-18",2002,0,60.326772125182,-168.679946593886,5.4,-6.49007147502806
"Q-18",2003,0,60.326772125182,-168.679946593886,4,-6.49007147502806
"Q-18",2004,0,60.326772125182,-168.679946593886,6.8,-6.49007147502806
"Q-18",2005,0,60.326772125182,-168.679946593886,3.7,-6.49007147502806
"Q-18",2006,0,60.326772125182,-168.679946593886,1.4,-6.49007147502806
"Q-18",2007,0,60.326772125182,-168.679946593886,2.3,-6.49007147502806
"Q-18",2008,0,60.326772125182,-168.679946593886,1.7,-6.49007147502806
"Q-18",2009,0,60.326772125182,-168.679946593886,2.3,-6.49007147502806
"Q-18",2010,0,60.326772125182,-168.679946593886,0.7,-6.49007147502806
"Q-18",2011,0,60.326772125182,-168.679946593886,4,-6.49007147502806
"Q-18",2012,0,60.326772125182,-168.679946593886,-0.1,-6.49007147502806
"Q-18",2013,0,60.326772125182,-168.679946593886,4.2,-6.49007147502806
"Q-18",2014,0,60.326772125182,-168.679946593886,3.7,-6.49007147502806
"Q-18",2015,0,60.326772125182,-168.679946593886,4.2,-6.49007147502806
"Q-18",2016,0,60.326772125182,-168.679946593886,3,-6.49007147502806
"Q-18",2017,0,60.326772125182,-168.679946593886,5.1,-6.49007147502806
"Q-18",2018,0,60.326772125182,-168.679946593886,5.7,-6.49007147502806
"Q-18",2019,0,60.326772125182,-168.679946593886,6.1,-6.49007147502806
"Q-18",2021,0,60.326772125182,-168.679946593886,4.3,-6.49007147502806
"Q-18",2022,0,60.326772125182,-168.679946593886,4.9,-6.49007147502806
"Q-18",2023,0,60.326772125182,-168.679946593886,1.9,-6.49007147502806
"Q-19",1988,77.270448731152,60.3240322377902,-169.327512113691,2.4,4.34733124003512
"Q-19",1989,0,60.3240322377902,-169.327512113691,4,-6.49007147502806
"Q-19",1990,0,60.3240322377902,-169.327512113691,2.7,-6.49007147502806
"Q-19",1991,0,60.3240322377902,-169.327512113691,3.1,-6.49007147502806
"Q-19",1993,736.622803964153,60.3240322377902,-169.327512113691,3,6.6020780232929
"Q-19",1994,16218.3329308402,60.3240322377902,-169.327512113691,-1.3,9.69389763739575
"Q-19",1995,10475.3705616714,60.3240322377902,-169.327512113691,1.4,9.25678226493389
"Q-19",1996,0,60.3240322377902,-169.327512113691,NA,-6.49007147502806
"Q-19",1997,0,60.3240322377902,-169.327512113691,0.3,-6.49007147502806
"Q-19",1998,0,60.3240322377902,-169.327512113691,3.6,-6.49007147502806
"Q-19",1999,1421.13413904144,60.3240322377902,-169.327512113691,-1.1,7.25921158974874
"Q-19",2000,2078.81224417087,60.3240322377902,-169.327512113691,1.9,7.63955270357194
"Q-19",2001,16.8886262739221,60.3240322377902,-169.327512113691,-1.3,2.82673029883485
"Q-19",2002,0,60.3240322377902,-169.327512113691,2.7,-6.49007147502806
"Q-19",2003,0,60.3240322377902,-169.327512113691,3.4,-6.49007147502806
"Q-19",2004,0,60.3240322377902,-169.327512113691,4.4,-6.49007147502806
"Q-19",2005,0,60.3240322377902,-169.327512113691,0.3,-6.49007147502806
"Q-19",2006,22.725392333815,60.3240322377902,-169.327512113691,-0.8,3.12354971900576
"Q-19",2007,0,60.3240322377902,-169.327512113691,0.8,-6.49007147502806
"Q-19",2008,0,60.3240322377902,-169.327512113691,0.2,-6.49007147502806
"Q-19",2009,0,60.3240322377902,-169.327512113691,-0.4,-6.49007147502806
"Q-19",2010,0,60.3240322377902,-169.327512113691,-0.9,-6.49007147502806
"Q-19",2011,0,60.3240322377902,-169.327512113691,3.1,-6.49007147502806
"Q-19",2012,0,60.3240322377902,-169.327512113691,-1.1,-6.49007147502806
"Q-19",2013,0,60.3240322377902,-169.327512113691,1.4,-6.49007147502806
"Q-19",2014,0,60.3240322377902,-169.327512113691,0.9,-6.49007147502806
"Q-19",2015,0,60.3240322377902,-169.327512113691,1.4,-6.49007147502806
"Q-19",2016,0,60.3240322377902,-169.327512113691,1.2,-6.49007147502806
"Q-19",2017,0,60.3240322377902,-169.327512113691,4,-6.49007147502806
"Q-19",2018,0,60.3240322377902,-169.327512113691,4.4,-6.49007147502806
"Q-19",2019,226.030423949941,60.3240322377902,-169.327512113691,3.5,5.42067632729569
"Q-19",2021,0,60.3240322377902,-169.327512113691,2.6,-6.49007147502806
"Q-19",2022,0,60.3240322377902,-169.327512113691,2.7,-6.49007147502806
"Q-19",2023,0,60.3240322377902,-169.327512113691,-1.1,-6.49007147502806
"Q-20",1988,13002.5433002648,60.3305957511945,-170.023170422934,1.2,9.47290037257113
"Q-20",1989,3601.73709965666,60.3305957511945,-170.023170422934,2,8.18917195733307
"Q-20",1990,22.4025508060441,60.3305957511945,-170.023170422934,1.3,3.10924260515328
"Q-20",1991,0,60.3305957511945,-170.023170422934,NA,-6.49007147502806
"Q-20",1993,8493.7224030902,60.3305957511945,-170.023170422934,2.3,9.04708280758194
"Q-20",1994,17599.3194100145,60.3305957511945,-170.023170422934,NA,9.77561559667136
"Q-20",1995,9331.03007502509,60.3305957511945,-170.023170422934,-0.6,9.14110085508892
"Q-20",1996,145.083012959763,60.3305957511945,-170.023170422934,0.8,4.97731654773061
"Q-20",1997,65.3945215173244,60.3305957511945,-170.023170422934,-0.3,4.18046170552586
"Q-20",1998,0,60.3305957511945,-170.023170422934,2.8,-6.49007147502806
"Q-20",1999,2331.13196492775,60.3305957511945,-170.023170422934,-1.5,7.75410990181844
"Q-20",2000,36378.1375067667,60.3305957511945,-170.023170422934,0.6,10.5017232969761
"Q-20",2001,113.117231353603,60.3305957511945,-170.023170422934,-1.2,4.72843815005462
"Q-20",2002,21.4562320161874,60.3305957511945,-170.023170422934,1.6,3.06608590676213
"Q-20",2003,69.252075525958,60.3305957511945,-170.023170422934,1.2,4.237775042153
"Q-20",2004,0,60.3305957511945,-170.023170422934,1.6,-6.49007147502806
"Q-20",2005,20.6363641582753,60.3305957511945,-170.023170422934,-0.5,3.02712834808101
"Q-20",2006,21.3920195503227,60.3305957511945,-170.023170422934,-1.4,3.06308891338088
"Q-20",2007,124.986730362152,60.3305957511945,-170.023170422934,-1.2,4.82821972330413
"Q-20",2008,232.629452500757,60.3305957511945,-170.023170422934,-1.3,5.44945338230084
"Q-20",2009,44.4064527135045,60.3305957511945,-170.023170422934,-1.3,3.79341898381951
"Q-20",2010,287.499281371451,60.3305957511945,-170.023170422934,-1.5,5.66122564218806
"Q-20",2011,0,60.3305957511945,-170.023170422934,1.2,-6.49007147502806
"Q-20",2012,405.182753349888,60.3305957511945,-170.023170422934,-1.3,6.004341955704
"Q-20",2013,323.827129559133,60.3305957511945,-170.023170422934,-1.3,5.78021451169559
"Q-20",2014,0,60.3305957511945,-170.023170422934,-0.3,-6.49007147502806
"Q-20",2015,0,60.3305957511945,-170.023170422934,0.4,-6.49007147502806
"Q-20",2016,0,60.3305957511945,-170.023170422934,1.3,-6.49007147502806
"Q-20",2017,254.053589197948,60.3305957511945,-170.023170422934,0.2,5.53755120269268
"Q-20",2018,44.0623556686272,60.3305957511945,-170.023170422934,3.2,3.785640265541
"Q-20",2019,389.874793741408,60.3305957511945,-170.023170422934,2.9,5.96582954056997
"Q-20",2021,0,60.3305957511945,-170.023170422934,2.4,-6.49007147502806
"Q-20",2022,0,60.3305957511945,-170.023170422934,1.3,-6.49007147502806
"Q-20",2023,19.8580820946923,60.3305957511945,-170.023170422934,-1.5,2.98868754437475
"Q-21",1988,38863.366594734,60.3312947430578,-170.660758070539,0.4,10.5678073921857
"Q-21",1989,862.316088140547,60.3312947430578,-170.660758070539,1.3,6.75962365591175
"Q-21",1990,19.7681859653626,60.3312947430578,-170.660758070539,0,2.98415068541856
"Q-21",1991,927.709048998517,60.3312947430578,-170.660758070539,0.2,6.83271979560329
"Q-21",1992,3302.17919984156,60.3312947430578,-170.660758070539,-1.4,8.10233835292855
"Q-21",1993,18687.0382981499,60.3312947430578,-170.660758070539,0.9,9.83558550463066
"Q-21",1994,10310.8676910681,60.3312947430578,-170.660758070539,-2,9.24095388087815
"Q-21",1995,8888.48431134397,60.3312947430578,-170.660758070539,-1.4,9.09251199114247
"Q-21",1996,3607.87917776807,60.3312947430578,-170.660758070539,-0.2,8.19087581417476
"Q-21",1997,679.830357452686,60.3312947430578,-170.660758070539,-1.1,6.52184552626739
"Q-21",1998,14466.0276125744,60.3312947430578,-170.660758070539,2.2,9.57955836116462
"Q-21",1999,4366.48097859216,60.3312947430578,-170.660758070539,-1.6,8.38171304337962
"Q-21",2000,24367.0964488402,60.3312947430578,-170.660758070539,0.5,10.1009890573487
"Q-21",2001,805.274796268665,60.3312947430578,-170.660758070539,-0.8,6.6911854666083
"Q-21",2002,0,60.3312947430578,-170.660758070539,0.9,-6.49007147502806
"Q-21",2003,626.691835866723,60.3312947430578,-170.660758070539,1.1,6.44045735290952
"Q-21",2004,552.530972506049,60.3312947430578,-170.660758070539,0.4,6.31451223880586
"Q-21",2005,429.673118608129,60.3312947430578,-170.660758070539,-1.2,6.06302826425093
"Q-21",2006,327.985120339878,60.3312947430578,-170.660758070539,-1.6,5.79297287212868
"Q-21",2007,1356.26054682119,60.3312947430578,-170.660758070539,-1.4,7.21248771329467
"Q-21",2008,506.42405500336,60.3312947430578,-170.660758070539,-1.5,6.22737737003636
"Q-21",2009,360.574693826053,60.3312947430578,-170.660758070539,-1.4,5.88770334150102
"Q-21",2010,2155.4201117,60.3312947430578,-170.660758070539,-1.6,7.67574163543783
"Q-21",2011,6177.81406907311,60.3312947430578,-170.660758070539,-0.5,8.7287200231647
"Q-21",2012,1259.92603703367,60.3312947430578,-170.660758070539,-1.4,7.13880950263715
"Q-21",2013,458.344728458912,60.3312947430578,-170.660758070539,-1.5,6.12762489608886
"Q-21",2014,0,60.3312947430578,-170.660758070539,-0.4,-6.49007147502806
"Q-21",2015,89.5549468963387,60.3312947430578,-170.660758070539,-1,4.49486932396659
"Q-21",2016,41.8034455629,60.3312947430578,-170.660758070539,1.7,3.73301508854134
"Q-21",2017,4258.2166930967,60.3312947430578,-170.660758070539,-0.8,8.35660609156568
"Q-21",2018,9031.99858114653,60.3312947430578,-170.660758070539,2.8,9.10852911685552
"Q-21",2019,5862.45900464945,60.3312947430578,-170.660758070539,2.6,8.67632467893057
"Q-21",2021,0,60.3312947430578,-170.660758070539,2.8,-6.49007147502806
"Q-21",2022,0,60.3312947430578,-170.660758070539,0.3,-6.49007147502806
"Q-21",2023,0,60.3312947430578,-170.660758070539,-1.6,-6.49007147502806
"Q-22",1988,42856.7345869687,60.3329563641945,-171.355322236002,-0.7,10.6656181136642
"Q-22",1989,3516.14253943992,60.3329563641945,-171.355322236002,0.7,8.16512023005913
"Q-22",1990,18728.2695444134,60.3329563641945,-171.355322236002,-0.8,9.83778948273398
"Q-22",1991,8744.56112474042,60.3329563641945,-171.355322236002,-0.5,9.07618737398717
"Q-22",1992,20615.3311999099,60.3329563641945,-171.355322236002,-1.5,9.93379038463484
"Q-22",1993,50385.340829446,60.3329563641945,-171.355322236002,0.1,10.8274555853304
"Q-22",1994,7302.20131607792,60.3329563641945,-171.355322236002,-2.1,8.89593133976985
"Q-22",1995,7935.43799586292,60.3329563641945,-171.355322236002,-1.5,8.97909402075278
"Q-22",1996,258.295973040779,60.3329563641945,-171.355322236002,-0.4,5.55411198840637
"Q-22",1997,2741.94692377626,60.3329563641945,-171.355322236002,-1.2,7.91642405696107
"Q-22",1998,5853.88248923209,60.3329563641945,-171.355322236002,1,8.67486065285542
"Q-22",1999,2489.31667871774,60.3329563641945,-171.355322236002,-1.6,7.81976413556187
"Q-22",2000,4416.44048789962,60.3329563641945,-171.355322236002,-0.4,8.39308967496348
"Q-22",2001,3301.72984230726,60.3329563641945,-171.355322236002,0.3,8.10220226464342
"Q-22",2002,102.817097257968,60.3329563641945,-171.355322236002,0.8,4.63296642318758
"Q-22",2003,2907.32556331923,60.3329563641945,-171.355322236002,2.1,7.97498940945473
"Q-22",2004,20535.6584715353,60.3329563641945,-171.355322236002,-0.2,9.92991816563439
"Q-22",2005,3743.15037133981,60.3329563641945,-171.355322236002,-1.4,8.22768328677126
"Q-22",2006,5624.85269486199,60.3329563641945,-171.355322236002,-1.6,8.63495030910163
"Q-22",2007,3957.64454268573,60.3329563641945,-171.355322236002,-1.5,8.28340469849702
"Q-22",2008,4714.03797963201,60.3329563641945,-171.355322236002,-1.6,8.4583004623478
"Q-22",2009,5333.84615581828,60.3329563641945,-171.355322236002,-1.5,8.58182814682739
"Q-22",2010,18235.2624093564,60.3329563641945,-171.355322236002,-1.5,9.81111257683131
"Q-22",2011,16625.0132751836,60.3329563641945,-171.355322236002,-0.6,9.71866375536571
"Q-22",2012,1603.23905177285,60.3329563641945,-171.355322236002,-1.6,7.37978221634214
"Q-22",2013,902.872797391532,60.3329563641945,-171.355322236002,-1.3,6.8055833586047
"Q-22",2014,2253.61710421443,60.3329563641945,-171.355322236002,-0.6,7.72029248004191
"Q-22",2015,714.437284727802,60.3329563641945,-171.355322236002,-1.3,6.57149734383231
"Q-22",2016,4585.59318254382,60.3329563641945,-171.355322236002,1.7,8.43067508205579
"Q-22",2017,14699.9974349839,60.3329563641945,-171.355322236002,-1,9.5956027015712
"Q-22",2018,20998.6196943429,60.3329563641945,-171.355322236002,2.5,9.95221205801595
"Q-22",2019,5396.6187068448,60.3329563641945,-171.355322236002,2.2,8.59352815239865
"Q-22",2021,142.742704349443,60.3329563641945,-171.355322236002,2.3,4.96105437689345
"Q-22",2022,147.839013340776,60.3329563641945,-171.355322236002,0,4.99613420489211
"Q-22",2023,4034.93014294874,60.3329563641945,-171.355322236002,-1.6,8.30274464410194
"Q-23",1988,26.0011717371845,60.33664068793,-172.064378711695,-0.5,3.25820000104047
"Q-23",1989,1020.01100733534,60.33664068793,-172.064378711695,1.4,6.92757018637528
"Q-23",1990,33.1934242587471,60.33664068793,-172.064378711695,-1.1,3.50239753598258
"Q-23",1991,0,60.33664068793,-172.064378711695,-0.2,-6.49007147502806
"Q-23",1992,3588.50071056311,60.33664068793,-172.064378711695,-1.1,8.18549018802183
"Q-23",1993,424.115193145687,60.33664068793,-172.064378711695,0.4,6.05000868052891
"Q-23",1994,488.42838197186,60.33664068793,-172.064378711695,-2,6.19119596151808
"Q-23",1995,382.102833564541,60.33664068793,-172.064378711695,-1.3,5.94569374408968
"Q-23",1996,343.907220761777,60.33664068793,-172.064378711695,-0.2,5.84037632916027
"Q-23",1997,63.962645315159,60.33664068793,-172.064378711695,-1,4.15832298521575
"Q-23",1998,79.3893855750097,60.33664068793,-172.064378711695,0.9,4.37438380269176
"Q-23",1999,74.9045690562662,60.33664068793,-172.064378711695,-1.5,4.31623516221039
"Q-23",2000,0,60.33664068793,-172.064378711695,-0.1,-6.49007147502806
"Q-23",2001,0,60.33664068793,-172.064378711695,-0.8,-6.49007147502806
"Q-23",2002,322.149735163059,60.33664068793,-172.064378711695,1,5.775021166943
"Q-23",2003,40.5994075268923,60.33664068793,-172.064378711695,0.8,3.70379087342559
"Q-23",2004,397.439559537706,60.33664068793,-172.064378711695,0.2,5.98504669160558
"Q-23",2005,21.0661042592802,60.33664068793,-172.064378711695,-1.3,3.04773739277243
"Q-23",2006,19.7733159024445,60.33664068793,-172.064378711695,-1.6,2.9844101365222
"Q-23",2007,224.965464532383,60.33664068793,-172.064378711695,-1.3,5.41595364909385
"Q-23",2008,1280.62091036656,60.33664068793,-172.064378711695,-1.6,7.155101511227
"Q-23",2009,242.196038533916,60.33664068793,-172.064378711695,-0.7,5.48975374425718
"Q-23",2010,17275.7619333395,60.33664068793,-172.064378711695,-1.5,9.75705984168424
"Q-23",2011,233.360757006138,60.33664068793,-172.064378711695,-0.4,5.4525920763116
"Q-23",2012,1189.78767869573,60.33664068793,-172.064378711695,-1.4,7.0815314251498
"Q-23",2013,951.148652723893,60.33664068793,-172.064378711695,-1.5,6.85767195876931
"Q-23",2014,0,60.33664068793,-172.064378711695,-0.5,-6.49007147502806
"Q-23",2015,42.2672455850849,60.33664068793,-172.064378711695,-0.6,3.74404837415968
"Q-23",2016,66.2369372523889,60.33664068793,-172.064378711695,0.4,4.19326119598975
"Q-23",2017,8197.13842605165,60.33664068793,-172.064378711695,-1.1,9.01154058515486
"Q-23",2018,209.201789584574,60.33664068793,-172.064378711695,3.4,5.34330654480498
"Q-23",2019,709.939975035953,60.33664068793,-172.064378711695,2.1,6.56518256308567
"Q-23",2021,2366.71331611675,60.33664068793,-172.064378711695,2.1,7.769258126784
"Q-23",2022,103879.423135067,60.33664068793,-172.064378711695,0.1,11.5509861271929
"Q-23",2023,1539.01535971198,60.33664068793,-172.064378711695,-1.1,7.3388991007394
"Q-25",1988,48.8158182220332,60.3121520683931,-173.392695441567,0.4,3.88808550924699
"Q-25",1989,205.182433354409,60.3121520683931,-173.392695441567,3.5,5.32390690261096
"Q-25",1992,0,60.3121520683931,-173.392695441567,NA,-6.49007147502806
"Q-25",1993,41.63549898615,60.3121520683931,-173.392695441567,1.2,3.72898961357869
"Q-25",1994,0,60.3121520683931,-173.392695441567,NA,-6.49007147502806
"Q-25",1995,42.3851972768541,60.3121520683931,-173.392695441567,NA,3.74683500459294
"Q-25",1997,61.0736220180141,60.3121520683931,-173.392695441567,NA,4.11210491691173
"Q-25",1998,152.984676282715,60.3121520683931,-173.392695441567,1.3,5.03034768675402
"Q-25",1999,0,60.3121520683931,-173.392695441567,-1.3,-6.49007147502806
"Q-25",2000,136.3157593902,60.3121520683931,-173.392695441567,0.6,4.91498509391649
"Q-25",2001,0,60.3121520683931,-173.392695441567,1.3,-6.49007147502806
"Q-25",2002,38.6050023314058,60.3121520683931,-173.392695441567,2.2,3.65342119411737
"Q-25",2003,0,60.3121520683931,-173.392695441567,2.5,-6.49007147502806
"Q-25",2004,0,60.3121520683931,-173.392695441567,1.8,-6.49007147502806
"Q-25",2006,0,60.3121520683931,-173.392695441567,-1,-6.49007147502806
"Q-25",2007,477.54863341803,60.3121520683931,-173.392695441567,0.3,6.16866918447568
"Q-25",2008,1056.42431194648,60.3121520683931,-173.392695441567,-1.3,6.96264663145588
"Q-25",2009,747.142307160073,60.3121520683931,-173.392695441567,-0.8,6.6162577042177
"Q-25",2010,0,60.3121520683931,-173.392695441567,0,-6.49007147502806
"Q-25",2011,58.5789446919546,60.3121520683931,-173.392695441567,-0.9,4.07040124735038
"Q-25",2012,0,60.3121520683931,-173.392695441567,-1.4,-6.49007147502806
"Q-25",2013,0,60.3121520683931,-173.392695441567,-0.8,-6.49007147502806
"Q-25",2014,80.9085014781041,60.3121520683931,-173.392695441567,0.6,4.39333767200162
"Q-25",2015,0,60.3121520683931,-173.392695441567,0.2,-6.49007147502806
"Q-25",2016,0,60.3121520683931,-173.392695441567,1.2,-6.49007147502806
"Q-25",2017,677.638983059118,60.3121520683931,-173.392695441567,0.1,6.51861691354034
"Q-25",2018,1603.51188084726,60.3121520683931,-173.392695441567,3.9,7.37995237537378
"Q-25",2019,43.0957709667731,60.3121520683931,-173.392695441567,2.8,3.76346010434885
"Q-25",2021,0,60.3121520683931,-173.392695441567,2.9,-6.49007147502806
"Q-25",2022,0,60.3121520683931,-173.392695441567,2.4,-6.49007147502806
"Q-25",2023,0,60.3121520683931,-173.392695441567,-0.9,-6.49007147502806
"Q-26",1988,2199.94190162928,60.3368765086983,-174.076047487702,-1.3,7.69618692086558
"Q-26",1989,8080.77354585813,60.3368765086983,-174.076047487702,1.7,8.99724307071408
"Q-26",1990,12441.5988377933,60.3368765086983,-174.076047487702,-0.7,9.42880100401848
"Q-26",1991,11375.738716684,60.3368765086983,-174.076047487702,NA,9.33923831731717
"Q-26",1992,3523.05007101116,60.3368765086983,-174.076047487702,-1.3,8.16708282184788
"Q-26",1993,114670.373286275,60.3368765086983,-174.076047487702,1.3,11.6498169855778
"Q-26",1994,2636.72782555925,60.3368765086983,-174.076047487702,-1.2,7.87729454323952
"Q-26",1995,16147.580313066,60.3368765086983,-174.076047487702,NA,9.68952558564462
"Q-26",1996,17345.3911662906,60.3368765086983,-174.076047487702,1.9,9.76108219879768
"Q-26",1997,1038.43422639905,60.3368765086983,-174.076047487702,1.2,6.94547076835383
"Q-26",1998,269.940725861842,60.3368765086983,-174.076047487702,1.6,5.59820802612494
"Q-26",1999,480.045798637515,60.3368765086983,-174.076047487702,-0.3,6.17388467628933
"Q-26",2000,527.619901396586,60.3368765086983,-174.076047487702,1.1,6.26837901864881
"Q-26",2001,192307.024640046,60.3368765086983,-174.076047487702,1.5,12.166848468395
"Q-26",2002,2513.53222895489,60.3368765086983,-174.076047487702,1.7,7.82944490949778
"Q-26",2003,2942.94566397591,60.3368765086983,-174.076047487702,1.4,7.98716680122104
"Q-26",2004,59.5153979151041,60.3368765086983,-174.076047487702,1.6,4.08626058064069
"Q-26",2005,3474.2930776621,60.3368765086983,-174.076047487702,1.2,8.15314674346552
"Q-26",2006,14820.0581459989,60.3368765086983,-174.076047487702,-0.9,9.60373692478255
"Q-26",2007,22603.1509776994,60.3368765086983,-174.076047487702,-0.2,10.0258446665121
"Q-26",2008,9645.85689940058,60.3368765086983,-174.076047487702,-0.4,9.17428392271082
"Q-26",2009,3183.23912822144,60.3368765086983,-174.076047487702,0.5,8.06565502815092
"Q-26",2010,13781.1487044923,60.3368765086983,-174.076047487702,-0.2,9.53105701154375
"Q-26",2011,2769.16335368742,60.3368765086983,-174.076047487702,0.6,7.92630106351754
"Q-26",2012,5467.25619904636,60.3368765086983,-174.076047487702,-0.9,8.60653243835221
"Q-26",2013,7158.41661177525,60.3368765086983,-174.076047487702,-1.1,8.87604430401161
"Q-26",2014,2707.21882937322,60.3368765086983,-174.076047487702,0.8,7.9036776855678
"Q-26",2015,949.751413149017,60.3368765086983,-174.076047487702,-0.8,6.85620187875893
"Q-26",2016,883.851520323962,60.3368765086983,-174.076047487702,1.1,6.7842908030757
"Q-26",2017,44457.4493233785,60.3368765086983,-174.076047487702,0.4,10.7022878498829
"Q-26",2018,194418.116091753,60.3368765086983,-174.076047487702,3.3,12.1777663642491
"Q-26",2019,50717.7551036483,60.3368765086983,-174.076047487702,2.5,10.8340313574959
"Q-26",2021,339.446575378768,60.3368765086983,-174.076047487702,2.1,5.827321045234
"Q-26",2022,142.144105564019,60.3368765086983,-174.076047487702,0,4.95685205327207
"Q-26",2023,212.443101926631,60.3368765086983,-174.076047487702,-0.1,5.35868134436262
"Q-27",1988,553.776207733436,60.3309184979269,-174.7093356879,0.6,6.31676338994591
"Q-27",1989,9089.9740628326,60.3309184979269,-174.7093356879,2.4,9.11492750083932
"Q-27",1990,269.112383578447,60.3309184979269,-174.7093356879,-0.1,5.59513471756131
"Q-27",1991,596.927163574225,60.3309184979269,-174.7093356879,-0.3,6.39179764564472
"Q-27",1992,1883.43988439244,60.3309184979269,-174.7093356879,-0.2,7.54085591586127
"Q-27",1993,17638.0436772276,60.3309184979269,-174.7093356879,1.7,9.77781350684807
"Q-27",1994,5080.60399675675,60.3309184979269,-174.7093356879,NA,8.53318572937423
"Q-27",1995,62911.406678945,60.3309184979269,-174.7093356879,-0.3,11.0494827966306
"Q-27",1996,39286.5242148683,60.3309184979269,-174.7093356879,3.2,10.5786368824098
"Q-27",1997,5232.95172362929,60.3309184979269,-174.7093356879,1.6,8.56273107112682
"Q-27",1998,4098.04888133827,60.3309184979269,-174.7093356879,1.6,8.31826662735151
"Q-27",1999,817.921157692658,60.3309184979269,-174.7093356879,0.5,6.70676780418009
"Q-27",2000,912.409821930983,60.3309184979269,-174.7093356879,1.4,6.81609091949943
"Q-27",2001,2171.65188760489,60.3309184979269,-174.7093356879,1.7,7.68324409467666
"Q-27",2002,3583.58573636011,60.3309184979269,-174.7093356879,1.7,8.18411960418193
"Q-27",2003,0,60.3309184979269,-174.7093356879,1,-6.49007147502806
"Q-27",2004,0,60.3309184979269,-174.7093356879,2.2,-6.49007147502806
"Q-27",2005,0,60.3309184979269,-174.7093356879,2,-6.49007147502806
"Q-27",2006,147.674449815312,60.3309184979269,-174.7093356879,0.8,4.99502046983871
"Q-27",2007,1336.75581006954,60.3309184979269,-174.7093356879,0.5,7.19800205614785
"Q-27",2008,1181.02922220273,60.3309184979269,-174.7093356879,-0.6,7.07414284519239
"Q-27",2009,313.388642226635,60.3309184979269,-174.7093356879,0.8,5.7474489339827
"Q-27",2010,22508.4104787933,60.3309184979269,-174.7093356879,1,10.0216443848656
"Q-27",2011,31215.2849676602,60.3309184979269,-174.7093356879,1.1,10.3486632052881
"Q-27",2012,5149.28793086585,60.3309184979269,-174.7093356879,0,8.54661401313043
"Q-27",2013,59300.9452820298,60.3309184979269,-174.7093356879,0.2,10.9903805511395
"Q-27",2014,40.7523811929429,60.3309184979269,-174.7093356879,1.5,3.70755153163381
"Q-27",2015,0,60.3309184979269,-174.7093356879,0.7,-6.49007147502806
"Q-27",2016,21.5921265187529,60.3309184979269,-174.7093356879,1.3,3.07239905654982
"Q-27",2017,579.934007938025,60.3309184979269,-174.7093356879,1.7,6.3629169359452
"Q-27",2018,120.926923723782,60.3309184979269,-174.7093356879,3.2,4.79519898358616
"Q-27",2019,917.860034618296,60.3309184979269,-174.7093356879,2.4,6.8220465655855
"Q-27",2021,131559.683138016,60.3309184979269,-174.7093356879,1.9,11.787215903344
"Q-27",2022,119.303863345262,60.3309184979269,-174.7093356879,1,4.78168643945047
"Q-27",2023,6809.33408068084,60.3309184979269,-174.7093356879,0.8,8.82604983184677
"Q-28",1988,18125.315806997,60.3340979880909,-175.385493231685,0.8,9.80506498717996
"Q-28",1989,82422.9032727232,60.3340979880909,-175.385493231685,2.6,11.3196186480374
"Q-28",1990,29289.5514212266,60.3340979880909,-175.385493231685,1.3,10.2849861764642
"Q-28",1991,785.239241797933,60.3340979880909,-175.385493231685,0.5,6.66599037169993
"Q-28",1992,8634.20046617464,60.3340979880909,-175.385493231685,0.8,9.06348656993666
"Q-28",1993,1628.87157639304,60.3340979880909,-175.385493231685,1.8,7.39564370184334
"Q-28",1994,5130.96500318737,60.3340979880909,-175.385493231685,0.3,8.54304932619408
"Q-28",1995,105749.713068467,60.3340979880909,-175.385493231685,0.5,11.5688303979631
"Q-28",1996,4223.40042645931,60.3340979880909,-175.385493231685,3.7,8.34839623034774
"Q-28",1997,50403.9146610138,60.3340979880909,-175.385493231685,2.2,10.8278241530141
"Q-28",1998,22430.1852438377,60.3340979880909,-175.385493231685,1.5,10.0181629539298
"Q-28",1999,82.5453135447153,60.3340979880909,-175.385493231685,0.7,4.41336579270894
"Q-28",2000,2457.82800829636,60.3340979880909,-175.385493231685,1.4,7.80703393326065
"Q-28",2001,913.243072909915,60.3340979880909,-175.385493231685,2.2,6.81700374323835
"Q-28",2002,57.6609962238063,60.3340979880909,-175.385493231685,1.7,4.05460730319615
"Q-28",2003,0,60.3340979880909,-175.385493231685,3.3,-6.49007147502806
"Q-28",2004,53.8984292203071,60.3340979880909,-175.385493231685,2.6,3.98712950687145
"Q-28",2005,37.7404759882297,60.3340979880909,-175.385493231685,2.5,3.63077338509159
"Q-28",2006,18.702511500046,60.3340979880909,-175.385493231685,1.3,2.92873900548333
"Q-28",2007,158.372534819366,60.3340979880909,-175.385493231685,1,5.06495966078501
"Q-28",2008,232.170936930844,60.3340979880909,-175.385493231685,0.4,5.44748043764214
"Q-28",2009,725.00592689588,60.3340979880909,-175.385493231685,1.1,6.5861819242314
"Q-28",2010,3717.94270597014,60.3340979880909,-175.385493231685,1.5,8.22092616666553
"Q-28",2011,108496.663512574,60.3340979880909,-175.385493231685,1.6,11.5944747144489
"Q-28",2012,10467.3617371952,60.3340979880909,-175.385493231685,0.8,9.25601743409989
"Q-28",2013,7465.65642360669,60.3340979880909,-175.385493231685,0.6,8.91806884300134
"Q-28",2014,797.069365177966,60.3340979880909,-175.385493231685,1.7,6.68094361287617
"Q-28",2015,105.428166462203,60.3340979880909,-175.385493231685,1.2,4.65804423689689
"Q-28",2016,41.0749889112593,60.3340979880909,-175.385493231685,1.4,3.71543636079675
"Q-28",2017,184.765777285875,60.3340979880909,-175.385493231685,1.9,5.21909717236857
"Q-28",2018,68.8295524044445,60.3340979880909,-175.385493231685,2.9,4.23165525411169
"Q-28",2019,20.5904028581002,60.3340979880909,-175.385493231685,2.6,3.02489882890464
"Q-28",2021,488.664830905827,60.3340979880909,-175.385493231685,2,6.19167994441873
"Q-28",2022,77.2849343309794,60.3340979880909,-175.385493231685,1.1,4.34751868501386
"Q-28",2023,290.766760213565,60.3340979880909,-175.385493231685,1.3,5.6725266566765
"Q-29",1988,12504.2124031898,60.3348352880534,-176.034308985244,1.3,9.43382098021075
"Q-29",1989,90035.4993983385,60.3348352880534,-176.034308985244,2.5,11.4079593261665
"Q-29",1990,23427.2037709826,60.3348352880534,-176.034308985244,1.4,10.0616532452336
"Q-29",1991,7612.21970130667,60.3348352880534,-176.034308985244,0.9,8.93751028996789
"Q-29",1992,991.463164770764,60.3348352880534,-176.034308985244,1.6,6.89918332777048
"Q-29",1993,103.935639472253,60.3348352880534,-176.034308985244,2,4.64378646566909
"Q-29",1994,2068.31724424913,60.3348352880534,-176.034308985244,1.7,7.63449136431546
"Q-29",1995,20110.1056578087,60.3348352880534,-176.034308985244,1.1,9.9089778122527
"Q-29",1996,7160.78544725464,60.3348352880534,-176.034308985244,2.8,8.87637516532481
"Q-29",1997,8066.27393204337,60.3348352880534,-176.034308985244,2,8.99544712442671
"Q-29",1998,2261.08864685156,60.3348352880534,-176.034308985244,1.9,7.72360234998441
"Q-29",1999,1937.65776970258,60.3348352880534,-176.034308985244,1,7.56923597108331
"Q-29",2000,1143.76817699125,60.3348352880534,-176.034308985244,1.3,7.04208483649106
"Q-29",2001,378.769532561678,60.3348352880534,-176.034308985244,2.2,5.93693193548276
"Q-29",2002,396.803184594355,60.3348352880534,-176.034308985244,1.9,5.9834442277468
"Q-29",2003,231.417593448751,60.3348352880534,-176.034308985244,3.5,5.44423040378299
"Q-29",2004,75.2121480140524,60.3348352880534,-176.034308985244,2.6,4.32033294921166
"Q-29",2005,2631.66353268897,60.3348352880534,-176.034308985244,3,7.87537202413776
"Q-29",2006,527.574621739825,60.3348352880534,-176.034308985244,1.6,6.268293196508
"Q-29",2007,798.20748735819,60.3348352880534,-176.034308985244,1.2,6.68237047518524
"Q-29",2008,80.7237069539402,60.3348352880534,-176.034308985244,0.7,4.39105110876697
"Q-29",2009,727.55489565276,60.3348352880534,-176.034308985244,1.4,6.58969154118452
"Q-29",2010,4806.80769599549,60.3348352880534,-176.034308985244,1.8,8.47778877799377
"Q-29",2011,100085.706527059,60.3348352880534,-176.034308985244,1.6,11.5137821783415
"Q-29",2012,27203.8486434284,60.3348352880534,-176.034308985244,1.3,10.2111137923355
"Q-29",2013,796.577829824096,60.3348352880534,-176.034308985244,1,6.68032674556159
"Q-29",2014,19.8448445502818,60.3348352880534,-176.034308985244,1.9,2.98802076569843
"Q-29",2015,1799.33592050161,60.3348352880534,-176.034308985244,2.1,7.49517378664607
"Q-29",2016,495.747820071772,60.3348352880534,-176.034308985244,1.7,6.20607043308181
"Q-29",2017,92.5145325207591,60.3348352880534,-176.034308985244,2.7,4.52738215337007
"Q-29",2018,0,60.3348352880534,-176.034308985244,2.6,-6.49007147502806
"Q-29",2019,85410.8540122255,60.3348352880534,-176.034308985244,3.1,11.3552284856406
"Q-29",2021,6888.17778572037,60.3348352880534,-176.034308985244,2.3,8.83756207715099
"Q-29",2022,3142.04383435843,60.3348352880534,-176.034308985244,1.3,8.05262925308405
"Q-29",2023,1839.77054142062,60.3348352880534,-176.034308985244,1.6,7.51739696241893
"Q-30",1988,43968.654208614,60.33489745468,-176.719647550869,1.4,10.6912322892048
"Q-30",1989,1179934.64472083,60.33489745468,-176.719647550869,2.1,13.9809696103651
"Q-30",1990,49023.783741035,60.33489745468,-176.719647550869,1.7,10.8000608727764
"Q-30",1991,366422.181879622,60.33489745468,-176.719647550869,1,12.8115414541581
"Q-30",1992,118024.947485701,60.33489745468,-176.719647550869,1.8,11.6786513133376
"Q-30",1993,91047.7570644503,60.33489745468,-176.719647550869,1.5,11.4191394674216
"Q-30",1994,27399.7112736225,60.33489745468,-176.719647550869,1.6,10.2182878102797
"Q-30",1995,7054.6050409741,60.33489745468,-176.719647550869,1.5,8.86143609510811
"Q-30",1996,90989.7157706936,60.33489745468,-176.719647550869,3.2,11.4185017822917
"Q-30",1997,132146.71349232,60.33489745468,-176.719647550869,2,11.7916680616891
"Q-30",1998,31442.0046589816,60.33489745468,-176.719647550869,2.4,10.3559000542218
"Q-30",1999,27223.420810895,60.33489745468,-176.719647550869,0.2,10.2118329967863
"Q-30",2000,46643.7323602777,60.33489745468,-176.719647550869,0.8,10.7502938752539
"Q-30",2001,28164.5297281706,60.33489745468,-176.719647550869,1.4,10.2458187080734
"Q-30",2002,36083.9728683444,60.33489745468,-176.719647550869,1.5,10.4936041229543
"Q-30",2003,9415.00270602163,60.33489745468,-176.719647550869,2.3,9.15005988978601
"Q-30",2004,5820.7621391931,60.33489745468,-176.719647550869,2,8.66918674476967
"Q-30",2005,5744.69775226599,60.33489745468,-176.719647550869,2.5,8.65603284264755
"Q-30",2006,48005.1643234498,60.33489745468,-176.719647550869,1.9,10.7790639058053
"Q-30",2007,10357.9775530077,60.33489745468,-176.719647550869,1.5,9.24551242646124
"Q-30",2008,4616.43366661795,60.33489745468,-176.719647550869,0.9,8.43737808126974
"Q-30",2009,3569.07847080587,60.33489745468,-176.719647550869,1.2,8.1800631354683
"Q-30",2010,5993.50460483713,60.33489745468,-176.719647550869,2.1,8.69843184929969
"Q-30",2011,22309.7468333771,60.33489745468,-176.719647550869,1.6,10.0127790077492
"Q-30",2012,5893.17328654337,60.33489745468,-176.719647550869,1.1,8.68155014755491
"Q-30",2013,57.5620908505081,60.33489745468,-176.719647550869,1.2,4.0528905849001
"Q-30",2014,59.5531922639435,60.33489745468,-176.719647550869,1.8,4.08689539770067
"Q-30",2015,21.1153468999636,60.33489745468,-176.719647550869,2.3,3.0500720264417
"Q-30",2016,0,60.33489745468,-176.719647550869,1.5,-6.49007147502806
"Q-30",2017,0,60.33489745468,-176.719647550869,2.6,-6.49007147502806
"Q-30",2018,65.0000815643705,60.33489745468,-176.719647550869,2.2,4.17441188505182
"Q-30",2019,10972.8827222767,60.33489745468,-176.719647550869,1.9,9.30318243946985
"Q-30",2021,0,60.33489745468,-176.719647550869,1.7,-6.49007147502806
"Q-30",2022,0,60.33489745468,-176.719647550869,1.9,-6.49007147502806
"Q-30",2023,0,60.33489745468,-176.719647550869,1.7,-6.49007147502806
"Q-31",1988,7659.97569378157,60.3318262831461,-177.380876746067,1.8,8.94376428782447
"Q-31",1989,2040.26270336876,60.3318262831461,-177.380876746067,1.7,7.62083459894593
"Q-31",1990,0,60.3318262831461,-177.380876746067,0.8,-6.49007147502806
"Q-31",1991,16515.8992349452,60.3318262831461,-177.380876746067,0.8,9.71207887786863
"Q-31",1992,63.4061466377254,60.3318262831461,-177.380876746067,1.6,4.14958475442238
"Q-31",1993,0,60.3318262831461,-177.380876746067,1.7,-6.49007147502806
"Q-31",1994,0,60.3318262831461,-177.380876746067,1.4,-6.49007147502806
"Q-31",1995,0,60.3318262831461,-177.380876746067,1.3,-6.49007147502806
"Q-31",1996,0,60.3318262831461,-177.380876746067,3.1,-6.49007147502806
"Q-31",1997,0,60.3318262831461,-177.380876746067,2.5,-6.49007147502806
"Q-31",1998,0,60.3318262831461,-177.380876746067,2.5,-6.49007147502806
"Q-31",1999,140.722013532145,60.3318262831461,-177.380876746067,0.5,4.94679719940808
"Q-31",2000,61.9281508471611,60.3318262831461,-177.380876746067,0.8,4.12599937483616
"Q-31",2001,0,60.3318262831461,-177.380876746067,0.8,-6.49007147502806
"Q-31",2002,582.015623833134,60.3318262831461,-177.380876746067,NA,6.36649990137604
"Q-31",2003,0,60.3318262831461,-177.380876746067,2.7,-6.49007147502806
"Q-31",2004,87.8390464517245,60.3318262831461,-177.380876746067,1.9,4.47552340866265
"Q-31",2005,0,60.3318262831461,-177.380876746067,1.9,-6.49007147502806
"Q-31",2006,183.755618842698,60.3318262831461,-177.380876746067,1.7,5.213614979696
"Q-31",2007,38.9162757905441,60.3318262831461,-177.380876746067,1.6,3.66145158127746
"Q-31",2008,0,60.3318262831461,-177.380876746067,0.7,-6.49007147502806
"Q-31",2009,60.0820301908459,60.3318262831461,-177.380876746067,1,4.09573607081346
"Q-31",2010,62.447356825219,60.3318262831461,-177.380876746067,2,4.13434822625236
"Q-31",2011,11081.8000872779,60.3318262831461,-177.380876746067,2,9.31305954687744
"Q-31",2012,0,60.3318262831461,-177.380876746067,0.7,-6.49007147502806
"Q-31",2013,0,60.3318262831461,-177.380876746067,1.5,-6.49007147502806
"Q-31",2014,0,60.3318262831461,-177.380876746067,1.7,-6.49007147502806
"Q-31",2015,0,60.3318262831461,-177.380876746067,2.1,-6.49007147502806
"Q-31",2016,0,60.3318262831461,-177.380876746067,1.5,-6.49007147502806
"Q-31",2017,0,60.3318262831461,-177.380876746067,2.4,-6.49007147502806
"Q-31",2018,0,60.3318262831461,-177.380876746067,2.6,-6.49007147502806
"Q-31",2019,0,60.3318262831461,-177.380876746067,2.3,-6.49007147502806
"Q-31",2021,0,60.3318262831461,-177.380876746067,1.5,-6.49007147502806
"Q-31",2022,17.3359328332608,60.3318262831461,-177.380876746067,1.6,2.85286897518189
"Q-31",2023,0,60.3318262831461,-177.380876746067,1.8,-6.49007147502806
"R-22",1988,15539.0549483008,60.6635760917942,-171.433897470097,0.2,9.65111190565241
"R-22",1989,1661.69329240678,60.6635760917942,-171.433897470097,0.3,7.41559333090471
"R-22",1990,5511.37050679459,60.6635760917942,-171.433897470097,-1,8.61456887754476
"R-22",1991,20748.7855933615,60.6635760917942,-171.433897470097,NA,9.94024307150715
"R-22",1992,31150.3470929789,60.6635760917942,-171.433897470097,-1.6,10.3465807155308
"R-22",1993,16482.7730215802,60.6635760917942,-171.433897470097,0.4,9.71007114730381
"R-22",1994,3797.96477504114,60.6635760917942,-171.433897470097,-1.4,8.24222101652548
"R-22",1995,7599.57411429331,60.6635760917942,-171.433897470097,-1.5,8.93584768691725
"R-22",1996,10102.4972170333,60.6635760917942,-171.433897470097,-0.7,9.22053807178299
"R-22",1997,4114.85484026051,60.6635760917942,-171.433897470097,-1.2,8.32235920574638
"R-22",1998,2022.71669974729,60.6635760917942,-171.433897470097,1.4,7.61219753838444
"R-22",1999,2539.1219496058,60.6635760917942,-171.433897470097,NA,7.8395742091345
"R-22",2000,4795.90374418379,60.6635760917942,-171.433897470097,-1,8.47551776253785
"R-22",2001,14261.771956324,60.6635760917942,-171.433897470097,-0.6,9.56533805332963
"R-22",2002,187.026697978651,60.6635760917942,-171.433897470097,0.8,5.23125949541369
"R-22",2003,727.929732879801,60.6635760917942,-171.433897470097,1,6.5902066087378
"R-22",2004,21618.0143809041,60.6635760917942,-171.433897470097,0,9.98128231544376
"R-22",2005,3812.17912255337,60.6635760917942,-171.433897470097,-1.1,8.24595665111038
"R-22",2006,1628.86085362374,60.6635760917942,-171.433897470097,-1.6,7.39563711888446
"R-22",2007,2207.68484574346,60.6635760917942,-171.433897470097,-1.6,7.69970035210106
"R-22",2008,1066.21450736294,60.6635760917942,-171.433897470097,-1.6,6.97187123504236
"R-22",2009,3376.66937416798,60.6635760917942,-171.433897470097,-1.5,8.12464556008671
"R-22",2010,36530.241266427,60.6635760917942,-171.433897470097,-1.6,10.5058957659448
"R-22",2011,8417.49696983706,60.6635760917942,-171.433897470097,-0.9,9.03806797144241
"R-22",2012,6294.84818249184,60.6635760917942,-171.433897470097,-1.5,8.74748707024938
"R-22",2013,5921.14977562631,60.6635760917942,-171.433897470097,-1.5,8.68628618431929
"R-22",2014,925.211773894873,60.6635760917942,-171.433897470097,-1.1,6.83002429723997
"R-22",2015,212.329303859305,60.6635760917942,-171.433897470097,-1.3,5.35814554093042
"R-22",2016,964.728572062372,60.6635760917942,-171.433897470097,-0.4,6.87184836325515
"R-22",2017,4669.02610694951,60.6635760917942,-171.433897470097,-1.2,8.44870611172147
"R-22",2018,14553.0820344805,60.6635760917942,-171.433897470097,2.7,9.58555817818187
"R-22",2019,83381.6999577568,60.6635760917942,-171.433897470097,2.2,11.3311841575134
"R-22",2021,773.907618221258,60.6635760917942,-171.433897470097,2,6.65145447220457
"R-22",2022,85.9335652536934,60.6635760917942,-171.433897470097,0.2,4.45359217045227
"R-22",2023,4394.15648662025,60.6635760917942,-171.433897470097,-1.1,8.38803121157449
"R-23",1988,7826.87912428491,60.6627053309301,-172.108725887527,-0.8,8.96531932426035
"R-23",1989,17020.7680634215,60.6627053309301,-172.108725887527,0.9,9.74218961743076
"R-23",1990,15423.6068767717,60.6627053309301,-172.108725887527,-1.2,9.64365462721345
"R-23",1991,6706.90262705289,60.6627053309301,-172.108725887527,-1,8.81089274428647
"R-23",1992,18291.9945790688,60.6627053309301,-172.108725887527,-1.5,9.8142188714338
"R-23",1993,41211.4219287446,60.6627053309301,-172.108725887527,-0.8,10.6264707650415
"R-23",1994,14677.6451250018,60.6627053309301,-172.108725887527,-1.4,9.5940809789252
"R-23",1995,4021.50844685544,60.6627053309301,-172.108725887527,-1.3,8.29941272434576
"R-23",1996,13339.4764708849,60.6627053309301,-172.108725887527,-0.8,9.49848318746898
"R-23",1997,1925.49984971752,60.6627053309301,-172.108725887527,-0.9,7.56294166380158
"R-23",1998,9022.3433370423,60.6627053309301,-172.108725887527,0.5,9.10745954107764
"R-23",1999,8179.81334005924,60.6627053309301,-172.108725887527,-1.7,9.00942479590541
"R-23",2000,3413.52150482737,60.6627053309301,-172.108725887527,-1.2,8.13550018160425
"R-23",2001,2815.29850913003,60.6627053309301,-172.108725887527,-1.2,7.94282411662456
"R-23",2002,125.456253013828,60.6627053309301,-172.108725887527,0.5,4.83196921951307
"R-23",2003,696.86478166035,60.6627053309301,-172.108725887527,0.7,6.5465935704103
"R-23",2004,11304.4719167984,60.6627053309301,-172.108725887527,-0.2,9.33295380558561
"R-23",2005,4056.89454045211,60.6627053309301,-172.108725887527,-1.4,8.30817344268909
"R-23",2006,277.646681913993,60.6627053309301,-172.108725887527,-1.6,5.62635484596111
"R-23",2007,693.91492464174,60.6627053309301,-172.108725887527,-1.5,6.54235155424128
"R-23",2008,629.249340916423,60.6627053309301,-172.108725887527,-1.6,6.44452999969887
"R-23",2009,1874.88739433234,60.6627053309301,-172.108725887527,-1.5,7.5363046901282
"R-23",2010,17889.248919066,60.6627053309301,-172.108725887527,-0.7,9.79195527721843
"R-23",2011,6181.38633341326,60.6627053309301,-172.108725887527,-1.1,8.7292980967367
"R-23",2012,11478.8178356643,60.6627053309301,-172.108725887527,-1.3,9.34825882086568
"R-23",2013,2778.09713807092,60.6627053309301,-172.108725887527,-1.6,7.92952203618672
"R-23",2014,1427.16170947193,60.6627053309301,-172.108725887527,0.2,7.26344399629791
"R-23",2015,1022.81923924467,60.6627053309301,-172.108725887527,-1.2,6.93031953817114
"R-23",2016,787.125625910023,60.6627053309301,-172.108725887527,-0.7,6.66838979108723
"R-23",2017,6998.82440566634,60.6627053309301,-172.108725887527,-1.3,8.85349768884242
"R-23",2018,70609.5602943601,60.6627053309301,-172.108725887527,2.6,11.1649208507526
"R-23",2019,43934.1333745965,60.6627053309301,-172.108725887527,2,10.6904468571258
"R-23",2021,83.4965583248336,60.6627053309301,-172.108725887527,1.9,4.42482359884074
"R-23",2022,6072.66923465353,60.6627053309301,-172.108725887527,-0.2,8.71155377955782
"R-23",2023,935.585475393729,60.6627053309301,-172.108725887527,-1.2,6.84117413319634
"R-24",1988,0,60.6692986541298,-172.766007345133,2.9,-6.49007147502806
"R-24",1989,0,60.6692986541298,-172.766007345133,3.5,-6.49007147502806
"R-24",1990,338.366929691277,60.6692986541298,-172.766007345133,2.5,5.82413538500375
"R-24",1991,159441.266528718,60.6692986541298,-172.766007345133,2.1,11.9794309079857
"R-24",1992,24667.2800547912,60.6692986541298,-172.766007345133,1.6,10.113233011852
"R-24",1993,229.659537367406,60.6692986541298,-172.766007345133,2.7,5.43660455160247
"R-24",1994,0,60.6692986541298,-172.766007345133,NA,-6.49007147502806
"R-24",1995,0,60.6692986541298,-172.766007345133,NA,-6.49007147502806
"R-24",1996,0,60.6692986541298,-172.766007345133,3.2,-6.49007147502806
"R-24",1997,317.276968776289,60.6692986541298,-172.766007345133,3.1,5.75977989678471
"R-24",1998,19.9627042189521,60.6692986541298,-172.766007345133,3.2,2.99394180459194
"R-24",1999,1088.84713929063,60.6692986541298,-172.766007345133,-0.1,6.99287613965825
"R-24",2000,107.984589929792,60.6692986541298,-172.766007345133,2,4.68200259264991
"R-24",2001,184.703939293862,60.6692986541298,-172.766007345133,2.9,5.2187624359529
"R-24",2002,0,60.6692986541298,-172.766007345133,NA,-6.49007147502806
"R-24",2003,0,60.6692986541298,-172.766007345133,4.4,-6.49007147502806
"R-24",2004,0,60.6692986541298,-172.766007345133,3.6,-6.49007147502806
"R-24",2005,336.165433552679,60.6692986541298,-172.766007345133,2.8,5.81760791749075
"R-24",2006,21.211096742795,60.6692986541298,-172.766007345133,0.4,3.05459606051702
"R-24",2007,0,60.6692986541298,-172.766007345133,2.3,-6.49007147502806
"R-24",2008,271.613848271764,60.6692986541298,-172.766007345133,-0.3,5.60438697255325
"R-24",2009,101.683796790899,60.6692986541298,-172.766007345133,0.5,4.62188289962366
"R-24",2010,22.0297084555729,60.6692986541298,-172.766007345133,2.5,3.0924608513219
"R-24",2011,2593.85843732235,60.6692986541298,-172.766007345133,1.6,7.86090237566373
"R-24",2012,2022.28543103233,60.6692986541298,-172.766007345133,0,7.61198430319748
"R-24",2013,1219.15250920988,60.6692986541298,-172.766007345133,0.8,7.10591247724176
"R-24",2014,0,60.6692986541298,-172.766007345133,4.5,-6.49007147502806
"R-24",2015,0,60.6692986541298,-172.766007345133,3.1,-6.49007147502806
"R-24",2016,0,60.6692986541298,-172.766007345133,3.9,-6.49007147502806
"R-24",2017,132.960030511148,60.6692986541298,-172.766007345133,4,4.89005998079576
"R-24",2018,68876.6869711629,60.6692986541298,-172.766007345133,6,11.1400730614303
"R-24",2019,1113.44957886475,60.6692986541298,-172.766007345133,4.6,7.0152195677314
"R-24",2021,0,60.6692986541298,-172.766007345133,3.1,-6.49007147502806
"R-24",2022,0,60.6692986541298,-172.766007345133,3.7,-6.49007147502806
"R-24",2023,0,60.6692986541298,-172.766007345133,1.1,-6.49007147502806
"R-25",1988,101.034824221975,60.6716839577434,-173.468253493792,-0.8,4.61548028045965
"R-25",1989,895.076630317847,60.6716839577434,-173.468253493792,2.3,6.79691103151135
"R-25",1990,6520.68357226337,60.6716839577434,-173.468253493792,-1,8.78273472466201
"R-25",1991,249.95155586302,60.6716839577434,-173.468253493792,0.4,5.52127319745785
"R-25",1992,20.7867882661119,60.6716839577434,-173.468253493792,NA,3.03439065105821
"R-25",1993,155.015593528649,60.6716839577434,-173.468253493792,0.5,5.04353551062643
"R-25",1994,65.5426013196566,60.6716839577434,-173.468253493792,NA,4.18272350000937
"R-25",1995,839.206571566667,60.6716839577434,-173.468253493792,-1,6.73245869717759
"R-25",1996,44.6470718859817,60.6716839577434,-173.468253493792,1.7,3.79882273518817
"R-25",1997,148.367993268308,60.6716839577434,-173.468253493792,1,4.99970586291989
"R-25",1998,11197.0059871631,60.6716839577434,-173.468253493792,1.4,9.3234018345827
"R-25",1999,718.187485793502,60.6716839577434,-173.468253493792,-1.1,6.57673277150209
"R-25",2000,12339.7853026458,60.6716839577434,-173.468253493792,0.8,9.42058402187144
"R-25",2001,21.2552070379385,60.6716839577434,-173.468253493792,2.7,3.0566733383988
"R-25",2002,0,60.6716839577434,-173.468253493792,1.9,-6.49007147502806
"R-25",2003,0,60.6716839577434,-173.468253493792,2.4,-6.49007147502806
"R-25",2004,0,60.6716839577434,-173.468253493792,1.9,-6.49007147502806
"R-25",2005,22.4064389944261,60.6716839577434,-173.468253493792,1.8,3.10941613840672
"R-25",2006,63.2808103467268,60.6716839577434,-173.468253493792,-0.9,4.14760612409704
"R-25",2007,5357.77472569069,60.6716839577434,-173.468253493792,-0.4,8.58630428815213
"R-25",2008,3098.09226065168,60.6716839577434,-173.468253493792,-1.4,8.03854229136829
"R-25",2009,6987.09611075674,60.6716839577434,-173.468253493792,-0.6,8.85182053143282
"R-25",2010,64.3669724718457,60.6716839577434,-173.468253493792,-0.4,4.16462424183009
"R-25",2011,114.185541610208,60.6716839577434,-173.468253493792,-0.4,4.73783798126321
"R-25",2012,5274.88384713093,60.6716839577434,-173.468253493792,-1.4,8.5707122264629
"R-25",2013,3798.24372973346,60.6716839577434,-173.468253493792,-1,8.2422944622664
"R-25",2014,1506.81980551051,60.6716839577434,-173.468253493792,0.6,7.31775762753019
"R-25",2015,5137.06380610113,60.6716839577434,-173.468253493792,0,8.54423724686327
"R-25",2016,2500.95616910345,60.6716839577434,-173.468253493792,1.4,7.82442901251936
"R-25",2017,6138.75855565023,60.6716839577434,-173.468253493792,-0.2,8.72237805841759
"R-25",2018,15714.3454358622,60.6716839577434,-173.468253493792,4.7,9.66232939280363
"R-25",2019,20.6952924066817,60.6716839577434,-173.468253493792,2.9,3.02997962304722
"R-25",2021,1221.35565643547,60.6716839577434,-173.468253493792,2.6,7.10771795784909
"R-25",2022,40.0810166600703,60.6716839577434,-173.468253493792,3.2,3.69094070578792
"R-25",2023,578.190592137342,60.6716839577434,-173.468253493792,-1.2,6.35990618469119
"R-26",1988,42325.2740214043,60.6704204342681,-174.134119924269,-1.2,10.6531397170769
"R-26",1989,15429.9695076745,60.6704204342681,-174.134119924269,2.1,9.64406706759232
"R-26",1990,16334.8466949693,60.6704204342681,-174.134119924269,-0.9,9.70105603188363
"R-26",1991,11780.097067003,60.6704204342681,-174.134119924269,-1.4,9.37416682605371
"R-26",1992,13165.0250880963,60.6704204342681,-174.134119924269,-1.2,9.48531909293382
"R-26",1993,46741.4022748458,60.6704204342681,-174.134119924269,0.5,10.7523856417301
"R-26",1994,34196.8149610806,60.6704204342681,-174.134119924269,-2,10.4398878333239
"R-26",1995,17376.6729137034,60.6704204342681,-174.134119924269,-1.5,9.76288403598502
"R-26",1996,14957.7534323202,60.6704204342681,-174.134119924269,1.8,9.6129851701305
"R-26",1997,88256.0870246946,60.6704204342681,-174.134119924269,1.2,11.3879979644059
"R-26",1998,353.924915920406,60.6704204342681,-174.134119924269,1.4,5.86908907899787
"R-26",1999,655.756464422553,60.6704204342681,-174.134119924269,-0.1,6.48579179231074
"R-26",2000,28574.377144678,60.6704204342681,-174.134119924269,0.4,10.2602657443538
"R-26",2001,90275.0684918234,60.6704204342681,-174.134119924269,1,11.4106166216675
"R-26",2002,1869.72855570173,60.6704204342681,-174.134119924269,1.8,7.53354935405133
"R-26",2003,21218.8236966033,60.6704204342681,-174.134119924269,1.2,9.96264404847916
"R-26",2004,49178.9795178118,60.6704204342681,-174.134119924269,NA,10.8032215964879
"R-26",2005,8343.04712383198,60.6704204342681,-174.134119924269,0.8,9.02918397319461
"R-26",2006,1166.73660602461,60.6704204342681,-174.134119924269,-1.2,7.06196720647522
"R-26",2007,11324.7459016659,60.6704204342681,-174.134119924269,-1.1,9.33474564724216
"R-26",2008,4544.53589763055,60.6704204342681,-174.134119924269,-1.2,8.42168122278954
"R-26",2009,6877.54356017229,60.6704204342681,-174.134119924269,-1.3,8.83601704728292
"R-26",2010,29715.8578315525,60.6704204342681,-174.134119924269,-0.8,10.2994361671199
"R-26",2011,14166.1042516976,60.6704204342681,-174.134119924269,0.6,9.55860747276445
"R-26",2012,8583.25566537196,60.6704204342681,-174.134119924269,-0.9,9.05756874559557
"R-26",2013,14108.6630953961,60.6704204342681,-174.134119924269,-1.2,9.55454439925093
"R-26",2014,3931.0192929241,60.6704204342681,-174.134119924269,0.5,8.27665441957334
"R-26",2015,25257.3241489388,60.6704204342681,-174.134119924269,-0.8,10.136871518066
"R-26",2016,29731.1854705981,60.6704204342681,-174.134119924269,0.9,10.2999518408271
"R-26",2017,68575.4159774428,60.6704204342681,-174.134119924269,0.2,11.1356894039518
"R-26",2018,116556.441123992,60.6704204342681,-174.134119924269,3.4,11.6661309208635
"R-26",2019,4105.95319713431,60.6704204342681,-174.134119924269,2.4,8.32019356867607
"R-26",2021,335.501396132531,60.6704204342681,-174.134119924269,2.3,5.81563064362588
"R-26",2022,5759.26159078604,60.6704204342681,-174.134119924269,-0.5,8.65856481307993
"R-26",2023,48742.4553066932,60.6704204342681,-174.134119924269,-0.5,10.7943057326617
"R-27",1988,23528.4366316594,60.6649640388534,-174.812322862383,-0.4,10.065965102557
"R-27",1989,34888.3205763758,60.6649640388534,-174.812322862383,2.1,10.4599074417322
"R-27",1990,4369.54042057294,60.6649640388534,-174.812322862383,-0.4,8.38241346314796
"R-27",1991,996.005561131816,60.6649640388534,-174.812322862383,-1.2,6.90375436556364
"R-27",1992,3152.12065860746,60.6649640388534,-174.812322862383,-0.2,8.05583121198034
"R-27",1993,72089.6645398684,60.6649640388534,-174.812322862383,0.9,11.1856659850992
"R-27",1994,24009.1165474764,60.6649640388534,-174.812322862383,NA,10.0861889565922
"R-27",1995,58244.4978895365,60.6649640388534,-174.812322862383,-1.3,10.9724049362047
"R-27",1996,42900.1879562866,60.6649640388534,-174.812322862383,3,10.6666315215667
"R-27",1997,86977.9710225413,60.6649640388534,-174.812322862383,NA,11.3734101763948
"R-27",1998,1233.15376475371,60.6649640388534,-174.812322862383,1.6,7.11733143456489
"R-27",1999,1216.11401429151,60.6649640388534,-174.812322862383,0.1,7.10341706848328
"R-27",2000,5392.18095479115,60.6649640388534,-174.812322862383,1.2,8.59270549349424
"R-27",2001,26389.4617615635,60.6649640388534,-174.812322862383,1.4,10.1807200912839
"R-27",2002,838.482411352164,60.6649640388534,-174.812322862383,1.6,6.73159541565639
"R-27",2003,442.758314230455,60.6649640388534,-174.812322862383,1.2,6.09302748459461
"R-27",2004,228.145424899346,60.6649640388534,-174.812322862383,1.3,5.42998990969357
"R-27",2005,0,60.6649640388534,-174.812322862383,1.3,-6.49007147502806
"R-27",2006,115.880294038529,60.6649640388534,-174.812322862383,-0.1,4.75257081377816
"R-27",2007,5434.12909682294,60.6649640388534,-174.812322862383,-0.4,8.60045482636717
"R-27",2008,315.65943679915,60.6649640388534,-174.812322862383,-1.6,5.75466871113239
"R-27",2009,1145.40536042091,60.6649640388534,-174.812322862383,0.1,7.04351520558288
"R-27",2010,23197.8682940859,60.6649640388534,-174.812322862383,1,10.0518157350132
"R-27",2011,16836.1586015374,60.6649640388534,-174.812322862383,0.9,9.7312842404165
"R-27",2012,52040.8993263303,60.6649640388534,-174.812322862383,-0.5,10.8597852430987
"R-27",2013,10361.2647339964,60.6649640388534,-174.812322862383,-0.7,9.24582973348328
"R-27",2014,758.159132451916,60.6649640388534,-174.812322862383,0.7,6.63089530367744
"R-27",2015,9379.68826075811,60.6649640388534,-174.812322862383,-0.2,9.14630196887325
"R-27",2016,407.035015641921,60.6649640388534,-174.812322862383,1,6.00890294574423
"R-27",2017,226326.696666991,60.6649640388534,-174.812322862383,0.7,12.3297348016202
"R-27",2018,151666.687717302,60.6649640388534,-174.812322862383,3,11.9294405580721
"R-27",2019,85699.5737836461,60.6649640388534,-174.812322862383,2.4,11.3586031489387
"R-27",2021,1277.42020797628,60.6649640388534,-174.812322862383,1.8,7.15259904929407
"R-27",2022,178.457763528812,60.6649640388534,-174.812322862383,0.7,5.18436046298126
"R-27",2023,1825.86415860048,60.6649640388534,-174.812322862383,0,7.50980949713532
"R-28",1988,17510.3380145741,60.666386672437,-175.451940825159,0.7,9.77054681589798
"R-28",1989,10790.0106041109,60.666386672437,-175.451940825159,2.5,9.28637618175028
"R-28",1990,124.773525688513,60.666386672437,-175.451940825159,0.4,4.82651246902411
"R-28",1991,452.842472968215,60.666386672437,-175.451940825159,-0.3,6.11554767634094
"R-28",1992,102.90783922566,60.666386672437,-175.451940825159,0.2,4.63384857812348
"R-28",1993,536.935256046732,60.666386672437,-175.451940825159,1.6,6.28588034919207
"R-28",1994,481.250848826703,60.666386672437,-175.451940825159,-0.2,6.17639180458663
"R-28",1995,63725.3461537381,60.666386672437,-175.451940825159,-0.9,11.0623376850502
"R-28",1996,2429.90720548193,60.666386672437,-175.451940825159,3.2,7.79560897345727
"R-28",1997,1674.63358404471,60.666386672437,-175.451940825159,1.9,7.42335057126399
"R-28",1998,817.39159530885,60.666386672437,-175.451940825159,1.6,6.70612014651593
"R-28",1999,20.7529524482625,60.666386672437,-175.451940825159,0.6,3.03276168798497
"R-28",2000,688.52608070849,60.666386672437,-175.451940825159,0.6,6.53455540327519
"R-28",2001,109.685632003637,60.666386672437,-175.451940825159,1.9,4.69763222682079
"R-28",2002,75.5432499398285,60.666386672437,-175.451940825159,1.7,4.32472543920394
"R-28",2003,0,60.666386672437,-175.451940825159,2.7,-6.49007147502806
"R-28",2004,457.15464497343,60.666386672437,-175.451940825159,1.9,6.12502504677681
"R-28",2005,331.974935904096,60.666386672437,-175.451940825159,1.9,5.80506404575261
"R-28",2006,39.1721632918069,60.666386672437,-175.451940825159,0.6,3.6680051369364
"R-28",2007,196.774702051247,60.666386672437,-175.451940825159,0.8,5.28206714648277
"R-28",2008,185.864581052217,60.666386672437,-175.451940825159,-1.2,5.22502651926363
"R-28",2009,55.4639588868535,60.666386672437,-175.451940825159,1,4.01576079707313
"R-28",2010,0,60.666386672437,-175.451940825159,1.4,-6.49007147502806
"R-28",2011,1927.4966983342,60.666386672437,-175.451940825159,1.3,7.56397818028773
"R-28",2012,1309.61006640491,60.666386672437,-175.451940825159,0.3,7.17748587211232
"R-28",2013,556.948895009962,60.666386672437,-175.451940825159,0.1,6.32247621163841
"R-28",2014,1666.55702536321,60.666386672437,-175.451940825159,0.9,7.41851602692595
"R-28",2015,18.8759816199563,60.666386672437,-175.451940825159,0.8,2.93797073989661
"R-28",2016,0,60.666386672437,-175.451940825159,1.4,-6.49007147502806
"R-28",2017,221.362708315648,60.666386672437,-175.451940825159,1.5,5.39980942978554
"R-28",2018,217.454572126305,60.666386672437,-175.451940825159,2.9,5.38199694769614
"R-28",2019,1961.05563817876,60.666386672437,-175.451940825159,2.3,7.58123897244127
"R-28",2021,77.1163622925069,60.666386672437,-175.451940825159,1.7,4.34533516980256
"R-28",2022,38.3281643968316,60.666386672437,-175.451940825159,1.1,3.64622460482928
"R-28",2023,2562.66835553576,60.666386672437,-175.451940825159,0.4,7.84880491353284
"R-29",1988,3102.73860222542,60.6711893734283,-176.199898285834,0.8,8.04004090994716
"R-29",1989,420.580831897973,60.6711893734283,-176.199898285834,NA,6.04164029933165
"R-29",1990,14583.7629516964,60.6711893734283,-176.199898285834,0.9,9.58766416634718
"R-29",1991,10947.6849796099,60.6711893734283,-176.199898285834,0.2,9.30088343420529
"R-29",1992,357.448456039317,60.6711893734283,-176.199898285834,0.8,5.87899542081767
"R-29",1993,3727.06275843355,60.6711893734283,-176.199898285834,2,8.22337614560745
"R-29",1994,43.3077917918126,60.6711893734283,-176.199898285834,1.2,3.76836762880754
"R-29",1995,6027.48172431286,60.6711893734283,-176.199898285834,0.7,8.70408482991929
"R-29",1996,26181.9403552549,60.6711893734283,-176.199898285834,2.6,10.1728252106511
"R-29",1997,1428.53352451225,60.6711893734283,-176.199898285834,2.1,7.26440475266341
"R-29",1998,183.881506967001,60.6711893734283,-176.199898285834,1.4,5.21429982396493
"R-29",1999,41.4102683115727,60.6711893734283,-176.199898285834,0.5,3.72356554446644
"R-29",2000,59.1753571398096,60.6711893734283,-176.199898285834,1.2,4.08053085038205
"R-29",2001,112.007298928803,60.6711893734283,-176.199898285834,1.9,4.71857759470773
"R-29",2002,171.826288779234,60.6711893734283,-176.199898285834,1.6,5.14649285454165
"R-29",2003,112.170193636528,60.6711893734283,-176.199898285834,NA,4.72003084077504
"R-29",2004,147.033721091356,60.6711893734283,-176.199898285834,2.4,4.99067228275568
"R-29",2005,114.590058915611,60.6711893734283,-176.199898285834,2.8,4.74137430555947
"R-29",2006,96.662514517374,60.6711893734283,-176.199898285834,1.7,4.57124138867761
"R-29",2007,0,60.6711893734283,-176.199898285834,1,-6.49007147502806
"R-29",2008,59.2684553360369,60.6711893734283,-176.199898285834,0.1,4.08210283335846
"R-29",2009,1024.12909773849,60.6711893734283,-176.199898285834,1.2,6.93159935232729
"R-29",2010,8981.38877512336,60.6711893734283,-176.199898285834,1.7,9.10290997042225
"R-29",2011,163841.05823729,60.6711893734283,-176.199898285834,1.3,12.006652089048
"R-29",2012,21508.9045407876,60.6711893734283,-176.199898285834,0.9,9.97622236365693
"R-29",2013,16286.7065470437,60.6711893734283,-176.199898285834,0.8,9.6981045980244
"R-29",2014,1735.85475836476,60.6711893734283,-176.199898285834,1.4,7.45925610193429
"R-29",2015,126.624901370252,60.6711893734283,-176.199898285834,2,4.84124117522642
"R-29",2016,0,60.6711893734283,-176.199898285834,1.8,-6.49007147502806
"R-29",2017,37.5664901151262,60.6711893734283,-176.199898285834,2.3,3.62615285194197
"R-29",2018,50.8080381492908,60.6711893734283,-176.199898285834,2.6,3.9280844587375
"R-29",2019,6640.61156584756,60.6711893734283,-176.199898285834,2.5,8.80095957017923
"R-29",2021,5225.09621282101,60.6711893734283,-176.199898285834,1.9,8.56122878120573
"R-29",2022,3672.71865549974,60.6711893734283,-176.199898285834,1.5,8.20868785831094
"R-29",2023,279.817661184958,60.6711893734283,-176.199898285834,1.1,5.63414360750695
"R-30",1988,3275.02301533261,60.668686932398,-176.810021158588,1.5,8.09408063926971
"R-30",1989,10340.7779693107,60.668686932398,-176.810021158588,NA,9.24385053088366
"R-30",1990,5998.15758448511,60.668686932398,-176.810021158588,1.4,8.69920788495341
"R-30",1991,645.580566688749,60.668686932398,-176.810021158588,0.9,6.47015236739046
"R-30",1992,57.6865019647629,60.668686932398,-176.810021158588,1.9,4.05504953333157
"R-30",1993,8958.04170545833,60.668686932398,-176.810021158588,2.2,9.1003070919285
"R-30",1994,208.021374927815,60.668686932398,-176.810021158588,1.5,5.33764813791531
"R-30",1995,13301.1517998559,60.668686932398,-176.810021158588,0.9,9.49560602611164
"R-30",1996,24449.4778304813,60.668686932398,-176.810021158588,2.3,10.1043642001537
"R-30",1997,24294.449747162,60.668686932398,-176.810021158588,2.1,10.0980032602751
"R-30",1998,4848.98073208301,60.668686932398,-176.810021158588,2.2,8.48652411665804
"R-30",1999,873.435258085333,60.668686932398,-176.810021158588,0.4,6.77243574747641
"R-30",2000,1010.83748710346,60.668686932398,-176.810021158588,1.3,6.91853596355457
"R-30",2001,1519.44409225577,60.668686932398,-176.810021158588,1.1,7.32610081750513
"R-30",2002,134.595591506403,60.668686932398,-176.810021158588,1.8,4.90228594556018
"R-30",2003,0,60.668686932398,-176.810021158588,2.9,-6.49007147502806
"R-30",2004,0,60.668686932398,-176.810021158588,2.3,-6.49007147502806
"R-30",2005,0,60.668686932398,-176.810021158588,2.6,-6.49007147502806
"R-30",2006,111.063464736959,60.668686932398,-176.810021158588,1.9,4.71011546404361
"R-30",2007,19.6237985777268,60.668686932398,-176.810021158588,1.2,2.97682041733165
"R-30",2008,261.889905871434,60.668686932398,-176.810021158588,0.7,5.56793000684586
"R-30",2009,1504.6079831578,60.668686932398,-176.810021158588,1.2,7.31628867613893
"R-30",2010,2047.93960860156,60.668686932398,-176.810021158588,2,7.6245902391847
"R-30",2011,1091.27434733811,60.668686932398,-176.810021158588,1.5,6.99510280976279
"R-30",2012,38.5497101243027,60.668686932398,-176.810021158588,0.7,3.65198796888612
"R-30",2013,949.108090791913,60.668686932398,-176.810021158588,1.2,6.85552429165835
"R-30",2014,78.2748773188598,60.668686932398,-176.810021158588,1.6,4.36024609853651
"R-30",2015,0,60.668686932398,-176.810021158588,2.2,-6.49007147502806
"R-30",2016,0,60.668686932398,-176.810021158588,1.4,-6.49007147502806
"R-30",2017,41.7893530228526,60.668686932398,-176.810021158588,2.5,3.73267792963618
"R-30",2018,66.1028167855716,60.668686932398,-176.810021158588,2.3,4.19123433057756
"R-30",2019,966.175218866929,60.668686932398,-176.810021158588,2.5,6.87334677535292
"R-30",2021,36.8440989762642,60.668686932398,-176.810021158588,1.9,3.60673668121624
"R-30",2022,0,60.668686932398,-176.810021158588,1.6,-6.49007147502806
"R-30",2023,40.5141459872621,60.668686932398,-176.810021158588,1.6,3.70168867532741
"R-31",1988,38951.2047632768,60.6662124176752,-177.50959280045,1.7,10.5700650208249
"R-31",1989,220.695269807677,60.6662124176752,-177.50959280045,1.8,5.39678976058838
"R-31",1990,4284.30973816977,60.6662124176752,-177.50959280045,0.7,8.36271508453298
"R-31",1991,81.7218750274877,60.6662124176752,-177.50959280045,NA,4.40334029463745
"R-31",1992,0,60.6662124176752,-177.50959280045,1.5,-6.49007147502806
"R-31",1993,0,60.6662124176752,-177.50959280045,1.6,-6.49007147502806
"R-31",1994,58.4432765902197,60.6662124176752,-177.50959280045,1.3,4.06808263400753
"R-31",1995,213.98946342788,60.6662124176752,-177.50959280045,1.4,5.36593387333182
"R-31",1996,104.494142027223,60.6662124176752,-177.50959280045,1.8,4.6491455439177
"R-31",1997,5541.70865917967,60.6662124176752,-177.50959280045,2.3,8.62005842842575
"R-31",1998,0,60.6662124176752,-177.50959280045,2.3,-6.49007147502806
"R-31",1999,19.5284472285017,60.6662124176752,-177.50959280045,0.7,2.97194998702608
"R-31",2000,122.154269241299,60.6662124176752,-177.50959280045,0.2,4.80529717833953
"R-31",2001,145.800479396719,60.6662124176752,-177.50959280045,0.8,4.98224952206773
"R-31",2002,0,60.6662124176752,-177.50959280045,1.4,-6.49007147502806
"R-31",2003,0,60.6662124176752,-177.50959280045,2.2,-6.49007147502806
"R-31",2004,0,60.6662124176752,-177.50959280045,1.6,-6.49007147502806
"R-31",2005,87.85394604534,60.6662124176752,-177.50959280045,2,4.47569301515523
"R-31",2006,42484.7854231163,60.6662124176752,-177.50959280045,1.7,10.6569013365153
"R-31",2007,0,60.6662124176752,-177.50959280045,1.4,-6.49007147502806
"R-31",2008,0,60.6662124176752,-177.50959280045,0.7,-6.49007147502806
"R-31",2009,682.301786633967,60.6662124176752,-177.50959280045,1.1,6.52547428782905
"R-31",2010,276.455492192866,60.6662124176752,-177.50959280045,2,5.62205533196082
"R-31",2011,14150.8393126653,60.6662124176752,-177.50959280045,1.9,9.55752932399891
"R-31",2012,100.749340972766,60.6662124176752,-177.50959280045,0.6,4.61265073094664
"R-31",2013,415.642002765758,60.6662124176752,-177.50959280045,1.2,6.02982797271796
"R-31",2014,73.1932792425644,60.6662124176752,-177.50959280045,1.6,4.29312434853783
"R-31",2015,20.9100189577613,60.6662124176752,-177.50959280045,2.2,3.0403010352827
"R-31",2016,0,60.6662124176752,-177.50959280045,1.5,-6.49007147502806
"R-31",2017,0,60.6662124176752,-177.50959280045,2.4,-6.49007147502806
"R-31",2018,0,60.6662124176752,-177.50959280045,2.4,-6.49007147502806
"R-31",2019,0,60.6662124176752,-177.50959280045,1.7,-6.49007147502806
"R-31",2021,20.6216760956357,60.6662124176752,-177.50959280045,1.8,3.02641639074592
"R-31",2022,19.8064587367843,60.6662124176752,-177.50959280045,1.5,2.98608474430331
"R-31",2023,0,60.6662124176752,-177.50959280045,1.5,-6.49007147502806
"R-32",1988,178.537753371353,60.6672382251407,-178.175957373358,2.3,5.1848085871713
"R-32",1989,9292.85299744659,60.6672382251407,-178.175957373358,2.4,9.13700105219828
"R-32",1990,186120.4423694,60.6672382251407,-178.175957373358,1.6,12.1341492909108
"R-32",1991,504769.688388797,60.6672382251407,-178.175957373358,1.4,13.1318575446411
"R-32",1992,20.2675796694596,60.6672382251407,-178.175957373358,2,3.00909746563748
"R-32",1993,0,60.6672382251407,-178.175957373358,2,-6.49007147502806
"R-32",1994,19.423932759791,60.6672382251407,-178.175957373358,1.3,2.9665841237968
"R-32",1995,0,60.6672382251407,-178.175957373358,2,-6.49007147502806
"R-32",1996,922.084577916584,60.6672382251407,-178.175957373358,2.2,6.82663859919376
"R-32",1997,19.4552396223462,60.6672382251407,-178.175957373358,3.2,2.96819446795748
"R-32",1998,0,60.6672382251407,-178.175957373358,2.5,-6.49007147502806
"R-32",1999,0,60.6672382251407,-178.175957373358,0.2,-6.49007147502806
"R-32",2000,58.7410724836396,60.6672382251407,-178.175957373358,1.3,4.0731650331415
"R-32",2001,445.20506372282,60.6672382251407,-178.175957373358,0.5,6.09853840402546
"R-32",2002,78.0560144790895,60.6672382251407,-178.175957373358,2.1,4.35744615632813
"R-32",2003,37.9252904822179,60.6672382251407,-178.175957373358,2.8,3.63565822146538
"R-32",2004,17.9318723208488,60.6672382251407,-178.175957373358,2.6,2.88666438079873
"R-32",2005,0,60.6672382251407,-178.175957373358,2.5,-6.49007147502806
"R-32",2006,18.2964710765762,60.6672382251407,-178.175957373358,2.1,2.90679119135576
"R-32",2007,1895.92597234853,60.6672382251407,-178.175957373358,2.4,7.54746343882893
"R-32",2008,0,60.6672382251407,-178.175957373358,1.6,-6.49007147502806
"R-32",2009,37.754150349928,60.6672382251407,-178.175957373358,1.2,3.63113563105431
"R-32",2010,298.236228476945,60.6672382251407,-178.175957373358,2.5,5.69789097687312
"R-32",2011,83976.0174189942,60.6672382251407,-178.175957373358,2.3,11.3382865482257
"R-32",2012,135935.327675843,60.6672382251407,-178.175957373358,1.3,11.8199345309921
"R-32",2013,147042.684361576,60.6672382251407,-178.175957373358,1.4,11.8984782037449
"R-32",2014,22454.7672692791,60.6672382251407,-178.175957373358,2.1,10.0192582887741
"R-32",2015,3671.40503297033,60.6672382251407,-178.175957373358,2.3,8.2083301241398
"R-32",2016,0,60.6672382251407,-178.175957373358,2.4,-6.49007147502806
"R-32",2017,0,60.6672382251407,-178.175957373358,2.8,-6.49007147502806
"R-32",2018,0,60.6672382251407,-178.175957373358,3.1,-6.49007147502806
"R-32",2019,0,60.6672382251407,-178.175957373358,3,-6.49007147502806
"R-32",2021,0,60.6672382251407,-178.175957373358,2.1,-6.49007147502806
"R-32",2022,0,60.6672382251407,-178.175957373358,2,-6.49007147502806
"R-32",2023,0,60.6672382251407,-178.175957373358,2.7,-6.49007147502806
"S-22",1988,29085.6549783239,60.988918760846,-171.488161716377,-0.5,10.2780004277513
"S-22",1989,10102.8042244803,60.988918760846,-171.488161716377,0.3,9.22056846057989
"S-22",1990,5420.45318611364,60.988918760846,-171.488161716377,0.6,8.59793498474397
"S-22",1991,5755.91649801199,60.988918760846,-171.488161716377,NA,8.65798382475997
"S-22",1992,3598.62232243907,60.988918760846,-171.488161716377,-1.5,8.18830678493942
"S-22",1993,9376.38296453107,60.988918760846,-171.488161716377,0.6,9.14594951811889
"S-22",1994,16760.0691361915,60.988918760846,-171.488161716377,-1.4,9.72675458969736
"S-22",1995,3744.51660279641,60.988918760846,-171.488161716377,-1.3,8.22804821510537
"S-22",1996,3082.81720347386,60.988918760846,-171.488161716377,-0.6,8.03359962690808
"S-22",1997,2890.49619741025,60.988918760846,-171.488161716377,-1.3,7.96918398629587
"S-22",1998,2793.88670339859,60.988918760846,-171.488161716377,2,7.93518953251665
"S-22",1999,14025.8095158537,60.988918760846,-171.488161716377,-1.6,9.5486545564761
"S-22",2000,15055.2972941853,60.988918760846,-171.488161716377,-1.3,9.61948528878434
"S-22",2001,9111.16139181935,60.988918760846,-171.488161716377,-1.2,9.11725563416643
"S-22",2002,700.943420732871,60.988918760846,-171.488161716377,0.4,6.55242933783462
"S-22",2003,484.538539667071,60.988918760846,-171.488161716377,0.2,6.18320010718562
"S-22",2004,7994.87991975007,60.988918760846,-171.488161716377,0.1,8.98655679566348
"S-22",2005,13980.1655976017,60.988918760846,-171.488161716377,-0.9,9.54539496965356
"S-22",2006,624.372571375158,60.988918760846,-171.488161716377,-1.6,6.43674969164901
"S-22",2007,23004.7540741667,60.988918760846,-171.488161716377,-1.3,10.0434562384343
"S-22",2008,2542.48081730479,60.988918760846,-171.488161716377,-1.6,7.84089618030576
"S-22",2009,8175.0038371506,60.988918760846,-171.488161716377,-1.6,9.00883665088341
"S-22",2010,42944.2862355544,60.988918760846,-171.488161716377,-1.4,10.6676589209887
"S-22",2011,5250.86731603865,60.988918760846,-171.488161716377,-1.1,8.56614883417507
"S-22",2012,11181.661714094,60.988918760846,-171.488161716377,-1.5,9.32203050420715
"S-22",2013,4567.36123289091,60.988918760846,-171.488161716377,-1.6,8.42669123883109
"S-22",2014,2019.94592914649,60.988918760846,-171.488161716377,-1.1,7.61082677401077
"S-22",2015,119.344565759299,60.988918760846,-171.488161716377,-1,4.78202754286053
"S-22",2016,2414.62050062573,60.988918760846,-171.488161716377,-0.5,7.78929803999288
"S-22",2017,2522.32893867054,60.988918760846,-171.488161716377,-1.3,7.83293853772353
"S-22",2018,7539.90564317817,60.988918760846,-171.488161716377,2.7,8.92796514814353
"S-22",2019,39636.8640714293,60.988918760846,-171.488161716377,2.1,10.5875149134172
"S-22",2021,329.383572967058,60.988918760846,-171.488161716377,1.7,5.79722755687572
"S-22",2022,96.5076363736585,60.988918760846,-171.488161716377,0.1,4.56963787238543
"S-22",2023,3651.22412189597,60.988918760846,-171.488161716377,-0.2,8.20281818208406
"S-23",1988,5745.68663267171,60.9961327581846,-172.16176447239,-0.9,8.65620496572258
"S-23",1989,3010.86959290475,60.9961327581846,-172.16176447239,0.8,8.00998472163569
"S-23",1990,13064.1741352945,60.9961327581846,-172.16176447239,-0.5,9.4776290801918
"S-23",1991,2025.62837784592,60.9961327581846,-172.16176447239,-0.2,7.61363599106605
"S-23",1992,3482.69248326605,60.9961327581846,-172.16176447239,-1.4,8.15556141169934
"S-23",1993,40328.7023250403,60.9961327581846,-172.16176447239,-0.7,10.6048187485828
"S-23",1994,9511.3629449656,60.9961327581846,-172.16176447239,-1.2,9.16024262194649
"S-23",1995,6892.91176160048,60.9961327581846,-172.16176447239,-1.3,8.8382491019333
"S-23",1996,6111.16811889351,60.9961327581846,-172.16176447239,0.3,8.71787346385082
"S-23",1997,5398.77969082503,60.9961327581846,-172.16176447239,-1.4,8.59392850508997
"S-23",1998,7308.51433976191,60.9961327581846,-172.16176447239,0.5,8.89679550315697
"S-23",1999,6967.37544685443,60.9961327581846,-172.16176447239,-1.6,8.84899410082845
"S-23",2000,8803.96771867979,60.9961327581846,-172.16176447239,-1.1,9.08295794844673
"S-23",2001,3969.8922911518,60.9961327581846,-172.16176447239,-1.2,8.28649462510996
"S-23",2002,1173.74529182768,60.9961327581846,-172.16176447239,0.4,7.06795631296236
"S-23",2003,259.288995356491,60.9961327581846,-172.16176447239,0.3,5.55794910798403
"S-23",2004,14473.5989305056,60.9961327581846,-172.16176447239,-0.4,9.5800816103018
"S-23",2005,15156.5638815118,60.9961327581846,-172.16176447239,-1.5,9.62618907679713
"S-23",2006,1923.34673817918,60.9961327581846,-172.16176447239,-1.7,7.56182282987828
"S-23",2007,1009.54339044247,60.9961327581846,-172.16176447239,-1.6,6.91725492302684
"S-23",2008,3699.89615297937,60.9961327581846,-172.16176447239,-1.6,8.21606044187686
"S-23",2009,419.860998790315,60.9961327581846,-172.16176447239,-1.5,6.03992731776331
"S-23",2010,7202.88402075887,60.9961327581846,-172.16176447239,-1.4,8.88223699405081
"S-23",2011,3464.69614727167,60.9961327581846,-172.16176447239,-1.2,8.15038065405444
"S-23",2012,11484.5109155032,60.9961327581846,-172.16176447239,-1.3,9.34875466180097
"S-23",2013,3035.3951518665,60.9961327581846,-172.16176447239,-1.5,8.01809739357172
"S-23",2014,124.745664449068,60.9961327581846,-172.16176447239,-1.1,4.82628915232889
"S-23",2015,168.535530096415,60.9961327581846,-172.16176447239,-1,5.12715559824646
"S-23",2016,1814.29359359756,60.9961327581846,-172.16176447239,-0.8,7.50345230324144
"S-23",2017,2510.55539611008,60.9961327581846,-172.16176447239,-1.4,7.82825988582147
"S-23",2018,16666.5819845323,60.9961327581846,-172.16176447239,2.4,9.72116100590809
"S-23",2019,19945.4585721835,60.9961327581846,-172.16176447239,1.9,9.90075683204156
"S-23",2021,20.5657170725846,60.9961327581846,-172.16176447239,1.7,3.02369930051835
"S-23",2022,3582.63952724784,60.9961327581846,-172.16176447239,-0.4,8.18385552967074
"S-23",2023,5854.12497315974,60.9961327581846,-172.16176447239,-1.2,8.67490207473964
"S-24",1988,10101.9433417136,60.9997018590969,-172.816727554052,-0.5,9.22048324470327
"S-24",1989,0,60.9997018590969,-172.816727554052,1.5,-6.49007147502806
"S-24",1990,29157.9655173763,60.9997018590969,-172.816727554052,-0.1,10.2804834661276
"S-24",1991,2568.99348650304,60.9997018590969,-172.816727554052,-1.1,7.85127005274969
"S-24",1992,6929.45908129356,60.9997018590969,-172.816727554052,-0.9,8.84353725361839
"S-24",1993,23659.7516690405,60.9997018590969,-172.816727554052,-0.9,10.0715307058415
"S-24",1994,2622.83953449541,60.9997018590969,-172.816727554052,-1.4,7.87201338059878
"S-24",1995,22006.4290700684,60.9997018590969,-172.816727554052,-1.2,9.99908998910696
"S-24",1996,628.802704978035,60.9997018590969,-172.816727554052,1.3,6.44381995772493
"S-24",1997,48916.6410684158,60.9997018590969,-172.816727554052,-1.2,10.7978729567602
"S-24",1998,3650.12688033053,60.9997018590969,-172.816727554052,1.3,8.2025176237033
"S-24",1999,2509.38951798163,60.9997018590969,-172.816727554052,-1.3,7.82779538771878
"S-24",2000,2520.85328775091,60.9997018590969,-172.816727554052,-0.6,7.83235333179327
"S-24",2001,4432.57990759942,60.9997018590969,-172.816727554052,2.3,8.3967374080086
"S-24",2002,1326.31809153184,60.9997018590969,-172.816727554052,1.8,7.19016317486361
"S-24",2003,4507.44121545319,60.9997018590969,-172.816727554052,2.5,8.41348525036974
"S-24",2004,12361.1569829208,60.9997018590969,-172.816727554052,0.2,9.42231445650291
"S-24",2005,5034.99822938786,60.9997018590969,-172.816727554052,-1.1,8.52416875506891
"S-24",2006,1430.74182844622,60.9997018590969,-172.816727554052,-1.3,7.26594941119047
"S-24",2007,1994.45752009247,60.9997018590969,-172.816727554052,-0.8,7.59812813392371
"S-24",2008,1195.59867894703,60.9997018590969,-172.816727554052,-1.5,7.08640359550471
"S-24",2009,2276.65052853613,60.9997018590969,-172.816727554052,-1,7.73046124234314
"S-24",2010,16879.2906005941,60.9997018590969,-172.816727554052,-1.3,9.73384283119445
"S-24",2011,5316.24653685944,60.9997018590969,-172.816727554052,-1.2,8.5785230807648
"S-24",2012,15731.614960855,60.9997018590969,-172.816727554052,-1.5,9.66342775487261
"S-24",2013,3668.09972438339,60.9997018590969,-172.816727554052,-1.6,8.20742943463771
"S-24",2014,2436.58351632791,60.9997018590969,-172.816727554052,0.5,7.79835276205148
"S-24",2015,375.438371595161,60.9997018590969,-172.816727554052,-0.2,5.92809837859147
"S-24",2016,2763.26260499083,60.9997018590969,-172.816727554052,-1.1,7.92416791334467
"S-24",2017,23214.5258963649,60.9997018590969,-172.816727554052,-0.4,10.0525335433571
"S-24",2018,25357.5665258661,60.9997018590969,-172.816727554052,3.8,10.1408325066462
"S-24",2019,66252.9480857133,60.9997018590969,-172.816727554052,2.3,11.1012352651842
"S-24",2021,61.44966754763,60.9997018590969,-172.816727554052,1.7,4.11824313587631
"S-24",2022,461.091559774936,60.9997018590969,-172.816727554052,0.4,6.13359992763915
"S-24",2023,7263.78236455199,60.9997018590969,-172.816727554052,-1.1,8.89065616804785
"S-25",1988,8185.5245529386,61.0037188769054,-173.499684905091,-1.1,9.01012276035793
"S-25",1989,252.966747939931,61.0037188769054,-173.499684905091,1,5.53326405153414
"S-25",1990,3700.44956365707,61.0037188769054,-173.499684905091,-0.2,8.21621000528182
"S-25",1991,2430.40330704238,61.0037188769054,-173.499684905091,-1.5,7.79581311730813
"S-25",1992,5337.47791214189,61.0037188769054,-173.499684905091,-1.2,8.58250880377439
"S-25",1993,14362.5469390039,61.0037188769054,-173.499684905091,-0.6,9.57237929603778
"S-25",1994,8024.59737996425,61.0037188769054,-173.499684905091,-1.4,8.9902669652419
"S-25",1995,6465.19397916459,61.0037188769054,-173.499684905091,-1.5,8.77418853013083
"S-25",1996,1180.26080503936,61.0037188769054,-173.499684905091,1.4,7.0734920007867
"S-25",1997,2302.46856777658,61.0037188769054,-173.499684905091,-0.8,7.74173777617408
"S-25",1998,7264.02515051514,61.0037188769054,-173.499684905091,0.6,8.89068959166145
"S-25",1999,3641.54507074903,61.0037188769054,-173.499684905091,-1.7,8.20016375753178
"S-25",2000,2669.9461551221,61.0037188769054,-173.499684905091,-1.2,7.88981415328561
"S-25",2001,10513.5539293297,61.0037188769054,-173.499684905091,0,9.26042069855379
"S-25",2002,4290.74744480372,61.0037188769054,-173.499684905091,1,8.36421658019094
"S-25",2003,1432.94644680085,61.0037188769054,-173.499684905091,1.2,7.26748911540428
"S-25",2004,24593.8736954103,61.0037188769054,-173.499684905091,0.7,10.1102527158743
"S-25",2005,30097.3925550107,61.0037188769054,-173.499684905091,0.2,10.3121938713562
"S-25",2006,3921.00051949862,61.0037188769054,-173.499684905091,-1.5,8.27410252204203
"S-25",2007,4820.39363011647,61.0037188769054,-173.499684905091,-1.6,8.4806111847128
"S-25",2008,1264.21309738443,61.0037188769054,-173.499684905091,-1.6,7.14220635129465
"S-25",2009,1877.5333029455,61.0037188769054,-173.499684905091,-1.5,7.53771493014325
"S-25",2010,10850.5960388472,61.0037188769054,-173.499684905091,-1.4,9.29197543185646
"S-25",2011,6958.19580169058,61.0037188769054,-173.499684905091,-0.3,8.84767571405239
"S-25",2012,9664.40041653637,61.0037188769054,-173.499684905091,-1.6,9.17620451026345
"S-25",2013,3512.58790607593,61.0037188769054,-173.499684905091,-1.5,8.16410877225498
"S-25",2014,1435.67176124342,61.0037188769054,-173.499684905091,0.4,7.26938920260982
"S-25",2015,821.605781306323,61.0037188769054,-173.499684905091,-1,6.71126254336894
"S-25",2016,2819.62011183024,61.0037188769054,-173.499684905091,-0.9,7.9443579812672
"S-25",2017,21945.8741093271,61.0037188769054,-173.499684905091,-0.4,9.99633450234101
"S-25",2018,10800.1653864501,61.0037188769054,-173.499684905091,2.5,9.28731686714943
"S-25",2019,11375.4478976334,61.0037188769054,-173.499684905091,2.2,9.33921275214408
"S-25",2021,85.1337249057023,61.0037188769054,-173.499684905091,1.5,4.44424109022497
"S-25",2022,12342.2645919303,61.0037188769054,-173.499684905091,-0.8,9.42078492001389
"S-25",2023,12849.2257069051,61.0037188769054,-173.499684905091,-1.1,9.46103895040959
"S-26",1988,6116.43374599429,60.9986189779736,-174.177480232851,-1.5,8.71873473267142
"S-26",1989,6259.96077923485,60.9986189779736,-174.177480232851,1.6,8.74192944134044
"S-26",1990,5345.22071783409,60.9986189779736,-174.177480232851,-1.2,8.58395840094363
"S-26",1991,4882.338539325,60.9986189779736,-174.177480232851,-1.5,8.49337990394811
"S-26",1992,22000.4220675842,60.9986189779736,-174.177480232851,-1.3,9.99881698606531
"S-26",1993,28163.5856429229,60.9986189779736,-174.177480232851,0.4,10.2457851871508
"S-26",1994,16584.5522410339,60.9986189779736,-174.177480232851,-2.1,9.7162270447469
"S-26",1995,19079.1846485936,60.9986189779736,-174.177480232851,-1.6,9.85635329037319
"S-26",1996,9108.66593911896,60.9986189779736,-174.177480232851,1.5,9.11698170705892
"S-26",1997,19247.2500634688,60.9986189779736,-174.177480232851,1.1,9.86512355455686
"S-26",1998,3919.85260736872,60.9986189779736,-174.177480232851,1.4,8.27380971928832
"S-26",1999,2016.89647934269,60.9986189779736,-174.177480232851,-1.6,7.60931596542267
"S-26",2000,8748.50237807792,60.9986189779736,-174.177480232851,-0.4,9.07663798147732
"S-26",2001,41454.8648905722,60.9986189779736,-174.177480232851,0.8,10.6323605579909
"S-26",2002,628.501034137033,60.9986189779736,-174.177480232851,0.6,6.44334008940234
"S-26",2003,3601.54060554196,60.9986189779736,-174.177480232851,1.2,8.18911740049382
"S-26",2004,3244.02636676458,60.9986189779736,-174.177480232851,0.9,8.08457101113087
"S-26",2005,43026.2911874888,60.9986189779736,-174.177480232851,0.7,10.6695666660887
"S-26",2006,2007.09302614583,60.9986189779736,-174.177480232851,-1.6,7.60444345510401
"S-26",2007,1666.88047734232,60.9986189779736,-174.177480232851,-1.6,7.41871009187253
"S-26",2008,5175.70258389788,60.9986189779736,-174.177480232851,-1.7,8.55173066730133
"S-26",2009,6482.83546037794,60.9986189779736,-174.177480232851,-1.6,8.77691349891072
"S-26",2010,7516.94672360157,60.9986189779736,-174.177480232851,-1.2,8.92491551569973
"S-26",2011,13987.493582021,60.9986189779736,-174.177480232851,0.3,9.54591900234033
"S-26",2012,12468.0711872071,60.9986189779736,-174.177480232851,-1.5,9.43092647225036
"S-26",2013,2782.11179822257,60.9986189779736,-174.177480232851,-1.5,7.93096610373978
"S-26",2014,4928.61679721954,60.9986189779736,-174.177480232851,0.4,8.50281396724121
"S-26",2015,4564.06585180663,60.9986189779736,-174.177480232851,-0.9,8.42596947210157
"S-26",2016,5996.85878882291,60.9986189779736,-174.177480232851,0.4,8.69899132912755
"S-26",2017,56027.0466988216,60.9986189779736,-174.177480232851,-0.2,10.9335898569881
"S-26",2018,53518.0539023821,60.9986189779736,-174.177480232851,3,10.8877743604504
"S-26",2019,310.723028289545,60.9986189779736,-174.177480232851,2.2,5.73890681788087
"S-26",2021,61.9527358690532,60.9986189779736,-174.177480232851,1.8,4.12639627899452
"S-26",2022,10383.3806493005,60.9986189779736,-174.177480232851,-0.8,9.24796193868965
"S-26",2023,14145.7014061509,60.9986189779736,-174.177480232851,-0.8,9.55716617671031
"S-27",1988,7751.80597937637,61.0033032848116,-174.882614040849,-1.3,8.9556813206793
"S-27",1989,9111.44166286372,61.0033032848116,-174.882614040849,2,9.11728639497451
"S-27",1990,4495.20262927728,61.0033032848116,-174.882614040849,-0.9,8.41076636249683
"S-27",1991,1049.425517684,61.0033032848116,-174.882614040849,-1.5,6.95599961433267
"S-27",1992,16556.9199595774,61.0033032848116,-174.882614040849,-1,9.71455950957163
"S-27",1993,580.419595155007,61.0033032848116,-174.882614040849,0.8,6.36375389801117
"S-27",1994,21465.2657045797,61.0033032848116,-174.882614040849,-1.4,9.97419142982506
"S-27",1995,42019.5015741371,61.0033032848116,-174.882614040849,-1.5,10.6458891488312
"S-27",1996,6511.14643955043,61.0033032848116,-174.882614040849,2.3,8.78127105728997
"S-27",1997,11956.2751665251,61.0033032848116,-174.882614040849,NA,9.38901166507028
"S-27",1998,525.620903337377,61.0033032848116,-174.882614040849,1.5,6.26458312565521
"S-27",1999,3305.94805333241,61.0033032848116,-174.882614040849,-0.5,8.10347902471741
"S-27",2000,6015.00407792459,61.0033032848116,-174.882614040849,0.1,8.70201255880985
"S-27",2001,17566.3488512694,61.0033032848116,-174.882614040849,1,9.77374044017988
"S-27",2002,579.488296689061,61.0033032848116,-174.882614040849,0.7,6.36214808735277
"S-27",2003,16573.30017625,61.0033032848116,-174.882614040849,1.5,9.7155483479457
"S-27",2004,1396.49430662472,61.0033032848116,-174.882614040849,1,7.24172139581055
"S-27",2005,62101.3943959256,61.0033032848116,-174.882614040849,1,11.0365237461611
"S-27",2006,2265.02701260217,61.0033032848116,-174.882614040849,-1.5,7.72534263432462
"S-27",2007,4156.90666260945,61.0033032848116,-174.882614040849,-1.3,8.332526851217
"S-27",2008,4407.59201981383,61.0033032848116,-174.882614040849,-1.6,8.39108413656624
"S-27",2009,6315.88140661251,61.0033032848116,-174.882614040849,-1.2,8.750822838955
"S-27",2010,17804.4565709972,61.0033032848116,-174.882614040849,-0.5,9.78720415938449
"S-27",2011,9598.95875351304,61.0033032848116,-174.882614040849,0.7,9.16941006658567
"S-27",2012,20823.2397036749,61.0033032848116,-174.882614040849,-1.4,9.943825008348
"S-27",2013,6915.95270344613,61.0033032848116,-174.882614040849,-1.5,8.84158622762086
"S-27",2014,959.060686351323,61.0033032848116,-174.882614040849,0.6,6.86595593700487
"S-27",2015,2580.5930541495,61.0033032848116,-174.882614040849,-0.6,7.85577510585734
"S-27",2016,3570.77858475935,61.0033032848116,-174.882614040849,0.9,8.18053936720495
"S-27",2017,17244.8617597749,61.0033032848116,-174.882614040849,0.6,9.75526959714093
"S-27",2018,181280.874079622,61.0033032848116,-174.882614040849,2.6,12.1078029063366
"S-27",2019,186.339864541992,61.0033032848116,-174.882614040849,2.2,5.22758038381756
"S-27",2021,696.445129549613,61.0033032848116,-174.882614040849,1.7,6.54599119012811
"S-27",2022,76.8575036132674,61.0033032848116,-174.882614040849,0,4.34197286132092
"S-27",2023,659.600193594426,61.0033032848116,-174.882614040849,-0.2,6.49163618624742
"S-28",1988,35194.1124745609,60.9999894463957,-175.546734514133,-1,10.4686341314961
"S-28",1989,12502.2447976045,60.9999894463957,-175.546734514133,2.2,9.43366361242893
"S-28",1990,470.948058337169,60.9999894463957,-175.546734514133,-0.1,6.15475103261175
"S-28",1991,437.893461379934,60.9999894463957,-175.546734514133,-1.3,6.08197910952699
"S-28",1992,500.507137350105,60.9999894463957,-175.546734514133,0.1,6.2156248928926
"S-28",1993,9908.92043148155,60.9999894463957,-175.546734514133,1.2,9.20119083734224
"S-28",1994,45890.3051198598,60.9999894463957,-175.546734514133,-1.1,10.7340091893953
"S-28",1995,11033.0801846604,60.9999894463957,-175.546734514133,-1.2,9.30865346607149
"S-28",1996,4702.3390941089,60.9999894463957,-175.546734514133,2.6,8.45581566640606
"S-28",1997,574.243943872646,60.9999894463957,-175.546734514133,1.8,6.35305693960176
"S-28",1998,125.412256999559,60.9999894463957,-175.546734514133,1.6,4.83161847415941
"S-28",1999,103.399905372276,60.9999894463957,-175.546734514133,-0.1,4.63861873192875
"S-28",2000,190.664243867741,60.9999894463957,-175.546734514133,0.4,5.25052195956171
"S-28",2001,500.63346655882,60.9999894463957,-175.546734514133,NA,6.21587726269098
"S-28",2002,40.3480420000177,60.9999894463957,-175.546734514133,1.2,3.6975805009885
"S-28",2003,38.8780630177038,60.9999894463957,-175.546734514133,2.7,3.66046921456972
"S-28",2004,105.248798274448,60.9999894463957,-175.546734514133,1.5,4.65634148172586
"S-28",2005,57.2264634412802,60.9999894463957,-175.546734514133,1.3,4.04704297250646
"S-28",2006,38.1072241852383,60.9999894463957,-175.546734514133,-0.5,3.64044372105131
"S-28",2007,0,60.9999894463957,-175.546734514133,0,-6.49007147502806
"S-28",2008,1445.63160290397,60.9999894463957,-175.546734514133,-0.7,7.27630265084762
"S-28",2009,2350.89611188852,60.9999894463957,-175.546734514133,-0.1,7.76255250455886
"S-28",2010,1135.44371682207,60.9999894463957,-175.546734514133,1,7.03478013075905
"S-28",2011,13313.8566779832,60.9999894463957,-175.546734514133,1.1,9.49656074139217
"S-28",2012,1248.42179975205,60.9999894463957,-175.546734514133,-1.3,7.12963668868464
"S-28",2013,0,60.9999894463957,-175.546734514133,-1.2,-6.49007147502806
"S-28",2014,41.1580565005764,60.9999894463957,-175.546734514133,0.6,3.71745658392152
"S-28",2015,97.3947485237756,60.9999894463957,-175.546734514133,0.7,4.57878788305824
"S-28",2016,0,60.9999894463957,-175.546734514133,1.2,-6.49007147502806
"S-28",2017,786.606873210531,60.9999894463957,-175.546734514133,1.4,6.66773052819787
"S-28",2018,1646.88580954931,60.9999894463957,-175.546734514133,2.7,7.40664231738811
"S-28",2019,1285.44483569176,60.9999894463957,-175.546734514133,1.9,7.15886129431609
"S-28",2021,834.496323199045,60.9999894463957,-175.546734514133,1.5,6.72683015668694
"S-28",2022,294.260527149177,60.9999894463957,-175.546734514133,0.6,5.68447068188586
"S-28",2023,1583.58261435534,60.9999894463957,-175.546734514133,0.2,7.36744599547719
"S-29",1988,728.141928120752,61.0009977075781,-176.283139233558,0.3,6.59049807076617
"S-29",1989,10109.800260936,61.0009977075781,-176.283139233558,2.1,9.22126070543027
"S-29",1990,22501.172108661,61.0009977075781,-176.283139233558,0.3,10.0213227480367
"S-29",1991,629.432379011002,61.0009977075781,-176.283139233558,-0.2,6.44482083995078
"S-29",1992,60.5333444413721,61.0009977075781,-176.283139233558,0.8,4.10321944505176
"S-29",1993,513.755409134035,61.0009977075781,-176.283139233558,1.9,6.24175025004948
"S-29",1994,321.05825971339,61.0009977075781,-176.283139233558,0.7,5.77162733057073
"S-29",1995,480.68879010357,61.0009977075781,-176.283139233558,-0.6,6.17522321356508
"S-29",1996,692.722685542783,61.0009977075781,-176.283139233558,2.3,6.54063194592708
"S-29",1997,1139.78157558329,61.0009977075781,-176.283139233558,1.7,7.038593254885
"S-29",1998,870.147337383885,61.0009977075781,-176.283139233558,1.6,6.76866429566161
"S-29",1999,78.9308547839605,61.0009977075781,-176.283139233558,0.3,4.36859145072597
"S-29",2000,477.51186507511,61.0009977075781,-176.283139233558,0.5,6.16859218783289
"S-29",2001,5283.72635351881,61.0009977075781,-176.283139233558,1.5,8.57238716392982
"S-29",2002,330.473146059825,61.0009977075781,-176.283139233558,1.5,5.80052999826047
"S-29",2003,0,61.0009977075781,-176.283139233558,3.4,-6.49007147502806
"S-29",2004,552.976408838367,61.0009977075781,-176.283139233558,1.8,6.31531808622092
"S-29",2005,276.155768393338,61.0009977075781,-176.283139233558,2.2,5.62097058322996
"S-29",2006,36.7839696837306,61.0009977075781,-176.283139233558,0.8,3.60510342294969
"S-29",2007,158.227819604413,61.0009977075781,-176.283139233558,0.9,5.06404548722272
"S-29",2008,37.9539679190041,61.0009977075781,-176.283139233558,-0.3,3.63641406149486
"S-29",2009,1084.60976491439,61.0009977075781,-176.283139233558,0.9,6.98897693759354
"S-29",2010,67694.6485436136,61.0009977075781,-176.283139233558,1.7,11.1227624315836
"S-29",2011,35495.6364250849,61.0009977075781,-176.283139233558,1.1,10.4771650930835
"S-29",2012,3185.31752297509,61.0009977075781,-176.283139233558,-0.1,8.06630773297877
"S-29",2013,314.279544419019,61.0009977075781,-176.283139233558,0.3,5.75028769018905
"S-29",2014,1544.53931054372,61.0009977075781,-176.283139233558,1,7.34248194709126
"S-29",2015,20.6476960984026,61.0009977075781,-176.283139233558,1.1,3.02767728182533
"S-29",2016,370.159096763971,61.0009977075781,-176.283139233558,1.5,5.91393700659338
"S-29",2017,100008.865833339,61.0009977075781,-176.283139233558,1.9,11.5130141345568
"S-29",2018,0,61.0009977075781,-176.283139233558,2.5,-6.49007147502806
"S-29",2019,118.785686797118,61.0009977075781,-176.283139233558,2.1,4.77733370110821
"S-29",2021,832.848961298101,61.0009977075781,-176.283139233558,1.6,6.72485412994333
"S-29",2022,19.1123958523542,61.0009977075781,-176.283139233558,1.2,2.95041656683413
"S-29",2023,344.725461767442,61.0009977075781,-176.283139233558,0.6,5.84275274202319
"S-30",1988,3097.15135194152,61.0036816191182,-176.980129785106,0.5,8.03823853954996
"S-30",1989,3484.06960275847,61.0036816191182,-176.980129785106,2,8.15595675142619
"S-30",1990,304.201370375797,61.0036816191182,-176.980129785106,1.2,5.71769487621755
"S-30",1991,701.585099778515,61.0036816191182,-176.980129785106,0.4,6.55334436764202
"S-30",1992,38.1688516592346,61.0036816191182,-176.980129785106,1.1,3.6420595627989
"S-30",1993,0,61.0036816191182,-176.980129785106,2.1,-6.49007147502806
"S-30",1994,1637.00041664979,61.0036816191182,-176.980129785106,1.4,7.40062175946589
"S-30",1995,3185.22991240767,61.0036816191182,-176.980129785106,0.4,8.06628022811313
"S-30",1996,6598.59654336251,61.0036816191182,-176.980129785106,2.5,8.79461249057295
"S-30",1997,42.4617008573414,61.0036816191182,-176.980129785106,2.1,3.74863827294441
"S-30",1998,18.3107678072533,61.0036816191182,-176.980129785106,2,2.90757221423008
"S-30",1999,175.36812441771,61.0036816191182,-176.980129785106,0.2,5.1668959911745
"S-30",2000,77.2743636482001,61.0036816191182,-176.980129785106,0.9,4.34738190288249
"S-30",2001,561.330169550903,61.0036816191182,-176.980129785106,1.7,6.33031197499812
"S-30",2002,18.8172365391687,61.0036816191182,-176.980129785106,1.5,2.93485397785856
"S-30",2003,37.8983984851405,61.0036816191182,-176.980129785106,3,3.63494892014968
"S-30",2004,249.363122215008,61.0036816191182,-176.980129785106,2.3,5.51891624555012
"S-30",2005,21.5526875272664,61.0036816191182,-176.980129785106,2.7,3.07057097002302
"S-30",2006,0,61.0036816191182,-176.980129785106,1.5,-6.49007147502806
"S-30",2007,19.3411683316271,61.0036816191182,-176.980129785106,1.1,2.96231440344245
"S-30",2008,39.4877631547399,61.0036816191182,-176.980129785106,0.5,3.67602928306455
"S-30",2009,114.592083293262,61.0036816191182,-176.980129785106,1.2,4.74139197142826
"S-30",2010,57280.2444439016,61.0036816191182,-176.980129785106,1.9,10.9557110956606
"S-30",2011,96044.9347666029,61.0036816191182,-176.980129785106,1.1,11.4725714472343
"S-30",2012,295.636368106993,61.0036816191182,-176.980129785106,0.4,5.68913534915438
"S-30",2013,44815.0175452015,61.0036816191182,-176.980129785106,0.8,10.7102986091767
"S-30",2014,113.887786817385,61.0036816191182,-176.980129785106,1.4,4.73522697015227
"S-30",2015,0,61.0036816191182,-176.980129785106,1.7,-6.49007147502806
"S-30",2016,0,61.0036816191182,-176.980129785106,1.5,-6.49007147502806
"S-30",2017,20.8695114206047,61.0036816191182,-176.980129785106,2.3,3.03836206635356
"S-30",2018,0,61.0036816191182,-176.980129785106,2.3,-6.49007147502806
"S-30",2019,21.1231393484984,61.0036816191182,-176.980129785106,2.3,3.05044097377343
"S-30",2021,6648.73458272067,61.0036816191182,-176.980129785106,1.6,8.80218205561045
"S-30",2022,670.636118744721,61.0036816191182,-176.980129785106,1.6,6.5082289570996
"S-30",2023,1946.73222275574,61.0036816191182,-176.980129785106,1.2,7.57390824265451
"S-31",1988,461.324305920563,60.9968522302854,-177.627544039671,1.4,6.13410457070299
"S-31",1989,48903.1408147228,60.9968522302854,-177.627544039671,2.2,10.7975969337902
"S-31",1990,189.762471713348,60.9968522302854,-177.627544039671,1.4,5.24578114295876
"S-31",1991,39.8139839024828,60.9968522302854,-177.627544039671,NA,3.68425634255701
"S-31",1992,0,60.9968522302854,-177.627544039671,1.5,-6.49007147502806
"S-31",1993,15.1844047361372,60.9968522302854,-177.627544039671,1.7,2.72036889194846
"S-31",1994,266.538601364361,60.9968522302854,-177.627544039671,0.8,5.58552477563311
"S-31",1995,610.862728898906,60.9968522302854,-177.627544039671,1.2,6.41487475337177
"S-31",1996,105735.261521931,60.9968522302854,-177.627544039671,1.9,11.5686937306053
"S-31",1997,0,60.9968522302854,-177.627544039671,2.2,-6.49007147502806
"S-31",1998,71.2580882172934,60.9968522302854,-177.627544039671,2.1,4.26632964034442
"S-31",1999,34.3299853684522,60.9968522302854,-177.627544039671,0.4,3.53606341102305
"S-31",2000,247.046561347195,60.9968522302854,-177.627544039671,0.9,5.50958297269595
"S-31",2001,11322.3118811322,60.9968522302854,-177.627544039671,0.8,9.33453069479756
"S-31",2002,74.8255530190322,60.9968522302854,-177.627544039671,1.7,4.31517973741178
"S-31",2003,73.450111885423,60.9968522302854,-177.627544039671,2.2,4.29662709877786
"S-31",2004,267.589196697192,60.9968522302854,-177.627544039671,2,5.58945863085716
"S-31",2005,808.709369744399,60.9968522302854,-177.627544039671,1.9,6.69544148382327
"S-31",2006,92.6319352185945,60.9968522302854,-177.627544039671,1.3,4.5286503470259
"S-31",2007,0,60.9968522302854,-177.627544039671,1.3,-6.49007147502806
"S-31",2008,0,60.9968522302854,-177.627544039671,0.7,-6.49007147502806
"S-31",2009,156.843245527833,60.9968522302854,-177.627544039671,1.2,5.05525655166511
"S-31",2010,3062.34716425995,60.9968522302854,-177.627544039671,2.1,8.02693744390181
"S-31",2011,20626.4461921139,60.9968522302854,-177.627544039671,1.5,9.93432940076641
"S-31",2012,2707.48780597179,60.9968522302854,-177.627544039671,0.7,7.90377703589868
"S-31",2013,898.698180436993,60.9968522302854,-177.627544039671,1.3,6.8009489395997
"S-31",2014,0,60.9968522302854,-177.627544039671,1.5,-6.49007147502806
"S-31",2015,0,60.9968522302854,-177.627544039671,2.1,-6.49007147502806
"S-31",2016,20.3145601319087,60.9968522302854,-177.627544039671,1.4,3.01141262044394
"S-31",2017,0,60.9968522302854,-177.627544039671,2.3,-6.49007147502806
"S-31",2018,0,60.9968522302854,-177.627544039671,2,-6.49007147502806
"S-31",2019,671.9693828113,60.9968522302854,-177.627544039671,1.5,6.51021503787693
"S-31",2021,0,60.9968522302854,-177.627544039671,1.5,-6.49007147502806
"S-31",2022,0,60.9968522302854,-177.627544039671,1.5,-6.49007147502806
"S-31",2023,168.545607085945,60.9968522302854,-177.627544039671,1.4,5.12721538740483
"T-25",1988,5244.33447160854,61.3357471613585,-173.580912043082,-1.3,8.56490391416006
"T-25",1989,2272.42737098393,61.3357471613585,-173.580912043082,0.4,7.7286045337796
"T-25",1990,3793.44495791181,61.3357471613585,-173.580912043082,-1.3,8.2410302453738
"T-25",1991,2255.28045345257,61.3357471613585,-173.580912043082,-1.6,7.72103028708765
"T-25",1992,5593.80146908961,61.3357471613585,-173.580912043082,-1.5,8.62941465460938
"T-25",1993,0,61.3357471613585,-173.580912043082,-1.4,-6.49007147502806
"T-25",1994,9206.05714536575,61.3357471613585,-173.580912043082,-1.4,9.12761709670168
"T-25",1995,2086.3607711654,61.3357471613585,-173.580912043082,-1.5,7.6431772971853
"T-25",1996,4552.65488813733,61.3357471613585,-173.580912043082,0.8,8.42346616720662
"T-25",1997,22115.5860386956,61.3357471613585,-173.580912043082,-1.3,10.0040379582125
"T-25",1998,1644.77621172477,61.3357471613585,-173.580912043082,-0.3,7.40536053562957
"T-25",1999,973.991781887413,61.3357471613585,-173.580912043082,-1.7,6.88140442510541
"T-25",2000,4826.46282653937,61.3357471613585,-173.580912043082,-1.5,8.48186945891648
"T-25",2001,3156.87850368231,61.3357471613585,-173.580912043082,-0.9,8.05733948407365
"T-25",2002,2124.84083818726,61.3357471613585,-173.580912043082,0,7.66145289349031
"T-25",2003,3082.7595585692,61.3357471613585,-173.580912043082,-0.1,8.03358092796766
"T-25",2004,6211.29971702118,61.3357471613585,-173.580912043082,-1.2,8.73412569169904
"T-25",2005,11902.452888784,61.3357471613585,-173.580912043082,-0.6,9.38449991054039
"T-25",2006,2881.09455942518,61.3357471613585,-173.580912043082,-1.6,7.96592608331905
"T-25",2007,2193.85611681758,61.3357471613585,-173.580912043082,-1.6,7.69341675051565
"T-25",2008,2641.47006779462,61.3357471613585,-173.580912043082,-1.7,7.87909145986853
"T-25",2009,1317.61925769715,61.3357471613585,-173.580912043082,-1.6,7.18358294690671
"T-25",2010,15119.3671498867,61.3357471613585,-173.580912043082,-1.4,9.6237318941215
"T-25",2011,16744.671711186,61.3357471613585,-173.580912043082,-1,9.72583547053365
"T-25",2012,3863.90580595878,61.3357471613585,-173.580912043082,-1.6,8.25943421067605
"T-25",2013,5661.26014574956,61.3357471613585,-173.580912043082,-1.6,8.64140205522424
"T-25",2014,1396.8376589447,61.3357471613585,-173.580912043082,-0.6,7.24196723264817
"T-25",2015,644.541956082723,61.3357471613585,-173.580912043082,-1.4,6.46854227475625
"T-25",2016,1112.5235679328,61.3357471613585,-173.580912043082,-1.3,7.01438756333517
"T-25",2017,14120.8709593587,61.3357471613585,-173.580912043082,-1.6,9.5554092993507
"T-25",2018,3551.72001496716,61.3357471613585,-173.580912043082,2.5,8.17518770391262
"T-25",2019,30135.4685879335,61.3357471613585,-173.580912043082,0.8,10.3134581658079
"T-25",2021,61.7777264395897,61.3357471613585,-173.580912043082,0.2,4.12356746469096
"T-25",2022,41.4874634298333,61.3357471613585,-173.580912043082,-0.7,3.72542789488502
"T-25",2023,9999.79176066232,61.3357471613585,-173.580912043082,-1.3,9.21031969967279
"T-26",1988,5087.41806802471,61.3340635591118,-174.317720557003,-1.6,8.53452602352572
"T-26",1989,3888.58124595153,61.3340635591118,-174.317720557003,-0.8,8.26580004230916
"T-26",1990,8338.83662292054,61.3340635591118,-174.317720557003,-1.5,9.02867917406062
"T-26",1991,5020.48120363611,61.3340635591118,-174.317720557003,-1.5,8.52128136783893
"T-26",1992,8993.13482317604,61.3340635591118,-174.317720557003,-1.4,9.10421693665987
"T-26",1993,14363.4176805153,61.3340635591118,-174.317720557003,-0.7,9.5724399200364
"T-26",1994,11520.7612130817,61.3340635591118,-174.317720557003,-2.1,9.35190614139166
"T-26",1995,22752.9216381206,61.3340635591118,-174.317720557003,-1.5,10.0324489065232
"T-26",1996,2862.24457790026,61.3340635591118,-174.317720557003,0.9,7.95936194396012
"T-26",1997,21658.4965288598,61.3340635591118,-174.317720557003,-1,9.98315317592079
"T-26",1998,4529.04968970978,61.3340635591118,-174.317720557003,0.5,8.41826775021569
"T-26",1999,5532.06905230909,61.3340635591118,-174.317720557003,-1.8,8.61831744952714
"T-26",2000,3676.88355305936,61.3340635591118,-174.317720557003,-1.3,8.20982122476162
"T-26",2001,10115.0804113154,61.3340635591118,-174.317720557003,0,9.22178284939662
"T-26",2002,2028.54022901479,61.3340635591118,-174.317720557003,-0.3,7.61507246289086
"T-26",2003,4326.46075236848,61.3340635591118,-174.317720557003,1,8.37250545952084
"T-26",2004,9046.08066811202,61.3340635591118,-174.317720557003,NA,9.11008703539918
"T-26",2005,20792.0193678468,61.3340635591118,-174.317720557003,0.1,9.94232458085561
"T-26",2006,5694.97372666496,61.3340635591118,-174.317720557003,-1.6,8.64733952909491
"T-26",2007,3364.6757927299,61.3340635591118,-174.317720557003,-1.5,8.12108734184024
"T-26",2008,7350.27704899023,61.3340635591118,-174.317720557003,-1.7,8.90249349181939
"T-26",2009,7163.48202383113,61.3340635591118,-174.317720557003,-1.6,8.87675166988842
"T-26",2010,18906.821058213,61.3340635591118,-174.317720557003,-1.4,9.8472781188008
"T-26",2011,17775.7103679483,61.3340635591118,-174.317720557003,-0.6,9.78558830373663
"T-26",2012,22217.2906432629,61.3340635591118,-174.317720557003,-1.6,10.0086261908577
"T-26",2013,6845.26152185858,61.3340635591118,-174.317720557003,-1.6,8.83131216507757
"T-26",2014,3130.33038672828,61.3340635591118,-174.317720557003,-0.4,8.04889431790237
"T-26",2015,2895.95607338702,61.3340635591118,-174.317720557003,-1.5,7.97107110969241
"T-26",2016,3282.45151011926,61.3340635591118,-174.317720557003,-1.4,8.09634629642026
"T-26",2017,16443.043098923,61.3340635591118,-174.317720557003,-1.6,9.70765784716694
"T-26",2018,6937.42484382758,61.3340635591118,-174.317720557003,2.1,8.84468614355051
"T-26",2019,44019.8563878359,61.3340635591118,-174.317720557003,1.7,10.6923961271397
"T-26",2021,225.879539263772,61.3340635591118,-174.317720557003,0.5,5.42000856738729
"T-26",2022,2312.71144265476,61.3340635591118,-174.317720557003,-1.3,7.74617655643086
"T-26",2023,2872.84134763234,61.3340635591118,-174.317720557003,-1,7.963057364157
"T-27",1988,2564.1046029726,61.3338089475703,-174.992548998721,-1.4,7.84936520619072
"T-27",1989,3265.22196514932,61.3338089475703,-174.992548998721,1.1,8.09108348763445
"T-27",1990,1692.27889226831,61.3338089475703,-174.992548998721,-1.5,7.43383225380416
"T-27",1991,2099.60292500735,61.3338089475703,-174.992548998721,-1.5,7.64950424570655
"T-27",1992,7820.47050702666,61.3338089475703,-174.992548998721,-1,8.96450019303062
"T-27",1993,12118.067160876,61.3338089475703,-174.992548998721,-0.2,9.40245289703438
"T-27",1994,5101.13754939338,61.3338089475703,-174.992548998721,-1.4,8.53721914040836
"T-27",1995,46033.1277943029,61.3338089475703,-174.992548998721,-1.2,10.7371166187008
"T-27",1996,6734.49557906389,61.3338089475703,-174.992548998721,2,8.81499841604974
"T-27",1997,5131.83701505748,61.3338089475703,-174.992548998721,-0.2,8.54321926255506
"T-27",1998,3224.83757312097,61.3338089475703,-174.992548998721,1,8.07863833389565
"T-27",1999,1716.09964483231,61.3338089475703,-174.992548998721,-1.5,7.44781023126642
"T-27",2000,1982.58256633304,61.3338089475703,-174.992548998721,-0.9,7.5921563661145
"T-27",2001,1919.93614413854,61.3338089475703,-174.992548998721,1,7.56004799708799
"T-27",2002,1532.81588155238,61.3338089475703,-174.992548998721,-0.8,7.33486275892203
"T-27",2003,490.412166047566,61.3338089475703,-174.992548998721,1.8,6.1952492889799
"T-27",2004,8269.49698954772,61.3338089475703,-174.992548998721,0.7,9.02032914627437
"T-27",2005,23992.9849463806,61.3338089475703,-174.992548998721,0.9,10.0855168359899
"T-27",2006,1500.87778065275,61.3338089475703,-174.992548998721,-1.7,7.31380641473803
"T-27",2007,1634.505902177,61.3338089475703,-174.992548998721,-1.4,7.3990967661463
"T-27",2008,2021.8656593381,61.3338089475703,-174.992548998721,-1.7,7.61177670888602
"T-27",2009,3102.73245391773,61.3338089475703,-174.992548998721,-1.6,8.04003892837167
"T-27",2010,18077.3864320365,61.3338089475703,-174.992548998721,-1.2,9.80241715174346
"T-27",2011,10254.2705083887,61.3338089475703,-174.992548998721,0.6,9.23544968084189
"T-27",2012,4788.11201785482,61.3338089475703,-174.992548998721,-1.3,8.47389177907327
"T-27",2013,18260.2471435021,61.3338089475703,-174.992548998721,-1.6,9.81248177190633
"T-27",2014,7191.25924175802,61.3338089475703,-174.992548998721,-0.5,8.8806217844668
"T-27",2015,1665.13049791266,61.3338089475703,-174.992548998721,-1.5,7.41765968837231
"T-27",2016,10566.1178789249,61.3338089475703,-174.992548998721,0.4,9.26540787780856
"T-27",2017,21135.6431424959,61.3338089475703,-174.992548998721,0.1,9.9587162145909
"T-27",2018,5867.46260890297,61.3338089475703,-174.992548998721,2.3,8.67717781391756
"T-27",2019,156.542917260959,61.3338089475703,-174.992548998721,1.6,5.05333990387298
"T-27",2021,267.239121173099,61.3338089475703,-174.992548998721,1.2,5.58814952445949
"T-27",2022,2895.05179357942,61.3338089475703,-174.992548998721,-0.6,7.97075880504303
"T-27",2023,4565.7442103538,61.3338089475703,-174.992548998721,-0.4,8.42633713758341
"T-28",1988,22869.00238878,61.3285838743383,-175.660627851769,-1.1,10.0375377315086
"T-28",1989,7677.49221484608,61.3285838743383,-175.660627851769,2,8.94604843607063
"T-28",1990,2508.86107889578,61.3285838743383,-175.660627851769,-0.3,7.82758478095142
"T-28",1991,465.103203200203,61.3285838743383,-175.660627851769,-1.4,6.14226258806129
"T-28",1992,5562.02324149432,61.3285838743383,-175.660627851769,-0.4,8.62371748640838
"T-28",1993,9672.89713061748,61.3285838743383,-175.660627851769,0.9,9.17708330041215
"T-28",1994,54939.7655258188,61.3285838743383,-175.660627851769,-1.4,10.9139927194557
"T-28",1995,31517.4614990204,61.3285838743383,-175.660627851769,-1.2,10.3582970527078
"T-28",1996,6010.11643729794,61.3285838743383,-175.660627851769,1.2,8.70119965391543
"T-28",1997,4916.90631213004,61.3285838743383,-175.660627851769,1.7,8.50043512218246
"T-28",1998,918.586669346061,61.3285838743383,-175.660627851769,NA,6.82283791287862
"T-28",1999,2231.68334988979,61.3285838743383,-175.660627851769,NA,7.71051212550916
"T-28",2000,6166.99336936877,61.3285838743383,-175.660627851769,-0.5,8.72696694603205
"T-28",2001,22586.7815383631,61.3285838743383,-175.660627851769,1.1,10.0251201936908
"T-28",2002,1291.58446006054,61.3285838743383,-175.660627851769,0.4,7.16362618291084
"T-28",2003,3730.60837864939,61.3285838743383,-175.660627851769,2.6,8.22432701055549
"T-28",2004,10176.9119628665,61.3285838743383,-175.660627851769,1.2,9.22787704976117
"T-28",2005,33777.3647794173,61.3285838743383,-175.660627851769,1,10.4275462210066
"T-28",2006,784.564293159336,61.3285838743383,-175.660627851769,-1.4,6.66513045852044
"T-28",2007,3164.32658486591,61.3285838743383,-175.660627851769,-0.4,8.05969602240701
"T-28",2008,1772.3507718556,61.3285838743383,-175.660627851769,-1.2,7.48006292082721
"T-28",2009,1302.07445645029,61.3285838743383,-175.660627851769,-1.7,7.17171517351674
"T-28",2010,6940.86355085039,61.3285838743383,-175.660627851769,-0.3,8.84518169548644
"T-28",2011,15407.554254316,61.3285838743383,-175.660627851769,0.9,9.6426133026745
"T-28",2012,3740.85229499664,61.3285838743383,-175.660627851769,-1,8.22706915671671
"T-28",2013,1382.06456342057,61.3285838743383,-175.660627851769,-1.4,7.23133481929231
"T-28",2014,1054.11621608025,61.3285838743383,-175.660627851769,0.2,6.96045942544437
"T-28",2015,1593.29185318378,61.3285838743383,-175.660627851769,-0.6,7.37355845593232
"T-28",2016,753.616784931893,61.3285838743383,-175.660627851769,0.7,6.62488601088171
"T-28",2017,14432.3935135091,61.3285838743383,-175.660627851769,0.8,9.57723061387552
"T-28",2018,30032.5281581338,61.3285838743383,-175.660627851769,2.6,10.3100363957437
"T-28",2019,228.463409097941,61.3285838743383,-175.660627851769,1.6,5.43138270856841
"T-28",2021,150.012205704351,61.3285838743383,-175.660627851769,1.5,5.01072678420974
"T-28",2022,1941.70714864664,61.3285838743383,-175.660627851769,-0.9,7.57132362064967
"T-28",2023,1512.35780864109,61.3285838743383,-175.660627851769,0,7.32142617869136
"T-29",1988,4569.46034216438,61.3348112467169,-176.305101838557,0.9,8.42715072216355
"T-29",1989,64553.653484197,61.3348112467169,-176.305101838557,2,11.0752520174857
"T-29",1990,515.070239653434,61.3348112467169,-176.305101838557,-0.1,6.24430622706204
"T-29",1991,6779.93924283818,61.3348112467169,-176.305101838557,-0.4,8.82172364362174
"T-29",1992,29.5174192370806,61.3348112467169,-176.305101838557,0.5,3.38503201255202
"T-29",1993,181459.271549128,61.3348112467169,-176.305101838557,1.5,12.1087865166954
"T-29",1994,11465.6538703847,61.3348112467169,-176.305101838557,0.3,9.34711135796915
"T-29",1995,25888.5222743729,61.3348112467169,-176.305101838557,-1,10.1615550526887
"T-29",1996,10863.7049644972,61.3348112467169,-176.305101838557,1.6,9.29318283203085
"T-29",1997,13343.757314037,61.3348112467169,-176.305101838557,1.7,9.4988040513295
"T-29",1998,108.838285959677,61.3348112467169,-176.305101838557,1.6,4.68987711678141
"T-29",1999,187.206148748158,61.3348112467169,-176.305101838557,NA,5.232218520409
"T-29",2000,1839.2652600651,61.3348112467169,-176.305101838557,0.1,7.51712228124219
"T-29",2001,491.865079353988,61.3348112467169,-176.305101838557,1.3,6.1982075370323
"T-29",2002,7209.3766519475,61.3348112467169,-176.305101838557,1.2,8.88313798112108
"T-29",2003,0,61.3348112467169,-176.305101838557,3.2,-6.49007147502806
"T-29",2004,20.4062055532721,61.3348112467169,-176.305101838557,1.5,3.0159134563334
"T-29",2005,105.179057548397,61.3348112467169,-176.305101838557,1.4,4.65567864436669
"T-29",2006,19.4972930055504,61.3348112467169,-176.305101838557,0.3,2.97035351222613
"T-29",2007,575.605124631352,61.3348112467169,-176.305101838557,0.6,6.35542451607209
"T-29",2008,194.546926966849,61.3348112467169,-176.305101838557,-0.6,5.2706812086884
"T-29",2009,932.222000001331,61.3348112467169,-176.305101838557,-0.9,6.83757261258607
"T-29",2010,12432.0883959736,61.3348112467169,-176.305101838557,1.3,9.42803630507919
"T-29",2011,18320.5204301133,61.3348112467169,-176.305101838557,1,9.81577712846385
"T-29",2012,26154.3203723331,61.3348112467169,-176.305101838557,-0.8,10.1717697289067
"T-29",2013,6672.65217215024,61.3348112467169,-176.305101838557,-0.8,8.80577291444777
"T-29",2014,270.276575004191,61.3348112467169,-176.305101838557,0.8,5.5994514046583
"T-29",2015,98.2012406255346,61.3348112467169,-176.305101838557,1.1,4.58703431136092
"T-29",2016,217.778652672357,61.3348112467169,-176.305101838557,1.3,5.38348616463177
"T-29",2017,362.277332375066,61.3348112467169,-176.305101838557,1.2,5.89241422141256
"T-29",2018,4628.56050646662,61.3348112467169,-176.305101838557,2.4,8.44000152106717
"T-29",2019,30814.1173651202,61.3348112467169,-176.305101838557,1.9,10.3357282692365
"T-29",2021,213.173457299883,61.3348112467169,-176.305101838557,1.4,5.36211331082657
"T-29",2022,265.683234078971,61.3348112467169,-176.305101838557,0.9,5.58231046504252
"T-29",2023,2701.36440891736,61.3348112467169,-176.305101838557,0.3,7.90151282309007
"T-30",1988,49003.7888325599,61.3324692399008,-176.975267866761,1.5,10.7996529282031
"T-30",1989,2063.79673428055,61.3324692399008,-176.975267866761,1.9,7.63230337604932
"T-30",1990,792.633538456807,61.3324692399008,-176.975267866761,1.2,6.67536291002963
"T-30",1991,401.675807526639,61.3324692399008,-176.975267866761,-0.1,5.99564909458199
"T-30",1992,253.799028163121,61.3324692399008,-176.975267866761,1.1,5.53654870895643
"T-30",1993,973.61551297574,61.3324692399008,-176.975267866761,1.9,6.881018034758
"T-30",1994,490.118807030823,61.3324692399008,-176.975267866761,1.2,6.19465092314553
"T-30",1995,176.907139416543,61.3324692399008,-176.975267866761,0.4,5.17563354206544
"T-30",1996,738.832193633508,61.3324692399008,-176.975267866761,2.1,6.60507287813674
"T-30",1997,0,61.3324692399008,-176.975267866761,2,-6.49007147502806
"T-30",1998,109.093852768892,61.3324692399008,-176.975267866761,1.9,4.69222246489375
"T-30",1999,53.2753267724325,61.3324692399008,-176.975267866761,0.2,3.97550181300958
"T-30",2000,493.456485866735,61.3324692399008,-176.975267866761,0.2,6.20143775759743
"T-30",2001,291.54215186439,61.3324692399008,-176.975267866761,1.5,5.67518980693639
"T-30",2002,37.8376663402928,61.3324692399008,-176.975267866761,1.4,3.63334520010294
"T-30",2003,117.37680114038,61.3324692399008,-176.975267866761,3.2,4.76540221896751
"T-30",2004,402.625584747094,61.3324692399008,-176.975267866761,1.8,5.99801083132618
"T-30",2005,65.3602766346318,61.3324692399008,-176.975267866761,2,4.179937914604
"T-30",2006,72.3395595319055,61.3324692399008,-176.975267866761,1,4.28139212788347
"T-30",2007,19.626874027418,61.3324692399008,-176.975267866761,1,2.97697711333505
"T-30",2008,0,61.3324692399008,-176.975267866761,0.2,-6.49007147502806
"T-30",2009,2020.5909075804,61.3324692399008,-176.975267866761,1.1,7.61114602760537
"T-30",2010,160629.725522868,61.3324692399008,-176.975267866761,1.8,11.9868571632495
"T-30",2011,87662.5893967982,61.3324692399008,-176.975267866761,1.1,11.3812505299499
"T-30",2012,1198.89193141791,61.3324692399008,-176.975267866761,-0.7,7.08915428523917
"T-30",2013,393.977133398016,61.3324692399008,-176.975267866761,0.9,5.97629672467893
"T-30",2014,20.1595701669424,61.3324692399008,-176.975267866761,1.2,3.00375444012904
"T-30",2015,0,61.3324692399008,-176.975267866761,1.3,-6.49007147502806
"T-30",2016,0,61.3324692399008,-176.975267866761,1.4,-6.49007147502806
"T-30",2017,20.3811333706054,61.3324692399008,-176.975267866761,1.8,3.01468413763606
"T-30",2018,0,61.3324692399008,-176.975267866761,2.3,-6.49007147502806
"T-30",2019,135.093888094346,61.3324692399008,-176.975267866761,2.2,4.90598124390566
"T-30",2021,103.900732860509,61.3324692399008,-176.975267866761,1.3,4.64345056582984
"T-30",2022,0,61.3324692399008,-176.975267866761,1.2,-6.49007147502806
"T-30",2023,648.847271601293,61.3324692399008,-176.975267866761,0.5,6.47519970040808
"U-25",1988,7203.67951101177,61.6668761547227,-173.660250710306,-1.6,8.88234742844889
"U-25",1989,1302.34277673649,61.6668761547227,-173.660250710306,-0.3,7.17192122343137
"U-25",1990,9597.99936273962,61.6668761547227,-173.660250710306,-1.1,9.16931011422691
"U-25",1991,2326.90764868095,61.6668761547227,-173.660250710306,-1.7,7.75229612821358
"U-25",1992,2112.80025886735,61.6668761547227,-173.660250710306,-1.5,7.65577020219225
"U-25",1993,3183.86059553023,61.6668761547227,-173.660250710306,2.2,8.06585024011282
"U-25",1994,5537.09385925322,61.6668761547227,-173.660250710306,-1.4,8.6192253421927
"U-25",1995,5331.28209704318,61.6668761547227,-173.660250710306,-1.7,8.58134731658633
"U-25",1996,9645.67672409511,61.6668761547227,-173.660250710306,-0.7,9.17426524350359
"U-25",1997,4690.61004373312,61.6668761547227,-173.660250710306,-1.4,8.45331824999131
"U-25",1998,1193.81070863601,61.6668761547227,-173.660250710306,-0.5,7.08490701783026
"U-25",1999,1686.31465637697,61.6668761547227,-173.660250710306,-1.7,7.43030165052805
"U-25",2000,5068.60483633864,61.6668761547227,-173.660250710306,NA,8.53082117808442
"U-25",2001,1503.64939537012,61.6668761547227,-173.660250710306,-1.4,7.31565137239008
"U-25",2002,1314.45518177405,61.6668761547227,-173.660250710306,-0.3,7.18117870350912
"U-25",2003,2149.58157343259,61.6668761547227,-173.660250710306,-0.5,7.67302919156187
"U-25",2004,4227.59400569479,61.6668761547227,-173.660250710306,-1.3,8.34938867640989
"U-25",2005,8515.60960713949,61.6668761547227,-173.660250710306,-1.4,9.04965636099469
"U-25",2006,1855.93368170434,61.6668761547227,-173.660250710306,-1.7,7.52614399902157
"U-25",2007,6190.88979666329,61.6668761547227,-173.660250710306,-1.4,8.73083434805966
"U-25",2008,4401.38999888861,61.6668761547227,-173.660250710306,-1.6,8.38967602384704
"U-25",2009,1521.14197422806,61.6668761547227,-173.660250710306,-1.7,7.32721762881441
"U-25",2010,12009.4110743748,61.6668761547227,-173.660250710306,-1.5,9.39344600403737
"U-25",2011,12551.2459467476,61.6668761547227,-173.660250710306,-1.3,9.43757533923669
"U-25",2012,23545.6997155604,61.6668761547227,-173.660250710306,-1.7,10.0666985449481
"U-25",2013,6139.09170111477,61.6668761547227,-173.660250710306,-1.7,8.72243232612329
"U-25",2014,1048.41437802275,61.6668761547227,-173.660250710306,-1.5,6.95503563392798
"U-25",2015,521.15911027891,61.6668761547227,-173.660250710306,-1.2,6.25605830271858
"U-25",2016,834.029641492657,61.6668761547227,-173.660250710306,-1.2,6.72627076369094
"U-25",2017,6896.9775595053,61.6668761547227,-173.660250710306,-1.5,8.83883877992601
"U-25",2018,3053.22055526505,61.6668761547227,-173.660250710306,1.9,8.02395272959343
"U-25",2019,40104.1781124411,61.6668761547227,-173.660250710306,0.7,10.5992358380596
"U-25",2021,60.5924262970555,61.6668761547227,-173.660250710306,0.3,4.1041949662598
"U-25",2022,1763.98935726391,61.6668761547227,-173.660250710306,-1.1,7.47533406405017
"U-25",2023,5762.43370934703,61.6668761547227,-173.660250710306,-1.4,8.65911544694455
"U-26",1988,2449.66574797803,61.6649856157876,-174.434588629553,-1.6,7.80370748469071
"U-26",1989,1846.52823414294,61.6649856157876,-174.434588629553,-0.3,7.52106334712431
"U-26",1990,9986.57717563457,61.6649856157876,-174.434588629553,-1.5,9.20899733991974
"U-26",1991,2128.50210600672,61.6649856157876,-174.434588629553,-1.6,7.66317448808432
"U-26",1992,6339.39957371782,61.6649856157876,-174.434588629553,-1.6,8.75453957800992
"U-26",1993,11560.3998093434,61.6649856157876,-174.434588629553,-1.5,9.35534085856007
"U-26",1994,12396.5851794709,61.6649856157876,-174.434588629553,-2.1,9.42517644740294
"U-26",1995,8915.45263565153,61.6649856157876,-174.434588629553,-1.6,9.0955414716909
"U-26",1996,6316.80107858478,61.6649856157876,-174.434588629553,0.4,8.75096844092891
"U-26",1997,7411.52706804547,61.6649856157876,-174.434588629553,-0.8,8.91079198399106
"U-26",1998,3900.03690476153,61.6649856157876,-174.434588629553,0.1,8.26874168417228
"U-26",1999,2449.14525970019,61.6649856157876,-174.434588629553,-1.7,7.80349498906419
"U-26",2000,863.309010290052,61.6649856157876,-174.434588629553,-1.6,6.76077445107876
"U-26",2001,658.951843646498,61.6649856157876,-174.434588629553,-0.9,6.49065276126517
"U-26",2002,565.358450518515,61.6649856157876,-174.434588629553,-0.4,6.33746264147774
"U-26",2003,1316.89456622881,61.6649856157876,-174.434588629553,-0.1,7.18303279556974
"U-26",2004,4996.90371868064,61.6649856157876,-174.434588629553,-1.5,8.51657404721024
"U-26",2005,2121.82363528108,61.6649856157876,-174.434588629553,-1.5,7.66003191885242
"U-26",2006,1567.66040256901,61.6649856157876,-174.434588629553,-1.7,7.35734056606174
"U-26",2007,609.489777239659,61.6649856157876,-174.434588629553,-1.3,6.41262466773671
"U-26",2008,231.093101024625,61.6649856157876,-174.434588629553,-1.6,5.44282723472933
"U-26",2009,15632.1811282353,61.6649856157876,-174.434588629553,-1.7,9.65708705836705
"U-26",2010,5844.15282870876,61.6649856157876,-174.434588629553,-1.4,8.67319718373832
"U-26",2011,7885.57804237196,61.6649856157876,-174.434588629553,-0.1,8.97279099838435
"U-26",2012,16941.1909859145,61.6649856157876,-174.434588629553,-1.6,9.73750336149904
"U-26",2013,1493.95360517929,61.6649856157876,-174.434588629553,-1.6,7.30918232750384
"U-26",2014,1972.00757726575,61.6649856157876,-174.434588629553,-1.4,7.58680814757903
"U-26",2015,1446.53306058139,61.6649856157876,-174.434588629553,-1.3,7.2769260294342
"U-26",2016,2541.5114964075,61.6649856157876,-174.434588629553,-1.4,7.84051485780557
"U-26",2017,5253.53230096968,61.6649856157876,-174.434588629553,-1.6,8.56665623760885
"U-26",2018,1196.42011422982,61.6649856157876,-174.434588629553,1.8,7.08709040806198
"U-26",2019,69516.1549308624,61.6649856157876,-174.434588629553,0.3,11.1493144714331
"U-26",2021,495.086079507071,61.6649856157876,-174.434588629553,-0.2,6.20473471246273
"U-26",2022,5684.89492259394,61.6649856157876,-174.434588629553,-1.4,8.64556818984184
"U-26",2023,772.380612242053,61.6649856157876,-174.434588629553,-1.6,6.6494794154894
"U-27",1988,6258.61430331015,61.6692808584535,-175.068231441678,-1.5,8.74171432490835
"U-27",1989,4950.94709569996,61.6692808584535,-175.068231441678,0.5,8.50733447642257
"U-27",1990,5091.89232765796,61.6692808584535,-175.068231441678,-1.3,8.53540511226801
"U-27",1991,2411.59040317316,61.6692808584535,-175.068231441678,-1.6,7.78804235680604
"U-27",1992,10328.6963071075,61.6692808584535,-175.068231441678,-1.6,9.24268149662158
"U-27",1993,10491.4655195165,61.6692808584535,-175.068231441678,-1.3,9.25831754270427
"U-27",1994,6683.14165497407,61.6692808584535,-175.068231441678,-1.4,8.80734369080614
"U-27",1995,28352.3154234157,61.6692808584535,-175.068231441678,-1.1,10.2524640321606
"U-27",1996,3531.20034190452,61.6692808584535,-175.068231441678,0.7,8.16939356233316
"U-27",1997,5360.78041182842,61.6692808584535,-175.068231441678,0.2,8.58686512593788
"U-27",1998,1448.27620410734,61.6692808584535,-175.068231441678,0.7,7.27813035189455
"U-27",1999,1008.67385074622,61.6692808584535,-175.068231441678,-1.6,6.9163932333892
"U-27",2000,1134.91187346081,61.6692808584535,-175.068231441678,-1.2,7.03431162030909
"U-27",2001,1561.96836723221,61.6692808584535,-175.068231441678,0.3,7.35370305087491
"U-27",2002,1368.08524180422,61.6692808584535,-175.068231441678,-0.9,7.22116851740296
"U-27",2003,1909.28407179664,61.6692808584535,-175.068231441678,1.2,7.55448441454649
"U-27",2004,6050.29713423489,61.6692808584535,-175.068231441678,-0.7,8.70786291388509
"U-27",2005,3273.47413120501,61.6692808584535,-175.068231441678,-0.3,8.09360758922372
"U-27",2006,1258.5019333856,61.6692808584535,-175.068231441678,-1.7,7.13767855738136
"U-27",2007,1948.24022148943,61.6692808584535,-175.068231441678,-1.4,7.57468257297641
"U-27",2008,2764.8795092318,61.6692808584535,-175.068231441678,-1.4,7.92475288506408
"U-27",2009,3257.64044986336,61.6692808584535,-175.068231441678,-1.7,8.08875889003056
"U-27",2010,7531.45556118477,61.6692808584535,-175.068231441678,-1.4,8.92684380534488
"U-27",2011,7004.93425034498,61.6692808584535,-175.068231441678,0.4,8.8543702893908
"U-27",2012,4429.92962098357,61.6692808584535,-175.068231441678,-1,8.3961393187703
"U-27",2013,2031.8061913132,61.6692808584535,-175.068231441678,-1.6,7.61668117319384
"U-27",2014,518.04528522943,61.6692808584535,-175.068231441678,-1.2,6.25006559275286
"U-27",2015,404.517656820015,61.6692808584535,-175.068231441678,-1.3,6.00269914022167
"U-27",2016,4461.8265155234,61.6692808584535,-175.068231441678,-1.2,8.40331383412515
"U-27",2017,3422.9663226721,61.6692808584535,-175.068231441678,-0.4,8.13826324354377
"U-27",2018,1087.69108046495,61.6692808584535,-175.068231441678,2.1,6.99181384972382
"U-27",2019,26362.0463287435,61.6692808584535,-175.068231441678,1,10.1796806732766
"U-27",2021,474.965709812798,61.6692808584535,-175.068231441678,0.3,6.1632458085035
"U-27",2022,3995.06507155924,61.6692808584535,-175.068231441678,-1.3,8.29281552639681
"U-27",2023,2724.75878806442,61.6692808584535,-175.068231441678,-1.1,7.91013574231292
"U-28",1988,14446.3909397179,61.6677644845361,-175.786439107367,-1.5,9.57820000549626
"U-28",1989,2959.99532071859,61.6677644845361,-175.786439107367,0.8,7.99294347946587
"U-28",1990,7948.43582972685,61.6677644845361,-175.786439107367,-0.4,8.98073062834898
"U-28",1991,1088.73546450109,61.6677644845361,-175.786439107367,-1.5,6.99277357212882
"U-28",1992,11819.4635315741,61.6677644845361,-175.786439107367,-0.4,9.37750303189993
"U-28",1993,61606.4034999482,61.6677644845361,-175.786439107367,0.4,11.0285211216876
"U-28",1994,57270.213805671,61.6677644845361,-175.786439107367,-2,10.9555359651872
"U-28",1995,25000.5227059951,61.6677644845361,-175.786439107367,-0.7,10.1266520726079
"U-28",1996,4097.27263474112,61.6677644845361,-175.786439107367,1.2,8.31807719090041
"U-28",1997,1484.85413877437,61.6677644845361,-175.786439107367,0.9,7.3030728459838
"U-28",1998,1660.84375221429,61.6677644845361,-175.786439107367,1,7.41508195094229
"U-28",1999,1695.3939795246,61.6677644845361,-175.786439107367,-0.7,7.43567132472963
"U-28",2000,4404.99728944366,61.6677644845361,-175.786439107367,-0.3,8.39049526774235
"U-28",2001,24271.8919323143,61.6677644845361,-175.786439107367,1,10.0970743117779
"U-28",2002,6848.22018903731,61.6677644845361,-175.786439107367,-0.9,8.83174429280536
"U-28",2003,6077.18137679261,61.6677644845361,-175.786439107367,1.9,8.71229652798543
"U-28",2004,14199.7594390617,61.6677644845361,-175.786439107367,0.9,9.56098040946894
"U-28",2005,1655.57205892488,61.6677644845361,-175.786439107367,0.5,7.41190280019501
"U-28",2006,3352.67863988936,61.6677644845361,-175.786439107367,-1.6,8.11751535221453
"U-28",2007,1559.98214809321,61.6677644845361,-175.786439107367,-1.2,7.35243063001805
"U-28",2008,2545.44405519625,61.6677644845361,-175.786439107367,-1.3,7.84206099171004
"U-28",2009,729.604990608646,61.6677644845361,-175.786439107367,-1.6,6.59250536011441
"U-28",2010,16565.9789625518,61.6677644845361,-175.786439107367,-1,9.71510650290038
"U-28",2011,3356.86425324055,61.6677644845361,-175.786439107367,0.6,8.11876301157563
"U-28",2012,6436.83745248155,61.6677644845361,-175.786439107367,-0.6,8.769792855571
"U-28",2013,948.785344671657,61.6677644845361,-175.786439107367,-1.2,6.85518418235516
"U-28",2014,240.905738232216,61.6677644845361,-175.786439107367,0,5.48441203234143
"U-28",2015,559.871080722069,61.6677644845361,-175.786439107367,-0.6,6.32770925635135
"U-28",2016,1318.64376636047,61.6677644845361,-175.786439107367,0.5,7.18436018918136
"U-28",2017,4138.89878136929,61.6677644845361,-175.786439107367,0.5,8.3281854034687
"U-28",2018,52543.2927737553,61.6677644845361,-175.786439107367,2.4,10.8693927619248
"U-28",2019,680.254803644867,61.6677644845361,-175.786439107367,1.5,6.52246967138767
"U-28",2021,58.0725490704545,61.6677644845361,-175.786439107367,0.9,4.06171922189266
"U-28",2022,1115.27776127919,61.6677644845361,-175.786439107367,-1.5,7.01686012761547
"U-28",2023,2284.13588340608,61.6677644845361,-175.786439107367,0.1,7.73374372739314
"U-29",1988,24480.1821725646,61.663180287995,-176.45941403506,-0.4,10.1056192403156
"U-29",1989,6182.51469322733,61.663180287995,-176.45941403506,1.5,8.7294806215786
"U-29",1990,1511.77008957805,61.663180287995,-176.45941403506,-0.2,7.32103749243204
"U-29",1991,254.653710688543,61.663180287995,-176.45941403506,-0.6,5.53991058769279
"U-29",1992,715.996212899039,61.663180287995,-176.45941403506,0.3,6.57367699843539
"U-29",1993,110152.618028256,61.663180287995,-176.45941403506,1,11.6096221335791
"U-29",1994,16182.0103523554,61.663180287995,-176.45941403506,-0.6,9.69165552594778
"U-29",1995,44963.669947701,61.663180287995,-176.45941403506,-0.7,10.7136101419573
"U-29",1996,27584.6586340945,61.663180287995,-176.45941403506,0.8,10.225015105621
"U-29",1997,3183.99825756882,61.663180287995,-176.45941403506,1.8,8.06589347661543
"U-29",1998,860.790971978187,61.663180287995,-176.45941403506,1.4,6.75785346541345
"U-29",1999,402.748142643059,61.663180287995,-176.45941403506,-0.2,5.99831518055091
"U-29",2000,3290.35828886141,61.663180287995,-176.45941403506,-0.2,8.09875220170117
"U-29",2001,17096.6423736915,61.663180287995,-176.45941403506,1,9.74663745961051
"U-29",2002,2215.61540971442,61.663180287995,-176.45941403506,0.1,7.70328616656797
"U-29",2003,2245.97656494017,61.663180287995,-176.45941403506,2.8,7.71689637718339
"U-29",2004,8356.3656792665,61.663180287995,-176.45941403506,1.4,9.03077906590756
"U-29",2005,29190.3764785471,61.663180287995,-176.45941403506,1.2,10.2815944133014
"U-29",2006,2869.05286300594,61.663180287995,-176.45941403506,0.1,7.96173777064537
"U-29",2007,6573.8197300556,61.663180287995,-176.45941403506,0.4,8.79085056317851
"U-29",2008,985.491312482066,61.663180287995,-176.45941403506,-0.8,6.89314185200776
"U-29",2009,624.767611607642,61.663180287995,-176.45941403506,-1.3,6.43738218957138
"U-29",2010,4938.64573312116,61.663180287995,-176.45941403506,0.5,8.50484673696585
"U-29",2011,28567.9216776737,61.663180287995,-176.45941403506,0.8,10.2600398008121
"U-29",2012,14426.2906733533,61.663180287995,-176.45941403506,-0.4,9.57680766738462
"U-29",2013,4266.26280219496,61.663180287995,-176.45941403506,-0.9,8.35849385694202
"U-29",2014,715.813705250517,61.663180287995,-176.45941403506,0.5,6.57342206618482
"U-29",2015,653.899072439489,61.663180287995,-176.45941403506,0.7,6.48295533819117
"U-29",2016,360.714634317036,61.663180287995,-176.45941403506,1,5.88809136860216
"U-29",2017,41017.9075421289,61.663180287995,-176.45941403506,0.7,10.6217640566697
"U-29",2018,58139.5576820911,61.663180287995,-176.45941403506,2.3,10.9706015923939
"U-29",2019,144.211288447962,61.663180287995,-176.45941403506,1.8,4.97129003428051
"U-29",2021,61.0202813993592,61.663180287995,-176.45941403506,1.1,4.11123117475377
"U-29",2022,878.10423961461,61.663180287995,-176.45941403506,0,6.77776703974689
"U-29",2023,1212.34183771012,61.663180287995,-176.45941403506,0.5,7.10031042366215
"V-25",1988,1862.7843148034,61.9972881946972,-173.739113526124,-1.6,7.52982840599227
"V-25",1989,6369.7831300442,61.9972881946972,-173.739113526124,-0.5,8.75932094084947
"V-25",1990,7946.29136176902,61.9972881946972,-173.739113526124,-0.7,8.98046079451852
"V-25",1991,1666.00849385374,61.9972881946972,-173.739113526124,-1.6,7.41818683248917
"V-25",1992,2579.88730823911,61.9972881946972,-173.739113526124,-1.5,7.85550158655297
"V-25",1993,2573.62759640628,61.9972881946972,-173.739113526124,-1.2,7.85307228874813
"V-25",1994,6918.18234213932,61.9972881946972,-173.739113526124,-1.4,8.84190856627315
"V-25",1995,6310.53422391534,61.9972881946972,-173.739113526124,-1.7,8.74997585563254
"V-25",1996,7548.91042144036,61.9972881946972,-173.739113526124,-1.2,8.92915871793459
"V-25",1997,16955.6752601512,61.9972881946972,-173.739113526124,-1.3,9.73835796992894
"V-25",1998,1850.77854742666,61.9972881946972,-173.739113526124,-0.1,7.52336248642542
"V-25",1999,1092.14855912902,61.9972881946972,-173.739113526124,-1.7,6.99590358053341
"V-25",2000,5380.63161321716,61.9972881946972,-173.739113526124,-1.6,8.59056132869604
"V-25",2001,1407.32993911625,61.9972881946972,-173.739113526124,-1.4,7.24945060688047
"V-25",2002,1209.39976139159,61.9972881946972,-173.739113526124,-0.3,7.09788070607575
"V-25",2003,3263.75948814481,61.9972881946972,-173.739113526124,-0.8,8.09063549238154
"V-25",2004,1994.62757503168,61.9972881946972,-173.739113526124,-1.1,7.59821339397999
"V-25",2005,3518.43190250887,61.9972881946972,-173.739113526124,-0.6,8.16577111866095
"V-25",2006,2570.58364134665,61.9972881946972,-173.739113526124,-1.4,7.85188884060527
"V-25",2007,3025.35519332131,61.9972881946972,-173.739113526124,-1.5,8.01478428475634
"V-25",2008,3777.60450023756,61.9972881946972,-173.739113526124,-1.6,8.23684575958444
"V-25",2009,1033.27560358712,61.9972881946972,-173.739113526124,-1.7,6.94049070228769
"V-25",2010,7069.68692774277,61.9972881946972,-173.739113526124,-1.5,8.86357169090171
"V-25",2011,5463.75749776493,61.9972881946972,-173.739113526124,-1.6,8.60589229636246
"V-25",2012,2445.59569430831,61.9972881946972,-173.739113526124,-1.6,7.80204463087561
"V-25",2013,22910.4672686361,61.9972881946972,-173.739113526124,-1.6,10.0393492373542
"V-25",2014,2661.0640109855,61.9972881946972,-173.739113526124,-1.5,7.88648189653918
"V-25",2015,653.235015156574,61.9972881946972,-173.739113526124,-0.8,6.48193928971759
"V-25",2016,2150.62416330458,61.9972881946972,-173.739113526124,-1.3,7.67351409355027
"V-25",2017,3457.75299817941,61.9972881946972,-173.739113526124,-1.5,8.14837467373486
"V-25",2018,400.041834471194,61.9972881946972,-173.739113526124,2,5.99157292351422
"V-25",2019,2141.0628106046,61.9972881946972,-173.739113526124,1,7.66905833439943
"V-25",2021,107.205252883642,61.9972881946972,-173.739113526124,-0.3,4.67475941197875
"V-25",2022,5101.34417249708,61.9972881946972,-173.739113526124,-1.2,8.53725964487538
"V-25",2023,3305.41874924997,61.9972881946972,-173.739113526124,-1.4,8.10331890537863
"V-26",1988,19234.373451478,61.9990676517893,-174.50242822812,-1.6,9.86445432024297
"V-26",1989,1450.29682441649,61.9990676517893,-174.50242822812,-0.5,7.27952456794469
"V-26",1990,7316.19704356226,61.9990676517893,-174.50242822812,-1.3,8.89784614993014
"V-26",1991,7085.13616179088,61.9990676517893,-174.50242822812,-1.7,8.86575458457272
"V-26",1992,6665.28365752879,61.9990676517893,-174.50242822812,-1.6,8.80466801878963
"V-26",1993,6729.4535677179,61.9990676517893,-174.50242822812,-1.4,8.81424945147933
"V-26",1994,15492.2770784961,61.9990676517893,-174.50242822812,-2.1,9.64809702375055
"V-26",1995,9259.9657074441,61.9990676517893,-174.50242822812,-1.7,9.13345578831264
"V-26",1996,13502.3835159227,61.9990676517893,-174.50242822812,-0.6,9.51062161803444
"V-26",1997,9209.79897252516,61.9990676517893,-174.50242822812,-0.9,9.12802346679601
"V-26",1998,5995.74613274695,61.9990676517893,-174.50242822812,-0.1,8.69880577214395
"V-26",1999,4247.32469532133,61.9990676517893,-174.50242822812,-1.7,8.35404493776186
"V-26",2000,1601.18132188874,61.9990676517893,-174.50242822812,-1.6,7.37849791030432
"V-26",2001,10226.3815139603,61.9990676517893,-174.50242822812,-1.3,9.23272623165671
"V-26",2002,719.163897521497,61.9990676517893,-174.50242822812,-0.4,6.57809139518525
"V-26",2003,1379.20420065086,61.9990676517893,-174.50242822812,-0.4,7.22926304657378
"V-26",2004,3879.87073476856,61.9990676517893,-174.50242822812,-1.4,8.26355750764464
"V-26",2005,1130.57982933565,61.9990676517893,-174.50242822812,-1.4,7.0304872464721
"V-26",2006,1385.36147931241,61.9990676517893,-174.50242822812,-1.6,7.23371747652162
"V-26",2007,3787.62254865061,61.9990676517893,-174.50242822812,-1.5,8.23949420626887
"V-26",2008,9911.5350291724,61.9990676517893,-174.50242822812,-1.6,9.2014546655182
"V-26",2009,9258.25015042637,61.9990676517893,-174.50242822812,-1.7,9.13327050515637
"V-26",2010,10275.381659043,61.9990676517893,-174.50242822812,-1.5,9.2375063308816
"V-26",2011,6302.6856150211,61.9990676517893,-174.50242822812,-1.6,8.74873135056282
"V-26",2012,8838.00225780294,61.9990676517893,-174.50242822812,-1.6,9.08681631296412
"V-26",2013,2914.22610139203,61.9990676517893,-174.50242822812,-1.7,7.9773600962071
"V-26",2014,2125.34824532981,61.9990676517893,-174.50242822812,-1.5,7.66169166252972
"V-26",2015,251.230661972266,61.9990676517893,-174.50242822812,-1.1,5.52637753312769
"V-26",2016,8531.57801346863,61.9990676517893,-174.50242822812,-1.4,9.05152979707227
"V-26",2017,948.968662728584,61.9990676517893,-174.50242822812,-1.6,6.8553773767981
"V-26",2018,2588.21260646583,61.9990676517893,-174.50242822812,1.6,7.85872338979726
"V-26",2019,7840.656500669,61.9990676517893,-174.50242822812,-0.3,8.9670780408313
"V-26",2021,1016.16852805798,61.9990676517893,-174.50242822812,-0.6,6.92379598273471
"V-26",2022,2581.08670792232,61.9990676517893,-174.50242822812,-1.3,7.8559663821498
"V-26",2023,2956.57780881809,61.9990676517893,-174.50242822812,-1.6,7.99178824637685
"V-27",1988,2099.69826456796,61.9929597170353,-175.151942260845,-1.5,7.64954965301952
"V-27",1989,3214.47735059202,61.9929597170353,-175.151942260845,-0.4,8.0754205299196
"V-27",1990,1800.45418015917,61.9929597170353,-175.151942260845,-1.4,7.49579507773187
"V-27",1991,1417.43667033204,61.9929597170353,-175.151942260845,-1.6,7.25660642884692
"V-27",1992,7237.02053568369,61.9929597170353,-175.151942260845,-1.6,8.88696508227397
"V-27",1993,4866.2083603197,61.9929597170353,-175.151942260845,NA,8.49007065409441
"V-27",1994,9304.19908875903,61.9929597170353,-175.151942260845,-1.4,9.13822125535895
"V-27",1995,8073.73179867612,61.9929597170353,-175.151942260845,-1.7,8.99637127103293
"V-27",1996,3224.22313556329,61.9929597170353,-175.151942260845,0,8.07844778296181
"V-27",1997,951.566542034772,61.9929597170353,-175.151942260845,-0.5,6.85811121384203
"V-27",1998,3042.17036185358,61.9929597170353,-175.151942260845,0.6,8.02032697362082
"V-27",1999,868.256104666208,61.9929597170353,-175.151942260845,-1.7,6.76648847143785
"V-27",2000,867.860109428526,61.9929597170353,-175.151942260845,-1.6,6.76603228705498
"V-27",2001,259.318295739657,61.9929597170353,-175.151942260845,-0.8,5.55806210374064
"V-27",2002,280.197496649561,61.9929597170353,-175.151942260845,-1,5.63550011887187
"V-27",2003,626.768100821511,61.9929597170353,-175.151942260845,0.5,6.44057903971877
"V-27",2004,4951.74232526744,61.9929597170353,-175.151942260845,-1.3,8.50749508518076
"V-27",2005,1436.55784293481,61.9929597170353,-175.151942260845,-1.4,7.27000620118217
"V-27",2006,964.929218034438,61.9929597170353,-175.151942260845,-1.6,6.87205632308932
"V-27",2007,1211.77944912679,61.9929597170353,-175.151942260845,-1.4,7.09984643046847
"V-27",2008,1496.26504771564,61.9929597170353,-175.151942260845,-1.4,7.31072832859443
"V-27",2009,1876.24519651086,61.9929597170353,-175.151942260845,-1.6,7.53702863208742
"V-27",2010,9470.88568900137,61.9929597170353,-175.151942260845,-1.5,9.15597786789976
"V-27",2011,6515.91936205104,61.9929597170353,-175.151942260845,0.1,8.78200382730499
"V-27",2012,15404.9331506214,61.9929597170353,-175.151942260845,-1.4,9.64244317012998
"V-27",2013,2702.6800314533,61.9929597170353,-175.151942260845,-1.6,7.90199972575607
"V-27",2014,291.64644614628,61.9929597170353,-175.151942260845,-1.6,5.67554747421679
"V-27",2015,235.079727478799,61.9929597170353,-175.151942260845,-1,5.45993118171029
"V-27",2016,711.116707307396,61.9929597170353,-175.151942260845,-1.5,6.56683869691944
"V-27",2017,360.989264918375,61.9929597170353,-175.151942260845,-1.3,5.88885242714505
"V-27",2018,1216.70742462699,61.9929597170353,-175.151942260845,1.9,7.10390490503142
"V-27",2019,20429.3390737225,61.9929597170353,-175.151942260845,0.4,9.92472741084256
"V-27",2021,136.864659424706,61.9929597170353,-175.151942260845,-0.3,4.9190036445405
"V-27",2022,5823.10409890531,61.9929597170353,-175.151942260845,-1.6,8.66958900963344
"V-27",2023,4830.98341107739,61.9929597170353,-175.151942260845,-1.6,8.48280564501277
"V-28",1988,1210.54311016705,61.9941524613364,-175.843470223227,-1.5,7.09882564361055
"V-28",1989,1856.43357364911,61.9941524613364,-175.843470223227,0.7,7.52641331049022
"V-28",1990,7286.15925072491,61.9941524613364,-175.843470223227,-1.2,8.89373204281579
"V-28",1991,1527.9133248669,61.9941524613364,-175.843470223227,-1.6,7.33165923735366
"V-28",1992,4468.84134510213,61.9941524613364,-175.843470223227,-1.5,8.40488478687929
"V-28",1993,51396.5973970825,61.9941524613364,-175.843470223227,-0.3,10.8473272802953
"V-28",1994,14712.1183750052,61.9941524613364,-175.843470223227,-1.8,9.59642691561512
"V-28",1995,15153.5327011713,61.9941524613364,-175.843470223227,-0.4,9.6259890655541
"V-28",1996,2736.58830725031,61.9941524613364,-175.843470223227,0.7,7.91446783507385
"V-28",1997,1713.69428329908,61.9941524613364,-175.843470223227,0.6,7.44640760484152
"V-28",1998,4566.41196873285,61.9941524613364,-175.843470223227,1,8.42648338084625
"V-28",1999,4878.02249476347,61.9941524613364,-175.843470223227,-1.2,8.49249550151978
"V-28",2000,3788.40555165235,61.9941524613364,-175.843470223227,-1.5,8.23970091159791
"V-28",2001,6021.96742583302,61.9941524613364,-175.843470223227,NA,8.70316955198313
"V-28",2002,326.833962495019,61.9941524613364,-175.843470223227,-1.5,5.78945692788651
"V-28",2003,664.809372428172,61.9941524613364,-175.843470223227,1.6,6.4995026255801
"V-28",2004,4416.49218974927,61.9941524613364,-175.843470223227,-0.2,8.3931013815696
"V-28",2005,2837.96428104534,61.9941524613364,-175.843470223227,-0.4,7.95084280672624
"V-28",2006,1293.92366651162,61.9941524613364,-175.843470223227,-1.6,7.16543565650538
"V-28",2007,490.103848571629,61.9941524613364,-175.843470223227,-1.2,6.1946204027066
"V-28",2008,1124.35168048268,61.9941524613364,-175.843470223227,-1,7.02496321500989
"V-28",2009,231.885313870634,61.9941524613364,-175.843470223227,-1.6,5.44624946089474
"V-28",2010,5763.1645935061,61.9941524613364,-175.843470223227,-1.2,8.65924227488845
"V-28",2011,3240.86994913458,61.9941524613364,-175.843470223227,0.6,8.08359754409381
"V-28",2012,9328.63420480981,61.9941524613364,-175.843470223227,-0.9,9.14084405841749
"V-28",2013,4432.67336762939,61.9941524613364,-175.843470223227,-1.4,8.39675849257213
"V-28",2014,1174.34501257588,61.9941524613364,-175.843470223227,-0.7,7.06846712805705
"V-28",2015,1179.44541523882,61.9941524613364,-175.843470223227,-0.4,7.07280090731362
"V-28",2016,1480.77469173152,61.9941524613364,-175.843470223227,-0.5,7.30032169560619
"V-28",2017,6413.18321575619,61.9941524613364,-175.843470223227,0.2,8.7661112649396
"V-28",2018,11042.0952016304,61.9941524613364,-175.843470223227,2,9.30947022209478
"V-28",2019,15803.0733790525,61.9941524613364,-175.843470223227,1.2,9.66795981384564
"V-28",2021,135.785345225681,61.9941524613364,-175.843470223227,0,4.91108647750129
"V-28",2022,7507.75188702201,61.9941524613364,-175.843470223227,-1.6,8.9236915529292
"V-28",2023,6670.54110146469,61.9941524613364,-175.843470223227,-1.3,8.80545648791037
"Z-05",1988,0,54.6894241414141,-165.148970707071,4.1,-6.49007147502806
"Z-05",1989,17.9791651354972,54.6894241414141,-165.148970707071,5.3,2.88929804700659
"Z-05",1990,0,54.6894241414141,-165.148970707071,5.3,-6.49007147502806
"Z-05",1991,0,54.6894241414141,-165.148970707071,5.1,-6.49007147502806
"Z-05",1992,0,54.6894241414141,-165.148970707071,6.5,-6.49007147502806
"Z-05",1993,0,54.6894241414141,-165.148970707071,5.5,-6.49007147502806
"Z-05",1994,0,54.6894241414141,-165.148970707071,4.2,-6.49007147502806
"Z-05",1995,0,54.6894241414141,-165.148970707071,4.8,-6.49007147502806
"Z-05",1996,0,54.6894241414141,-165.148970707071,5.7,-6.49007147502806
"Z-05",1997,0,54.6894241414141,-165.148970707071,5.5,-6.49007147502806
"Z-05",1998,0,54.6894241414141,-165.148970707071,5.1,-6.49007147502806
"Z-05",1999,0,54.6894241414141,-165.148970707071,NA,-6.49007147502806
"Z-05",2000,0,54.6894241414141,-165.148970707071,4.5,-6.49007147502806
"Z-05",2001,0,54.6894241414141,-165.148970707071,5.4,-6.49007147502806
"Z-05",2002,0,54.6894241414141,-165.148970707071,4.9,-6.49007147502806
"Z-05",2003,0,54.6894241414141,-165.148970707071,5.3,-6.49007147502806
"Z-05",2004,0,54.6894241414141,-165.148970707071,5.3,-6.49007147502806
"Z-05",2005,0,54.6894241414141,-165.148970707071,NA,-6.49007147502806
"Z-05",2006,0,54.6894241414141,-165.148970707071,5.1,-6.49007147502806
"Z-05",2007,0,54.6894241414141,-165.148970707071,4.3,-6.49007147502806
"Z-05",2008,0,54.6894241414141,-165.148970707071,4,-6.49007147502806
"Z-05",2009,0,54.6894241414141,-165.148970707071,5,-6.49007147502806
"Z-05",2010,0,54.6894241414141,-165.148970707071,4.8,-6.49007147502806
"Z-05",2011,0,54.6894241414141,-165.148970707071,5.3,-6.49007147502806
"Z-05",2012,0,54.6894241414141,-165.148970707071,3.5,-6.49007147502806
"Z-05",2013,0,54.6894241414141,-165.148970707071,4.6,-6.49007147502806
"Z-05",2014,0,54.6894241414141,-165.148970707071,5.6,-6.49007147502806
"Z-05",2015,0,54.6894241414141,-165.148970707071,5.9,-6.49007147502806
"Z-05",2016,0,54.6894241414141,-165.148970707071,5.7,-6.49007147502806
"Z-05",2017,0,54.6894241414141,-165.148970707071,6.1,-6.49007147502806
"Z-05",2018,0,54.6894241414141,-165.148970707071,5.8,-6.49007147502806
"Z-05",2019,0,54.6894241414141,-165.148970707071,5.9,-6.49007147502806
"Z-05",2021,0,54.6894241414141,-165.148970707071,5.8,-6.49007147502806
"Z-05",2022,0,54.6894241414141,-165.148970707071,4.6,-6.49007147502806
"Z-05",2023,0,54.6894241414141,-165.148970707071,5.4,-6.49007147502806
