"X","Y","L1","L2"
401.561163185866,6783.10009323324,1,1
490.094325057439,6781.88441907909,1,1
496.291706131937,6707.19833371257,1,1
540.65079700675,6707.32571288189,1,1
571.54530182943,6708.01202717539,1,1
608.95833514936,6709.19070073734,1,1
646.73737731264,6710.29270302241,1,1
753.73318214106,6716.18060535992,1,1
750.911009882652,6715.81330388571,1,1
750.516416119788,6713.55116335987,1,1
748.627584636185,6708.95152406229,1,1
747.604472618168,6707.7642958331,1,1
747.131098693398,6706.61450794752,1,1
746.182370329044,6704.31599015406,1,1
743.030497380871,6701.86901306966,1,1
740.901798526787,6700.60964992022,1,1
738.699280485176,6700.46406805494,1,1
736.017727988821,6699.17187481278,1,1
734.436883354372,6697.95235455289,1,1
732.783635289367,6697.8458972946,1,1
730.649326292489,6696.59312056354,1,1
729.617619619352,6695.4112715013,1,1
727.963231583578,6695.30714112103,1,1
725.274594501035,6694.02262011985,1,1
723.135670128657,6692.77445558081,1,1
720.928645910835,6692.63963595387,1,1
718.788429699004,6691.39365441892,1,1
716.579720586313,6691.26153084202,1,1
713.884577247818,6689.98597145987,1,1
712.292737282706,6688.77628744478,1,1
700.691580523793,6688.11856916432,1,1
699.09495779288,6686.91526158182,1,1
697.989378967641,6686.85508339153,1,1
696.943907642025,6685.68224343207,1,1
696.391363000791,6685.65248194916,1,1
695.897695832182,6684.51025674821,1,1
695.404570248591,6683.36818000496,1,1
695.464139544871,6682.25525576241,1,1
694.970486030505,6681.11318088145,1,1
695.583315511883,6680.02993305939,1,1
695.089254219222,6678.88788728784,1,1
695.208059625203,6676.66260453341,1,1
688.059909181908,6675.17215086159,1,1
691.063853905592,6638.51078722843,1,1
754.880254810764,6642.3498838572,1,1
755.516177240147,6641.2766170423,1,1
758.315117011846,6641.47069799458,1,1
758.95219432122,6640.39770749818,1,1
761.192274773426,6640.55478234179,1,1
765.989989472527,6636.42600550371,1,1
766.630042205828,6635.35462244524,1,1
767.831817881834,6634.32340892396,1,1
769.113832914148,6632.18134736544,1,1
770.236379991129,6632.26274480356,1,1
771.440148923704,6631.23251954627,1,1
774.246909833152,6631.4384270264,1,1
775.848239927885,6632.67481451229,1,1
776.409069162026,6632.71656240851,1,1
776.887072422182,6633.86968661051,1,1
777.365616948609,6635.02295946501,1,1
777.842872638419,6636.17667709134,1,1
778.320643242294,6637.33015027003,1,1
777.820332268766,6643.99975306961,1,1
802.989918565484,6645.97452125987,1,1
806.551977235289,6609.35148372902,1,1
844.483016915108,6611.5263669295,1,1
853.411604615799,6613.47803599774,1,1
916.021544692382,6619.91629383351,1,1
920.780719688302,6582.26923291303,1,1
954.366608099716,6586.1506239508,1,1
958.750947461903,6549.5730050044,1,1
996.657607418581,6554.29941939962,1,1
1000.95450188424,6516.56605290111,1,1
1187.04152798062,6546.30870727461,1,1
1190.81143947982,6508.30576991756,1,1
1264.5107870328,6523.2316625103,1,1
1274.59512443496,6437.22289305462,1,1
1273.40650704101,6436.99295837875,1,1
1273.02524197231,6435.77731964383,1,1
1271.45428089547,6434.33210908938,1,1
1270.47659137871,6433.00217438642,1,1
1269.28678855554,6432.7735538959,1,1
1267.71341015928,6431.32991877302,1,1
1267.11875015137,6431.21610088414,1,1
1265.54400190633,6429.77379969291,1,1
1264.56324260625,6428.44511450008,1,1
1262.77714565589,6428.10524735153,1,1
1261.79501986158,6426.77776818074,1,1
1260.6035646882,6426.5519064647,1,1
1260.21673060322,6425.33777761932,1,1
1258.84528512605,6422.79668143316,1,1
1257.86034195955,6421.46984528699,1,1
1257.26433285214,6421.35756553924,1,1
1256.2783813044,6420.03161598629,1,1
1256.09588301671,6417.71607146474,1,1
1254.71791238391,6415.17661775817,1,1
1253.13197123199,6413.73982389189,1,1
1252.73959262315,6412.52607411788,1,1
1251.95548261484,6410.09935829001,1,1
1251.5619174611,6408.88617978265,1,1
1250.57097880243,6407.56160469984,1,1
1249.9720627508,6407.45044708681,1,1
1249.57834886116,6406.23759933149,1,1
1248.58505652931,6404.91345611371,1,1
1247.98667020673,6404.80277879521,1,1
1247.59094390347,6403.59004149234,1,1
1239.00436745807,6403.15220290797,1,1
1239.60813349524,6399.84509978935,1,1
1239.2101314662,6398.6334981838,1,1
1237.8126210845,6396.10084142331,1,1
1237.61371925553,6393.78664954904,1,1
1236.41142670476,6390.15204403712,1,1
1235.6093172901,6387.72933003426,1,1
1234.00490824622,6386.30068915242,1,1
1233.80035413408,6383.98663813074,1,1
1233.39742978778,6382.77579723599,1,1
1233.59583706708,6381.67317607731,1,1
1232.58973412978,6380.35360674791,1,1
1232.38366626359,6378.03977494563,1,1
1231.37583977856,6376.72099121754,1,1
1230.77347923287,6376.61314145237,1,1
1229.76483903526,6375.29438171718,1,1
1229.35905920155,6374.0840001554,1,1
1228.75538184292,6373.97634857835,1,1
1228.95206499965,6372.87312236527,1,1
1228.34915850207,6372.76567914393,1,1
1228.13871200582,6370.45259560705,1,1
1227.12719902021,6369.13463398474,1,1
1226.31044234168,6366.71396036224,1,1
1225.29708479358,6365.39695453072,1,1
1225.49228549836,6364.29354864995,1,1
1224.47873967056,6362.97692278574,1,1
1223.26913839076,6362.76355432393,1,1
1222.85905641302,6361.55395522635,1,1
1204.10425934643,6358.29565409784,1,1
1205.72383782139,6341.53001345888,1,1
1204.69650255641,6340.21843962857,1,1
1204.08902994199,6340.1148928733,1,1
1203.06072802114,6338.80420543127,1,1
1202.64049495425,6337.5970982806,1,1
1201.00297783916,6336.18338985658,1,1
1199.78596853785,6335.97749000198,1,1
1196.50685527379,6333.15369513235,1,1
1193.64740971658,6331.53905859168,1,1
1192.00476696192,6330.12925703213,1,1
1189.14198006738,6328.51793718959,1,1
1186.88750802357,6327.00967804623,1,1
1183.59249653304,6324.19692510091,1,1
1179.07404065999,6321.18776860751,1,1
1176.02195189495,6320.69076171707,1,1
1174.98008874896,6319.38743901459,1,1
1173.14839121063,6319.09086026624,1,1
1172.10518111206,6317.78878772978,1,1
1170.45068618864,6316.3882839886,1,1
1170.01763689941,6315.18526205793,1,1
1167.74937021185,6313.68806459242,1,1
1167.31514639278,6312.48491059202,1,1
1163.99753963117,6309.68927120621,1,1
1160.93517312576,6301.27319059893,1,1
1159.88366026603,6299.97482963999,1,1
1159.44374002559,6298.77252961165,1,1
1157.95020567397,6296.27248554951,1,1
1156.89533498864,6294.97482187169,1,1
1157.06832539057,6293.86949269717,1,1
1156.45449238825,6293.77349095707,1,1
1156.62737913992,6292.66774448303,1,1
1156.0133719427,6292.57183576756,1,1
1155.57090251109,6291.37048834878,1,1
1149.42598430476,6290.4163695722,1,1
1148.98151280924,6289.21543714085,1,1
1149.15214462745,6288.10992616506,1,1
1149.93848443541,6287.09905300087,1,1
1150.10923108808,6285.99353413225,1,1
1150.72414905007,6286.08855199403,1,1
1151.51014867112,6285.07777543077,1,1
1151.68118973098,6283.97228372376,1,1
1152.46852069681,6282.96217425808,1,1
1152.81086257706,6280.7508450668,1,1
1152.53618615719,6278.44398809135,1,1
1151.47479029503,6277.14769566302,1,1
1151.19848730911,6274.84101265064,1,1
1150.5819218398,6274.74599882702,1,1
1150.13541067974,6273.54555906839,1,1
1101.98098043675,6266.42078863392,1,1
1103.25487234901,6248.53525498031,1,1
1102.47743999141,6249.55417020038,1,1
1102.01403567466,6248.35978226217,1,1
1100.30902611452,6246.99056847767,1,1
1099.06781133633,6246.81595542627,1,1
1097.36144193656,6245.44757260632,1,1
1093.63741295714,6244.92769138654,1,1
1091.30823846333,6243.47605000394,1,1
1087.58186644278,6242.96143791978,1,1
1083.38681303209,6241.25787080745,1,1
1080.43110722603,6239.72756773427,1,1
1075.45990192741,6239.05526938168,1,1
1073.74434643205,6237.696920252,1,1
1071.4062552456,6236.25666116892,1,1
1068.91854214153,6235.92510167126,1,1
1067.82255986112,6234.65208402784,1,1
1066.57828487049,6234.48724705146,1,1
1067.27404537302,6224.43604292625,1,1
1059.79127039325,6223.45433451357,1,1
1059.31226066652,6222.26504620771,1,1
1058.68795246397,6222.18385255149,1,1
1058.83190898937,6221.0761914878,1,1
1057.24729496099,6218.61740845932,1,1
1056.14269232127,6217.34778756454,1,1
1055.03636251567,6216.07883131266,1,1
1054.071841585,6213.70193033002,1,1
1052.1971501975,6213.46132290214,1,1
1049.98030453982,6210.92568730876,1,1
1048.72946103393,6210.766378528,1,1
1047.61918181097,6209.49948763125,1,1
1045.5374611607,6205.8579687085,1,1
1043.10254668019,6199.9228074922,1,1
1041.98723974145,6198.65758449416,1,1
1041.63757163304,6196.36260514049,1,1
1041.14891059539,6195.17576273299,1,1
1040.16953403339,6192.80303832633,1,1
1039.05121075638,6191.53829709576,1,1
1038.42355758069,6191.46039224461,1,1
1037.30433170381,6190.19658859402,1,1
1036.321198136,6187.82447670597,1,1
1034.57190510825,6186.483589369,1,1
1033.94356896906,6186.4063512558,1,1
1032.82160922841,6185.14386760135,1,1
1031.83434510476,6182.77292477774,1,1
1031.20548780359,6182.69613960278,1,1
1031.34069187839,6181.58780193141,1,1
1030.0816043471,6181.43440181996,1,1
997.848163368558,6178.7566436336,1,1
997.345453538374,6177.57593929387,1,1
997.471996246617,6176.46665112688,1,1
998.228073454659,6175.42960369842,1,1
993.818341681741,6174.92839539425,1,1
993.31296452226,6173.74772508947,1,1
992.177210187503,6172.49649714403,1,1
990.917091280968,6172.35469611929,1,1
989.398406674089,6168.81462183774,1,1
988.89082612619,6167.63493452553,1,1
988.507684610989,6165.34599938459,1,1
988.000164486313,6164.16657399052,1,1
988.123789964118,6163.05710083765,1,1
988.878842217787,6162.0184048666,1,1
989.51042567088,6162.08890814392,1,1
992.287427536193,6160.15348353612,1,1
994.183882319684,6160.3667880045,1,1
995.573754863588,6159.4004774789,1,1
999.999320596809,6159.90264895437,1,1
1001.26274534894,6148.81144307302,1,1
993.131556199159,6141.154620093,1,1
956.411313115416,6136.08580449156,1,1
926.542621168982,6133.10396482879,1,1
929.001093583116,6107.57020182694,1,1
927.722229034259,6107.44743962075,1,1
926.338194371562,6108.4351248655,1,1
923.142195889231,6108.13082779895,1,1
920.481143351638,6108.99962075637,1,1
919.202811921527,6108.87928781422,1,1
917.389621862064,6107.58890341538,1,1
915.472007584728,6107.40995277586,1,1
913.119962301064,6104.95174313841,1,1
912.583295772689,6103.78245861441,1,1
911.405762852145,6102.55423473465,1,1
911.508045128083,6101.44363306189,1,1
911.072378631798,6099.16395360101,1,1
910.533219342676,6097.99489500605,1,1
909.994722914882,6096.82554602035,1,1
910.198006200142,6094.60511905067,1,1
893.530065206598,6093.11050716864,1,1
895.477767379946,6070.89829422237,1,1
894.832800323211,6070.84185491425,1,1
893.641635058503,6069.61860370115,1,1
892.352335035441,6069.5064398988,1,1
891.804433836038,6068.34009190088,1,1
889.869539064586,6068.17275479307,1,1
889.320804944057,6067.00631168981,1,1
888.12616801492,6065.7848824902,1,1
887.576642222797,6064.61912129074,1,1
886.931764051415,6064.56394905274,1,1
886.380806289803,6063.3978098824,1,1
886.665141625931,6060.0658208045,1,1
887.406519749167,6059.01009525862,1,1
887.501404880969,6057.89955975655,1,1
888.147235873543,6057.95481425031,1,1
888.888205151441,6056.89917807616,1,1
888.983417207461,6055.78868518859,1,1
871.528627598212,6054.32644406363,1,1
846.415055387492,6052.33851089638,1,1
846.946907552705,6053.32956807765,1,1
847.271472462847,6054.02923797305,1,1
847.529516869774,6054.61133790992,1,1
847.819164748832,6055.27176625037,1,1
848.079900290637,6055.81699434136,1,1
848.317454604843,6056.17163709241,1,1
848.65301488219,6056.7226594861,1,1
848.988511359535,6057.27243448101,1,1
849.391169872671,6057.94083904,1,1
849.76870512373,6058.41893622699,1,1
850.144268215824,6058.93440395853,1,1
850.624353214083,6059.57060914783,1,1
850.972729509471,6059.93525193095,1,1
851.277002769466,6060.40781449807,1,1
851.523525539021,6061.13901972077,1,1
851.741137579575,6061.7562579485,1,1
851.911630020012,6062.51954989436,1,1
851.881650810692,6062.93077173985,1,1
851.920728125863,6063.42206330497,1,1
852.064255387056,6064.03361742822,1,1
852.51930500739,6065.00581390626,1,1
852.707850739253,6065.50793435425,1,1
852.969272764612,6066.05238687958,1,1
853.266988337042,6066.6000943796,1,1
853.703467704281,6067.30797572655,1,1
853.906392999967,6067.6236218116,1,1
854.175220427494,6068.0570481422,1,1
854.59844105283,6068.42585139644,1,1
855.140554522625,6068.7289808532,1,1
855.5695894382,6069.02287354044,1,1
855.953175218382,6069.42788774038,1,1
856.302412990202,6069.79065070242,1,1
856.505004601297,6070.10639701055,1,1
856.781360473213,6070.42760045403,1,1
857.223795471868,6071.06091066314,1,1
857.607136059135,6071.46443080518,1,1
857.958996318948,6071.79088809705,1,1
858.382637097486,6072.15971510643,1,1
858.76674415677,6072.563814511,1,1
859.18716833707,6072.97085045616,1,1
860.127938255626,6073.9790458514,1,1
860.50085705926,6074.53215318442,1,1
860.868676335926,6075.1599576462,1,1
861.337297084548,6075.94649839184,1,1
861.621275616621,6076.68026473925,1,1
861.810122825516,6077.18293492099,1,1
862.068539670082,6077.76502000838,1,1
862.26532106302,6078.1553244567,1,1
862.384410516993,6078.57781328457,1,1
862.516684123544,6079.33874739821,1,1
862.523943941264,6079.75180706236,1,1
862.57232635288,6080.13148724261,1,1
862.720615440034,6080.66760188117,1,1
862.606853379473,6081.18520425828,1,1
862.500074021076,6081.62833318991,1,1
862.07713729586,6082.2728691165,1,1
861.77004049388,6082.88881736934,1,1
861.505254977199,6083.43355714123,1,1
861.151084901146,6084.15876002703,1,1
860.748470516687,6084.54227837405,1,1
860.350011675246,6084.85027497155,1,1
859.9092827684,6085.23076679451,1,1
859.436367752268,6085.53414722907,1,1
859.078304025084,6085.80831077149,1,1
858.539005766839,6085.99346803308,1,1
857.733211055146,6086.23416503139,1,1
857.158824507092,6086.3799093876,1,1
856.438520740884,6086.4766797721,1,1
855.757473166397,6086.53907645245,1,1
855.269509356543,6086.54055633596,1,1
854.445449029454,6086.51807414616,1,1
853.655816606061,6086.53429458764,1,1
853.012053567203,6086.59966165053,1,1
852.36646466965,6086.70203400333,1,1
851.680720959198,6086.83975771287,1,1
850.794427616929,6087.14908440064,1,1
850.150977931166,6087.21398409927,1,1
849.326249132375,6087.19113656567,1,1
848.352619514461,6087.1568495408,1,1
846.503787925534,6087.28325748148,1,1
845.705869615687,6087.41188601012,1,1
845.022591195372,6087.51113742054,1,1
844.532094255702,6087.5506578841,1,1
844.000542790321,6087.62374388875,1,1
843.280175793174,6087.72079734373,1,1
842.674297176291,6087.78831227543,1,1
841.302410331981,6088.062780196,1,1
840.463959183117,6088.2259445918,1,1
839.786648057908,6088.25178134935,1,1
838.996871118388,6088.26791551128,1,1
837.980998745683,6088.30557176594,1,1
836.886040919003,6088.3749970264,1,1
835.947607457095,6088.38054354367,1,1
835.155161684872,6088.4341981565,1,1
834.555241937462,6088.42737641082,1,1
833.762776478213,6088.48262476154,1,1
833.119203047882,6088.54732115798,1,1
832.516634150945,6088.57766331247,1,1
831.878605139138,6088.56837057698,1,1
830.182660845938,6088.66784255824,1,1
829.392183933434,6088.68478285911,1,1
828.612013048364,6088.58968093586,1,1
827.976782903118,6088.5432106158,1,1
827.240948260637,6088.33862449897,1,1
826.65934822079,6088.06954086113,1,1
826.016761873786,6087.60938585587,1,1
825.483993571265,6087.19405574553,1,1
824.957460657433,6086.70460249497,1,1
824.280006803033,6086.20437371132,1,1
823.465351790509,6085.54350972841,1,1
822.791235524857,6085.00581326068,1,1
822.436943093209,6084.71662807702,1,1
821.921978572418,6084.56592969101,1,1
821.209217427459,6084.55067538261,1,1
820.53204261347,6084.57604913005,1,1
819.601387837023,6084.46929450195,1,1
818.650314747646,6084.13713374305,1,1
817.812420399837,6083.77526537606,1,1
816.264267278936,6082.87195188263,1,1
815.297425800437,6082.23782835696,1,1
814.542323109814,6081.7695264313,1,1
813.671173207872,6081.3669995369,1,1
813.127270279074,6081.10120951987,1,1
812.535626626342,6080.98296174401,1,1
811.631272414001,6081.02840408884,1,1
811.132301058255,6081.17916904694,1,1
810.384755419396,6081.65022488089,1,1
810.01939295766,6082.03610004172,1,1
809.76732010947,6082.3927671804,1,1
809.543326544283,6082.90087890851,1,1
809.229958195874,6083.59198459224,1,1
808.954019939813,6084.28439647623,1,1
808.777562483992,6084.64626174847,1,1
808.35287083277,6085.32847945724,1,1
807.914525572865,6086.19724029554,1,1
807.487137411513,6086.39031423775,1,1
807.110726745247,6086.40031800279,1,1
806.471453464247,6086.42775966812,1,1
806.051792434954,6086.50988334638,1,1
805.209432525399,6086.74731211669,1,1
804.652184480687,6086.66945337942,1,1
803.902053786752,6086.65097013655,1,1
803.414177368408,6086.65249542777,1,1
802.880571600089,6086.7638108883,1,1
802.267596326676,6086.94354859468,1,1
801.685931638543,6087.20048111057,1,1
801.063605237546,6087.49214217321,1,1
799.985844631567,6087.86336809051,1,1
799.570050044809,6087.90716479382,1,1
798.663071108116,6087.99061486376,1,1
797.758648715861,6088.03659659882,1,1
796.664994440286,6088.10597564692,1,1
795.836075377377,6088.15642167582,1,1
795.273198545836,6088.15255701691,1,1
794.598807282898,6088.14065477916,1,1
793.920989400766,6088.1655891456,1,1
792.099544521343,6088.44396063348,1,1
791.18735686558,6088.60096583016,1,1
788.797952275769,6088.95025600172,1,1
787.629725603281,6089.01361468548,1,1
786.459185866888,6089.11498617723,1,1
785.4350622245,6089.26381925376,1,1
784.402867609034,6089.52527729346,1,1
783.404606705252,6089.82738769885,1,1
782.567454158347,6089.99084779352,1,1
781.541379952375,6090.17748343839,1,1
780.436811536099,6090.39602974842,1,1
779.479661929821,6090.66237292142,1,1
778.366520615763,6090.99241915023,1,1
777.254523851925,6091.32325603807,1,1
776.409140898112,6091.59883678969,1,1
775.646048311505,6091.76724494899,1,1
774.648238349732,6092.06867527416,1,1
773.688653122573,6092.37259704507,1,1
772.842795992704,6092.64793777951,1,1
771.925176952188,6092.88031479343,1,1
770.970544358816,6093.11022200364,1,1
769.146684743374,6093.50272571647,1,1
769.026784099143,6093.52852705453,1,1
768.226324793878,6093.69500441433,1,1
767.26579066761,6093.99896346793,1,1
766.424042700852,6094.23651977349,1,1
765.62171614996,6094.43994197612,1,1
764.850161214346,6094.72021992947,1,1
764.113686268136,6095.04016612521,1,1
763.726906189783,6095.19954209073,1,1
762.996911350489,6095.44512806438,1,1
762.262819585974,6095.72930214198,1,1
761.494993115932,6095.97206767957,1,1
760.502785403453,6096.19849188827,1,1
759.393186948611,6096.49234245189,1,1
758.473354168776,6096.76127154493,1,1
757.590579885865,6097.03421100843,1,1
756.63696906508,6097.26363884752,1,1
755.56945775227,6097.48375850811,1,1
754.76956916425,6097.65007865392,1,1
754.236397845779,6097.76011478885,1,1
753.588942002633,6097.899564855,1,1
751.869269614118,6098.33547791007,1,1
750.988550010641,6098.57062056816,1,1
750.221060437044,6098.81313581065,1,1
749.487630467472,6099.09673886758,1,1
748.67721648825,6099.41157273999,1,1
747.095842411439,6100.00671924751,1,1
746.367914767294,6100.21627557461,1,1
745.754218122862,6100.39563103162,1,1
745.023541470336,6100.64101207061,1,1
744.25584880696,6100.88443018189,1,1
743.677383092835,6101.10380992391,1,1
743.250032349441,6101.29795181614,1,1
742.553672686413,6101.58336935642,1,1
741.738302862967,6101.97308835599,1,1
741.066194435189,6102.44854588837,1,1
740.476187539456,6102.81704817265,1,1
739.844315867291,6103.25698204063,1,1
739.21751264704,6103.62363315615,1,1
738.664813694111,6103.99562925934,1,1
738.11020336042,6104.40418982214,1,1
736.922519050314,6105.25342095072,1,1
736.333236850882,6105.62244384616,1,1
735.698271467688,6106.10058379477,1,1
735.104355431837,6106.54310213044,1,1
734.617560823593,6107.03257455577,1,1
733.982992742734,6107.51007976424,1,1
733.431174379345,6107.88268836647,1,1
732.915588990743,6108.25601448757,1,1
732.27549496818,6108.8091611037,1,1
731.830112619417,6109.26275823013,1,1
731.314774747399,6109.63754837482,1,1
730.685734913108,6110.04088712652,1,1
730.248396343543,6110.38277647928,1,1
729.64785982127,6110.90046804035,1,1
729.012419642641,6111.37857487774,1,1
728.415043065612,6111.85955156872,1,1
727.812016901577,6112.41518148621,1,1
726.723943605567,6113.45907026202,1,1
726.077683321739,6114.08625223794,1,1
725.352149031528,6114.78180503378,1,1
723.505162967144,6116.4446988606,1,1
722.817302952745,6117.14246485059,1,1
722.171152115952,6117.77018446918,1,1
721.447738823714,6118.4285670822,1,1
720.914616526904,6119.06293333232,1,1
720.794496744689,6119.17681017364,1,1
720.510978678727,6119.44559035504,1,1
720.025158457677,6119.9352430064,1,1
719.571736940671,6120.50048549562,1,1
719.128649292299,6120.91790850834,1,1
718.602579449217,6121.44140499885,1,1
718.072000623673,6122.03958207997,1,1
717.460377204599,6122.70617360518,1,1
716.937500142908,6123.19257549459,1,1
716.420375553262,6123.60318495917,1,1
715.825862394873,6124.04668075027,1,1
715.227798646022,6124.52701434276,1,1
714.667570491646,6125.01061932795,1,1
714.02186782399,6125.63675723152,1,1
713.536550063894,6126.12535310009,1,1
712.60477917121,6127.06792064988,1,1
712.162089233644,6127.48471691985,1,1
711.750758801554,6127.97909107132,1,1
711.172103105145,6128.72408620138,1,1
710.549500459091,6129.53934227688,1,1
709.642128622324,6130.67114897504,1,1
709.110966893836,6131.26896438293,1,1
708.579858550851,6131.86678470446,1,1
708.136983214426,6132.28431876909,1,1
707.530799506705,6132.87538756126,1,1
707.047693896601,6133.3276695206,1,1
706.571187132254,6133.70419690869,1,1
706.210344684148,6134.01386722408,1,1
705.773297894085,6134.3570403772,1,1
705.216173645238,6134.80270757519,1,1
704.551491987481,6135.16517884153,1,1
703.964942198851,6135.49689730891,1,1
703.309524316275,6135.74770031958,1,1
702.416562867889,6136.16801112039,1,1
701.76297748731,6136.38209443267,1,1
700.37469235527,6136.9154049807,1,1
699.718792322062,6137.16623989799,1,1
699.334308723326,6137.28707072631,1,1
698.63906602904,6137.57371788566,1,1
697.983362514375,6137.82400529222,1,1
697.368026068174,6138.04047261486,1,1
696.706207951331,6138.36629214768,1,1
696.317646408173,6138.56201632493,1,1
695.890525346175,6138.75471273886,1,1
695.541365193212,6138.91611103048,1,1
694.837927587004,6139.31309022627,1,1
694.088167093389,6139.81952020289,1,1
693.565100113079,6140.30577668171,1,1
693.199584874919,6140.69107558491,1,1
692.874404866787,6141.04119747868,1,1
692.591113929862,6141.31956413988,1,1
692.180360499186,6141.81433174981,1,1
691.617574941681,6142.33350563379,1,1
691.25754346397,6142.6443717762,1,1
690.892417440576,6143.02981280609,1,1
690.37176782488,6143.4774772363,1,1
689.966577144682,6143.89698847244,1,1
689.291926918579,6144.26243533876,1,1
688.433312494016,6144.74932508206,1,1
687.872673634318,6145.0105968028,1,1
686.791615131313,6147.55420291684,1,1
686.193726146592,6147.81624640282,1,1
685.526448629673,6148.07577734696,1,1
684.962049576329,6148.30364334418,1,1
684.402553083172,6148.41616076792,1,1
683.8044865832,6148.52841530315,1,1
682.984128055013,6148.64128407576,1,1
682.124635220098,6148.7913623261,1,1
681.452612159968,6148.94204549017,1,1
680.744019362629,6149.09098081131,1,1
679.922038937766,6149.39177269279,1,1
679.138143461333,6149.80304279236,1,1
678.466465656094,6150.21482631084,1,1
677.906574095804,6150.85049182962,1,1
677.497733573584,6153.58054164,1,1
676.787456559842,6153.84263172341,1,1
676.003260476802,6154.21653347854,1,1
675.481211755325,6154.55435356029,1,1
674.324393016634,6155.37741370737,1,1
673.689126242053,6155.90181988158,1,1
673.092206396144,6156.31253065877,1,1
672.532487193072,6156.76179638939,1,1
671.748660744896,6157.24911341848,1,1
670.965113249647,6157.66054318522,1,1
670.068864700857,6158.07272158696,1,1
669.358878326038,6158.40946341583,1,1
668.649502655437,6158.78332980964,1,1
667.828420863717,6159.23285861955,1,1
667.007096761603,6159.71954504535,1,1
666.335699688344,6160.09388568197,1,1
664.282487688756,6161.40347037967,1,1
663.572761070742,6161.89023341716,1,1
662.938201529719,6162.30216572382,1,1
662.341947461912,6162.82611042608,1,1
661.744727562806,6163.27527279173,1,1
661.259240240763,6163.6491653244,1,1
660.213987917676,6164.69690816398,1,1
659.728893828663,6165.14618387982,1,1
659.206361140596,6165.59502569223,1,1
658.721764300127,6165.93137922354,1,1
658.235806755034,6166.30595859631,1,1
657.750906249725,6166.68067883095,1,1
657.417756475607,6166.90291161331,1,1
657.190159959848,6167.05480019874,1,1
656.518324411856,6167.39142702101,1,1
655.809286772075,6167.80290805041,1,1
655.09975481485,6168.17754137138,1,1
654.390456971292,6168.55100199387,1,1
653.569653189601,6168.9265335051,1,1
652.785965510323,6169.26324062196,1,1
652.001424106238,6169.59997560874,1,1
651.217308827802,6169.89906996209,1,1
650.395859575233,6170.19955739537,1,1
649.649803204029,6170.46116388898,1,1
648.791163333651,6170.87287997147,1,1
647.895176088512,6171.28553060185,1,1
646.887053247296,6171.8098182668,1,1
645.91627942208,6172.6324992743,1,1
645.356442782704,6173.38029463543,1,1
644.871769063092,6173.978963393,1,1
644.423656132509,6174.46506175165,1,1
643.901832542513,6175.06387386486,1,1
643.453818843771,6175.69959343192,1,1
643.005432839907,6176.26056812318,1,1
642.483229478749,6176.97209327055,1,1
642.072559873,6177.53311167777,1,1
641.475741249693,6178.54276257669,1,1
641.214631411722,6179.14139450296,1,1
640.990742979284,6179.77697943187,1,1
640.766960968743,6180.4121356201,1,1
640.506235442943,6181.27256884719,1,1
640.319126161618,6182.02064912438,1,1
639.83433417969,6183.03070182478,1,1
639.38696923142,6183.77811270509,1,1
638.826649339358,6184.52661693109,1,1
638.341766023267,6185.19943382322,1,1
637.932331103895,6185.76083277602,1,1
637.260534932909,6186.50937637277,1,1
636.699944102699,6187.10728335271,1,1
636.252544355236,6187.51895173591,1,1
635.879433962083,6188.00513466708,1,1
635.31959890301,6188.86626891288,1,1
634.909308935724,6189.53958214994,1,1
634.461160504651,6190.17486369291,1,1
633.93771117855,6190.77341467354,1,1
633.416158169616,6191.40902458143,1,1
632.930520805832,6192.15671186809,1,1
632.595595202982,6193.16692240731,1,1
632.483469147765,6193.80247246447,1,1
632.446222928383,6194.36382085308,1,1
632.745627194994,6195.597015901,1,1
633.007298624632,6196.15733693447,1,1
633.455240220346,6196.6813668813,1,1
634.015562436263,6197.24123604549,1,1
634.986951280683,6197.8390837922,1,1
635.584665107929,6197.98825278978,1,1
636.182010797913,6198.02483683165,1,1
636.928773432875,6197.98723431644,1,1
638.907688803601,6198.13621216085,1,1
639.580916865617,6198.24795811712,1,1
640.252250257345,6198.35978793952,1,1
641.335695665185,6199.03112153922,1,1
641.821094436807,6199.480407614,1,1
642.49400065187,6200.11525897925,1,1
643.540032158684,6201.08636733064,1,1
643.913991291144,6201.57260849505,1,1
644.361403549743,6202.05831708647,1,1
645.108917357333,6202.80532768951,1,1
645.520403334604,6203.21687760097,1,1
646.042706635016,6203.47842158406,1,1
646.864407790266,6203.8517703154,1,1
647.611592643282,6204.00092164283,1,1
648.395363228254,6204.11242177162,1,1
649.104156323447,6204.07435753478,1,1
649.814206723121,6203.99998092113,1,1
650.448706499445,6203.96170610124,1,1
651.606461542756,6204.14842777533,1,1
652.427957213743,6204.48375586483,1,1
653.06345966408,6204.82031900439,1,1
653.660695109573,6205.15687473799,1,1
654.109716062785,6205.53027682468,1,1
654.557878852256,6206.16588524787,1,1
655.006070024406,6206.68856537812,1,1
655.902524810219,6207.43609693776,1,1
656.72411580765,6207.77147585534,1,1
657.471028313069,6207.95808581207,1,1
658.10625552719,6208.07016501533,1,1
658.815364648517,6208.21902591339,1,1
659.898495259247,6208.4805116026,1,1
660.907012336469,6209.00297652282,1,1
661.729582654307,6209.67555143998,1,1
662.214175581496,6210.16172064691,1,1
662.624836980199,6210.61031697265,1,1
663.335032159389,6211.32019950609,1,1
664.307281380244,6212.14174711203,1,1
664.717987803471,6212.77801529867,1,1
665.054341877852,6213.63753806053,1,1
665.12976625613,6214.79610093607,1,1
664.868881713632,6215.61908297947,1,1
664.533006569032,6216.21699992956,1,1
664.196722473041,6216.70310872429,1,1
663.487357282862,6217.37691574608,1,1
662.927341451054,6217.67648450566,1,1
662.256139987781,6217.97666273778,1,1
661.35975835161,6218.20129951602,1,1
660.686969014822,6218.50034324296,1,1
660.127209390883,6219.21126438805,1,1
659.978514601615,6219.88442267797,1,1
659.568912400558,6220.78120703857,1,1
659.493482482787,6221.45505688753,1,1
659.382052895479,6222.12832816099,1,1
659.009387586762,6223.21265803501,1,1
658.673897709835,6223.81099093163,1,1
658.300927983721,6224.29738118121,1,1
657.964482900241,6224.74611010003,1,1
657.442652501163,6225.64401560766,1,1
656.919806391251,6227.32692440781,1,1
656.696590931472,6228.11222303269,1,1
656.397939122375,6228.78507808347,1,1
655.913249451538,6229.57064413365,1,1
655.540205926158,6230.13074121841,1,1
655.05394799439,6230.65454338931,1,1
654.643786392206,6231.06636107955,1,1
653.859751202974,6231.36570278911,1,1
653.001267034732,6231.36592889056,1,1
652.365944489485,6231.40487173774,1,1
651.618969783896,6231.62857411999,1,1
650.984927164441,6231.92827524281,1,1
650.238558851516,6232.49012530116,1,1
649.715034809347,6232.75138766477,1,1
649.193060381364,6233.05180076786,1,1
648.520450638845,6233.27569897104,1,1
647.58695876422,6233.23867230939,1,1
646.877515466322,6232.94013136529,1,1
645.981076177148,6232.45517069432,1,1
644.674088409074,6231.44608266887,1,1
644.113522843931,6231.07276492556,1,1
643.40368075306,6230.51224340913,1,1
642.656740374207,6229.83968619981,1,1
641.947213216167,6229.3159226387,1,1
641.124756405934,6228.79325729142,1,1
640.378141281265,6228.49462299495,1,1
639.519257729293,6228.23368956016,1,1
638.883550572565,6228.04729035779,1,1
638.286599582515,6227.86057298567,1,1
637.465432942768,6227.74824811751,1,1
636.606691570712,6227.71223871846,1,1
635.747513736821,6227.74948857045,1,1
634.402729105984,6227.82474708967,1,1
633.544425801259,6228.04984526271,1,1
632.984067251455,6228.23717957148,1,1
632.162912045417,6228.4611481635,1,1
631.416291573409,6228.76147507564,1,1
630.594757208676,6229.09830018033,1,1
629.810486777427,6229.21119021063,1,1
628.316784868987,6229.0624934058,1,1
627.420880016835,6228.94989028287,1,1
626.561683251041,6228.87551215295,1,1
625.590747376313,6228.76448219238,1,1
624.881413269817,6228.65236837262,1,1
624.320820309207,6228.54047408657,1,1
623.574164900346,6228.50441113204,1,1
622.08017712729,6228.6539685177,1,1
621.33407831661,6228.76653135992,1,1
620.735711294285,6228.91658243435,1,1
620.13917831586,6229.10366631698,1,1
619.503650432149,6229.36623928514,1,1
618.981020351255,6229.62784699835,1,1
618.347278842841,6230.00235942079,1,1
617.674698483165,6230.45149576882,1,1
616.965389620789,6230.86322439391,1,1
616.293306467652,6231.20002827516,1,1
615.658312057002,6231.49881893567,1,1
614.87467193601,6231.87321835885,1,1
614.091091091741,6232.28547413698,1,1
612.597608336937,6232.80918515413,1,1
611.85049621273,6233.14592175413,1,1
611.10353222561,6233.40809166125,1,1
610.319765876176,6233.70762630237,1,1
609.609937503591,6233.96970353461,1,1
608.938052188269,6234.08290137865,1,1
608.228377800814,6234.34436411553,1,1
607.370226335948,6234.56992417101,1,1
606.585957017766,6234.7941201582,1,1
605.801812383368,6234.98146281219,1,1
605.205079011899,6235.24325748068,1,1
604.644452437835,6235.6546054503,1,1
604.084348074511,6236.51508433031,1,1
603.861073048512,6237.37494127129,1,1
603.636912662812,6238.27253549977,1,1
603.115074992833,6239.02018313044,1,1
601.471992932026,6239.2836042124,1,1
600.613040535047,6239.28323999005,1,1
599.717290112192,6239.3212026396,1,1
598.18569121491,6239.39694204832,1,1
597.475871450963,6239.32290095523,1,1
596.692325641195,6239.24811914826,1,1
595.795055344287,6239.06219456293,1,1
594.899510607397,6238.83828592299,1,1
593.927961909193,6238.80110662496,1,1
593.032653953043,6238.68929869831,1,1
592.173153330386,6238.54024904032,1,1
591.351864713406,6238.27876353571,1,1
590.716785465207,6238.05578448411,1,1
589.969870194645,6237.75625479247,1,1
589.334467806033,6237.49572401568,1,1
588.475639368228,6237.15926662159,1,1
587.616839847766,6236.86078452697,1,1
586.87007999851,6236.67442412781,1,1
586.122830656337,6236.60018067069,1,1
585.263854042323,6236.67513230513,1,1
584.51723731081,6236.71290567917,1,1
583.882819449613,6236.86265386202,1,1
583.322574296682,6237.0877912775,1,1
582.277108416465,6238.02262642761,1,1
581.717326095611,6238.43400834549,1,1
581.082990245122,6238.69581475865,1,1
580.521981035866,6238.73402335504,1,1
579.774941177581,6238.21119206826,1,1
579.476602502467,6237.53762448254,1,1
579.25238472634,6236.94014319279,1,1
579.177123280774,6236.15479649058,1,1
578.878069847985,6235.40688233213,1,1
578.3551091163,6234.58566542832,1,1
577.793992013605,6233.61350000346,1,1
577.383260276981,6232.26787822403,1,1
577.382714846971,6231.40832195261,1,1
577.530986515845,6230.17431854917,1,1
577.643479193673,6229.08960600854,1,1
577.755130928065,6228.15560961793,1,1
578.053228062331,6227.18347310169,1,1
578.239220640174,6226.28609053713,1,1
578.463134132985,6225.38857602207,1,1
578.874346669553,6224.67798823507,1,1
580.291808487312,6223.14445540478,1,1
580.889422346871,6222.58237439302,1,1
581.487115609147,6222.17197162265,1,1
582.308182301437,6221.64746577009,1,1
583.054910365985,6221.19897537649,1,1
583.764043675678,6220.7876382769,1,1
584.585361292384,6220.37479632595,1,1
585.294654084062,6219.9259584526,1,1
585.892835068792,6219.62701403942,1,1
586.601373277959,6219.1782909878,1,1
587.72156568534,6218.61666116137,1,1
588.65504271841,6218.05440851851,1,1
589.662716166899,6217.68040319745,1,1
590.596768661005,6217.3814448376,1,1
591.268557234138,6217.00708118743,1,1
591.715565478547,6216.22155256284,1,1
591.8650771533,6215.13703428762,1,1
591.453873962048,6214.27760579045,1,1
590.931038519545,6213.79126751271,1,1
589.884999595259,6213.2693819057,1,1
589.28780677131,6213.00764100186,1,1
588.465566555039,6212.63432303395,1,1
587.681219851674,6212.44794440903,1,1
586.972536324058,6212.37327591401,1,1
586.075716532706,6212.14923106258,1,1
585.254338893969,6212.00040230364,1,1
584.507140033786,6211.85101084961,1,1
583.798290910699,6211.77724530564,1,1
582.117216392877,6211.77795840408,1,1
581.22079296704,6211.81573632474,1,1
580.437354875103,6211.8163004782,1,1
579.57830025771,6211.89165149709,1,1
578.607166735163,6211.96761309552,1,1
577.785290179944,6212.04269697541,1,1
576.815473993016,6212.15439005864,1,1
575.843870354472,6212.15501060266,1,1
574.91096161341,6212.11868447358,1,1
573.902536533368,6212.26944043986,1,1
573.006399843201,6212.30632298969,1,1
571.474979416481,6212.41948515585,1,1
570.467112035928,6212.49541866349,1,1
569.421158620196,6212.45843618659,1,1
568.338815558296,6212.49677044381,1,1
567.06893282381,6212.4967010029,1,1
566.060232175395,6212.3855521637,1,1
565.389101013711,6212.19954106145,1,1
564.305420708435,6212.01248348357,1,1
563.334625256578,6211.63967912779,1,1
562.736412105213,6211.26575815472,1,1
562.139444188496,6210.93007690136,1,1
561.392334615203,6210.44377670679,1,1
560.084770482823,6209.69751464991,1,1
559.076481636237,6208.87551161799,1,1
558.366616637211,6207.97877800247,1,1
557.693947548695,6207.2682388412,1,1
557.208864077177,6206.89575142032,1,1
555.752313513238,6206.78409342919,1,1
555.267396330368,6207.26998050717,1,1
554.894361918406,6207.71916844124,1,1
554.222230004905,6208.42990918717,1,1
553.550279591308,6209.06607191901,1,1
552.953276276021,6209.81327025828,1,1
552.206251110827,6210.63680885333,1,1
551.534356797963,6211.08471442424,1,1
550.862029054364,6211.42190000581,1,1
550.003302398954,6211.61016001243,1,1
549.443496496317,6211.68477322928,1,1
548.771019715586,6211.7229921769,1,1
548.099359658364,6211.68525622624,1,1
547.501780113335,6211.57376196772,1,1
546.754884158836,6211.46236659817,1,1
546.18609841499,6211.43072243797,1,1
546.083193653633,6211.42499708486,1,1
545.485269443291,6211.42542283616,1,1
544.776229317223,6211.68715957784,1,1
544.141791830742,6212.09925309693,1,1
543.693185399203,6212.47303800513,1,1
543.437687376658,6212.8778815002,1,1
543.24507669873,6213.18307442177,1,1
542.87270039937,6213.74491246772,1,1
542.462063043834,6214.34294877966,1,1
542.013492987807,6214.94186339051,1,1
540.856317124471,6216.47417986536,1,1
540.334261848563,6216.96131894148,1,1
539.550395467601,6217.85883954455,1,1
538.803264547029,6218.60696335781,1,1
538.168837144743,6219.09297518179,1,1
537.53425446599,6219.50478166995,1,1
536.637955844052,6219.9169095667,1,1
535.854372258559,6220.2529775027,1,1
535.218809058139,6220.47821197193,1,1
534.323502724368,6220.70240792071,1,1
533.502519120174,6220.88948316604,1,1
532.717672387357,6221.07707488839,1,1
531.597472041769,6221.22791495649,1,1
531.075161574639,6221.19098169801,1,1
530.215405069488,6221.26590755715,1,1
529.431453083953,6221.49098448217,1,1
528.871201912054,6221.60272158458,1,1
528.311661321368,6221.75268846492,1,1
526.669432701138,6222.50128489402,1,1
526.071285561621,6222.95064348789,1,1
525.548557664448,6223.17423130534,1,1
524.989162752445,6223.36155788402,1,1
524.092468419312,6223.69906867429,1,1
523.383323488308,6223.73635605884,1,1
522.823151442895,6223.73671870088,1,1
522.806790238105,6223.73673386018,1,1
521.927495918356,6223.73754529452,1,1
520.956030645744,6223.73819734087,1,1
520.171391136222,6223.7013497498,1,1
519.200627099488,6223.5521099945,1,1
518.19227261357,6223.06662393182,1,1
517.594639543836,6223.17874798223,1,1
516.848129496591,6223.55325423385,1,1
516.324940804933,6224.30141219186,1,1
515.952711436289,6225.01246055217,1,1
515.616583256597,6225.46085524743,1,1
514.944600344502,6226.096220573,1,1
514.421735627376,6226.35809381864,1,1
513.637942134092,6226.80726182322,1,1
512.368099910109,6227.40672448791,1,1
511.472386096318,6227.70609459587,1,1
510.688270338582,6227.74400215692,1,1
510.090608995258,6227.81810215621,1,1
509.119712432616,6228.00614405916,1,1
508.335644272277,6228.04359793794,1,1
507.663271061374,6228.11921649285,1,1
506.953645923898,6228.41861354005,1,1
506.356866284251,6228.68006238109,1,1
505.79690652135,6229.01682558379,1,1
505.274736246457,6229.50357168989,1,1
504.825655589731,6229.91485054843,1,1
504.378383676513,6230.43873740869,1,1
503.706747599607,6231.2982704653,1,1
503.183938853747,6232.08378198724,1,1
502.325443600221,6233.13151912749,1,1
501.728401931279,6233.91589515871,1,1
501.20532857942,6234.47782085967,1,1
500.309117534542,6234.8895032612,1,1
499.673877887091,6235.0020509113,1,1
498.47907234913,6235.07658610445,1,1
497.732366037676,6235.04042189825,1,1
497.098068261558,6235.00302272288,1,1
496.537533175057,6235.0034409552,1,1
495.940191288168,6235.07827236234,1,1
495.305142513714,6235.26616492096,1,1
494.782765407355,6235.49048833407,1,1
493.886706852665,6236.12605324474,1,1
493.140298210826,6236.79931371902,1,1
492.393289727967,6237.02432486963,1,1
491.720639086802,6237.06123505916,1,1
491.048929085712,6237.09948348604,1,1
490.264551165967,6236.98748037722,1,1
489.442999212217,6236.80128567577,1,1
488.696499334251,6236.42832863048,1,1
488.135413276337,6236.16702238648,1,1
487.612810305227,6235.8301232321,1,1
486.568004355321,6235.38237005657,1,1
485.521943277763,6235.15906983973,1,1
484.476405869475,6235.15933619947,1,1
483.803827607831,6235.27179726487,1,1
483.169168488049,6235.38467577302,1,1
482.571388310484,6235.53394127365,1,1
481.898983856695,6235.64669644094,1,1
480.96619938242,6236.09617210668,1,1
480.480859373522,6236.8061414357,1,1
479.995739164646,6237.51622802325,1,1
479.622314769253,6238.2639854129,1,1
479.436075955249,6239.01173285766,1,1
479.287052707524,6240.20767601883,1,1
479.174598036245,6240.76910514932,1,1
479.100775220824,6241.51633138286,1,1
478.951745320793,6242.67581432704,1,1
478.839792038211,6243.31112856392,1,1
478.652814940277,6244.02073630037,1,1
478.616316987635,6245.03057621834,1,1
478.57894790948,6245.85318901691,1,1
478.467165828183,6246.67539061997,1,1
478.355398147523,6247.49752560108,1,1
478.355872141229,6249.06768952983,1,1
478.356240798761,6249.70333920181,1,1
478.31907573066,6250.52513205671,1,1
478.207865417945,6251.42288603441,1,1
478.09522186968,6252.05777817269,1,1
477.946762697384,6252.84321689176,1,1
477.72240747535,6253.47879329315,1,1
477.461060987013,6254.26396305744,1,1
477.088462794733,6255.31093108799,1,1
476.677392717966,6256.17048146102,1,1
476.266625672452,6256.73152922421,1,1
475.706949850999,6257.03062791924,1,1
475.221966423865,6257.40537758396,1,1
474.773714973741,6257.77868862323,1,1
474.28801431002,6258.15318287933,1,1
473.616772262814,6258.60148288655,1,1
472.944580122987,6258.90079311732,1,1
472.346773868776,6259.20062788015,1,1
471.413401191131,6259.61188890418,1,1
470.591979245506,6259.87487646016,1,1
469.321931281816,6260.21125859665,1,1
468.65048104966,6260.28618619478,1,1
467.977296907446,6260.36130287856,1,1
467.30539689301,6260.47433957643,1,1
466.5212729047,6260.54962789613,1,1
465.662731489332,6260.69877537877,1,1
464.990850965311,6260.70001059697,1,1
464.355722870638,6260.81193288984,1,1
463.534588122521,6261.14845977009,1,1
462.97382871089,6261.48533561563,1,1
462.376678748378,6261.74752516669,1,1
461.704223280924,6261.97180354006,1,1
460.808928574262,6262.15923281271,1,1
459.987179609184,6262.38384983878,1,1
459.352369906657,6262.49693247715,1,1
458.679996862563,6262.60916546652,1,1
457.932800672555,6262.64673154052,1,1
457.11144149681,6262.60909222507,1,1
456.439192108229,6262.53488892305,1,1
454.870618442189,6262.01247673562,1,1
454.198284189434,6261.86383404572,1,1
453.339437848808,6261.67749932709,1,1
452.442498288713,6261.45348384989,1,1
451.845575391303,6261.34135146487,1,1
451.061682212794,6261.23015471254,1,1
450.31379978218,6261.08045320948,1,1
449.641992447232,6261.0807969511,1,1
448.446636341968,6261.38010938058,1,1
447.775599895035,6262.05416937367,1,1
447.290309230475,6262.76339995249,1,1
446.730617553177,6263.73565997812,1,1
446.058407238932,6264.4843858296,1,1
445.572513954085,6264.82013482833,1,1
445.087319970002,6265.19500810823,1,1
444.602306152215,6265.64342852615,1,1
444.191464180704,6266.09175136598,1,1
443.780780786481,6266.6904045556,1,1
443.444478608039,6267.36290176214,1,1
442.884705244258,6268.22311722133,1,1
442.026396581832,6269.04634827412,1,1
441.578157401947,6269.45768276563,1,1
441.017893138856,6269.83195049745,1,1
440.532541585509,6270.13055864161,1,1
439.972359038298,6270.43024876262,1,1
439.188851208279,6270.65502707415,1,1
438.479588521041,6270.87895337472,1,1
437.582863060378,6271.10361239222,1,1
436.798529304755,6271.25331120042,1,1
436.200999005008,6271.29120583059,1,1
435.118585788765,6271.44148650782,1,1
434.520711453406,6271.51655123917,1,1
433.736728381552,6271.55427179748,1,1
433.063880664382,6271.62947192689,1,1
432.392680690787,6271.74165702311,1,1
431.458608108486,6271.89224670572,1,1
430.674317209617,6271.96746123625,1,1
429.964725182931,6272.19197911999,1,1
429.442676786262,6272.41643451923,1,1
428.583257632366,6272.9778801956,1,1
427.687273269121,6273.57541558745,1,1
427.014689167477,6273.91191585189,1,1
426.3050021952,6274.21138126071,1,1
425.708593397428,6274.5480538085,1,1
425.222917679949,6274.84757463476,1,1
424.70002308549,6275.14736191546,1,1
424.17759972624,6275.37164228739,1,1
423.318169691264,6275.70785366689,1,1
422.758194727923,6275.96951300424,1,1
421.824449934099,6276.12053309365,1,1
420.966118062579,6276.49377300281,1,1
420.330816794564,6276.71852580845,1,1
419.43536348407,6276.90591260152,1,1
418.613326058229,6277.05632487799,1,1
417.903439736308,6277.09349006376,1,1
417.269039369158,6277.16837015467,1,1
416.634256823756,6277.16854965789,1,1
415.92505581234,6277.24386189703,1,1
415.066105098776,6277.13199261124,1,1
413.422583169657,6276.53559441601,1,1
412.67598128645,6276.16241027285,1,1
411.929048226061,6275.7880359491,1,1
411.256124171006,6275.414754233,1,1
410.546817689392,6274.96637946491,1,1
410.061196346718,6274.55622970251,1,1
409.575415632409,6274.14571090123,1,1
408.977722881064,6273.54691948176,1,1
408.455454663839,6273.06172348814,1,1
407.857652262259,6272.42703513049,1,1
407.222450273388,6271.67938684747,1,1
406.588042896167,6271.23126155734,1,1
405.915073365081,6270.74628475934,1,1
405.167890212906,6270.26052805546,1,1
404.234381580437,6269.58797442367,1,1
403.412575805219,6269.140329329,1,1
402.927332026401,6268.76618816068,1,1
402.404255203731,6268.46733264076,1,1
401.881651788065,6267.94425065598,1,1
401.432615148175,6267.60806769967,1,1
400.611585573516,6266.82364392779,1,1
399.304216159519,6265.81564058558,1,1
398.258056851834,6265.77826091492,1,1
397.735792063271,6266.00367673766,1,1
397.100788530746,6266.19031273885,1,1
396.50355635697,6266.19046019279,1,1
395.793658306073,6266.15352104452,1,1
394.897825153081,6266.45312822586,1,1
394.26292037442,6267.20044877527,1,1
393.628411086824,6267.87357891703,1,1
392.993954767088,6268.17339628397,1,1
392.321992513451,6268.50989616782,1,1
391.611882659991,6269.10836266482,1,1
391.238854423364,6269.93102012778,1,1
390.82835111033,6270.4539963444,1,1
390.491966838649,6270.97714451828,1,1
390.006957751339,6271.80029092331,1,1
389.708427969241,6272.43509935296,1,1
389.409541386633,6273.48207605719,1,1
389.110611876283,6274.37949058979,1,1
388.662896569231,6275.91172409175,1,1
388.364111606347,6276.6966356738,1,1
388.177692012897,6277.2954929622,1,1
387.954786647538,6277.89279994841,1,1
387.656086351691,6278.5286365713,1,1
387.282257722424,6279.46304702918,1,1
386.908994916013,6280.0988484358,1,1
386.498132835144,6280.65878196763,1,1
386.124802982672,6281.14560597979,1,1
385.714323352869,6281.74381070577,1,1
385.191975288905,6282.45396977492,1,1
384.705764330811,6283.3505184732,1,1
384.33286869612,6283.87439822135,1,1
384.033971374303,6284.3601783478,1,1
383.586286743622,6284.80929730713,1,1
383.100515027083,6285.29481566299,1,1
382.690600160132,6285.78082964899,1,1
381.943029836044,6286.49216334802,1,1
381.421021456686,6286.94027963989,1,1
380.898339169855,6287.42626269802,1,1
379.889666653916,6288.3616545043,1,1
379.217486547477,6288.99662279146,1,1
378.508432781384,6289.48279497165,1,1
377.723569547475,6289.85783177248,1,1
377.089090860501,6290.23157955155,1,1
376.00670861176,6290.64337410743,1,1
375.408744665141,6290.79234577517,1,1
374.625459633141,6291.01754719043,1,1
373.915107987821,6291.27936356953,1,1
373.093647664454,6291.50347351685,1,1
372.384653210033,6291.61636617981,1,1
371.674651858735,6291.72815503167,1,1
370.964813814397,6291.84127409645,1,1
370.180951200247,6291.91697084244,1,1
369.471303584573,6291.91651651079,1,1
368.72464429237,6291.95473872698,1,1
367.828148973679,6291.80570400571,1,1
366.968836864748,6291.61880199926,1,1
366.184940906682,6291.43215094232,1,1
365.438402941193,6291.24572505588,1,1
363.832593276589,6291.32100310349,1,1
362.973403861772,6291.80797880783,1,1
362.749449888103,6292.44246613479,1,1
362.563321242662,6293.33975679401,1,1
362.599937820795,6294.08729568166,1,1
362.712507603678,6294.872305139,1,1
362.750497409542,6295.5450044846,1,1
362.787814047431,6296.25556810069,1,1
362.825317417114,6297.11403346885,1,1
362.862263833775,6297.78676757941,1,1
362.78805259415,6298.42197097622,1,1
362.750722597892,6299.13278349771,1,1
362.82514718008,6299.69298936255,1,1
363.012383590862,6300.51547567142,1,1
363.19910163787,6301.26244159455,1,1
363.535555170793,6302.12252438997,1,1
363.94616791646,6302.94499461434,1,1
364.244580519938,6303.72946796475,1,1
364.506492136056,6304.36479264193,1,1
364.805110410146,6305.33538376916,1,1
364.918407225989,6306.04562788465,1,1
364.955503057704,6307.12936924567,1,1
365.030062991503,6308.51264694925,1,1
364.917892494079,6309.1847333527,1,1
364.620238730632,6310.38084267536,1,1
364.432577991869,6311.12892388966,1,1
364.283852902933,6311.72657992763,1,1
364.022736655066,6312.5493202212,1,1
363.72417617885,6313.22203814145,1,1
363.462205927201,6313.93223781382,1,1
363.089257954464,6314.67969487752,1,1
362.60449824893,6315.24047439286,1,1
362.156278405192,6315.72660694464,1,1
361.633281455775,6316.13838629667,1,1
361.109804578739,6316.58678866039,1,1
360.176732419107,6317.22195670723,1,1
359.504897097387,6317.74613324218,1,1
358.795072626026,6318.38177627945,1,1
358.235643726586,6318.79311814417,1,1
357.313933176359,6319.43415522371,1,1
356.979609130034,6319.8566450947,1,1
356.852259122151,6320.06376108473,1,1
356.665963178884,6320.36216456663,1,1
356.403839496272,6320.77458365406,1,1
355.89760174794,6321.58220894393,1,1
355.340791456163,6322.36700352282,1,1
354.764200169488,6323.08544218374,1,1
354.126895789889,6323.83758375219,1,1
353.639796512039,6324.34610048206,1,1
352.563906947456,6325.31462577678,1,1
351.629910373703,6325.88268984041,1,1
350.440869178993,6326.20516555581,1,1
349.547405697172,6326.34806926592,1,1
348.528064075742,6326.44432527814,1,1
347.931012475922,6326.43050252003,1,1
347.178447197267,6326.19639685018,1,1
346.497072032752,6325.76047059962,1,1
346.012802030889,6325.24668181396,1,1
345.629305508813,6324.75640202067,1,1
345.071616876827,6324.29354870186,1,1
344.240552107142,6323.83546946462,1,1
343.586339565189,6323.52472793775,1,1
342.914701773751,6323.56377828196,1,1
342.469166187561,6323.67208205226,1,1
341.878423560328,6324.03338532146,1,1
341.240630568995,6324.49431208393,1,1
340.877171178277,6324.95077578189,1,1
340.56292999546,6325.40624896544,1,1
340.203637157606,6326.08662601787,1,1
339.915499398162,6326.61681612057,1,1
339.434596899617,6327.44907440982,1,1
338.95785909135,6328.4572084085,1,1
338.672028028594,6329.06098184938,1,1
338.191677736516,6329.94353851404,1,1
337.809374446223,6330.72413994058,1,1
337.282620477526,6331.7332385281,1,1
336.821537547265,6332.26538947775,1,1
335.943527510044,6333.15716823352,1,1
335.284324650551,6333.79392264402,1,1
334.646103954864,6334.25518981517,1,1
334.083705742471,6334.74028105924,1,1
333.445776025641,6335.22638202044,1,1
332.711406926364,6335.81562998393,1,1
332.247380575518,6336.27447985046,1,1
331.63466652327,6336.7351966907,1,1
331.001907352657,6337.42219199277,1,1
330.593690280643,6338.12857250337,1,1
330.534069240623,6338.90353550422,1,1
330.599885235225,6339.64991498484,1,1
330.663500768574,6340.29778276602,1,1
330.600200343939,6340.84799333087,1,1
330.413586436415,6341.47510940808,1,1
330.178286620912,6342.1281122868,1,1
329.8718840088,6342.95748033122,1,1
329.738822644036,6343.75886145428,1,1
329.706515858321,6344.58290385656,1,1
329.847182429757,6345.32792916879,1,1
330.110216981256,6346.04620670611,1,1
330.426237984913,6346.86348935534,1,1
330.817784418394,6347.72783841587,1,1
331.135616145924,6348.61867924393,1,1
331.292800008606,6348.96552606942,1,1
331.686333886553,6349.93022434427,1,1
331.927133515344,6350.72386993659,1,1
332.220900525751,6351.69012557371,1,1
332.358726402706,6352.33668214693,1,1
332.523461602756,6353.0319096657,1,1
332.662583473159,6353.77748752089,1,1
332.807894053586,6354.72218865505,1,1
332.934545076536,6356.06688690845,1,1
333.034620185065,6357.2361883223,1,1
333.104755776699,6358.25751802198,1,1
333.041766719605,6358.80856536408,1,1
332.887412002497,6359.75872187523,1,1
332.724276148105,6360.28624084997,1,1
332.468857592572,6361.16486326321,1,1
332.140556968552,6362.14472026046,1,1
331.882183950735,6362.89725673285,1,1
331.551917078052,6363.77816585537,1,1
331.193881895366,6364.55874094772,1,1
330.788473483017,6365.39010660575,1,1
330.404660161517,6366.09613503058,1,1
329.974019546254,6366.95332785639,1,1
329.66325047694,6367.53347206985,1,1
329.427367225655,6368.21213691297,1,1
329.288576048776,6368.68818069676,1,1
329.148901385005,6369.16560408233,1,1
329.062243914671,6369.78997666572,1,1
328.952412553006,6370.5157409549,1,1
328.821449524619,6371.39202830935,1,1
328.732478822304,6371.89280829344,1,1
328.473317610623,6372.59676899256,1,1
328.234172626478,6373.07501568516,1,1
327.923643220739,6373.73017159782,1,1
327.563586170102,6374.33642529586,1,1
327.105496807391,6375.06892803235,1,1
326.690771197213,6375.52709638448,1,1
326.32744706155,6375.98392983115,1,1
325.864700072118,6376.49188347719,1,1
325.556423360724,6376.7850728855,1,1
325.328113794873,6377.00220920261,1,1
324.886769296183,6377.38555687228,1,1
324.496511019419,6377.74131899889,1,1
324.055091049105,6378.07592074244,1,1
323.563577200976,6378.43482316188,1,1
323.098686777744,6378.79397606712,1,1
322.757008958143,6379.12523750592,1,1
322.093687953706,6379.5879661416,1,1
321.554194244841,6379.97391469638,1,1
320.963440037622,6380.33416580787,1,1
320.619169807374,6380.51689473987,1,1
320.396027321339,6380.62033282609,1,1
319.768622111153,6381.26473017374,1,1
319.516384652549,6381.66247236839,1,1
319.342589640254,6382.29919817526,1,1
319.033603856783,6383.28598347115,1,1
318.535491466087,6384.19018282201,1,1
318.192442031327,6384.73629776934,1,1
317.86182705307,6385.25253092677,1,1
317.302040031799,6386.05129186819,1,1
317.189466711017,6387.00092761706,1,1
317.334924667617,6387.81471790662,1,1
317.322320643801,6388.52890144043,1,1
317.241795456168,6389.7386339133,1,1
317.029451320905,6390.77743385909,1,1
316.854499664785,6391.34841597005,1,1
316.542675341271,6392.50270282037,1,1
316.170179894191,6393.39829913063,1,1
315.826261330791,6394.17993161402,1,1
315.43385058849,6394.85235846401,1,1
314.995476624427,6395.41630565133,1,1
314.407527778527,6395.99405339371,1,1
313.711559135816,6396.61810584141,1,1
313.228503810764,6397.11084004433,1,1
312.912076717916,6397.77668030057,1,1
312.806606302528,6398.72489876179,1,1
312.550599394867,6399.23526914188,1,1
312.264643612671,6399.82360179807,1,1
311.981390579572,6400.44924583162,1,1
311.661060712491,6401.07835837095,1,1
311.225728828785,6401.67970775675,1,1
310.816968741896,6402.16586521532,1,1
310.565020089283,6402.71280379166,1,1
310.327739392459,6403.86047959952,1,1
310.222333050663,6404.80843427358,1,1
309.925489884638,6405.80495796242,1,1
309.832938195193,6406.54307089071,1,1
309.783774923929,6407.44498249911,1,1
309.757317265245,6408.07872903387,1,1
310.132587670836,6408.49702075135,1,1
310.414869942054,6407.87165425816,1,1
310.553247214075,6407.2964408877,1,1
310.806135502763,6406.33427808764,1,1
311.052535096448,6405.71275451833,1,1
311.941047448445,6405.14635915503,1,1
312.683075217207,6405.04370081085,1,1
313.411858389734,6404.7921326269,1,1
313.911691692836,6404.07229357852,1,1
314.155145931778,6403.41333617202,1,1
314.363150318249,6402.79384605909,1,1
314.64662598738,6402.16879035299,1,1
314.902546365892,6401.65724920529,1,1
315.432189464516,6401.27405824429,1,1
316.090014517557,6401.06578363803,1,1
316.747048408058,6400.85852735418,1,1
318.072627946986,6400.3136830947,1,1
318.943302588843,6400.2154210163,1,1
319.605016188989,6400.1712727681,1,1
320.893370480524,6399.94209582711,1,1
321.254218198165,6399.88695857252,1,1
321.468709168673,6399.85748687785,1,1
321.75399770166,6399.82148864078,1,1
322.06574588497,6399.74863868582,1,1
322.534930359798,6399.64889025831,1,1
323.12590544283,6399.46344734672,1,1
324.149652634741,6399.07086354433,1,1
324.862543732247,6398.70902407003,1,1
325.787988307544,6398.24754528872,1,1
326.438848811918,6397.88060276929,1,1
327.195418553682,6397.44465028542,1,1
327.858935817759,6397.00381042291,1,1
328.420503132675,6396.71332339267,1,1
328.662641171631,6396.55715616321,1,1
329.192997626546,6396.42884606036,1,1
330.190235137679,6396.4824459645,1,1
331.062620964219,6396.51518690944,1,1
332.008404710313,6396.49574385181,1,1
332.629869030949,6396.43206421295,1,1
333.101092907752,6396.34799204235,1,1
333.967539201326,6396.08055744577,1,1
334.684837145376,6395.84154025386,1,1
335.671688658193,6395.39648321407,1,1
336.236684166273,6395.03601020191,1,1
336.95096953317,6394.64702891511,1,1
337.668471653602,6394.38216202571,1,1
338.164622179918,6394.32186525475,1,1
338.563690996228,6394.3641462766,1,1
339.664529393882,6394.58988289811,1,1
340.391877201322,6394.82511792199,1,1
340.87076901287,6395.1140173056,1,1
341.208671139854,6395.78052560889,1,1
341.289194186577,6396.43934428926,1,1
341.307315103252,6396.9253577236,1,1
341.318823812275,6397.44914408244,1,1
341.206811454308,6398.07505003742,1,1
340.946773301509,6398.75408916096,1,1
340.638725005181,6399.48387701131,1,1
340.304404340529,6400.16498941528,1,1
339.818958606537,6400.79816555525,1,1
339.407022115428,6401.33066942518,1,1
339.116546975077,6401.73551253834,1,1
338.728252761179,6402.21825435427,1,1
338.316942342877,6402.82534537962,1,1
337.978775013556,6403.30570072358,1,1
337.740965988902,6403.83485582279,1,1
337.773277625757,6404.23234779426,1,1
338.177550920022,6404.47371206131,1,1
338.929656472181,6404.70761869075,1,1
339.952860342205,6404.81056473406,1,1
340.600552782719,6404.82269836175,1,1
341.550198683389,6404.97693961955,1,1
342.276381844871,6405.13680117214,1,1
343.081162106227,6405.51903090199,1,1
343.536924998809,6405.85879440066,1,1
343.792972244881,6406.22809476357,1,1
344.060127656112,6407.09480512087,1,1
344.076386044865,6407.86745711007,1,1
343.942938600946,6408.61916209624,1,1
343.78114112666,6409.2206909825,1,1
343.418602291622,6409.75214196987,1,1
342.959706758473,6410.46090223248,1,1
342.475256882798,6411.09373440879,1,1
342.134421108613,6411.47485951872,1,1
341.720643211496,6411.95841191806,1,1
341.307730157714,6412.44064382846,1,1
340.76887636264,6412.90072490986,1,1
340.206779379914,6413.38695987756,1,1
339.719151913873,6413.91993623837,1,1
339.357634970948,6414.45184847109,1,1
339.193891081619,6415.00428466501,1,1
339.156050092468,6415.55302299479,1,1
339.170321357177,6416.22674848121,1,1
339.205712545939,6416.72493242083,1,1
339.167013175139,6417.27447150973,1,1
338.954490478681,6417.8025824123,1,1
338.68777265017,6418.15767851584,1,1
338.146916663999,6418.5183428328,1,1
337.256549007475,6418.83631396393,1,1
336.759721536668,6418.87098192787,1,1
336.136951570433,6418.88446783604,1,1
335.314974913386,6418.87692929204,1,1
334.941905413916,6418.88414343682,1,1
334.121223733515,6418.95161496366,1,1
332.828031663104,6419.05339146092,1,1
332.184430613155,6419.21723407141,1,1
331.814318457113,6419.42456703493,1,1
331.302085203675,6419.90874352412,1,1
330.863200060372,6420.39194684434,1,1
330.648858651358,6420.87043781191,1,1
330.413875226339,6421.52459502158,1,1
330.251977855847,6422.12680808811,1,1
330.09256330373,6422.82798749395,1,1
329.957568098986,6423.52896076439,1,1
329.821149504685,6424.13136998424,1,1
329.661065775397,6424.83262657342,1,1
329.499540728143,6425.45941183156,1,1
329.289561831553,6426.11260514078,1,1
328.984560028248,6427.01741928815,1,1
328.721797691299,6427.59718599781,1,1
328.411691792227,6428.22710340446,1,1
328.075216215639,6428.83223384865,1,1
327.835154526716,6429.26187307212,1,1
327.546959673517,6429.76671346435,1,1
327.185188131971,6430.32337004235,1,1
326.947880439046,6430.79161061448,1,1
326.5102527983,6431.38467112221,1,1
326.197419304995,6431.94004172197,1,1
326.004816857359,6432.24405015536,1,1
325.591601205726,6432.75160238491,1,1
325.252197099361,6433.20791484804,1,1
324.889746381421,6433.71414215336,1,1
324.550267152112,6434.14621100614,1,1
324.259196548486,6434.52557119298,1,1
323.968138082238,6434.90635219652,1,1
323.725102548112,6435.18587458925,1,1
323.335429003261,6435.61903325166,1,1
323.017512477022,6435.89939416309,1,1
322.847711624953,6436.07740168891,1,1
322.435244619572,6436.25747714964,1,1
321.77422216579,6436.42855030513,1,1
320.974478452429,6436.72427130313,1,1
320.031690508714,6437.1070484036,1,1
319.176846786166,6437.63271896476,1,1
319.096520584959,6438.4278208178,1,1
319.010249859642,6439.14882446323,1,1
318.540870513356,6439.79121891161,1,1
318.288186394355,6440.33908365757,1,1
318.007453168823,6441.4156682124,1,1
317.883806935123,6442.13929156783,1,1
317.654149766234,6442.9481550907,1,1
317.215177374558,6443.51227257563,1,1
316.482025714037,6444.13938932487,1,1
316.152053970659,6444.65744306776,1,1
315.960605360041,6445.46247670652,1,1
315.873359735306,6446.18372593848,1,1
315.708212735052,6446.87358802566,1,1
315.39527599886,6447.57724406764,1,1
315.038050819658,6448.17825999157,1,1
314.755627472964,6448.79542065251,1,1
314.497956678125,6449.3851443157,1,1
314.080606627638,6450.13413006949,1,1
314.172173356532,6450.7262175156,1,1
314.254255183458,6451.36595222257,1,1
314.286870183855,6452.05992257769,1,1
314.395259843417,6452.72518888558,1,1
314.423532915256,6453.32821487021,1,1
314.403046739138,6453.98475963232,1,1
314.310306974976,6454.76407576959,1,1
314.033475677162,6455.7371342966,1,1
313.779543332278,6456.58190085368,1,1
313.402942779403,6457.16497521962,1,1
312.881785345538,6457.80302469681,1,1
312.391050258843,6458.28137589094,1,1
311.900171715209,6458.77644073494,1,1
311.262081211148,6459.24629408094,1,1
310.513284566085,6459.69014069438,1,1
309.691236890437,6460.15458908096,1,1
309.06569888166,6460.87600361169,1,1
308.801058820445,6461.46996159605,1,1
308.840255867413,6463.03828171439,1,1
308.8048976839,6463.82609236203,1,1
308.691715935571,6464.50717296739,1,1
308.383081075369,6465.31165869733,1,1
308.040779586086,6465.82817402853,1,1
307.489993546302,6466.71349627878,1,1
307.141230894483,6467.11224390419,1,1
306.812942282316,6467.92681326103,1,1
307.050352813142,6468.71363974922,1,1
306.906104206299,6469.31511279296,1,1
306.505658489346,6469.87549255172,1,1
306.208668019779,6470.35201768829,1,1
305.715356629733,6471.14692045627,1,1
305.422005044294,6472.07352718789,1,1
305.693597816743,6473.02629072827,1,1
305.962533217085,6473.52819654917,1,1
306.343759688925,6474.02120804451,1,1
306.867935911128,6474.42466967328,1,1
307.55703459909,6475.0031333063,1,1
307.941353226923,6475.53301014331,1,1
308.399093069445,6476.46875950528,1,1
308.526155860739,6477.05814724709,1,1
308.473507357686,6477.73884262048,1,1
308.365858271572,6477.93599554568,1,1
308.085688632708,6478.44910882759,1,1
307.670883764498,6478.86080261263,1,1
307.478989218066,6478.98509586168,1,1
307.067518686023,6479.25161207361,1,1
306.457130141379,6479.56844863074,1,1
305.779478473607,6479.96658674381,1,1
304.907852108426,6480.30545783817,1,1
304.172893889038,6480.48241695994,1,1
303.626629294565,6480.68171358474,1,1
302.779791793553,6480.86793566759,1,1
301.898521142237,6481.09659837151,1,1
300.937015264941,6481.25554207333,1,1
300.042902531226,6481.33463561875,1,1
299.298066973073,6481.40029253043,1,1
298.583188956378,6481.38794488362,1,1
297.984092484862,6481.40304021674,1,1
296.483259750135,6481.42154941603,1,1
295.762664061186,6481.33517514751,1,1
295.044876094299,6481.2857351216,1,1
294.085530935752,6481.4819668475,1,1
293.539084105772,6482.09416604212,1,1
293.039638799127,6482.8144641238,1,1
292.752968079997,6483.40283328585,1,1
292.628904807903,6484.12695241284,1,1
292.663538151933,6484.95062619084,1,1
292.800533440167,6485.65149415023,1,1
293.075845752473,6486.6412800893,1,1
293.361908834072,6487.33005734625,1,1
293.887469494529,6488.18450868287,1,1
294.328899327293,6488.93446369893,1,1
294.696684851624,6489.69177880341,1,1
295.167893471298,6490.77683637621,1,1
295.46362532083,6491.5767020305,1,1
295.671573566269,6492.2338964992,1,1
295.854030787687,6492.73598985387,1,1
295.870234663297,6492.78057989419,1,1
295.820457630235,6493.49796505001,1,1
295.58190958698,6494.19519846625,1,1
294.893417801916,6495.75854678166,1,1
294.830794952604,6496.32739121622,1,1
294.856584696422,6497.03802605096,1,1
294.94276201642,6497.59432129759,1,1
295.288527144013,6498.53998646556,1,1
295.382039273337,6499.17006888585,1,1
295.413024466053,6500.36964833993,1,1
295.437935468594,6501.08119433238,1,1
295.379204857995,6501.68684814893,1,1
295.289023582021,6502.37075734464,1,1
295.115212186211,6502.95019695448,1,1
294.841545421371,6503.6876124858,1,1
294.636013042492,6504.75682914928,1,1
294.739184730697,6505.49903043046,1,1
294.798432728167,6506.16950992543,1,1
294.636044956849,6507.31048772924,1,1
294.18691007271,6508.17653708471,1,1
293.596577832306,6508.71638917335,1,1
292.317793348059,6509.5433312739,1,1
291.551286160467,6509.79851894049,1,1
290.501592799091,6509.8157814446,1,1
289.93342273076,6509.75285158273,1,1
289.323512028554,6509.65651701709,1,1
288.60617962725,6509.60746664445,1,1
287.377266003495,6509.30202445114,1,1
286.639550379017,6509.02892001961,1,1
286.045057441436,6508.6687587903,1,1
285.443496255095,6508.23332245087,1,1
284.962818921972,6507.89929015049,1,1
284.41174999603,6507.60980822485,1,1
283.725130880184,6507.48280849117,1,1
283.304914531038,6507.57911574084,1,1
282.657128409259,6507.72757848322,1,1
282.053495539789,6508.11843354105,1,1
281.425667491995,6508.66158811234,1,1
281.061547097068,6509.21963808857,1,1
280.623375724507,6509.78457482507,1,1
280.110194084107,6510.35511899008,1,1
279.557147250065,6510.89300536771,1,1
278.838420375077,6511.25612107493,1,1
278.245960731576,6511.34572684271,1,1
277.46259464558,6511.41529515004,1,1
276.51799427417,6511.34770552558,1,1
275.411189576117,6511.14515056992,1,1
274.493518831712,6510.96294382859,1,1
273.880886741316,6510.8286667732,1,1
273.306110443162,6510.69148343982,1,1
272.541274735629,6510.53447957762,1,1
271.7885372066,6510.52492250577,1,1
270.759128837876,6510.35228622412,1,1
269.761473535631,6510.10223014507,1,1
268.975512989774,6510.13440422693,1,1
268.426162913362,6510.29527299527,1,1
267.879985211404,6510.49317347725,1,1
267.188740761779,6510.7423600516,1,1
265.983213865744,6510.69860936504,1,1
265.387297746045,6510.33726806339,1,1
264.402552797371,6510.23590333132,1,1
263.865953074706,6510.54659593974,1,1
263.079543673606,6510.99174487784,1,1
262.249350859669,6510.95224658981,1,1
261.508089185823,6510.64172610999,1,1
260.71685444472,6510.18574024914,1,1
259.819774310353,6509.81366165162,1,1
258.805705685446,6509.37737510303,1,1
257.875150296416,6509.04553816548,1,1
257.193598184505,6508.9931669757,1,1
256.269329491694,6509.14938905636,1,1
255.664521420274,6509.54131181938,1,1
255.215712758658,6510.40691618057,1,1
254.952542276476,6511.25665786432,1,1
254.780564882308,6512.28578421844,1,1
254.642615044257,6513.27453891494,1,1
254.501610704964,6514.22680310021,1,1
254.471607474157,6515.16787110037,1,1
254.45290450771,6515.80881412859,1,1
254.428359791451,6516.37427422176,1,1
253.820824546483,6516.72891694881,1,1
253.042627432044,6516.42105450186,1,1
252.627424146407,6515.96963574973,1,1
251.833562395992,6515.0625073988,1,1
251.302811732899,6514.58359026708,1,1
250.833632548801,6513.9484065073,1,1
250.063814599375,6512.8891329408,1,1
249.675066286925,6512.32253835698,1,1
249.364527469799,6511.78634110926,1,1
249.088470407248,6511.21001656705,1,1
248.877583179588,6510.51482649774,1,1
248.540336952657,6509.68005013407,1,1
248.197181154593,6508.77104845383,1,1
248.006620000633,6507.88680233359,1,1
248.046141083964,6507.05650297198,1,1
248.16401625202,6505.84427455717,1,1
248.239157692479,6504.56073623919,1,1
248.431536081017,6503.34146948336,1,1
248.613272681848,6502.4242006417,1,1
248.846440465636,6501.65176339633,1,1
249.060063522795,6500.24342428104,1,1
249.176740709635,6499.44413728412,1,1
249.459624635564,6497.54026941673,1,1
249.658457525639,6496.8094022866,1,1
249.903630295507,6496.18622197818,1,1
250.074515076976,6495.57127827164,1,1
250.334146254745,6494.683679662,1,1
250.505109410212,6494.0674662157,1,1
250.747288402482,6493.40806561374,1,1
250.999407453378,6492.85911982668,1,1
251.327058907019,6492.30458346631,1,1
251.622319668932,6491.8283451963,1,1
251.908732178015,6491.23948823537,1,1
252.252535801182,6490.45873510755,1,1
252.6412545054,6489.77731316286,1,1
252.855432911325,6489.24039870516,1,1
253.279038304801,6488.5849464724,1,1
253.549072613666,6487.93937566451,1,1
253.698526625117,6487.25106061138,1,1
253.862226797899,6486.55988195216,1,1
253.952378863469,6485.87661043279,1,1
253.971915847651,6484.8225978639,1,1
253.753959714697,6483.18850278082,1,1
253.657559636426,6482.52119358409,1,1
253.397880642196,6481.71816877011,1,1
253.021273158424,6480.8483328193,1,1
252.413895993416,6479.92532913543,1,1
251.77952766331,6479.11707404358,1,1
251.155651987756,6478.42109183764,1,1
250.580932369107,6477.87014267443,1,1
249.911262187507,6477.51626138103,1,1
249.132489838729,6477.20857534252,1,1
248.438299531574,6477.00760177479,1,1
247.757967072747,6476.95368957208,1,1
246.931405267833,6476.95099708639,1,1
245.758132020277,6477.28021405508,1,1
245.113376055953,6477.63719619197,1,1
244.438830200842,6478.07290562822,1,1
243.786709238823,6478.35527979909,1,1
242.732809753745,6478.74835522534,1,1
241.452609088717,6479.57497724778,1,1
240.767710023942,6479.89831841236,1,1
240.044742835519,6480.2238604459,1,1
239.586682468855,6480.56480222234,1,1
239.182230146928,6481.08882187099,1,1
238.753077741519,6481.76494841371,1,1
238.254657280836,6482.07166497344,1,1
237.677273085848,6482.34840257227,1,1
237.056808036942,6482.55269360842,1,1
236.470301973987,6482.71736844812,1,1
235.92460716661,6482.91600697567,1,1
235.25605382647,6483.4258926701,1,1
234.785464220593,6484.48192995359,1,1
234.49900797714,6485.06970569442,1,1
234.128593347453,6485.55376234228,1,1
233.61498734052,6486.12503427599,1,1
233.054789762973,6486.58762913317,1,1
232.640472467666,6486.99890099627,1,1
232.143607205967,6487.75680153327,1,1
232.016473959802,6488.44434631896,1,1
231.826579004631,6489.70072833431,1,1
231.735818336709,6490.79821787946,1,1
231.499590790106,6491.5328745533,1,1
231.21683497698,6492.15861384643,1,1
230.778139555789,6492.72273261551,1,1
230.153463381099,6493.30441323064,1,1
229.490804184164,6493.88845132183,1,1
228.880159216647,6494.20491961285,1,1
228.272293121448,6494.55988063019,1,1
227.265306804374,6495.06135261875,1,1
226.600235671878,6495.19480313765,1,1
226.044275813953,6495.28061990873,1,1
225.372872722562,6495.32232452272,1,1
224.346424560192,6495.61792141865,1,1
223.257717815592,6496.05263442733,1,1
222.662792812533,6496.5550989316,1,1
222.207212519592,6497.34752799382,1,1
221.713802777436,6498.14222550067,1,1
220.99993804,6498.9945010461,1,1
220.585508193457,6499.40605649718,1,1
219.600279710196,6500.16860789977,1,1
218.881482995067,6500.53327466085,1,1
218.307922241155,6500.84617428075,1,1
217.355528146175,6501.1185742095,1,1
216.730612234161,6501.28585461745,1,1
215.995050715131,6501.46338576133,1,1
215.296663791751,6501.63719234447,1,1
214.709995931668,6501.80206239668,1,1
213.940133031433,6502.02042658664,1,1
213.126627703195,6502.16645803649,1,1
212.268847587899,6502.24205348388,1,1
211.330353335245,6502.25009902571,1,1
210.547823757639,6502.31925047821,1,1
209.951141452151,6502.3714353445,1,1
209.307532317485,6502.65426935464,1,1
208.580032681793,6503.01826355783,1,1
208.040945390863,6503.2909337293,1,1
207.42303154361,6503.53302752489,1,1
206.606248733672,6503.64277540048,1,1
205.524733258882,6503.73761276271,1,1
204.041525086503,6503.53023751774,1,1
203.282201516457,6503.44739550569,1,1
202.713363012709,6503.38449911094,1,1
202.030700167561,6503.74511143989,1,1
201.436676132861,6504.24818460489,1,1
200.943513672681,6505.04257800337,1,1
200.538379642685,6505.56673387472,1,1
200.1030466739,6506.16966270775,1,1
199.599998518011,6506.85242714412,1,1
198.929802220097,6507.77594523808,1,1
198.12539431884,6508.44781902724,1,1
197.231966538011,6508.97714736605,1,1
196.40714122432,6509.425718147,1,1
195.823972496468,6509.62701998584,1,1
195.243715782142,6509.86582450793,1,1
194.589333694509,6510.11163544058,1,1
193.524898966632,6510.39342358217,1,1
192.971314542621,6510.51773480389,1,1
192.303547320929,6510.61412897236,1,1
190.849622086563,6510.74193764423,1,1
190.174065915275,6510.7633362406,1,1
189.405559197512,6510.56882393719,1,1
188.602706515793,6510.41384512294,1,1
187.850771057307,6510.40465884349,1,1
187.138748288977,6510.42945739602,1,1
186.094956270946,6510.52183247427,1,1
185.217506315522,6510.37360401363,1,1
184.481790636616,6510.13797944826,1,1
183.547830635487,6509.76899649298,1,1
182.795704799631,6509.34690477655,1,1
181.624075497905,6508.71217954498,1,1
180.820431762099,6508.19993841557,1,1
180.136494684298,6507.73935767705,1,1
179.262671501966,6507.21527380724,1,1
178.608938052634,6507.04776513478,1,1
178.036383613538,6506.94755392924,1,1
177.073619283745,6507.10755871669,1,1
176.523619533392,6507.26853281695,1,1
175.890040890029,6507.32470500914,1,1
175.136917071058,6507.31583779829,1,1
173.768619676397,6507.13634485572,1,1
172.838996579093,6507.25586028187,1,1
172.251861744834,6507.41929542994,1,1
171.641189060435,6507.73624588353,1,1
170.48087263737,6508.21466968364,1,1
169.537301064614,6508.59788960245,1,1
168.99083903701,6508.79681634799,1,1
168.044387239273,6509.1438345385,1,1
167.392919986634,6509.42658669496,1,1
166.815835513138,6509.70188637476,1,1
165.937577628783,6509.9677656119,1,1
165.309685434694,6510.09779087979,1,1
164.598016996768,6510.12372987047,1,1
163.421598632484,6510.00132351173,1,1
162.724230324612,6509.76210236571,1,1
162.206068048791,6509.43180746329,1,1
161.522965724855,6508.928565421,1,1
160.782041745299,6508.20417244734,1,1
160.208456943983,6508.51805789275,1,1
159.833571444368,6508.96416082777,1,1
159.432506400258,6509.52622492631,1,1
158.983604092516,6509.97885347778,1,1
158.154736652903,6510.80366732097,1,1
157.654301037276,6511.18382011705,1,1
157.029150962969,6511.54337003532,1,1
156.361827520052,6511.78825343078,1,1
155.449426503192,6512.09404482713,1,1
154.859233834295,6512.22166490338,1,1
154.041792140406,6512.33113304206,1,1
153.224548967982,6512.44130012606,1,1
152.583685857731,6512.42211803281,1,1
151.649665701056,6512.28327353511,1,1
151.180907870451,6512.19643530997,1,1
150.741920962637,6512.11283365562,1,1
149.751184358565,6511.7050039392,1,1
148.791722378729,6511.36966934609,1,1
147.992401802402,6511.3958966519,1,1
147.611276037684,6511.60724241501,1,1
147.366845423513,6511.93066725883,1,1
147.187900441568,6512.4252749082,1,1
147.048245408381,6513.06502534084,1,1
146.718744823884,6513.82366594496,1,1
146.565640741109,6514.31481302093,1,1
146.293897562679,6514.89270233266,1,1
145.542399546247,6515.4158601501,1,1
144.831481688793,6515.58302705261,1,1
143.911999139991,6515.6707485193,1,1
143.196642577754,6515.72971002459,1,1
142.24862936813,6515.82806608971,1,1
141.374004074808,6515.8610454812,1,1
140.674148472883,6515.87761243441,1,1
139.422954772146,6515.89639993726,1,1
138.478503708707,6515.98511565817,1,1
137.878395256239,6516.26886530021,1,1
137.739256712103,6516.38149611563,1,1
137.622644117921,6516.46838906723,1,1
136.790635625238,6516.9483346097,1,1
136.598898722273,6517.04146982916,1,1
136.184652097193,6517.4320495152,1,1
135.952857569365,6517.6298182058,1,1
134.972765999431,6518.65143704336,1,1
134.645940302238,6518.90754312066,1,1
133.996049664332,6519.19538893852,1,1
133.357866059287,6519.3317522515,1,1
132.467166238158,6519.71661594179,1,1
131.9950329947,6520.28886917199,1,1
131.798177075703,6520.85886533227,1,1
131.648290226396,6521.65186343427,1,1
131.664402594958,6522.35288041467,1,1
131.624575166845,6522.98283605168,1,1
131.591293252229,6523.688534908,1,1
131.422267957806,6524.80908560835,1,1
131.354854371797,6525.41727948193,1,1
130.941791477314,6526.08412179129,1,1
130.677141803082,6526.46027307823,1,1
130.379919816371,6526.76435694702,1,1
129.682102046574,6527.33298863781,1,1
128.86019886983,6527.91281006339,1,1
128.453373669378,6528.37774510643,1,1
128.146781806823,6529.10869059669,1,1
127.972572835889,6529.65208579762,1,1
127.803161601192,6530.24548873967,1,1
127.325193892054,6531.01866223134,1,1
126.750357474792,6531.8262334226,1,1
126.131778827991,6532.43629469328,1,1
125.695438913773,6532.85436024943,1,1
125.08489485339,6533.28902749225,1,1
124.5618023606,6533.5895926065,1,1
123.783522400244,6533.83951371035,1,1
122.682175692158,6534.11955901015,1,1
121.623057525097,6534.32004133281,1,1
120.698650677823,6534.60936589914,1,1
120.299978649285,6534.89742840863,1,1
119.929053364056,6535.48554007072,1,1
119.64114462462,6536.13910874155,1,1
119.24660783639,6537.00552786296,1,1
118.888462413841,6537.71694162145,1,1
118.468870790672,6538.30891917519,1,1
117.942579519924,6539.11205676772,1,1
117.437853188054,6539.86172698071,1,1
116.885952175279,6540.64196220367,1,1
116.510298678034,6541.17933611254,1,1
115.970847262388,6541.83317455663,1,1
115.232289807031,6542.50541926384,1,1
114.489835550951,6543.1281555487,1,1
113.944924648099,6543.45654273566,1,1
112.993438634013,6543.99836615263,1,1
112.261085880937,6544.46920838642,1,1
111.11595433984,6545.08080546641,1,1
110.393201008127,6545.65065814808,1,1
109.764644378154,6546.16193056001,1,1
109.135331976164,6546.92457534156,1,1
108.528375848815,6547.66065990567,1,1
108.063873289951,6548.3069726944,1,1
107.695254976015,6548.9187448481,1,1
107.115902959909,6549.67660195254,1,1
106.690981708584,6550.2195631183,1,1
106.022173632564,6551.08525119259,1,1
105.586536366243,6551.77947226429,1,1
105.031853900731,6552.53538283477,1,1
104.525227409448,6553.01081285058,1,1
103.797965164331,6553.53094782752,1,1
103.172330304288,6554.0669256934,1,1
102.117505765136,6554.8452405392,1,1
101.328865730374,6555.24701680092,1,1
100.339224850435,6555.39182007054,1,1
100.079344350225,6555.29099414112,1,1
99.4298177072091,6555.05174489666,1,1
99.0140847914344,6554.63870562135,1,1
98.6766547767901,6553.99327048661,1,1
98.5677392120644,6553.37638808975,1,1
98.4794331950957,6552.18066661981,1,1
98.4987844004967,6551.07368757647,1,1
98.5577089623389,6550.11491119836,1,1
98.5884225141534,6549.38374204042,1,1
98.8762996333976,6548.45287180044,1,1
98.9482245061523,6547.89459219261,1,1
98.7229667287177,6547.64004470602,1,1
98.3728838788901,6547.6483721647,1,1
97.861775723101,6548.07337923992,1,1
97.4588437951533,6548.31207959163,1,1
97.0316686046107,6548.30307737833,1,1
96.7514960838091,6548.52982882437,1,1
96.5511928067391,6549.0516495483,1,1
96.4157028562323,6549.74205161114,1,1
96.1713292557774,6550.59252094545,1,1
95.882709775829,6551.24776146647,1,1
95.5036733624283,6552.01149117063,1,1
95.2319702850035,6552.31412811001,1,1
94.930431312962,6552.56811104525,1,1
94.4072018993693,6552.86923900989,1,1
93.5904035284438,6553.24863620876,1,1
93.1497383734268,6553.61652114966,1,1
92.8370134756028,6554.02204984156,1,1
92.5081194776517,6554.78180986334,1,1
92.3471902206466,6555.19866759351,1,1
92.0088165945063,6555.85842519316,1,1
91.4787316487394,6556.61196835372,1,1
91.1334336572321,6557.19638968387,1,1
90.8284346966209,6557.67671195065,1,1
90.4081586282099,6558.26965366666,1,1
89.904632446377,6558.76897044646,1,1
89.4476073546421,6559.23882900829,1,1
88.7746328273995,6559.80521784448,1,1
88.1620956350966,6560.21597016036,1,1
87.6438093021886,6560.56554299898,1,1
86.7212115874472,6561.15599559365,1,1
86.1269431987057,6561.48841895633,1,1
85.5139996780815,6561.89870347531,1,1
85.1664823024306,6562.20660162095,1,1
84.9264518272358,6562.60784637605,1,1
84.7809005547171,6562.72344884321,1,1
84.6590535056741,6562.93540260318,1,1
84.5303518943914,6563.17422077241,1,1
84.2711754321854,6563.60068865443,1,1
84.2004122796904,6563.90810770537,1,1
84.000219032369,6564.42964171016,1,1
83.8289877642542,6564.9972804447,1,1
83.6778433096433,6565.51310621555,1,1
83.5176833255758,6565.93007588701,1,1
83.190248972684,6566.96500449757,1,1
83.0664977478969,6567.50394702367,1,1
82.960771319427,6567.96550836731,1,1
82.8435982744197,6568.5791900082,1,1
82.7199299329823,6569.11686353651,1,1
82.543196143905,6569.88732955756,1,1
82.3592320300679,6570.58211347009,1,1
82.2133368952618,6571.14833652155,1,1
82.0074237205405,6571.61897633558,1,1
81.7755428819012,6572.06751962081,1,1
81.5248173121911,6572.59362007467,1,1
81.2345609346935,6573.22390567235,1,1
80.9940832870498,6573.84866800771,1,1
80.5971987703405,6574.41372460935,1,1
80.4318855407938,6574.68885670372,1,1
80.2220391201815,6574.96687799928,1,1
79.9863522246198,6575.32876942969,1,1
79.5362338318795,6575.92762679617,1,1
78.873843512646,6576.30983310979,1,1
78.2877904825261,6576.46696464686,1,1
77.7109577941832,6576.72171817484,1,1
77.4191796402684,6577.07667416157,1,1
77.2614742672186,6577.51882572384,1,1
77.2207590745956,6577.87328548722,1,1
77.2251969973952,6578.45017419739,1,1
77.2314204351248,6578.77501177463,1,1
77.2968493494686,6579.19560365703,1,1
77.3601586209716,6579.59035385905,1,1
77.3805465907932,6580.06531412487,1,1
77.3812524125677,6580.59206588304,1,1
77.334078888688,6581.14858087002,1,1
77.2507220296289,6581.58370645795,1,1
77.1493120178402,6582.0944018894,1,1
77.0058971794014,6582.68528907542,1,1
76.8121034894174,6583.28103635078,1,1
76.5463810215804,6583.90908329814,1,1
76.1767969106877,6584.49624339694,1,1
75.9719598585988,6584.71662494765,1,1
75.6427269625848,6585.19942673059,1,1
75.405339470031,6585.59922970142,1,1
75.127236355088,6586.09840116133,1,1
74.8932908893687,6586.52593874635,1,1
74.4868196275094,6586.99141773426,1,1
74.190757003483,6587.29639225267,1,1
73.9992807288804,6587.51586362138,1,1
73.9303116472193,6587.72247909463,1,1
73.9438383008847,6588.12288301507,1,1
73.9729426814212,6588.42074996156,1,1
73.9884289306105,6588.84565983548,1,1
74.0568351270889,6589.04017738545,1,1
74.9588616950908,6589.55510414294,1,1
75.1440256166309,6589.66327113139,1,1
75.5337139175227,6589.80153436955,1,1
76.36515070301,6589.8474510884,1,1
77.1393800411695,6589.82240182834,1,1
78.3359777531768,6589.7585625357,1,1
79.6026697544653,6589.38610901303,1,1
80.507686443867,6589.14845201472,1,1
81.9240555634713,6588.76144718826,1,1
83.131107042624,6588.54502280993,1,1
83.4758272004994,6588.48648578073,1,1
84.5004408142818,6588.46373412279,1,1
85.5259270182748,6588.44108371501,1,1
86.7098594205747,6588.50328284775,1,1
87.7864430915953,6588.49996111882,1,1
88.6155228104153,6588.52105180393,1,1
89.7783763452745,6588.63481005743,1,1
90.7494506094435,6588.56632323895,1,1
91.5242620141762,6588.54212098351,1,1
92.4674557064208,6588.45183066371,1,1
93.4439264975216,6588.1827428188,1,1
94.1990448635624,6587.9590403195,1,1
95.310163779453,6587.52702394062,1,1
96.46097825985,6586.98961222837,1,1
97.3881608991122,6586.47480806248,1,1
97.9010864293856,6586.07438706899,1,1
99.02353441603,6585.23825762504,1,1
99.5793463170146,6584.75868563018,1,1
100.271626313802,6584.14026689248,1,1
100.752105354225,6583.66811614891,1,1
101.834327227127,6582.93782381822,1,1
102.379271222205,6582.60921628723,1,1
103.490674315257,6581.9261250563,1,1
104.028223743422,6581.52337767925,1,1
104.78936574776,6581.09856939718,1,1
105.266925728926,6580.85233128208,1,1
106.359597861734,6580.49656458928,1,1
107.123922142457,6580.25202349564,1,1
108.065839395001,6580.07628772113,1,1
108.926341294239,6579.98738318482,1,1
109.574254877782,6580.01046012347,1,1
110.274031994151,6580.05048286454,1,1
111.082129414446,6580.17034433273,1,1
111.786456665178,6580.25643382339,1,1
112.347443090747,6580.40088876714,1,1
112.904751369658,6580.50182563995,1,1
113.205688720486,6580.5676866831,1,1
113.393286301143,6580.56530641231,1,1
114.20791761806,6580.57207442364,1,1
115.005338520244,6580.58301819677,1,1
115.57548354801,6580.62950727944,1,1
115.758117889878,6580.65666441609,1,1
115.998710308553,6580.70080010361,1,1
116.586589269251,6580.81960271723,1,1
117.271148205626,6580.90520468757,1,1
118.005073725329,6580.98479090639,1,1
119.200987091088,6580.92042376937,1,1
119.732502673654,6580.97004328138,1,1
120.360045803456,6581.01492599714,1,1
121.254540453854,6581.0798351606,1,1
121.574374594049,6581.11835917954,1,1
122.27159206593,6581.16778689696,1,1
123.030865761378,6581.29522449488,1,1
123.671361705106,6581.56979831354,1,1
124.439293835526,6581.99815209934,1,1
124.949522252798,6582.34994153223,1,1
125.570080355331,6582.81663535736,1,1
126.304289244486,6583.42346416781,1,1
126.917443069405,6584.06682545641,1,1
127.364631066181,6584.55040247253,1,1
128.444157015518,6586.4037761412,1,1
128.707402517563,6586.87209431116,1,1
128.817629286922,6587.19302860824,1,1
129.087344427535,6587.79983577178,1,1
129.12453593883,6588.01799795591,1,1
129.321501494479,6588.30353646528,1,1
129.417597281687,6588.48011516363,1,1
129.862518416671,6588.99143194192,1,1
130.347117737231,6589.90980789145,1,1
130.655315257168,6590.65436064523,1,1
131.027122579436,6591.3969701909,1,1
131.064973501075,6591.7942692235,1,1
131.05761106082,6592.49652446144,1,1
131.017087101808,6593.37817458264,1,1
130.948324764762,6594.48884922581,1,1
130.77750252972,6595.58245866699,1,1
130.609441903073,6596.17622848692,1,1
130.365398388937,6597.02738754573,1,1
130.201329997958,6597.66990262922,1,1
130.082016139327,6598.50892824528,1,1
130.184355610927,6599.57705889283,1,1
130.223684074411,6600.50106111383,1,1
130.270091173892,6601.24857050011,1,1
130.298909919336,6602.07390783283,1,1
130.311270156923,6602.72387177132,1,1
130.361838117461,6603.24603464852,1,1
130.478611592942,6603.93712283822,1,1
130.607315850401,6604.50158966255,1,1
130.781547550447,6605.26262467729,1,1
130.86830970667,6605.90620769093,1,1
130.85577139886,6606.55859712554,1,1
130.701986619229,6607.04994213443,1,1
130.437142177081,6607.67804849206,1,1
129.78200741036,6608.41733320442,1,1
128.872537760347,6608.85564160292,1,1
128.478650327153,6609.0280387674,1,1
127.772875245367,6609.66422133955,1,1
127.396332750018,6610.17713479154,1,1
127.248067044532,6610.71737688326,1,1
127.369618913995,6611.45881744037,1,1
127.703259886376,6612.3291079195,1,1
128.214596152565,6612.95740375499,1,1
128.541419802132,6613.75331950805,1,1
128.608662874689,6614.44881471323,1,1
128.675143224906,6615.14475384533,1,1
128.797229065511,6615.88475527216,1,1
129.027662098863,6616.46484695643,1,1
129.091183144855,6616.86011227109,1,1
129.294804149202,6618.19497740741,1,1
129.407412303395,6618.58529395815,1,1
129.379777935913,6619.34024328893,1,1
129.421142372042,6619.51186695056,1,1
129.431931267846,6620.13765372524,1,1
129.429475821253,6620.63868406687,1,1
129.177297422123,6621.14050647562,1,1
128.576525249285,6621.92539442011,1,1
127.695281428313,6622.66186505784,1,1
127.17091043642,6623.18859001788,1,1
126.75869375307,6623.85538620643,1,1
126.578965204309,6624.85097871612,1,1
126.687494166782,6625.7181760684,1,1
126.849846758533,6626.88089358051,1,1
127.18154947381,6627.72698143728,1,1
127.777781169852,6628.19638984169,1,1
128.96194941444,6628.78429789873,1,1
130.153091534399,6629.44748923804,1,1
131.180428758498,6629.97541859576,1,1
132.019585325238,6630.37093172527,1,1
132.872037426331,6630.63993262893,1,1
133.849004597892,6630.64544123759,1,1
135.222853541523,6630.33824698911,1,1
135.413577227125,6630.24428986644,1,1
136.44488038258,6629.76936521604,1,1
136.87220618788,6629.52669137559,1,1
137.963853849344,6628.895058006,1,1
139.022788219857,6628.19167125662,1,1
139.918498579448,6627.60393747781,1,1
140.601501136895,6627.16144305335,1,1
141.884439552947,6626.43607559739,1,1
142.559692786474,6626.17077820906,1,1
143.409164607362,6625.88771238848,1,1
144.162435638548,6625.64006005419,1,1
145.239121891447,6625.38622475081,1,1
145.931239553941,6625.29483176027,1,1
146.908762622254,6625.30032930891,1,1
147.449372491,6625.44876796584,1,1
148.028958113559,6625.74445696792,1,1
148.45527680895,6626.28028382053,1,1
148.919809064938,6626.93776329526,1,1
148.912433768759,6627.63978313222,1,1
148.575393017046,6628.04887054867,1,1
147.801282509947,6628.85016424664,1,1
147.156681126105,6629.68991503184,1,1
146.490371388279,6630.58089838564,1,1
146.005208430438,6631.25443084668,1,1
145.486515884747,6631.85637969047,1,1
144.683818047063,6632.36002783387,1,1
143.760885047241,6632.92522826083,1,1
142.828502886384,6633.64216533071,1,1
141.926156516401,6634.40608312108,1,1
141.148926195464,6635.18333763249,1,1
140.592416052486,6635.63851437768,1,1
139.952620271786,6636.27632021891,1,1
139.07362111717,6637.03833917971,1,1
138.307745606742,6637.66349910308,1,1
137.410708397922,6637.9762623123,1,1
136.511271674418,6637.73680018297,1,1
135.36896498591,6637.31984730603,1,1
134.584504991402,6636.96989373694,1,1
133.744482333912,6636.57422326241,1,1
132.830582533687,6636.18546030364,1,1
131.66400194785,6635.77084216015,1,1
130.532491732503,6635.72963006293,1,1
129.58467530348,6635.77144104974,1,1
128.53830157062,6635.57101717656,1,1
128.095344580686,6635.38773175595,1,1
127.527285442665,6635.21704620263,1,1
126.086394849063,6635.08039347548,1,1
125.32783707119,6635.00323157439,1,1
124.878984807693,6635.02160767129,1,1
124.179075839397,6635.0384102762,1,1
123.133888893679,6635.11395197903,1,1
122.064651750431,6635.19204000588,1,1
121.364687602174,6635.20948314326,1,1
120.61769235419,6635.2565255076,1,1
119.65711004721,6635.42452189137,1,1
118.770932078841,6635.58458477765,1,1
117.892822268023,6635.56958325297,1,1
116.971026096122,6635.35721536514,1,1
116.017374584743,6634.82159840258,1,1
115.493734873006,6634.32085406529,1,1
114.966527474281,6633.79429477427,1,1
114.320911193933,6633.07950019806,1,1
113.698252713819,6632.58791194254,1,1
112.992924123279,6632.02836092535,1,1
112.32440926169,6631.59090619009,1,1
111.176970266127,6631.12523253311,1,1
110.193066102563,6630.79294064151,1,1
109.169735270516,6630.56610497101,1,1
108.284965454036,6630.22466277048,1,1
107.797596279084,6629.84505577717,1,1
107.392281865315,6629.28217296744,1,1
106.884096250126,6628.42802513357,1,1
106.492061267324,6627.73922426734,1,1
105.709831743574,6627.16200761675,1,1
104.892627278306,6626.73924461355,1,1
104.208516654689,6626.40343545879,1,1
103.233198544206,6625.89547529362,1,1
102.663817923811,6625.44880373077,1,1
102.095234138006,6624.75098130755,1,1
101.567408367098,6623.94905630801,1,1
101.273495412445,6623.50020995642,1,1
100.863885527617,6622.88726350654,1,1
100.276785713313,6621.99077092809,1,1
100.039771082659,6621.61210649389,1,1
99.1446329684277,6620.89553909302,1,1
98.7951309644537,6620.65358182679,1,1
98.3421518345557,6620.37127277958,1,1
97.6534314514986,6619.98648602639,1,1
96.6602225111647,6619.55492248782,1,1
95.9410507596788,6619.37324183119,1,1
95.0076471951705,6619.3127561146,1,1
93.6504315546487,6619.51831802419,1,1
92.8976496258678,6619.76633776498,1,1
92.1966480544326,6620.03461440032,1,1
91.7660927940857,6620.25249089069,1,1
91.1457938020284,6621.0889576863,1,1
90.7579582192195,6622.00500015233,1,1
90.7305719277461,6622.50854726699,1,1
90.8377340865507,6623.35108462423,1,1
91.087384302147,6624.12966062031,1,1
91.1831995415419,6625.12376595848,1,1
91.1364305766152,6625.680067417,1,1
91.024750417338,6626.59501620246,1,1
90.9150859111197,6627.28270839067,1,1
90.9140201735889,6627.53342586353,1,1
90.6829962844973,6629.03617720942,1,1
90.5733281585449,6629.97408472693,1,1
90.3977286177303,6630.4931522445,1,1
90.3366407988408,6630.90076953943,1,1
90.1139570386588,6631.44814608126,1,1
89.9220033471469,6631.79273068978,1,1
89.3620956798536,6632.75039716635,1,1
89.0900625466084,6633.30370604947,1,1
88.7036294718214,6633.96708369583,1,1
88.2218676454311,6634.69194466286,1,1
87.7409762614121,6635.41548979762,1,1
87.1820254629289,6636.12089837548,1,1
86.3257551231559,6636.85601926345,1,1
85.5368901141199,6637.50902913601,1,1
84.808799431029,6638.53222438803,1,1
84.6208056142513,6638.9272637505,1,1
84.2136686632536,6639.89476015385,1,1
83.8386151057368,6640.6837995109,1,1
83.4854082073097,6641.69596109381,1,1
83.2074566761666,6642.45029019324,1,1
82.6846815668706,6643.52873171018,1,1
82.3435416725851,6643.88854187031,1,1
81.6612152683175,6644.60686861849,1,1
81.0459686624847,6645.24234245711,1,1
80.7270920879659,6645.57490638108,1,1
79.9432316181576,6646.27692160923,1,1
79.2581106190506,6646.97044361038,1,1
78.5677801717192,6647.86565279833,1,1
78.3656902653954,6648.11107112619,1,1
78.1188752309604,6648.66158139257,1,1
77.7552798846861,6649.57464750918,1,1
77.25910069084,6650.39963554466,1,1
76.9395996082231,6650.98346469931,1,1
76.3769663806097,6652.1668871338,1,1
76.0307738566342,6652.72640905735,1,1
75.6398052451283,6653.09054710541,1,1
75.064377686267,6653.62303715448,1,1
74.7589991103847,6654.35462058229,1,1
74.5558473014177,6655.10142207161,1,1
74.2826181588875,6655.9060771145,1,1
73.8198219261269,6657.07950828457,1,1
73.3858470402331,6657.77385598518,1,1
72.5463466582792,6658.68337820393,1,1
72.0930821143222,6659.17875478358,1,1
71.9336881014421,6659.34418480632,1,1
71.3441924985773,6659.72733965913,1,1
70.558125401324,6660.15500442379,1,1
70.0834456862721,6660.42596600436,1,1
69.6554974890852,6660.6679931917,1,1
68.9377660494089,6661.0138922941,1,1
68.0366919267678,6661.55246087234,1,1
67.4966620093281,6662.182182331,1,1
67.0448847018406,6662.95340005775,1,1
66.7043319858374,6663.83864010771,1,1
66.5731383177069,6664.55419136044,1,1
66.5775535994327,6665.3819316536,1,1
66.6742126201902,6666.37643522469,1,1
66.7027478830776,6666.92532632173,1,1
66.3705102630513,6667.6354840032,1,1
65.9759665073085,6668.22493015839,1,1
65.6854130487234,6668.85492744347,1,1
64.9137897002761,6669.43414265104,1,1
64.434442770011,6669.65392054086,1,1
64.0592843955355,6669.91545878613,1,1
63.8054218578843,6670.14113493896,1,1
63.51666191851,6670.52071822847,1,1
63.3519845441409,6670.86618972518,1,1
63.2255994393868,6671.40176472165,1,1
63.0573492768986,6672.05564922652,1,1
62.9335474401526,6672.78525885207,1,1
62.8386402047052,6673.87255832509,1,1
62.7628593729861,6674.90907071695,1,1
62.6419105417241,6676.25124177941,1,1
62.3599207721963,6676.954823308,1,1
62.1985108079715,6677.62428195435,1,1
61.9957684131257,6678.37116965605,1,1
61.6138866811288,6679.08469070858,1,1
61.3144066817487,6679.61633070194,1,1
60.6363104914299,6680.38480765152,1,1
60.0817667000988,6680.86413111581,1,1
59.4847829423902,6681.42409005873,1,1
58.9341668889711,6681.95501002204,1,1
58.2700071272813,6682.59632318631,1,1
57.8502367462087,6683.43981368342,1,1
57.7323111495665,6683.77662443167,1,1
57.501737805678,6684.50166216805,1,1
57.3632549647196,6685.14250691262,1,1
57.4827614636426,6685.85911980715,1,1
57.6447667959486,6686.49537050879,1,1
58.0795933904311,6687.10581943661,1,1
58.633731272623,6687.65392861683,1,1
59.3868146402706,6688.18347590358,1,1
60.172854220064,6688.53383883979,1,1
60.8997159843545,6688.79926579266,1,1
62.2493026816683,6689.15902083032,1,1
63.5568236443283,6689.57086163991,1,1
65.1472096052364,6689.92505992343,1,1
66.3818888555873,6690.14112724435,1,1
68.5948441392895,6690.44710193936,1,1
72.6758666707772,6690.62388683166,1,1
77.658961846763,6691.08665513162,1,1
79.0664831702936,6691.55979554559,1,1
80.3102780006432,6692.3012042491,1,1
80.7294955997967,6693.00253017993,1,1
80.6841514376421,6693.86956853509,1,1
80.544548683543,6694.74838225122,1,1
80.4864143746479,6695.50340281873,1,1
80.4604258359097,6696.5286395986,1,1
80.4976595814904,6697.27268065119,1,1
80.4980233488806,6698.11178968226,1,1
80.8295605380049,6698.8916784398,1,1
81.4622377478317,6699.36266472866,1,1
82.9696707964683,6700.47103874296,1,1
83.7460502249601,6701.21069832378,1,1
84.3035883596458,6701.87362483721,1,1
84.9514111173286,6702.6418571317,1,1
85.9679234971512,6703.72431043567,1,1
86.7506837244169,6704.60677208404,1,1
87.4328595838159,6705.5274813883,1,1
87.8175713283042,6706.59694973899,1,1
88.1982370939807,6707.63892924451,1,1
88.4160821025414,6709.09883583677,1,1
88.4029460525711,6710.26845761038,1,1
88.1950070712072,6711.29433618698,1,1
88.0974996354145,6711.81874303364,1,1
87.9674950653035,6712.51877082467,1,1
87.8697245472117,6713.15116613546,1,1
87.7539113886858,6713.85601632722,1,1
87.7984137087352,6714.7079529997,1,1
87.8378702846085,6715.38090125582,1,1
87.853016975484,6716.10031549476,1,1
87.9334644246941,6716.80549505075,1,1
88.0428883115986,6717.7635232419,1,1
88.0651568969767,6718.91595069693,1,1
88.0518750306055,6719.67586231781,1,1
88.1356461395771,6720.40845014615,1,1
88.025898073071,6720.82125802827,1,1
87.8275641364568,6721.73911024331,1,1
87.6009079854299,6722.38043145113,1,1
86.9835386725265,6723.54354470247,1,1
86.3220971150908,6724.31931247643,1,1
85.354655220925,6725.04611599184,1,1
84.4744497567344,6725.65217141957,1,1
84.1644616606316,6725.99609832585,1,1
83.830696902612,6726.36819788808,1,1
83.5501723560033,6726.73880959467,1,1
83.2093470114006,6727.25364346207,1,1
82.8696383763257,6727.7696716877,1,1
82.6873210619898,6728.35025812183,1,1
82.6029995439156,6728.9206453197,1,1
82.7428691238031,6729.68756480703,1,1
82.8616407269223,6730.70977089933,1,1
82.853373501564,6731.07513480254,1,1
82.4744561212547,6731.6785526802,1,1
82.1048114697202,6732.36663293752,1,1
81.7956658741845,6732.71042037543,1,1
81.0129962146847,6733.27711329459,1,1
80.4081171965481,6733.65572327983,1,1
80.0992146597491,6733.99958640207,1,1
79.4746671031605,6734.63400358585,1,1
78.8566155752779,6735.32220053756,1,1
77.8844884435816,6736.38829921425,1,1
77.4536592777572,6737.39143144407,1,1
77.209989852042,6738.2888224321,1,1
76.9573211590237,6739.10201432753,1,1
76.8644000797874,6739.80110536274,1,1
76.9112641787209,6740.39681033104,1,1
76.9501035724316,6741.56788757942,1,1
76.9925218449998,6742.17559664384,1,1
76.994485549452,6742.52052858287,1,1
76.9380144949213,6742.69915003302,1,1
77.040802591986,6742.91157235601,1,1
76.9905155875892,6743.14220612741,1,1
76.9674412768154,6743.28223417543,1,1
76.945366315147,6743.42290651101,1,1
76.6679370648711,6744.36989747478,1,1
76.3081987679721,6744.94765678005,1,1
75.9942114224064,6745.9167056627,1,1
75.8428923549493,6746.60798302721,1,1
75.7518955311213,6747.15386587441,1,1
75.4812098707703,6747.82459359636,1,1
75.2284824397435,6748.31993353643,1,1
74.8268578412928,6749.19628459566,1,1
74.6397890106615,6749.90905775615,1,1
74.3386690843678,6750.65165575132,1,1
74.0586807818602,6751.23838002443,1,1
73.9506466529123,6751.63043199841,1,1
73.4521930313404,6752.34531723958,1,1
73.1124544632949,6753.07734448406,1,1
72.9389297678792,6753.58072096902,1,1
72.8601112969188,6754.15799771228,1,1
72.7884196246765,6754.64645563758,1,1
72.7485766198243,6755.28096300178,1,1
72.657757957629,6755.8900977635,1,1
72.6183997320389,6756.49958413031,1,1
72.67281799006,6756.95241720243,1,1
85.7670390218144,6767.98856957194,1,1
91.2795463477336,6772.96571221571,1,1
108.390003452922,6788.99388985373,1,1
125.771599650345,6803.93158434002,1,1
142.5939647332,6820.11437193145,1,1
193.459898333708,6865.63820905653,1,1
206.70342445908,6877.90590761278,1,1
210.130612369179,6880.96952027774,1,1
227.268580233094,6897.44710357957,1,1
233.444981234145,6902.87614787817,1,1
233.45052868722,6902.87584683402,1,1
369.680005972635,6895.57189664832,1,1
377.988684728296,6784.05976752426,1,1
401.561163185866,6783.10009323324,1,1
386.770241044575,6722.57402677763,2,1
387.942706941853,6721.77635813474,2,1
388.186457993478,6722.30358379896,2,1
387.513462805132,6724.53701554594,2,1
387.924260997971,6726.4331431327,2,1
387.442544368525,6727.38862054679,2,1
387.904723655899,6729.30900068854,2,1
387.787594908307,6729.64295734391,2,1
387.41001035579,6729.7811095712,2,1
387.350827331567,6730.39350832124,2,1
386.971729602467,6730.48108208152,2,1
386.505612296428,6730.18925307578,2,1
384.80085622922,6726.82570143992,2,1
384.510322704317,6726.25212292345,2,1
384.597365710383,6725.74088235559,2,1
385.184452110882,6724.93508380456,2,1
385.929306594419,6724.30298618374,2,1
386.201863730648,6723.15019282595,2,1
386.770241044575,6722.57402677763,2,1
388.12329583308,6713.88342092285,3,1
387.782547138117,6713.51146499099,3,1
387.272966536553,6713.47550182991,3,1
387.114269073592,6713.27633619408,3,1
387.582240663633,6712.75407643761,3,1
387.613596683096,6712.06613344462,3,1
387.197835569557,6710.88227175738,3,1
387.455810131808,6710.25783481875,3,1
387.602451286367,6709.90373690219,3,1
387.587027458694,6709.82535030909,3,1
387.512825390541,6709.44824115227,3,1
387.169238203412,6709.00026271158,3,1
386.915483099569,6708.87827173255,3,1
386.370432505477,6708.61624331481,3,1
386.261023990488,6708.3651222841,3,1
386.687164445279,6708.14885092529,3,1
386.827800832907,6707.738117108,3,1
388.783560956987,6707.63012286189,3,1
389.736157871955,6707.14484734748,3,1
390.602691924969,6706.33073497338,3,1
391.18564177468,6706.26348574952,3,1
391.610696395139,6705.99650376378,3,1
392.252371030849,6706.20687454519,3,1
392.658300608862,6706.16978943746,3,1
393.284189122688,6705.82091898384,3,1
394.818815452459,6703.46081308259,3,1
395.233953061809,6703.06155812859,3,1
396.155197682024,6702.17545647726,3,1
396.716254157294,6701.34498551495,3,1
397.588962620442,6700.73443723762,3,1
399.410566553487,6698.59552189839,3,1
400.55205089597,6697.59529106733,3,1
400.943460038384,6697.05028338108,3,1
401.442909010348,6696.73056709672,3,1
402.778332814641,6695.41943732395,3,1
403.955643176954,6692.99371385845,3,1
404.574665072786,6692.416000141,3,1
409.756845116896,6689.5188248093,3,1
410.228001645296,6689.07238846358,3,1
410.458150151958,6688.25151614124,3,1
410.989026176259,6688.13442777142,3,1
411.417875847153,6687.73878958401,3,1
411.757671021839,6687.4254429887,3,1
415.013488429005,6688.34887059962,3,1
416.382979610852,6689.0983967311,3,1
417.230597311946,6689.37901091466,3,1
417.739872883394,6689.39003392133,3,1
418.215129595801,6689.12174917344,3,1
419.544583635084,6689.36329937429,3,1
420.249610603308,6689.11357791752,3,1
421.348211036465,6689.28559931177,3,1
423.334364626658,6689.20991407715,3,1
424.091872902369,6689.18105231699,3,1
424.728070813886,6688.97281127687,3,1
426.308835652241,6688.45554915937,3,1
426.960544841045,6688.08032852722,3,1
427.451372638198,6687.45555613239,3,1
427.568202875932,6686.20553058609,3,1
428.693667178792,6684.6717428044,3,1
430.839617291658,6684.99203695664,3,1
431.303467133106,6685.20774173848,3,1
432.53539784453,6686.49478158235,3,1
432.548026448913,6686.95228448987,3,1
431.878898257705,6687.55702611496,3,1
430.818150485997,6687.81670399054,3,1
430.26569059912,6688.24378319346,3,1
424.696721458351,6692.54744671738,3,1
423.910274867703,6693.51155464397,3,1
423.491885435626,6694.87225506519,3,1
422.841232494119,6694.93430462423,3,1
422.730231191282,6694.94489048621,3,1
422.411819372908,6695.36130166991,3,1
421.273171111029,6695.54691999248,3,1
420.94024653497,6695.48024393241,3,1
420.514059734515,6694.80530451384,3,1
419.85139812655,6694.59840459096,3,1
419.692915405058,6694.54918645885,3,1
418.422642810228,6694.6115004817,3,1
416.430407059323,6694.31296092601,3,1
415.493778287126,6694.46724183303,3,1
413.078591358327,6695.40141525299,3,1
411.524687202086,6696.20990233605,3,1
409.086383230768,6698.08678112373,3,1
407.67688235831,6698.61118826301,3,1
407.145265412763,6698.99833775301,3,1
402.694711933819,6702.24099762833,3,1
401.630426525987,6703.26394279881,3,1
399.834389581867,6705.40239474386,3,1
398.788225758459,6706.17076974156,3,1
398.059062398151,6706.47173642356,3,1
397.550234933465,6707.35126515528,3,1
396.82209866132,6707.67759921907,3,1
396.688139035447,6707.94965092991,3,1
396.357705422507,6708.62440467273,3,1
396.100997573039,6709.14861115064,3,1
396.001620769254,6709.54824347173,3,1
395.94169949707,6709.78921108199,3,1
395.596694075234,6710.18091580263,3,1
395.21601234935,6711.99859624197,3,1
394.133503888403,6714.14173770976,3,1
393.901462441091,6714.93708191403,3,1
394.101285288827,6715.6692438343,3,1
394.789418536282,6716.6161453955,3,1
394.939367027878,6717.42635621872,3,1
394.834037987283,6719.94855683348,3,1
393.754552851341,6719.74773122983,3,1
392.796247359659,6719.82887468361,3,1
392.166061758725,6718.24456603909,3,1
391.480473946924,6717.42470044094,3,1
390.210318764122,6716.57079125498,3,1
389.498200310085,6715.70106662209,3,1
388.164947563356,6715.30681848537,3,1
387.823524528636,6714.93520393597,3,1
388.12329583308,6713.88342092285,3,1
401.744385891689,6674.35634115175,4,1
402.304860569606,6674.39105289067,4,1
402.462063732289,6674.53902539928,4,1
402.715084370194,6675.39684618319,4,1
403.323264289506,6676.21887638382,4,1
403.05523615948,6676.60811628487,4,1
402.295375452077,6675.84158445902,4,1
401.496173143452,6674.56695992181,4,1
401.744385891689,6674.35634115175,4,1
553.186314603329,6344.68364648787,5,1
552.562021442085,6343.30430895828,5,1
551.391930489451,6342.34668573208,5,1
550.775930325247,6342.08167424522,5,1
550.285433424204,6341.87095803324,5,1
548.623665730235,6341.48742459509,5,1
546.416037908371,6340.68773481616,5,1
545.241215505714,6340.46784638659,5,1
544.023987189238,6340.57950149578,5,1
543.045331247525,6340.98875003921,5,1
542.449517091557,6341.46373256257,5,1
541.942860298973,6341.52901276486,5,1
541.169779516371,6341.14494738843,5,1
540.311910185872,6340.4587126413,5,1
539.205565130135,6339.98210819478,5,1
538.489053793321,6339.79995410393,5,1
537.983146223137,6339.86535427193,5,1
537.814225451862,6339.99165624511,5,1
537.485603596377,6340.23577186992,5,1
536.512673750671,6339.95904611984,5,1
536.145518159965,6339.56303014133,5,1
535.448330426577,6338.28718438968,5,1
535.585081721516,6337.72397596441,5,1
535.260627882221,6336.18345461571,5,1
535.260588581028,6336.10325342141,5,1
535.2601793118,6335.26872521972,5,1
535.579903008324,6334.90368633642,5,1
536.795734822994,6334.79249806788,5,1
538.257035395247,6334.39388873218,5,1
539.347908360304,6334.33700368753,5,1
539.374415068088,6333.49769886224,5,1
539.693759927107,6333.13255123443,5,1
540.100839887505,6333.14585663568,5,1
540.334716356835,6333.31759846096,5,1
540.578605813497,6333.86946794788,5,1
541.098795663704,6334.02069710374,5,1
541.373171327561,6334.10034966702,5,1
542.262987300072,6334.12505815835,5,1
542.64020630645,6333.98711541942,5,1
543.375506589021,6333.07618431691,5,1
543.113324842226,6332.80418115168,5,1
542.373631164345,6332.69884496063,5,1
542.290984269312,6332.47253225197,5,1
543.564853657722,6331.67334174039,5,1
543.804523571578,6332.07297520638,5,1
543.953473626803,6332.83090316371,5,1
544.383684451988,6332.76794912824,5,1
544.446793067366,6332.30873027893,5,1
543.617046839023,6329.9692301524,5,1
543.253829841954,6329.7004326767,5,1
542.847678831331,6329.73736887107,5,1
542.428045287322,6329.29224248811,5,1
542.927746344758,6328.97298782403,5,1
543.284813962826,6329.03866391168,5,1
544.018077802475,6329.80487946138,5,1
544.421928971036,6330.58128868422,5,1
545.126556451836,6331.22168881839,5,1
545.052208180976,6332.18912805671,5,1
545.399054156832,6332.73821558611,5,1
546.357825680491,6333.39609413211,5,1
546.998790661256,6333.63143254366,5,1
547.750232739883,6333.25398857972,5,1
548.010891296329,6333.47488537645,5,1
548.337937410283,6334.25375874746,5,1
549.345687268457,6334.83390633825,5,1
549.879191288776,6334.84374977371,5,1
550.618788290377,6335.81337977018,5,1
550.808441102212,6336.29487832836,5,1
550.974987695087,6336.71770984635,5,1
551.051701174607,6338.04748364983,5,1
551.076596752392,6338.49331149054,5,1
551.4700823316,6339.77780373452,5,1
553.023738134689,6342.57887083415,5,1
553.490493012224,6342.89581197945,5,1
553.791755570291,6342.7599953989,5,1
554.112515992896,6343.3095106726,5,1
554.708631829674,6343.72426065997,5,1
554.521503339735,6344.28877500823,5,1
554.736906071252,6344.71418319167,5,1
554.496833273745,6345.17905184554,5,1
553.678621905588,6344.99969246559,5,1
553.186314603329,6344.68364648787,5,1
535.976808227234,6322.26364996677,6,1
536.731140554131,6321.98742332666,6,1
537.221337518919,6322.25342181368,6,1
537.102190187768,6322.53559782597,6,1
536.780419711854,6322.79943358715,6,1
536.373182051597,6322.78562302017,6,1
535.976808227234,6322.26364996677,6,1
587.276797300055,6266.39837838045,7,1
587.963788455009,6266.45427829523,7,1
588.172792608553,6266.65147759405,7,1
589.271984387502,6268.65043069188,7,1
590.245037158966,6269.79035035331,7,1
591.150845358355,6270.37301914636,7,1
591.762795451014,6270.48189319095,7,1
593.085136345262,6271.38247625347,7,1
593.264718791576,6272.29157420632,7,1
593.573787056483,6272.43478987263,7,1
594.162483522913,6273.48429809526,7,1
594.021375715704,6273.84386249343,7,1
593.009091568893,6273.97559054379,7,1
591.812383392827,6274.74789883859,7,1
591.213502169549,6274.79730680238,7,1
590.850292807592,6274.82724299927,7,1
588.189613274888,6274.14377519158,7,1
587.794035223052,6274.51100932135,7,1
586.231206097384,6274.04929083407,7,1
585.699986544234,6274.08984737461,7,1
585.202432166531,6274.46032664442,7,1
583.412396909864,6274.05620086219,7,1
581.416117579294,6274.36886887576,7,1
580.071789420015,6274.40851349888,7,1
579.246669339546,6274.83922420688,7,1
577.98129199453,6274.97827675469,7,1
577.864641504192,6274.95360072071,7,1
577.240346507799,6274.8219258174,7,1
576.439970841574,6275.25196592824,7,1
575.655959908262,6275.16804867211,7,1
574.581380874645,6275.05302331503,7,1
574.495344791354,6274.72532612272,7,1
574.837638817207,6274.28335984842,7,1
575.487056970932,6273.90847331076,7,1
575.841823492817,6273.39410810996,7,1
576.631338643926,6272.24938232212,7,1
577.082447509333,6272.03255557913,7,1
577.997376390956,6272.08206482041,7,1
579.208841378091,6271.81799357571,7,1
579.780757790906,6271.41975791264,7,1
580.665031303922,6271.2666860914,7,1
581.289161082645,6270.89259600646,7,1
581.606206761906,6270.45150732203,7,1
581.811043049648,6269.658305033,7,1
581.653971686063,6269.14601636335,7,1
581.586898990465,6268.92811047109,7,1
581.871955825763,6268.25960590932,7,1
583.02961572428,6267.03185664452,7,1
583.706190190618,6266.70709404674,7,1
587.276797300055,6266.39837838045,7,1
